[2026-07-27 13:29:58] === DÉBUT ===
--------------------------------------------------------------------------------
[2026-07-27 13:29:58] Input reçu
Array
(
    [raw_length] => 728
    [has_data] => 1
)

--------------------------------------------------------------------------------
[2026-07-27 13:29:58] Connexion BDD OK
--------------------------------------------------------------------------------
[2026-07-27 13:29:58] Traitement ID: 3438
--------------------------------------------------------------------------------
[2026-07-27 13:29:58] SQL
Array
(
    [sql] => UPDATE materiel SET marque = :marque, modele = :modele, type_materiel = :type_materiel WHERE id = :id
    [params] => Array
        (
            [0] => :marque
            [1] => :modele
            [2] => :type_materiel
            [3] => :id
        )

)

--------------------------------------------------------------------------------
[2026-07-27 13:29:58] Mise à jour réussie ID: 3438
--------------------------------------------------------------------------------
[2026-07-27 13:29:58] Réponse
Array
(
    [status] => success
    [message] => 1 ligne(s) mise(s) à jour
    [updated] => 1
    [total_rows] => 1
    [errors] => Array
        (
        )

)

--------------------------------------------------------------------------------
[2026-07-27 13:29:58] === FIN ===
--------------------------------------------------------------------------------
[2026-07-27 13:30:49] === DÉBUT ===
--------------------------------------------------------------------------------
[2026-07-27 13:30:49] Input reçu
Array
(
    [raw_length] => 13984
    [has_data] => 1
)

--------------------------------------------------------------------------------
[2026-07-27 13:30:49] Connexion BDD OK
--------------------------------------------------------------------------------
[2026-07-27 13:30:49] Traitement ID: 2776
--------------------------------------------------------------------------------
[2026-07-27 13:30:49] SQL
Array
(
    [sql] => UPDATE materiel SET marque = :marque, type_materiel = :type_materiel, adresse_ip = :adresse_ip, usage_materiel = :usage_materiel, masque = :masque, passerelle = :passerelle WHERE id = :id
    [params] => Array
        (
            [0] => :marque
            [1] => :type_materiel
            [2] => :adresse_ip
            [3] => :usage_materiel
            [4] => :masque
            [5] => :passerelle
            [6] => :id
        )

)

--------------------------------------------------------------------------------
[2026-07-27 13:30:49] Mise à jour réussie ID: 2776
--------------------------------------------------------------------------------
[2026-07-27 13:30:49] Traitement ID: 2780
--------------------------------------------------------------------------------
[2026-07-27 13:30:49] SQL
Array
(
    [sql] => UPDATE materiel SET marque = :marque, modele = :modele, type_materiel = :type_materiel, numero_serie = :numero_serie, version_firmware = :version_firmware, adresse_ip = :adresse_ip, adresse_mac = :adresse_mac, usage_materiel = :usage_materiel, ancien_firmware = :ancien_firmware, masque = :masque, passerelle = :passerelle, login = :login, password = :password WHERE id = :id
    [params] => Array
        (
            [0] => :marque
            [1] => :modele
            [2] => :type_materiel
            [3] => :numero_serie
            [4] => :version_firmware
            [5] => :adresse_ip
            [6] => :adresse_mac
            [7] => :usage_materiel
            [8] => :ancien_firmware
            [9] => :masque
            [10] => :passerelle
            [11] => :login
            [12] => :password
            [13] => :id
        )

)

--------------------------------------------------------------------------------
[2026-07-27 13:30:49] Mise à jour réussie ID: 2780
--------------------------------------------------------------------------------
[2026-07-27 13:30:49] Traitement ID: 2781
--------------------------------------------------------------------------------
[2026-07-27 13:30:49] SQL
Array
(
    [sql] => UPDATE materiel SET marque = :marque, modele = :modele, type_materiel = :type_materiel, numero_serie = :numero_serie, version_firmware = :version_firmware, adresse_ip = :adresse_ip, adresse_mac = :adresse_mac, usage_materiel = :usage_materiel, ancien_firmware = :ancien_firmware, masque = :masque, passerelle = :passerelle, login = :login, password = :password WHERE id = :id
    [params] => Array
        (
            [0] => :marque
            [1] => :modele
            [2] => :type_materiel
            [3] => :numero_serie
            [4] => :version_firmware
            [5] => :adresse_ip
            [6] => :adresse_mac
            [7] => :usage_materiel
            [8] => :ancien_firmware
            [9] => :masque
            [10] => :passerelle
            [11] => :login
            [12] => :password
            [13] => :id
        )

)

--------------------------------------------------------------------------------
[2026-07-27 13:30:49] Mise à jour réussie ID: 2781
--------------------------------------------------------------------------------
[2026-07-27 13:30:49] Traitement ID: 2782
--------------------------------------------------------------------------------
[2026-07-27 13:30:49] SQL
Array
(
    [sql] => UPDATE materiel SET marque = :marque, modele = :modele, type_materiel = :type_materiel, numero_serie = :numero_serie, version_firmware = :version_firmware, adresse_ip = :adresse_ip, adresse_mac = :adresse_mac, usage_materiel = :usage_materiel, ancien_firmware = :ancien_firmware, masque = :masque, passerelle = :passerelle, login = :login, password = :password WHERE id = :id
    [params] => Array
        (
            [0] => :marque
            [1] => :modele
            [2] => :type_materiel
            [3] => :numero_serie
            [4] => :version_firmware
            [5] => :adresse_ip
            [6] => :adresse_mac
            [7] => :usage_materiel
            [8] => :ancien_firmware
            [9] => :masque
            [10] => :passerelle
            [11] => :login
            [12] => :password
            [13] => :id
        )

)

--------------------------------------------------------------------------------
[2026-07-27 13:30:49] Mise à jour réussie ID: 2782
--------------------------------------------------------------------------------
[2026-07-27 13:30:49] Traitement ID: 2778
--------------------------------------------------------------------------------
[2026-07-27 13:30:49] SQL
Array
(
    [sql] => UPDATE materiel SET marque = :marque, modele = :modele, type_materiel = :type_materiel, numero_serie = :numero_serie, version_firmware = :version_firmware, adresse_ip = :adresse_ip, adresse_mac = :adresse_mac, usage_materiel = :usage_materiel, ancien_firmware = :ancien_firmware, masque = :masque, passerelle = :passerelle WHERE id = :id
    [params] => Array
        (
            [0] => :marque
            [1] => :modele
            [2] => :type_materiel
            [3] => :numero_serie
            [4] => :version_firmware
            [5] => :adresse_ip
            [6] => :adresse_mac
            [7] => :usage_materiel
            [8] => :ancien_firmware
            [9] => :masque
            [10] => :passerelle
            [11] => :id
        )

)

--------------------------------------------------------------------------------
[2026-07-27 13:30:49] Mise à jour réussie ID: 2778
--------------------------------------------------------------------------------
[2026-07-27 13:30:49] Traitement ID: 2779
--------------------------------------------------------------------------------
[2026-07-27 13:30:49] SQL
Array
(
    [sql] => UPDATE materiel SET marque = :marque, modele = :modele, type_materiel = :type_materiel, numero_serie = :numero_serie, version_firmware = :version_firmware, adresse_ip = :adresse_ip, adresse_mac = :adresse_mac, usage_materiel = :usage_materiel, ancien_firmware = :ancien_firmware, masque = :masque, passerelle = :passerelle WHERE id = :id
    [params] => Array
        (
            [0] => :marque
            [1] => :modele
            [2] => :type_materiel
            [3] => :numero_serie
            [4] => :version_firmware
            [5] => :adresse_ip
            [6] => :adresse_mac
            [7] => :usage_materiel
            [8] => :ancien_firmware
            [9] => :masque
            [10] => :passerelle
            [11] => :id
        )

)

--------------------------------------------------------------------------------
[2026-07-27 13:30:49] Mise à jour réussie ID: 2779
--------------------------------------------------------------------------------
[2026-07-27 13:30:49] Traitement ID: 2777
--------------------------------------------------------------------------------
[2026-07-27 13:30:49] SQL
Array
(
    [sql] => UPDATE materiel SET marque = :marque, modele = :modele, type_materiel = :type_materiel, numero_serie = :numero_serie, version_firmware = :version_firmware, adresse_ip = :adresse_ip, adresse_mac = :adresse_mac, usage_materiel = :usage_materiel, masque = :masque, passerelle = :passerelle WHERE id = :id
    [params] => Array
        (
            [0] => :marque
            [1] => :modele
            [2] => :type_materiel
            [3] => :numero_serie
            [4] => :version_firmware
            [5] => :adresse_ip
            [6] => :adresse_mac
            [7] => :usage_materiel
            [8] => :masque
            [9] => :passerelle
            [10] => :id
        )

)

--------------------------------------------------------------------------------
[2026-07-27 13:30:49] Mise à jour réussie ID: 2777
--------------------------------------------------------------------------------
[2026-07-27 13:30:49] Traitement ID: 2772
--------------------------------------------------------------------------------
[2026-07-27 13:30:49] SQL
Array
(
    [sql] => UPDATE materiel SET marque = :marque, modele = :modele, type_materiel = :type_materiel, numero_serie = :numero_serie, adresse_ip = :adresse_ip, adresse_mac = :adresse_mac, masque = :masque, passerelle = :passerelle WHERE id = :id
    [params] => Array
        (
            [0] => :marque
            [1] => :modele
            [2] => :type_materiel
            [3] => :numero_serie
            [4] => :adresse_ip
            [5] => :adresse_mac
            [6] => :masque
            [7] => :passerelle
            [8] => :id
        )

)

--------------------------------------------------------------------------------
[2026-07-27 13:30:49] Mise à jour réussie ID: 2772
--------------------------------------------------------------------------------
[2026-07-27 13:30:49] Traitement ID: 2785
--------------------------------------------------------------------------------
[2026-07-27 13:30:49] SQL
Array
(
    [sql] => UPDATE materiel SET marque = :marque, modele = :modele, type_materiel = :type_materiel, numero_serie = :numero_serie, version_firmware = :version_firmware, adresse_ip = :adresse_ip, usage_materiel = :usage_materiel, ancien_firmware = :ancien_firmware, masque = :masque, passerelle = :passerelle WHERE id = :id
    [params] => Array
        (
            [0] => :marque
            [1] => :modele
            [2] => :type_materiel
            [3] => :numero_serie
            [4] => :version_firmware
            [5] => :adresse_ip
            [6] => :usage_materiel
            [7] => :ancien_firmware
            [8] => :masque
            [9] => :passerelle
            [10] => :id
        )

)

--------------------------------------------------------------------------------
[2026-07-27 13:30:49] Mise à jour réussie ID: 2785
--------------------------------------------------------------------------------
[2026-07-27 13:30:49] Traitement ID: 2784
--------------------------------------------------------------------------------
[2026-07-27 13:30:49] SQL
Array
(
    [sql] => UPDATE materiel SET marque = :marque, modele = :modele, type_materiel = :type_materiel, numero_serie = :numero_serie, version_firmware = :version_firmware, adresse_ip = :adresse_ip, adresse_mac = :adresse_mac, usage_materiel = :usage_materiel, ancien_firmware = :ancien_firmware, masque = :masque, passerelle = :passerelle WHERE id = :id
    [params] => Array
        (
            [0] => :marque
            [1] => :modele
            [2] => :type_materiel
            [3] => :numero_serie
            [4] => :version_firmware
            [5] => :adresse_ip
            [6] => :adresse_mac
            [7] => :usage_materiel
            [8] => :ancien_firmware
            [9] => :masque
            [10] => :passerelle
            [11] => :id
        )

)

--------------------------------------------------------------------------------
[2026-07-27 13:30:49] Mise à jour réussie ID: 2784
--------------------------------------------------------------------------------
[2026-07-27 13:30:49] Traitement ID: 2787
--------------------------------------------------------------------------------
[2026-07-27 13:30:49] SQL
Array
(
    [sql] => UPDATE materiel SET marque = :marque, modele = :modele, type_materiel = :type_materiel, numero_serie = :numero_serie, version_firmware = :version_firmware, adresse_ip = :adresse_ip, adresse_mac = :adresse_mac, usage_materiel = :usage_materiel, ancien_firmware = :ancien_firmware, masque = :masque, passerelle = :passerelle, login = :login, password = :password WHERE id = :id
    [params] => Array
        (
            [0] => :marque
            [1] => :modele
            [2] => :type_materiel
            [3] => :numero_serie
            [4] => :version_firmware
            [5] => :adresse_ip
            [6] => :adresse_mac
            [7] => :usage_materiel
            [8] => :ancien_firmware
            [9] => :masque
            [10] => :passerelle
            [11] => :login
            [12] => :password
            [13] => :id
        )

)

--------------------------------------------------------------------------------
[2026-07-27 13:30:49] Mise à jour réussie ID: 2787
--------------------------------------------------------------------------------
[2026-07-27 13:30:49] Traitement ID: 2786
--------------------------------------------------------------------------------
[2026-07-27 13:30:49] SQL
Array
(
    [sql] => UPDATE materiel SET marque = :marque, modele = :modele, type_materiel = :type_materiel, numero_serie = :numero_serie, version_firmware = :version_firmware, adresse_ip = :adresse_ip, adresse_mac = :adresse_mac, usage_materiel = :usage_materiel, ancien_firmware = :ancien_firmware, masque = :masque, passerelle = :passerelle, login = :login, password = :password WHERE id = :id
    [params] => Array
        (
            [0] => :marque
            [1] => :modele
            [2] => :type_materiel
            [3] => :numero_serie
            [4] => :version_firmware
            [5] => :adresse_ip
            [6] => :adresse_mac
            [7] => :usage_materiel
            [8] => :ancien_firmware
            [9] => :masque
            [10] => :passerelle
            [11] => :login
            [12] => :password
            [13] => :id
        )

)

--------------------------------------------------------------------------------
[2026-07-27 13:30:49] Mise à jour réussie ID: 2786
--------------------------------------------------------------------------------
[2026-07-27 13:30:49] Traitement ID: 2783
--------------------------------------------------------------------------------
[2026-07-27 13:30:49] SQL
Array
(
    [sql] => UPDATE materiel SET marque = :marque, modele = :modele, type_materiel = :type_materiel, adresse_ip = :adresse_ip, usage_materiel = :usage_materiel, masque = :masque, passerelle = :passerelle WHERE id = :id
    [params] => Array
        (
            [0] => :marque
            [1] => :modele
            [2] => :type_materiel
            [3] => :adresse_ip
            [4] => :usage_materiel
            [5] => :masque
            [6] => :passerelle
            [7] => :id
        )

)

--------------------------------------------------------------------------------
[2026-07-27 13:30:49] Mise à jour réussie ID: 2783
--------------------------------------------------------------------------------
[2026-07-27 13:30:49] Traitement ID: 2771
--------------------------------------------------------------------------------
[2026-07-27 13:30:49] SQL
Array
(
    [sql] => UPDATE materiel SET marque = :marque, modele = :modele, type_materiel = :type_materiel, numero_serie = :numero_serie, version_firmware = :version_firmware, adresse_ip = :adresse_ip, adresse_mac = :adresse_mac, usage_materiel = :usage_materiel, masque = :masque, passerelle = :passerelle WHERE id = :id
    [params] => Array
        (
            [0] => :marque
            [1] => :modele
            [2] => :type_materiel
            [3] => :numero_serie
            [4] => :version_firmware
            [5] => :adresse_ip
            [6] => :adresse_mac
            [7] => :usage_materiel
            [8] => :masque
            [9] => :passerelle
            [10] => :id
        )

)

--------------------------------------------------------------------------------
[2026-07-27 13:30:49] Mise à jour réussie ID: 2771
--------------------------------------------------------------------------------
[2026-07-27 13:30:49] Traitement ID: 2773
--------------------------------------------------------------------------------
[2026-07-27 13:30:49] SQL
Array
(
    [sql] => UPDATE materiel SET marque = :marque, modele = :modele, type_materiel = :type_materiel, numero_serie = :numero_serie, adresse_ip = :adresse_ip, adresse_mac = :adresse_mac, usage_materiel = :usage_materiel, masque = :masque, passerelle = :passerelle WHERE id = :id
    [params] => Array
        (
            [0] => :marque
            [1] => :modele
            [2] => :type_materiel
            [3] => :numero_serie
            [4] => :adresse_ip
            [5] => :adresse_mac
            [6] => :usage_materiel
            [7] => :masque
            [8] => :passerelle
            [9] => :id
        )

)

--------------------------------------------------------------------------------
[2026-07-27 13:30:49] Mise à jour réussie ID: 2773
--------------------------------------------------------------------------------
[2026-07-27 13:30:49] Traitement ID: 2774
--------------------------------------------------------------------------------
[2026-07-27 13:30:49] SQL
Array
(
    [sql] => UPDATE materiel SET marque = :marque, modele = :modele, type_materiel = :type_materiel, numero_serie = :numero_serie, adresse_ip = :adresse_ip, adresse_mac = :adresse_mac, usage_materiel = :usage_materiel, masque = :masque, passerelle = :passerelle WHERE id = :id
    [params] => Array
        (
            [0] => :marque
            [1] => :modele
            [2] => :type_materiel
            [3] => :numero_serie
            [4] => :adresse_ip
            [5] => :adresse_mac
            [6] => :usage_materiel
            [7] => :masque
            [8] => :passerelle
            [9] => :id
        )

)

--------------------------------------------------------------------------------
[2026-07-27 13:30:49] Mise à jour réussie ID: 2774
--------------------------------------------------------------------------------
[2026-07-27 13:30:49] Traitement ID: 2775
--------------------------------------------------------------------------------
[2026-07-27 13:30:49] SQL
Array
(
    [sql] => UPDATE materiel SET marque = :marque, modele = :modele, type_materiel = :type_materiel, numero_serie = :numero_serie, adresse_ip = :adresse_ip, adresse_mac = :adresse_mac, usage_materiel = :usage_materiel, masque = :masque, passerelle = :passerelle WHERE id = :id
    [params] => Array
        (
            [0] => :marque
            [1] => :modele
            [2] => :type_materiel
            [3] => :numero_serie
            [4] => :adresse_ip
            [5] => :adresse_mac
            [6] => :usage_materiel
            [7] => :masque
            [8] => :passerelle
            [9] => :id
        )

)

--------------------------------------------------------------------------------
[2026-07-27 13:30:49] Mise à jour réussie ID: 2775
--------------------------------------------------------------------------------
[2026-07-27 13:30:49] Traitement ID: 2769
--------------------------------------------------------------------------------
[2026-07-27 13:30:49] SQL
Array
(
    [sql] => UPDATE materiel SET marque = :marque, modele = :modele, type_materiel = :type_materiel, numero_serie = :numero_serie, version_firmware = :version_firmware, adresse_ip = :adresse_ip, adresse_mac = :adresse_mac, usage_materiel = :usage_materiel, masque = :masque, passerelle = :passerelle, ip_primaire = :ip_primaire WHERE id = :id
    [params] => Array
        (
            [0] => :marque
            [1] => :modele
            [2] => :type_materiel
            [3] => :numero_serie
            [4] => :version_firmware
            [5] => :adresse_ip
            [6] => :adresse_mac
            [7] => :usage_materiel
            [8] => :masque
            [9] => :passerelle
            [10] => :ip_primaire
            [11] => :id
        )

)

--------------------------------------------------------------------------------
[2026-07-27 13:30:49] Mise à jour réussie ID: 2769
--------------------------------------------------------------------------------
[2026-07-27 13:30:49] Traitement ID: 2770
--------------------------------------------------------------------------------
[2026-07-27 13:30:49] SQL
Array
(
    [sql] => UPDATE materiel SET marque = :marque, modele = :modele, type_materiel = :type_materiel, numero_serie = :numero_serie, adresse_ip = :adresse_ip, usage_materiel = :usage_materiel, ancien_firmware = :ancien_firmware, masque = :masque, passerelle = :passerelle, password = :password WHERE id = :id
    [params] => Array
        (
            [0] => :marque
            [1] => :modele
            [2] => :type_materiel
            [3] => :numero_serie
            [4] => :adresse_ip
            [5] => :usage_materiel
            [6] => :ancien_firmware
            [7] => :masque
            [8] => :passerelle
            [9] => :password
            [10] => :id
        )

)

--------------------------------------------------------------------------------
[2026-07-27 13:30:49] Mise à jour réussie ID: 2770
--------------------------------------------------------------------------------
[2026-07-27 13:30:49] Réponse
Array
(
    [status] => success
    [message] => 19 ligne(s) mise(s) à jour
    [updated] => 19
    [total_rows] => 19
    [errors] => Array
        (
        )

)

--------------------------------------------------------------------------------
[2026-07-27 13:30:49] === FIN ===
--------------------------------------------------------------------------------
[2026-07-27 13:30:49] === DÉBUT ===
--------------------------------------------------------------------------------
[2026-07-27 13:30:49] Input reçu
Array
(
    [raw_length] => 14196
    [has_data] => 1
)

--------------------------------------------------------------------------------
[2026-07-27 13:30:49] Connexion BDD OK
--------------------------------------------------------------------------------
[2026-07-27 13:30:49] Traitement ID: 2815
--------------------------------------------------------------------------------
[2026-07-27 13:30:49] SQL
Array
(
    [sql] => UPDATE materiel SET marque = :marque, modele = :modele, type_materiel = :type_materiel, numero_serie = :numero_serie, adresse_ip = :adresse_ip, usage_materiel = :usage_materiel, masque = :masque, passerelle = :passerelle WHERE id = :id
    [params] => Array
        (
            [0] => :marque
            [1] => :modele
            [2] => :type_materiel
            [3] => :numero_serie
            [4] => :adresse_ip
            [5] => :usage_materiel
            [6] => :masque
            [7] => :passerelle
            [8] => :id
        )

)

--------------------------------------------------------------------------------
[2026-07-27 13:30:49] Mise à jour réussie ID: 2815
--------------------------------------------------------------------------------
[2026-07-27 13:30:49] Traitement ID: 2819
--------------------------------------------------------------------------------
[2026-07-27 13:30:49] SQL
Array
(
    [sql] => UPDATE materiel SET marque = :marque, modele = :modele, type_materiel = :type_materiel, numero_serie = :numero_serie, version_firmware = :version_firmware, adresse_ip = :adresse_ip, adresse_mac = :adresse_mac, usage_materiel = :usage_materiel, ancien_firmware = :ancien_firmware, masque = :masque, passerelle = :passerelle, login = :login, password = :password WHERE id = :id
    [params] => Array
        (
            [0] => :marque
            [1] => :modele
            [2] => :type_materiel
            [3] => :numero_serie
            [4] => :version_firmware
            [5] => :adresse_ip
            [6] => :adresse_mac
            [7] => :usage_materiel
            [8] => :ancien_firmware
            [9] => :masque
            [10] => :passerelle
            [11] => :login
            [12] => :password
            [13] => :id
        )

)

--------------------------------------------------------------------------------
[2026-07-27 13:30:49] Mise à jour réussie ID: 2819
--------------------------------------------------------------------------------
[2026-07-27 13:30:49] Traitement ID: 2820
--------------------------------------------------------------------------------
[2026-07-27 13:30:49] SQL
Array
(
    [sql] => UPDATE materiel SET marque = :marque, modele = :modele, type_materiel = :type_materiel, numero_serie = :numero_serie, version_firmware = :version_firmware, adresse_ip = :adresse_ip, adresse_mac = :adresse_mac, usage_materiel = :usage_materiel, ancien_firmware = :ancien_firmware, masque = :masque, passerelle = :passerelle, login = :login, password = :password WHERE id = :id
    [params] => Array
        (
            [0] => :marque
            [1] => :modele
            [2] => :type_materiel
            [3] => :numero_serie
            [4] => :version_firmware
            [5] => :adresse_ip
            [6] => :adresse_mac
            [7] => :usage_materiel
            [8] => :ancien_firmware
            [9] => :masque
            [10] => :passerelle
            [11] => :login
            [12] => :password
            [13] => :id
        )

)

--------------------------------------------------------------------------------
[2026-07-27 13:30:49] Mise à jour réussie ID: 2820
--------------------------------------------------------------------------------
[2026-07-27 13:30:49] Traitement ID: 2821
--------------------------------------------------------------------------------
[2026-07-27 13:30:49] SQL
Array
(
    [sql] => UPDATE materiel SET marque = :marque, modele = :modele, type_materiel = :type_materiel, numero_serie = :numero_serie, version_firmware = :version_firmware, adresse_ip = :adresse_ip, adresse_mac = :adresse_mac, usage_materiel = :usage_materiel, ancien_firmware = :ancien_firmware, masque = :masque, passerelle = :passerelle, login = :login, password = :password WHERE id = :id
    [params] => Array
        (
            [0] => :marque
            [1] => :modele
            [2] => :type_materiel
            [3] => :numero_serie
            [4] => :version_firmware
            [5] => :adresse_ip
            [6] => :adresse_mac
            [7] => :usage_materiel
            [8] => :ancien_firmware
            [9] => :masque
            [10] => :passerelle
            [11] => :login
            [12] => :password
            [13] => :id
        )

)

--------------------------------------------------------------------------------
[2026-07-27 13:30:49] Mise à jour réussie ID: 2821
--------------------------------------------------------------------------------
[2026-07-27 13:30:49] Traitement ID: 2822
--------------------------------------------------------------------------------
[2026-07-27 13:30:49] SQL
Array
(
    [sql] => UPDATE materiel SET marque = :marque, modele = :modele, type_materiel = :type_materiel, numero_serie = :numero_serie, version_firmware = :version_firmware, adresse_ip = :adresse_ip, adresse_mac = :adresse_mac, usage_materiel = :usage_materiel, ancien_firmware = :ancien_firmware, masque = :masque, passerelle = :passerelle, login = :login, password = :password WHERE id = :id
    [params] => Array
        (
            [0] => :marque
            [1] => :modele
            [2] => :type_materiel
            [3] => :numero_serie
            [4] => :version_firmware
            [5] => :adresse_ip
            [6] => :adresse_mac
            [7] => :usage_materiel
            [8] => :ancien_firmware
            [9] => :masque
            [10] => :passerelle
            [11] => :login
            [12] => :password
            [13] => :id
        )

)

--------------------------------------------------------------------------------
[2026-07-27 13:30:49] Mise à jour réussie ID: 2822
--------------------------------------------------------------------------------
[2026-07-27 13:30:49] Traitement ID: 2823
--------------------------------------------------------------------------------
[2026-07-27 13:30:49] SQL
Array
(
    [sql] => UPDATE materiel SET marque = :marque, modele = :modele, type_materiel = :type_materiel, numero_serie = :numero_serie, version_firmware = :version_firmware, adresse_ip = :adresse_ip, adresse_mac = :adresse_mac, usage_materiel = :usage_materiel, ancien_firmware = :ancien_firmware, masque = :masque, passerelle = :passerelle, login = :login, password = :password WHERE id = :id
    [params] => Array
        (
            [0] => :marque
            [1] => :modele
            [2] => :type_materiel
            [3] => :numero_serie
            [4] => :version_firmware
            [5] => :adresse_ip
            [6] => :adresse_mac
            [7] => :usage_materiel
            [8] => :ancien_firmware
            [9] => :masque
            [10] => :passerelle
            [11] => :login
            [12] => :password
            [13] => :id
        )

)

--------------------------------------------------------------------------------
[2026-07-27 13:30:49] Mise à jour réussie ID: 2823
--------------------------------------------------------------------------------
[2026-07-27 13:30:49] Traitement ID: 2817
--------------------------------------------------------------------------------
[2026-07-27 13:30:49] SQL
Array
(
    [sql] => UPDATE materiel SET marque = :marque, modele = :modele, type_materiel = :type_materiel, numero_serie = :numero_serie, version_firmware = :version_firmware, adresse_ip = :adresse_ip, adresse_mac = :adresse_mac, usage_materiel = :usage_materiel, ancien_firmware = :ancien_firmware, masque = :masque, passerelle = :passerelle WHERE id = :id
    [params] => Array
        (
            [0] => :marque
            [1] => :modele
            [2] => :type_materiel
            [3] => :numero_serie
            [4] => :version_firmware
            [5] => :adresse_ip
            [6] => :adresse_mac
            [7] => :usage_materiel
            [8] => :ancien_firmware
            [9] => :masque
            [10] => :passerelle
            [11] => :id
        )

)

--------------------------------------------------------------------------------
[2026-07-27 13:30:49] Mise à jour réussie ID: 2817
--------------------------------------------------------------------------------
[2026-07-27 13:30:49] Traitement ID: 2816
--------------------------------------------------------------------------------
[2026-07-27 13:30:49] SQL
Array
(
    [sql] => UPDATE materiel SET marque = :marque, modele = :modele, type_materiel = :type_materiel, numero_serie = :numero_serie, version_firmware = :version_firmware, adresse_ip = :adresse_ip, adresse_mac = :adresse_mac, usage_materiel = :usage_materiel, masque = :masque, passerelle = :passerelle WHERE id = :id
    [params] => Array
        (
            [0] => :marque
            [1] => :modele
            [2] => :type_materiel
            [3] => :numero_serie
            [4] => :version_firmware
            [5] => :adresse_ip
            [6] => :adresse_mac
            [7] => :usage_materiel
            [8] => :masque
            [9] => :passerelle
            [10] => :id
        )

)

--------------------------------------------------------------------------------
[2026-07-27 13:30:49] Mise à jour réussie ID: 2816
--------------------------------------------------------------------------------
[2026-07-27 13:30:49] Traitement ID: 2818
--------------------------------------------------------------------------------
[2026-07-27 13:30:49] SQL
Array
(
    [sql] => UPDATE materiel SET marque = :marque, modele = :modele, type_materiel = :type_materiel, numero_serie = :numero_serie, adresse_ip = :adresse_ip, adresse_mac = :adresse_mac, usage_materiel = :usage_materiel, masque = :masque, passerelle = :passerelle WHERE id = :id
    [params] => Array
        (
            [0] => :marque
            [1] => :modele
            [2] => :type_materiel
            [3] => :numero_serie
            [4] => :adresse_ip
            [5] => :adresse_mac
            [6] => :usage_materiel
            [7] => :masque
            [8] => :passerelle
            [9] => :id
        )

)

--------------------------------------------------------------------------------
[2026-07-27 13:30:49] Mise à jour réussie ID: 2818
--------------------------------------------------------------------------------
[2026-07-27 13:30:49] Traitement ID: 2824
--------------------------------------------------------------------------------
[2026-07-27 13:30:49] SQL
Array
(
    [sql] => UPDATE materiel SET marque = :marque, modele = :modele, type_materiel = :type_materiel, numero_serie = :numero_serie, version_firmware = :version_firmware, adresse_ip = :adresse_ip, usage_materiel = :usage_materiel, masque = :masque, passerelle = :passerelle WHERE id = :id
    [params] => Array
        (
            [0] => :marque
            [1] => :modele
            [2] => :type_materiel
            [3] => :numero_serie
            [4] => :version_firmware
            [5] => :adresse_ip
            [6] => :usage_materiel
            [7] => :masque
            [8] => :passerelle
            [9] => :id
        )

)

--------------------------------------------------------------------------------
[2026-07-27 13:30:49] Mise à jour réussie ID: 2824
--------------------------------------------------------------------------------
[2026-07-27 13:30:49] Traitement ID: 2826
--------------------------------------------------------------------------------
[2026-07-27 13:30:49] SQL
Array
(
    [sql] => UPDATE materiel SET marque = :marque, modele = :modele, type_materiel = :type_materiel, numero_serie = :numero_serie, version_firmware = :version_firmware, adresse_ip = :adresse_ip, adresse_mac = :adresse_mac, usage_materiel = :usage_materiel, ancien_firmware = :ancien_firmware, masque = :masque, passerelle = :passerelle, login = :login, password = :password WHERE id = :id
    [params] => Array
        (
            [0] => :marque
            [1] => :modele
            [2] => :type_materiel
            [3] => :numero_serie
            [4] => :version_firmware
            [5] => :adresse_ip
            [6] => :adresse_mac
            [7] => :usage_materiel
            [8] => :ancien_firmware
            [9] => :masque
            [10] => :passerelle
            [11] => :login
            [12] => :password
            [13] => :id
        )

)

--------------------------------------------------------------------------------
[2026-07-27 13:30:49] Mise à jour réussie ID: 2826
--------------------------------------------------------------------------------
[2026-07-27 13:30:49] Traitement ID: 2827
--------------------------------------------------------------------------------
[2026-07-27 13:30:49] SQL
Array
(
    [sql] => UPDATE materiel SET marque = :marque, modele = :modele, type_materiel = :type_materiel, numero_serie = :numero_serie, version_firmware = :version_firmware, adresse_ip = :adresse_ip, adresse_mac = :adresse_mac, ancien_firmware = :ancien_firmware, masque = :masque, passerelle = :passerelle, login = :login, password = :password WHERE id = :id
    [params] => Array
        (
            [0] => :marque
            [1] => :modele
            [2] => :type_materiel
            [3] => :numero_serie
            [4] => :version_firmware
            [5] => :adresse_ip
            [6] => :adresse_mac
            [7] => :ancien_firmware
            [8] => :masque
            [9] => :passerelle
            [10] => :login
            [11] => :password
            [12] => :id
        )

)

--------------------------------------------------------------------------------
[2026-07-27 13:30:49] Mise à jour réussie ID: 2827
--------------------------------------------------------------------------------
[2026-07-27 13:30:49] Traitement ID: 2825
--------------------------------------------------------------------------------
[2026-07-27 13:30:49] SQL
Array
(
    [sql] => UPDATE materiel SET marque = :marque, modele = :modele, type_materiel = :type_materiel, numero_serie = :numero_serie, version_firmware = :version_firmware, adresse_ip = :adresse_ip, adresse_mac = :adresse_mac, usage_materiel = :usage_materiel, ancien_firmware = :ancien_firmware, masque = :masque, passerelle = :passerelle, login = :login, password = :password WHERE id = :id
    [params] => Array
        (
            [0] => :marque
            [1] => :modele
            [2] => :type_materiel
            [3] => :numero_serie
            [4] => :version_firmware
            [5] => :adresse_ip
            [6] => :adresse_mac
            [7] => :usage_materiel
            [8] => :ancien_firmware
            [9] => :masque
            [10] => :passerelle
            [11] => :login
            [12] => :password
            [13] => :id
        )

)

--------------------------------------------------------------------------------
[2026-07-27 13:30:49] Mise à jour réussie ID: 2825
--------------------------------------------------------------------------------
[2026-07-27 13:30:49] Traitement ID: 2811
--------------------------------------------------------------------------------
[2026-07-27 13:30:49] SQL
Array
(
    [sql] => UPDATE materiel SET marque = :marque, modele = :modele, type_materiel = :type_materiel, numero_serie = :numero_serie, adresse_ip = :adresse_ip, adresse_mac = :adresse_mac, masque = :masque, passerelle = :passerelle, login = :login, password = :password WHERE id = :id
    [params] => Array
        (
            [0] => :marque
            [1] => :modele
            [2] => :type_materiel
            [3] => :numero_serie
            [4] => :adresse_ip
            [5] => :adresse_mac
            [6] => :masque
            [7] => :passerelle
            [8] => :login
            [9] => :password
            [10] => :id
        )

)

--------------------------------------------------------------------------------
[2026-07-27 13:30:49] Mise à jour réussie ID: 2811
--------------------------------------------------------------------------------
[2026-07-27 13:30:49] Traitement ID: 2809
--------------------------------------------------------------------------------
[2026-07-27 13:30:49] SQL
Array
(
    [sql] => UPDATE materiel SET marque = :marque, modele = :modele, type_materiel = :type_materiel, numero_serie = :numero_serie, version_firmware = :version_firmware, adresse_ip = :adresse_ip, adresse_mac = :adresse_mac, usage_materiel = :usage_materiel, masque = :masque, passerelle = :passerelle, login = :login, password = :password WHERE id = :id
    [params] => Array
        (
            [0] => :marque
            [1] => :modele
            [2] => :type_materiel
            [3] => :numero_serie
            [4] => :version_firmware
            [5] => :adresse_ip
            [6] => :adresse_mac
            [7] => :usage_materiel
            [8] => :masque
            [9] => :passerelle
            [10] => :login
            [11] => :password
            [12] => :id
        )

)

--------------------------------------------------------------------------------
[2026-07-27 13:30:49] Mise à jour réussie ID: 2809
--------------------------------------------------------------------------------
[2026-07-27 13:30:49] Traitement ID: 2810
--------------------------------------------------------------------------------
[2026-07-27 13:30:49] SQL
Array
(
    [sql] => UPDATE materiel SET marque = :marque, modele = :modele, type_materiel = :type_materiel, numero_serie = :numero_serie, adresse_ip = :adresse_ip, adresse_mac = :adresse_mac, usage_materiel = :usage_materiel, masque = :masque, passerelle = :passerelle, login = :login, password = :password WHERE id = :id
    [params] => Array
        (
            [0] => :marque
            [1] => :modele
            [2] => :type_materiel
            [3] => :numero_serie
            [4] => :adresse_ip
            [5] => :adresse_mac
            [6] => :usage_materiel
            [7] => :masque
            [8] => :passerelle
            [9] => :login
            [10] => :password
            [11] => :id
        )

)

--------------------------------------------------------------------------------
[2026-07-27 13:30:49] Mise à jour réussie ID: 2810
--------------------------------------------------------------------------------
[2026-07-27 13:30:49] Traitement ID: 2814
--------------------------------------------------------------------------------
[2026-07-27 13:30:49] SQL
Array
(
    [sql] => UPDATE materiel SET marque = :marque, modele = :modele, type_materiel = :type_materiel, numero_serie = :numero_serie, version_firmware = :version_firmware, adresse_ip = :adresse_ip, adresse_mac = :adresse_mac, usage_materiel = :usage_materiel, ancien_firmware = :ancien_firmware, masque = :masque, passerelle = :passerelle, login = :login, password = :password, ip_primaire = :ip_primaire, mac_primaire = :mac_primaire WHERE id = :id
    [params] => Array
        (
            [0] => :marque
            [1] => :modele
            [2] => :type_materiel
            [3] => :numero_serie
            [4] => :version_firmware
            [5] => :adresse_ip
            [6] => :adresse_mac
            [7] => :usage_materiel
            [8] => :ancien_firmware
            [9] => :masque
            [10] => :passerelle
            [11] => :login
            [12] => :password
            [13] => :ip_primaire
            [14] => :mac_primaire
            [15] => :id
        )

)

--------------------------------------------------------------------------------
[2026-07-27 13:30:49] Mise à jour réussie ID: 2814
--------------------------------------------------------------------------------
[2026-07-27 13:30:49] Traitement ID: 2812
--------------------------------------------------------------------------------
[2026-07-27 13:30:49] SQL
Array
(
    [sql] => UPDATE materiel SET marque = :marque, modele = :modele, type_materiel = :type_materiel, numero_serie = :numero_serie, version_firmware = :version_firmware, adresse_ip = :adresse_ip, adresse_mac = :adresse_mac, usage_materiel = :usage_materiel, masque = :masque, passerelle = :passerelle, login = :login, password = :password, ip_primaire = :ip_primaire, mac_primaire = :mac_primaire WHERE id = :id
    [params] => Array
        (
            [0] => :marque
            [1] => :modele
            [2] => :type_materiel
            [3] => :numero_serie
            [4] => :version_firmware
            [5] => :adresse_ip
            [6] => :adresse_mac
            [7] => :usage_materiel
            [8] => :masque
            [9] => :passerelle
            [10] => :login
            [11] => :password
            [12] => :ip_primaire
            [13] => :mac_primaire
            [14] => :id
        )

)

--------------------------------------------------------------------------------
[2026-07-27 13:30:49] Mise à jour réussie ID: 2812
--------------------------------------------------------------------------------
[2026-07-27 13:30:49] Traitement ID: 2813
--------------------------------------------------------------------------------
[2026-07-27 13:30:49] SQL
Array
(
    [sql] => UPDATE materiel SET marque = :marque, modele = :modele, type_materiel = :type_materiel, numero_serie = :numero_serie, adresse_ip = :adresse_ip, usage_materiel = :usage_materiel, masque = :masque, passerelle = :passerelle, login = :login, password = :password WHERE id = :id
    [params] => Array
        (
            [0] => :marque
            [1] => :modele
            [2] => :type_materiel
            [3] => :numero_serie
            [4] => :adresse_ip
            [5] => :usage_materiel
            [6] => :masque
            [7] => :passerelle
            [8] => :login
            [9] => :password
            [10] => :id
        )

)

--------------------------------------------------------------------------------
[2026-07-27 13:30:49] Mise à jour réussie ID: 2813
--------------------------------------------------------------------------------
[2026-07-27 13:30:49] Réponse
Array
(
    [status] => success
    [message] => 19 ligne(s) mise(s) à jour
    [updated] => 19
    [total_rows] => 19
    [errors] => Array
        (
        )

)

--------------------------------------------------------------------------------
[2026-07-27 13:30:49] === FIN ===
--------------------------------------------------------------------------------
[2026-07-27 13:30:49] === DÉBUT ===
--------------------------------------------------------------------------------
[2026-07-27 13:30:49] Input reçu
Array
(
    [raw_length] => 15609
    [has_data] => 1
)

--------------------------------------------------------------------------------
[2026-07-27 13:30:49] Connexion BDD OK
--------------------------------------------------------------------------------
[2026-07-27 13:30:49] Traitement ID: 2801
--------------------------------------------------------------------------------
[2026-07-27 13:30:49] SQL
Array
(
    [sql] => UPDATE materiel SET marque = :marque, modele = :modele, type_materiel = :type_materiel, numero_serie = :numero_serie, version_firmware = :version_firmware, adresse_ip = :adresse_ip, adresse_mac = :adresse_mac, usage_materiel = :usage_materiel, ancien_firmware = :ancien_firmware, masque = :masque, passerelle = :passerelle WHERE id = :id
    [params] => Array
        (
            [0] => :marque
            [1] => :modele
            [2] => :type_materiel
            [3] => :numero_serie
            [4] => :version_firmware
            [5] => :adresse_ip
            [6] => :adresse_mac
            [7] => :usage_materiel
            [8] => :ancien_firmware
            [9] => :masque
            [10] => :passerelle
            [11] => :id
        )

)

--------------------------------------------------------------------------------
[2026-07-27 13:30:49] Mise à jour réussie ID: 2801
--------------------------------------------------------------------------------
[2026-07-27 13:30:49] Traitement ID: 2802
--------------------------------------------------------------------------------
[2026-07-27 13:30:49] SQL
Array
(
    [sql] => UPDATE materiel SET marque = :marque, modele = :modele, type_materiel = :type_materiel, numero_serie = :numero_serie, version_firmware = :version_firmware, adresse_ip = :adresse_ip, adresse_mac = :adresse_mac, usage_materiel = :usage_materiel, ancien_firmware = :ancien_firmware, masque = :masque, passerelle = :passerelle WHERE id = :id
    [params] => Array
        (
            [0] => :marque
            [1] => :modele
            [2] => :type_materiel
            [3] => :numero_serie
            [4] => :version_firmware
            [5] => :adresse_ip
            [6] => :adresse_mac
            [7] => :usage_materiel
            [8] => :ancien_firmware
            [9] => :masque
            [10] => :passerelle
            [11] => :id
        )

)

--------------------------------------------------------------------------------
[2026-07-27 13:30:49] Mise à jour réussie ID: 2802
--------------------------------------------------------------------------------
[2026-07-27 13:30:49] Traitement ID: 2803
--------------------------------------------------------------------------------
[2026-07-27 13:30:49] SQL
Array
(
    [sql] => UPDATE materiel SET marque = :marque, modele = :modele, type_materiel = :type_materiel, numero_serie = :numero_serie, version_firmware = :version_firmware, adresse_ip = :adresse_ip, adresse_mac = :adresse_mac, usage_materiel = :usage_materiel, ancien_firmware = :ancien_firmware, masque = :masque, passerelle = :passerelle WHERE id = :id
    [params] => Array
        (
            [0] => :marque
            [1] => :modele
            [2] => :type_materiel
            [3] => :numero_serie
            [4] => :version_firmware
            [5] => :adresse_ip
            [6] => :adresse_mac
            [7] => :usage_materiel
            [8] => :ancien_firmware
            [9] => :masque
            [10] => :passerelle
            [11] => :id
        )

)

--------------------------------------------------------------------------------
[2026-07-27 13:30:49] Mise à jour réussie ID: 2803
--------------------------------------------------------------------------------
[2026-07-27 13:30:49] Traitement ID: 2804
--------------------------------------------------------------------------------
[2026-07-27 13:30:49] SQL
Array
(
    [sql] => UPDATE materiel SET marque = :marque, modele = :modele, type_materiel = :type_materiel, numero_serie = :numero_serie, version_firmware = :version_firmware, adresse_ip = :adresse_ip, adresse_mac = :adresse_mac, usage_materiel = :usage_materiel, ancien_firmware = :ancien_firmware, masque = :masque, passerelle = :passerelle WHERE id = :id
    [params] => Array
        (
            [0] => :marque
            [1] => :modele
            [2] => :type_materiel
            [3] => :numero_serie
            [4] => :version_firmware
            [5] => :adresse_ip
            [6] => :adresse_mac
            [7] => :usage_materiel
            [8] => :ancien_firmware
            [9] => :masque
            [10] => :passerelle
            [11] => :id
        )

)

--------------------------------------------------------------------------------
[2026-07-27 13:30:49] Mise à jour réussie ID: 2804
--------------------------------------------------------------------------------
[2026-07-27 13:30:49] Traitement ID: 2799
--------------------------------------------------------------------------------
[2026-07-27 13:30:49] SQL
Array
(
    [sql] => UPDATE materiel SET marque = :marque, modele = :modele, type_materiel = :type_materiel, numero_serie = :numero_serie, version_firmware = :version_firmware, adresse_ip = :adresse_ip, adresse_mac = :adresse_mac, usage_materiel = :usage_materiel, ancien_firmware = :ancien_firmware, masque = :masque, passerelle = :passerelle WHERE id = :id
    [params] => Array
        (
            [0] => :marque
            [1] => :modele
            [2] => :type_materiel
            [3] => :numero_serie
            [4] => :version_firmware
            [5] => :adresse_ip
            [6] => :adresse_mac
            [7] => :usage_materiel
            [8] => :ancien_firmware
            [9] => :masque
            [10] => :passerelle
            [11] => :id
        )

)

--------------------------------------------------------------------------------
[2026-07-27 13:30:49] Mise à jour réussie ID: 2799
--------------------------------------------------------------------------------
[2026-07-27 13:30:49] Traitement ID: 2800
--------------------------------------------------------------------------------
[2026-07-27 13:30:49] SQL
Array
(
    [sql] => UPDATE materiel SET marque = :marque, modele = :modele, type_materiel = :type_materiel, numero_serie = :numero_serie, version_firmware = :version_firmware, adresse_ip = :adresse_ip, adresse_mac = :adresse_mac, usage_materiel = :usage_materiel, ancien_firmware = :ancien_firmware, masque = :masque, passerelle = :passerelle WHERE id = :id
    [params] => Array
        (
            [0] => :marque
            [1] => :modele
            [2] => :type_materiel
            [3] => :numero_serie
            [4] => :version_firmware
            [5] => :adresse_ip
            [6] => :adresse_mac
            [7] => :usage_materiel
            [8] => :ancien_firmware
            [9] => :masque
            [10] => :passerelle
            [11] => :id
        )

)

--------------------------------------------------------------------------------
[2026-07-27 13:30:49] Mise à jour réussie ID: 2800
--------------------------------------------------------------------------------
[2026-07-27 13:30:49] Traitement ID: 2798
--------------------------------------------------------------------------------
[2026-07-27 13:30:49] SQL
Array
(
    [sql] => UPDATE materiel SET marque = :marque, modele = :modele, type_materiel = :type_materiel, numero_serie = :numero_serie, version_firmware = :version_firmware, adresse_ip = :adresse_ip, adresse_mac = :adresse_mac, usage_materiel = :usage_materiel, ancien_firmware = :ancien_firmware, masque = :masque, passerelle = :passerelle WHERE id = :id
    [params] => Array
        (
            [0] => :marque
            [1] => :modele
            [2] => :type_materiel
            [3] => :numero_serie
            [4] => :version_firmware
            [5] => :adresse_ip
            [6] => :adresse_mac
            [7] => :usage_materiel
            [8] => :ancien_firmware
            [9] => :masque
            [10] => :passerelle
            [11] => :id
        )

)

--------------------------------------------------------------------------------
[2026-07-27 13:30:49] Mise à jour réussie ID: 2798
--------------------------------------------------------------------------------
[2026-07-27 13:30:49] Traitement ID: 2806
--------------------------------------------------------------------------------
[2026-07-27 13:30:49] SQL
Array
(
    [sql] => UPDATE materiel SET marque = :marque, modele = :modele, type_materiel = :type_materiel, numero_serie = :numero_serie, version_firmware = :version_firmware, adresse_ip = :adresse_ip, adresse_mac = :adresse_mac, usage_materiel = :usage_materiel, ancien_firmware = :ancien_firmware, masque = :masque, passerelle = :passerelle WHERE id = :id
    [params] => Array
        (
            [0] => :marque
            [1] => :modele
            [2] => :type_materiel
            [3] => :numero_serie
            [4] => :version_firmware
            [5] => :adresse_ip
            [6] => :adresse_mac
            [7] => :usage_materiel
            [8] => :ancien_firmware
            [9] => :masque
            [10] => :passerelle
            [11] => :id
        )

)

--------------------------------------------------------------------------------
[2026-07-27 13:30:49] Mise à jour réussie ID: 2806
--------------------------------------------------------------------------------
[2026-07-27 13:30:49] Traitement ID: 2797
--------------------------------------------------------------------------------
[2026-07-27 13:30:49] SQL
Array
(
    [sql] => UPDATE materiel SET marque = :marque, modele = :modele, type_materiel = :type_materiel, numero_serie = :numero_serie, version_firmware = :version_firmware, adresse_ip = :adresse_ip, adresse_mac = :adresse_mac, usage_materiel = :usage_materiel, masque = :masque, passerelle = :passerelle WHERE id = :id
    [params] => Array
        (
            [0] => :marque
            [1] => :modele
            [2] => :type_materiel
            [3] => :numero_serie
            [4] => :version_firmware
            [5] => :adresse_ip
            [6] => :adresse_mac
            [7] => :usage_materiel
            [8] => :masque
            [9] => :passerelle
            [10] => :id
        )

)

--------------------------------------------------------------------------------
[2026-07-27 13:30:49] Mise à jour réussie ID: 2797
--------------------------------------------------------------------------------
[2026-07-27 13:30:49] Traitement ID: 2805
--------------------------------------------------------------------------------
[2026-07-27 13:30:49] SQL
Array
(
    [sql] => UPDATE materiel SET marque = :marque, modele = :modele, type_materiel = :type_materiel, numero_serie = :numero_serie, version_firmware = :version_firmware, adresse_ip = :adresse_ip, adresse_mac = :adresse_mac, usage_materiel = :usage_materiel, ancien_firmware = :ancien_firmware, masque = :masque, passerelle = :passerelle WHERE id = :id
    [params] => Array
        (
            [0] => :marque
            [1] => :modele
            [2] => :type_materiel
            [3] => :numero_serie
            [4] => :version_firmware
            [5] => :adresse_ip
            [6] => :adresse_mac
            [7] => :usage_materiel
            [8] => :ancien_firmware
            [9] => :masque
            [10] => :passerelle
            [11] => :id
        )

)

--------------------------------------------------------------------------------
[2026-07-27 13:30:49] Mise à jour réussie ID: 2805
--------------------------------------------------------------------------------
[2026-07-27 13:30:49] Traitement ID: 2808
--------------------------------------------------------------------------------
[2026-07-27 13:30:49] SQL
Array
(
    [sql] => UPDATE materiel SET marque = :marque, modele = :modele, type_materiel = :type_materiel, numero_serie = :numero_serie, version_firmware = :version_firmware, adresse_ip = :adresse_ip, adresse_mac = :adresse_mac, usage_materiel = :usage_materiel, ancien_firmware = :ancien_firmware, masque = :masque, passerelle = :passerelle, login = :login, password = :password WHERE id = :id
    [params] => Array
        (
            [0] => :marque
            [1] => :modele
            [2] => :type_materiel
            [3] => :numero_serie
            [4] => :version_firmware
            [5] => :adresse_ip
            [6] => :adresse_mac
            [7] => :usage_materiel
            [8] => :ancien_firmware
            [9] => :masque
            [10] => :passerelle
            [11] => :login
            [12] => :password
            [13] => :id
        )

)

--------------------------------------------------------------------------------
[2026-07-27 13:30:49] Mise à jour réussie ID: 2808
--------------------------------------------------------------------------------
[2026-07-27 13:30:49] Traitement ID: 2807
--------------------------------------------------------------------------------
[2026-07-27 13:30:49] SQL
Array
(
    [sql] => UPDATE materiel SET marque = :marque, modele = :modele, type_materiel = :type_materiel, numero_serie = :numero_serie, version_firmware = :version_firmware, adresse_ip = :adresse_ip, adresse_mac = :adresse_mac, usage_materiel = :usage_materiel, ancien_firmware = :ancien_firmware, masque = :masque, passerelle = :passerelle, login = :login, password = :password WHERE id = :id
    [params] => Array
        (
            [0] => :marque
            [1] => :modele
            [2] => :type_materiel
            [3] => :numero_serie
            [4] => :version_firmware
            [5] => :adresse_ip
            [6] => :adresse_mac
            [7] => :usage_materiel
            [8] => :ancien_firmware
            [9] => :masque
            [10] => :passerelle
            [11] => :login
            [12] => :password
            [13] => :id
        )

)

--------------------------------------------------------------------------------
[2026-07-27 13:30:49] Mise à jour réussie ID: 2807
--------------------------------------------------------------------------------
[2026-07-27 13:30:49] Traitement ID: 2790
--------------------------------------------------------------------------------
[2026-07-27 13:30:49] SQL
Array
(
    [sql] => UPDATE materiel SET marque = :marque, modele = :modele, type_materiel = :type_materiel, numero_serie = :numero_serie, version_firmware = :version_firmware, adresse_ip = :adresse_ip, adresse_mac = :adresse_mac, usage_materiel = :usage_materiel, masque = :masque, passerelle = :passerelle WHERE id = :id
    [params] => Array
        (
            [0] => :marque
            [1] => :modele
            [2] => :type_materiel
            [3] => :numero_serie
            [4] => :version_firmware
            [5] => :adresse_ip
            [6] => :adresse_mac
            [7] => :usage_materiel
            [8] => :masque
            [9] => :passerelle
            [10] => :id
        )

)

--------------------------------------------------------------------------------
[2026-07-27 13:30:49] Mise à jour réussie ID: 2790
--------------------------------------------------------------------------------
[2026-07-27 13:30:49] Traitement ID: 2791
--------------------------------------------------------------------------------
[2026-07-27 13:30:49] SQL
Array
(
    [sql] => UPDATE materiel SET marque = :marque, modele = :modele, type_materiel = :type_materiel, numero_serie = :numero_serie, adresse_ip = :adresse_ip, adresse_mac = :adresse_mac, usage_materiel = :usage_materiel, masque = :masque, passerelle = :passerelle WHERE id = :id
    [params] => Array
        (
            [0] => :marque
            [1] => :modele
            [2] => :type_materiel
            [3] => :numero_serie
            [4] => :adresse_ip
            [5] => :adresse_mac
            [6] => :usage_materiel
            [7] => :masque
            [8] => :passerelle
            [9] => :id
        )

)

--------------------------------------------------------------------------------
[2026-07-27 13:30:49] Mise à jour réussie ID: 2791
--------------------------------------------------------------------------------
[2026-07-27 13:30:49] Traitement ID: 2792
--------------------------------------------------------------------------------
[2026-07-27 13:30:49] SQL
Array
(
    [sql] => UPDATE materiel SET marque = :marque, modele = :modele, type_materiel = :type_materiel, numero_serie = :numero_serie, adresse_ip = :adresse_ip, adresse_mac = :adresse_mac, usage_materiel = :usage_materiel, masque = :masque, passerelle = :passerelle WHERE id = :id
    [params] => Array
        (
            [0] => :marque
            [1] => :modele
            [2] => :type_materiel
            [3] => :numero_serie
            [4] => :adresse_ip
            [5] => :adresse_mac
            [6] => :usage_materiel
            [7] => :masque
            [8] => :passerelle
            [9] => :id
        )

)

--------------------------------------------------------------------------------
[2026-07-27 13:30:49] Mise à jour réussie ID: 2792
--------------------------------------------------------------------------------
[2026-07-27 13:30:49] Traitement ID: 2793
--------------------------------------------------------------------------------
[2026-07-27 13:30:49] SQL
Array
(
    [sql] => UPDATE materiel SET marque = :marque, modele = :modele, type_materiel = :type_materiel, numero_serie = :numero_serie, adresse_ip = :adresse_ip, adresse_mac = :adresse_mac, usage_materiel = :usage_materiel, masque = :masque, passerelle = :passerelle WHERE id = :id
    [params] => Array
        (
            [0] => :marque
            [1] => :modele
            [2] => :type_materiel
            [3] => :numero_serie
            [4] => :adresse_ip
            [5] => :adresse_mac
            [6] => :usage_materiel
            [7] => :masque
            [8] => :passerelle
            [9] => :id
        )

)

--------------------------------------------------------------------------------
[2026-07-27 13:30:49] Mise à jour réussie ID: 2793
--------------------------------------------------------------------------------
[2026-07-27 13:30:49] Traitement ID: 2794
--------------------------------------------------------------------------------
[2026-07-27 13:30:49] SQL
Array
(
    [sql] => UPDATE materiel SET marque = :marque, modele = :modele, type_materiel = :type_materiel, numero_serie = :numero_serie, adresse_ip = :adresse_ip, adresse_mac = :adresse_mac, usage_materiel = :usage_materiel, masque = :masque, passerelle = :passerelle WHERE id = :id
    [params] => Array
        (
            [0] => :marque
            [1] => :modele
            [2] => :type_materiel
            [3] => :numero_serie
            [4] => :adresse_ip
            [5] => :adresse_mac
            [6] => :usage_materiel
            [7] => :masque
            [8] => :passerelle
            [9] => :id
        )

)

--------------------------------------------------------------------------------
[2026-07-27 13:30:49] Mise à jour réussie ID: 2794
--------------------------------------------------------------------------------
[2026-07-27 13:30:49] Traitement ID: 2795
--------------------------------------------------------------------------------
[2026-07-27 13:30:49] SQL
Array
(
    [sql] => UPDATE materiel SET marque = :marque, modele = :modele, type_materiel = :type_materiel, numero_serie = :numero_serie, adresse_ip = :adresse_ip, adresse_mac = :adresse_mac, usage_materiel = :usage_materiel, masque = :masque, passerelle = :passerelle WHERE id = :id
    [params] => Array
        (
            [0] => :marque
            [1] => :modele
            [2] => :type_materiel
            [3] => :numero_serie
            [4] => :adresse_ip
            [5] => :adresse_mac
            [6] => :usage_materiel
            [7] => :masque
            [8] => :passerelle
            [9] => :id
        )

)

--------------------------------------------------------------------------------
[2026-07-27 13:30:49] Mise à jour réussie ID: 2795
--------------------------------------------------------------------------------
[2026-07-27 13:30:49] Traitement ID: 2796
--------------------------------------------------------------------------------
[2026-07-27 13:30:49] SQL
Array
(
    [sql] => UPDATE materiel SET marque = :marque, modele = :modele, type_materiel = :type_materiel, numero_serie = :numero_serie, version_firmware = :version_firmware, adresse_ip = :adresse_ip, adresse_mac = :adresse_mac, usage_materiel = :usage_materiel, masque = :masque, passerelle = :passerelle WHERE id = :id
    [params] => Array
        (
            [0] => :marque
            [1] => :modele
            [2] => :type_materiel
            [3] => :numero_serie
            [4] => :version_firmware
            [5] => :adresse_ip
            [6] => :adresse_mac
            [7] => :usage_materiel
            [8] => :masque
            [9] => :passerelle
            [10] => :id
        )

)

--------------------------------------------------------------------------------
[2026-07-27 13:30:49] Mise à jour réussie ID: 2796
--------------------------------------------------------------------------------
[2026-07-27 13:30:49] Traitement ID: 2788
--------------------------------------------------------------------------------
[2026-07-27 13:30:49] SQL
Array
(
    [sql] => UPDATE materiel SET marque = :marque, modele = :modele, type_materiel = :type_materiel, numero_serie = :numero_serie, version_firmware = :version_firmware, adresse_ip = :adresse_ip, adresse_mac = :adresse_mac, usage_materiel = :usage_materiel, ancien_firmware = :ancien_firmware, masque = :masque, passerelle = :passerelle, ip_primaire = :ip_primaire, mac_primaire = :mac_primaire WHERE id = :id
    [params] => Array
        (
            [0] => :marque
            [1] => :modele
            [2] => :type_materiel
            [3] => :numero_serie
            [4] => :version_firmware
            [5] => :adresse_ip
            [6] => :adresse_mac
            [7] => :usage_materiel
            [8] => :ancien_firmware
            [9] => :masque
            [10] => :passerelle
            [11] => :ip_primaire
            [12] => :mac_primaire
            [13] => :id
        )

)

--------------------------------------------------------------------------------
[2026-07-27 13:30:49] Mise à jour réussie ID: 2788
--------------------------------------------------------------------------------
[2026-07-27 13:30:49] Traitement ID: 2789
--------------------------------------------------------------------------------
[2026-07-27 13:30:49] SQL
Array
(
    [sql] => UPDATE materiel SET marque = :marque, modele = :modele, type_materiel = :type_materiel, numero_serie = :numero_serie, version_firmware = :version_firmware, adresse_ip = :adresse_ip, adresse_mac = :adresse_mac, usage_materiel = :usage_materiel, ancien_firmware = :ancien_firmware, masque = :masque, passerelle = :passerelle, ip_primaire = :ip_primaire, mac_primaire = :mac_primaire WHERE id = :id
    [params] => Array
        (
            [0] => :marque
            [1] => :modele
            [2] => :type_materiel
            [3] => :numero_serie
            [4] => :version_firmware
            [5] => :adresse_ip
            [6] => :adresse_mac
            [7] => :usage_materiel
            [8] => :ancien_firmware
            [9] => :masque
            [10] => :passerelle
            [11] => :ip_primaire
            [12] => :mac_primaire
            [13] => :id
        )

)

--------------------------------------------------------------------------------
[2026-07-27 13:30:49] Mise à jour réussie ID: 2789
--------------------------------------------------------------------------------
[2026-07-27 13:30:49] Réponse
Array
(
    [status] => success
    [message] => 21 ligne(s) mise(s) à jour
    [updated] => 21
    [total_rows] => 21
    [errors] => Array
        (
        )

)

--------------------------------------------------------------------------------
[2026-07-27 13:30:49] === FIN ===
--------------------------------------------------------------------------------
[2026-07-27 13:30:49] === DÉBUT ===
--------------------------------------------------------------------------------
[2026-07-27 13:30:49] Input reçu
Array
(
    [raw_length] => 30006
    [has_data] => 1
)

--------------------------------------------------------------------------------
[2026-07-27 13:30:49] Connexion BDD OK
--------------------------------------------------------------------------------
[2026-07-27 13:30:49] Traitement ID: 440
--------------------------------------------------------------------------------
[2026-07-27 13:30:49] SQL
Array
(
    [sql] => UPDATE materiel SET modele = :modele WHERE id = :id
    [params] => Array
        (
            [0] => :modele
            [1] => :id
        )

)

--------------------------------------------------------------------------------
[2026-07-27 13:30:49] Mise à jour réussie ID: 440
--------------------------------------------------------------------------------
[2026-07-27 13:30:49] Traitement ID: 3429
--------------------------------------------------------------------------------
[2026-07-27 13:30:49] SQL
Array
(
    [sql] => UPDATE materiel SET marque = :marque, modele = :modele, type_materiel = :type_materiel, numero_serie = :numero_serie, adresse_ip = :adresse_ip, adresse_mac = :adresse_mac, usage_materiel = :usage_materiel, masque = :masque, passerelle = :passerelle WHERE id = :id
    [params] => Array
        (
            [0] => :marque
            [1] => :modele
            [2] => :type_materiel
            [3] => :numero_serie
            [4] => :adresse_ip
            [5] => :adresse_mac
            [6] => :usage_materiel
            [7] => :masque
            [8] => :passerelle
            [9] => :id
        )

)

--------------------------------------------------------------------------------
[2026-07-27 13:30:49] Mise à jour réussie ID: 3429
--------------------------------------------------------------------------------
[2026-07-27 13:30:49] Traitement ID: 3430
--------------------------------------------------------------------------------
[2026-07-27 13:30:49] SQL
Array
(
    [sql] => UPDATE materiel SET marque = :marque, modele = :modele, type_materiel = :type_materiel, numero_serie = :numero_serie, adresse_ip = :adresse_ip, adresse_mac = :adresse_mac, usage_materiel = :usage_materiel, masque = :masque, passerelle = :passerelle WHERE id = :id
    [params] => Array
        (
            [0] => :marque
            [1] => :modele
            [2] => :type_materiel
            [3] => :numero_serie
            [4] => :adresse_ip
            [5] => :adresse_mac
            [6] => :usage_materiel
            [7] => :masque
            [8] => :passerelle
            [9] => :id
        )

)

--------------------------------------------------------------------------------
[2026-07-27 13:30:49] Mise à jour réussie ID: 3430
--------------------------------------------------------------------------------
[2026-07-27 13:30:49] Traitement ID: 3433
--------------------------------------------------------------------------------
[2026-07-27 13:30:49] SQL
Array
(
    [sql] => UPDATE materiel SET marque = :marque, modele = :modele, adresse_ip = :adresse_ip, usage_materiel = :usage_materiel, masque = :masque, passerelle = :passerelle WHERE id = :id
    [params] => Array
        (
            [0] => :marque
            [1] => :modele
            [2] => :adresse_ip
            [3] => :usage_materiel
            [4] => :masque
            [5] => :passerelle
            [6] => :id
        )

)

--------------------------------------------------------------------------------
[2026-07-27 13:30:49] Mise à jour réussie ID: 3433
--------------------------------------------------------------------------------
[2026-07-27 13:30:49] Traitement ID: 441
--------------------------------------------------------------------------------
[2026-07-27 13:30:49] SQL
Array
(
    [sql] => UPDATE materiel SET marque = :marque, modele = :modele, numero_serie = :numero_serie, adresse_ip = :adresse_ip, adresse_mac = :adresse_mac, masque = :masque, passerelle = :passerelle WHERE id = :id
    [params] => Array
        (
            [0] => :marque
            [1] => :modele
            [2] => :numero_serie
            [3] => :adresse_ip
            [4] => :adresse_mac
            [5] => :masque
            [6] => :passerelle
            [7] => :id
        )

)

--------------------------------------------------------------------------------
[2026-07-27 13:30:49] Mise à jour réussie ID: 441
--------------------------------------------------------------------------------
[2026-07-27 13:30:49] Traitement ID: 430
--------------------------------------------------------------------------------
[2026-07-27 13:30:49] SQL
Array
(
    [sql] => UPDATE materiel SET marque = :marque, modele = :modele, numero_serie = :numero_serie, adresse_ip = :adresse_ip, adresse_mac = :adresse_mac, masque = :masque, passerelle = :passerelle WHERE id = :id
    [params] => Array
        (
            [0] => :marque
            [1] => :modele
            [2] => :numero_serie
            [3] => :adresse_ip
            [4] => :adresse_mac
            [5] => :masque
            [6] => :passerelle
            [7] => :id
        )

)

--------------------------------------------------------------------------------
[2026-07-27 13:30:49] Mise à jour réussie ID: 430
--------------------------------------------------------------------------------
[2026-07-27 13:30:49] Traitement ID: 431
--------------------------------------------------------------------------------
[2026-07-27 13:30:49] SQL
Array
(
    [sql] => UPDATE materiel SET marque = :marque, modele = :modele, numero_serie = :numero_serie, adresse_ip = :adresse_ip, adresse_mac = :adresse_mac, masque = :masque, passerelle = :passerelle WHERE id = :id
    [params] => Array
        (
            [0] => :marque
            [1] => :modele
            [2] => :numero_serie
            [3] => :adresse_ip
            [4] => :adresse_mac
            [5] => :masque
            [6] => :passerelle
            [7] => :id
        )

)

--------------------------------------------------------------------------------
[2026-07-27 13:30:49] Mise à jour réussie ID: 431
--------------------------------------------------------------------------------
[2026-07-27 13:30:49] Traitement ID: 432
--------------------------------------------------------------------------------
[2026-07-27 13:30:49] SQL
Array
(
    [sql] => UPDATE materiel SET marque = :marque, modele = :modele, numero_serie = :numero_serie, adresse_ip = :adresse_ip, adresse_mac = :adresse_mac, masque = :masque, passerelle = :passerelle WHERE id = :id
    [params] => Array
        (
            [0] => :marque
            [1] => :modele
            [2] => :numero_serie
            [3] => :adresse_ip
            [4] => :adresse_mac
            [5] => :masque
            [6] => :passerelle
            [7] => :id
        )

)

--------------------------------------------------------------------------------
[2026-07-27 13:30:49] Mise à jour réussie ID: 432
--------------------------------------------------------------------------------
[2026-07-27 13:30:49] Traitement ID: 433
--------------------------------------------------------------------------------
[2026-07-27 13:30:49] SQL
Array
(
    [sql] => UPDATE materiel SET marque = :marque, modele = :modele, numero_serie = :numero_serie, adresse_ip = :adresse_ip, adresse_mac = :adresse_mac, masque = :masque, passerelle = :passerelle WHERE id = :id
    [params] => Array
        (
            [0] => :marque
            [1] => :modele
            [2] => :numero_serie
            [3] => :adresse_ip
            [4] => :adresse_mac
            [5] => :masque
            [6] => :passerelle
            [7] => :id
        )

)

--------------------------------------------------------------------------------
[2026-07-27 13:30:49] Mise à jour réussie ID: 433
--------------------------------------------------------------------------------
[2026-07-27 13:30:49] Traitement ID: 434
--------------------------------------------------------------------------------
[2026-07-27 13:30:49] SQL
Array
(
    [sql] => UPDATE materiel SET marque = :marque, modele = :modele, adresse_ip = :adresse_ip, masque = :masque, passerelle = :passerelle WHERE id = :id
    [params] => Array
        (
            [0] => :marque
            [1] => :modele
            [2] => :adresse_ip
            [3] => :masque
            [4] => :passerelle
            [5] => :id
        )

)

--------------------------------------------------------------------------------
[2026-07-27 13:30:49] Mise à jour réussie ID: 434
--------------------------------------------------------------------------------
[2026-07-27 13:30:49] Traitement ID: 462
--------------------------------------------------------------------------------
[2026-07-27 13:30:49] SQL
Array
(
    [sql] => UPDATE materiel SET marque = :marque, modele = :modele, adresse_ip = :adresse_ip, masque = :masque, passerelle = :passerelle WHERE id = :id
    [params] => Array
        (
            [0] => :marque
            [1] => :modele
            [2] => :adresse_ip
            [3] => :masque
            [4] => :passerelle
            [5] => :id
        )

)

--------------------------------------------------------------------------------
[2026-07-27 13:30:49] Mise à jour réussie ID: 462
--------------------------------------------------------------------------------
[2026-07-27 13:30:49] Traitement ID: 427
--------------------------------------------------------------------------------
[2026-07-27 13:30:49] SQL
Array
(
    [sql] => UPDATE materiel SET marque = :marque, modele = :modele, numero_serie = :numero_serie, adresse_ip = :adresse_ip, adresse_mac = :adresse_mac, masque = :masque, passerelle = :passerelle WHERE id = :id
    [params] => Array
        (
            [0] => :marque
            [1] => :modele
            [2] => :numero_serie
            [3] => :adresse_ip
            [4] => :adresse_mac
            [5] => :masque
            [6] => :passerelle
            [7] => :id
        )

)

--------------------------------------------------------------------------------
[2026-07-27 13:30:49] Mise à jour réussie ID: 427
--------------------------------------------------------------------------------
[2026-07-27 13:30:49] Traitement ID: 428
--------------------------------------------------------------------------------
[2026-07-27 13:30:49] SQL
Array
(
    [sql] => UPDATE materiel SET marque = :marque, modele = :modele, numero_serie = :numero_serie, adresse_ip = :adresse_ip, adresse_mac = :adresse_mac, masque = :masque, passerelle = :passerelle WHERE id = :id
    [params] => Array
        (
            [0] => :marque
            [1] => :modele
            [2] => :numero_serie
            [3] => :adresse_ip
            [4] => :adresse_mac
            [5] => :masque
            [6] => :passerelle
            [7] => :id
        )

)

--------------------------------------------------------------------------------
[2026-07-27 13:30:49] Mise à jour réussie ID: 428
--------------------------------------------------------------------------------
[2026-07-27 13:30:49] Traitement ID: 429
--------------------------------------------------------------------------------
[2026-07-27 13:30:49] SQL
Array
(
    [sql] => UPDATE materiel SET marque = :marque, modele = :modele, numero_serie = :numero_serie, adresse_ip = :adresse_ip, adresse_mac = :adresse_mac, masque = :masque, passerelle = :passerelle WHERE id = :id
    [params] => Array
        (
            [0] => :marque
            [1] => :modele
            [2] => :numero_serie
            [3] => :adresse_ip
            [4] => :adresse_mac
            [5] => :masque
            [6] => :passerelle
            [7] => :id
        )

)

--------------------------------------------------------------------------------
[2026-07-27 13:30:49] Mise à jour réussie ID: 429
--------------------------------------------------------------------------------
[2026-07-27 13:30:49] Traitement ID: 3432
--------------------------------------------------------------------------------
[2026-07-27 13:30:49] SQL
Array
(
    [sql] => UPDATE materiel SET marque = :marque, modele = :modele, adresse_ip = :adresse_ip, usage_materiel = :usage_materiel, masque = :masque, passerelle = :passerelle WHERE id = :id
    [params] => Array
        (
            [0] => :marque
            [1] => :modele
            [2] => :adresse_ip
            [3] => :usage_materiel
            [4] => :masque
            [5] => :passerelle
            [6] => :id
        )

)

--------------------------------------------------------------------------------
[2026-07-27 13:30:49] Mise à jour réussie ID: 3432
--------------------------------------------------------------------------------
[2026-07-27 13:30:49] Traitement ID: 442
--------------------------------------------------------------------------------
[2026-07-27 13:30:49] SQL
Array
(
    [sql] => UPDATE materiel SET marque = :marque, modele = :modele, numero_serie = :numero_serie, adresse_ip = :adresse_ip, masque = :masque, passerelle = :passerelle WHERE id = :id
    [params] => Array
        (
            [0] => :marque
            [1] => :modele
            [2] => :numero_serie
            [3] => :adresse_ip
            [4] => :masque
            [5] => :passerelle
            [6] => :id
        )

)

--------------------------------------------------------------------------------
[2026-07-27 13:30:49] Mise à jour réussie ID: 442
--------------------------------------------------------------------------------
[2026-07-27 13:30:49] Traitement ID: 3431
--------------------------------------------------------------------------------
[2026-07-27 13:30:49] SQL
Array
(
    [sql] => UPDATE materiel SET marque = :marque, modele = :modele, version_firmware = :version_firmware, adresse_ip = :adresse_ip, adresse_mac = :adresse_mac, usage_materiel = :usage_materiel, masque = :masque, passerelle = :passerelle WHERE id = :id
    [params] => Array
        (
            [0] => :marque
            [1] => :modele
            [2] => :version_firmware
            [3] => :adresse_ip
            [4] => :adresse_mac
            [5] => :usage_materiel
            [6] => :masque
            [7] => :passerelle
            [8] => :id
        )

)

--------------------------------------------------------------------------------
[2026-07-27 13:30:49] Mise à jour réussie ID: 3431
--------------------------------------------------------------------------------
[2026-07-27 13:30:49] Traitement ID: 438
--------------------------------------------------------------------------------
[2026-07-27 13:30:49] SQL
Array
(
    [sql] => UPDATE materiel SET marque = :marque, modele = :modele, numero_serie = :numero_serie, adresse_ip = :adresse_ip, adresse_mac = :adresse_mac, masque = :masque, passerelle = :passerelle WHERE id = :id
    [params] => Array
        (
            [0] => :marque
            [1] => :modele
            [2] => :numero_serie
            [3] => :adresse_ip
            [4] => :adresse_mac
            [5] => :masque
            [6] => :passerelle
            [7] => :id
        )

)

--------------------------------------------------------------------------------
[2026-07-27 13:30:49] Mise à jour réussie ID: 438
--------------------------------------------------------------------------------
[2026-07-27 13:30:49] Traitement ID: 460
--------------------------------------------------------------------------------
[2026-07-27 13:30:49] SQL
Array
(
    [sql] => UPDATE materiel SET marque = :marque, modele = :modele, numero_serie = :numero_serie, adresse_ip = :adresse_ip, adresse_mac = :adresse_mac, masque = :masque, passerelle = :passerelle WHERE id = :id
    [params] => Array
        (
            [0] => :marque
            [1] => :modele
            [2] => :numero_serie
            [3] => :adresse_ip
            [4] => :adresse_mac
            [5] => :masque
            [6] => :passerelle
            [7] => :id
        )

)

--------------------------------------------------------------------------------
[2026-07-27 13:30:49] Mise à jour réussie ID: 460
--------------------------------------------------------------------------------
[2026-07-27 13:30:49] Traitement ID: 459
--------------------------------------------------------------------------------
[2026-07-27 13:30:49] SQL
Array
(
    [sql] => UPDATE materiel SET marque = :marque, modele = :modele, numero_serie = :numero_serie, adresse_ip = :adresse_ip, adresse_mac = :adresse_mac, masque = :masque, passerelle = :passerelle WHERE id = :id
    [params] => Array
        (
            [0] => :marque
            [1] => :modele
            [2] => :numero_serie
            [3] => :adresse_ip
            [4] => :adresse_mac
            [5] => :masque
            [6] => :passerelle
            [7] => :id
        )

)

--------------------------------------------------------------------------------
[2026-07-27 13:30:49] Mise à jour réussie ID: 459
--------------------------------------------------------------------------------
[2026-07-27 13:30:49] Traitement ID: 439
--------------------------------------------------------------------------------
[2026-07-27 13:30:49] SQL
Array
(
    [sql] => UPDATE materiel SET marque = :marque, modele = :modele, numero_serie = :numero_serie, adresse_ip = :adresse_ip, adresse_mac = :adresse_mac, masque = :masque, passerelle = :passerelle WHERE id = :id
    [params] => Array
        (
            [0] => :marque
            [1] => :modele
            [2] => :numero_serie
            [3] => :adresse_ip
            [4] => :adresse_mac
            [5] => :masque
            [6] => :passerelle
            [7] => :id
        )

)

--------------------------------------------------------------------------------
[2026-07-27 13:30:49] Mise à jour réussie ID: 439
--------------------------------------------------------------------------------
[2026-07-27 13:30:49] Traitement ID: 435
--------------------------------------------------------------------------------
[2026-07-27 13:30:49] SQL
Array
(
    [sql] => UPDATE materiel SET marque = :marque, modele = :modele, numero_serie = :numero_serie, adresse_ip = :adresse_ip, adresse_mac = :adresse_mac, masque = :masque, passerelle = :passerelle WHERE id = :id
    [params] => Array
        (
            [0] => :marque
            [1] => :modele
            [2] => :numero_serie
            [3] => :adresse_ip
            [4] => :adresse_mac
            [5] => :masque
            [6] => :passerelle
            [7] => :id
        )

)

--------------------------------------------------------------------------------
[2026-07-27 13:30:49] Mise à jour réussie ID: 435
--------------------------------------------------------------------------------
[2026-07-27 13:30:49] Traitement ID: 436
--------------------------------------------------------------------------------
[2026-07-27 13:30:49] SQL
Array
(
    [sql] => UPDATE materiel SET marque = :marque, modele = :modele, numero_serie = :numero_serie, adresse_ip = :adresse_ip, adresse_mac = :adresse_mac, masque = :masque, passerelle = :passerelle WHERE id = :id
    [params] => Array
        (
            [0] => :marque
            [1] => :modele
            [2] => :numero_serie
            [3] => :adresse_ip
            [4] => :adresse_mac
            [5] => :masque
            [6] => :passerelle
            [7] => :id
        )

)

--------------------------------------------------------------------------------
[2026-07-27 13:30:49] Mise à jour réussie ID: 436
--------------------------------------------------------------------------------
[2026-07-27 13:30:49] Traitement ID: 437
--------------------------------------------------------------------------------
[2026-07-27 13:30:49] SQL
Array
(
    [sql] => UPDATE materiel SET marque = :marque, modele = :modele, numero_serie = :numero_serie, adresse_ip = :adresse_ip, adresse_mac = :adresse_mac, masque = :masque, passerelle = :passerelle WHERE id = :id
    [params] => Array
        (
            [0] => :marque
            [1] => :modele
            [2] => :numero_serie
            [3] => :adresse_ip
            [4] => :adresse_mac
            [5] => :masque
            [6] => :passerelle
            [7] => :id
        )

)

--------------------------------------------------------------------------------
[2026-07-27 13:30:49] Mise à jour réussie ID: 437
--------------------------------------------------------------------------------
[2026-07-27 13:30:49] Traitement ID: 443
--------------------------------------------------------------------------------
[2026-07-27 13:30:49] SQL
Array
(
    [sql] => UPDATE materiel SET marque = :marque, modele = :modele, numero_serie = :numero_serie, adresse_ip = :adresse_ip, adresse_mac = :adresse_mac, masque = :masque, passerelle = :passerelle WHERE id = :id
    [params] => Array
        (
            [0] => :marque
            [1] => :modele
            [2] => :numero_serie
            [3] => :adresse_ip
            [4] => :adresse_mac
            [5] => :masque
            [6] => :passerelle
            [7] => :id
        )

)

--------------------------------------------------------------------------------
[2026-07-27 13:30:49] Mise à jour réussie ID: 443
--------------------------------------------------------------------------------
[2026-07-27 13:30:49] Traitement ID: 444
--------------------------------------------------------------------------------
[2026-07-27 13:30:49] SQL
Array
(
    [sql] => UPDATE materiel SET marque = :marque, modele = :modele, numero_serie = :numero_serie, adresse_ip = :adresse_ip, adresse_mac = :adresse_mac, masque = :masque, passerelle = :passerelle WHERE id = :id
    [params] => Array
        (
            [0] => :marque
            [1] => :modele
            [2] => :numero_serie
            [3] => :adresse_ip
            [4] => :adresse_mac
            [5] => :masque
            [6] => :passerelle
            [7] => :id
        )

)

--------------------------------------------------------------------------------
[2026-07-27 13:30:49] Mise à jour réussie ID: 444
--------------------------------------------------------------------------------
[2026-07-27 13:30:49] Traitement ID: 445
--------------------------------------------------------------------------------
[2026-07-27 13:30:49] SQL
Array
(
    [sql] => UPDATE materiel SET marque = :marque, modele = :modele, numero_serie = :numero_serie, adresse_ip = :adresse_ip, adresse_mac = :adresse_mac, masque = :masque, passerelle = :passerelle WHERE id = :id
    [params] => Array
        (
            [0] => :marque
            [1] => :modele
            [2] => :numero_serie
            [3] => :adresse_ip
            [4] => :adresse_mac
            [5] => :masque
            [6] => :passerelle
            [7] => :id
        )

)

--------------------------------------------------------------------------------
[2026-07-27 13:30:49] Mise à jour réussie ID: 445
--------------------------------------------------------------------------------
[2026-07-27 13:30:49] Traitement ID: 461
--------------------------------------------------------------------------------
[2026-07-27 13:30:49] SQL
Array
(
    [sql] => UPDATE materiel SET marque = :marque, modele = :modele, numero_serie = :numero_serie, adresse_ip = :adresse_ip, adresse_mac = :adresse_mac, masque = :masque, passerelle = :passerelle WHERE id = :id
    [params] => Array
        (
            [0] => :marque
            [1] => :modele
            [2] => :numero_serie
            [3] => :adresse_ip
            [4] => :adresse_mac
            [5] => :masque
            [6] => :passerelle
            [7] => :id
        )

)

--------------------------------------------------------------------------------
[2026-07-27 13:30:49] Mise à jour réussie ID: 461
--------------------------------------------------------------------------------
[2026-07-27 13:30:49] Traitement ID: 425
--------------------------------------------------------------------------------
[2026-07-27 13:30:49] SQL
Array
(
    [sql] => UPDATE materiel SET marque = :marque, modele = :modele, masque = :masque, passerelle = :passerelle WHERE id = :id
    [params] => Array
        (
            [0] => :marque
            [1] => :modele
            [2] => :masque
            [3] => :passerelle
            [4] => :id
        )

)

--------------------------------------------------------------------------------
[2026-07-27 13:30:49] Mise à jour réussie ID: 425
--------------------------------------------------------------------------------
[2026-07-27 13:30:49] Traitement ID: 426
--------------------------------------------------------------------------------
[2026-07-27 13:30:49] SQL
Array
(
    [sql] => UPDATE materiel SET marque = :marque, modele = :modele, masque = :masque, passerelle = :passerelle WHERE id = :id
    [params] => Array
        (
            [0] => :marque
            [1] => :modele
            [2] => :masque
            [3] => :passerelle
            [4] => :id
        )

)

--------------------------------------------------------------------------------
[2026-07-27 13:30:49] Mise à jour réussie ID: 426
--------------------------------------------------------------------------------
[2026-07-27 13:30:49] Traitement ID: 446
--------------------------------------------------------------------------------
[2026-07-27 13:30:49] SQL
Array
(
    [sql] => UPDATE materiel SET marque = :marque, modele = :modele, numero_serie = :numero_serie, adresse_ip = :adresse_ip, adresse_mac = :adresse_mac, masque = :masque, passerelle = :passerelle WHERE id = :id
    [params] => Array
        (
            [0] => :marque
            [1] => :modele
            [2] => :numero_serie
            [3] => :adresse_ip
            [4] => :adresse_mac
            [5] => :masque
            [6] => :passerelle
            [7] => :id
        )

)

--------------------------------------------------------------------------------
[2026-07-27 13:30:49] Mise à jour réussie ID: 446
--------------------------------------------------------------------------------
[2026-07-27 13:30:49] Traitement ID: 447
--------------------------------------------------------------------------------
[2026-07-27 13:30:49] SQL
Array
(
    [sql] => UPDATE materiel SET marque = :marque, modele = :modele, numero_serie = :numero_serie, adresse_ip = :adresse_ip, adresse_mac = :adresse_mac, masque = :masque, passerelle = :passerelle WHERE id = :id
    [params] => Array
        (
            [0] => :marque
            [1] => :modele
            [2] => :numero_serie
            [3] => :adresse_ip
            [4] => :adresse_mac
            [5] => :masque
            [6] => :passerelle
            [7] => :id
        )

)

--------------------------------------------------------------------------------
[2026-07-27 13:30:49] Mise à jour réussie ID: 447
--------------------------------------------------------------------------------
[2026-07-27 13:30:49] Traitement ID: 448
--------------------------------------------------------------------------------
[2026-07-27 13:30:49] SQL
Array
(
    [sql] => UPDATE materiel SET marque = :marque, modele = :modele, numero_serie = :numero_serie, adresse_ip = :adresse_ip, adresse_mac = :adresse_mac, masque = :masque, passerelle = :passerelle WHERE id = :id
    [params] => Array
        (
            [0] => :marque
            [1] => :modele
            [2] => :numero_serie
            [3] => :adresse_ip
            [4] => :adresse_mac
            [5] => :masque
            [6] => :passerelle
            [7] => :id
        )

)

--------------------------------------------------------------------------------
[2026-07-27 13:30:49] Mise à jour réussie ID: 448
--------------------------------------------------------------------------------
[2026-07-27 13:30:49] Traitement ID: 449
--------------------------------------------------------------------------------
[2026-07-27 13:30:49] SQL
Array
(
    [sql] => UPDATE materiel SET marque = :marque, modele = :modele, numero_serie = :numero_serie, adresse_ip = :adresse_ip, adresse_mac = :adresse_mac, masque = :masque, passerelle = :passerelle WHERE id = :id
    [params] => Array
        (
            [0] => :marque
            [1] => :modele
            [2] => :numero_serie
            [3] => :adresse_ip
            [4] => :adresse_mac
            [5] => :masque
            [6] => :passerelle
            [7] => :id
        )

)

--------------------------------------------------------------------------------
[2026-07-27 13:30:49] Mise à jour réussie ID: 449
--------------------------------------------------------------------------------
[2026-07-27 13:30:49] Traitement ID: 450
--------------------------------------------------------------------------------
[2026-07-27 13:30:49] SQL
Array
(
    [sql] => UPDATE materiel SET marque = :marque, modele = :modele, numero_serie = :numero_serie, adresse_ip = :adresse_ip, adresse_mac = :adresse_mac, masque = :masque, passerelle = :passerelle WHERE id = :id
    [params] => Array
        (
            [0] => :marque
            [1] => :modele
            [2] => :numero_serie
            [3] => :adresse_ip
            [4] => :adresse_mac
            [5] => :masque
            [6] => :passerelle
            [7] => :id
        )

)

--------------------------------------------------------------------------------
[2026-07-27 13:30:49] Mise à jour réussie ID: 450
--------------------------------------------------------------------------------
[2026-07-27 13:30:49] Traitement ID: 451
--------------------------------------------------------------------------------
[2026-07-27 13:30:49] SQL
Array
(
    [sql] => UPDATE materiel SET marque = :marque, modele = :modele, numero_serie = :numero_serie, adresse_ip = :adresse_ip, adresse_mac = :adresse_mac, masque = :masque, passerelle = :passerelle WHERE id = :id
    [params] => Array
        (
            [0] => :marque
            [1] => :modele
            [2] => :numero_serie
            [3] => :adresse_ip
            [4] => :adresse_mac
            [5] => :masque
            [6] => :passerelle
            [7] => :id
        )

)

--------------------------------------------------------------------------------
[2026-07-27 13:30:49] Mise à jour réussie ID: 451
--------------------------------------------------------------------------------
[2026-07-27 13:30:49] Traitement ID: 452
--------------------------------------------------------------------------------
[2026-07-27 13:30:49] SQL
Array
(
    [sql] => UPDATE materiel SET marque = :marque, modele = :modele, numero_serie = :numero_serie, adresse_ip = :adresse_ip, adresse_mac = :adresse_mac, masque = :masque, passerelle = :passerelle WHERE id = :id
    [params] => Array
        (
            [0] => :marque
            [1] => :modele
            [2] => :numero_serie
            [3] => :adresse_ip
            [4] => :adresse_mac
            [5] => :masque
            [6] => :passerelle
            [7] => :id
        )

)

--------------------------------------------------------------------------------
[2026-07-27 13:30:49] Mise à jour réussie ID: 452
--------------------------------------------------------------------------------
[2026-07-27 13:30:49] Traitement ID: 453
--------------------------------------------------------------------------------
[2026-07-27 13:30:49] SQL
Array
(
    [sql] => UPDATE materiel SET marque = :marque, modele = :modele, numero_serie = :numero_serie, adresse_ip = :adresse_ip, adresse_mac = :adresse_mac, masque = :masque, passerelle = :passerelle WHERE id = :id
    [params] => Array
        (
            [0] => :marque
            [1] => :modele
            [2] => :numero_serie
            [3] => :adresse_ip
            [4] => :adresse_mac
            [5] => :masque
            [6] => :passerelle
            [7] => :id
        )

)

--------------------------------------------------------------------------------
[2026-07-27 13:30:49] Mise à jour réussie ID: 453
--------------------------------------------------------------------------------
[2026-07-27 13:30:49] Traitement ID: 454
--------------------------------------------------------------------------------
[2026-07-27 13:30:49] SQL
Array
(
    [sql] => UPDATE materiel SET marque = :marque, modele = :modele, numero_serie = :numero_serie, adresse_ip = :adresse_ip, adresse_mac = :adresse_mac, masque = :masque, passerelle = :passerelle WHERE id = :id
    [params] => Array
        (
            [0] => :marque
            [1] => :modele
            [2] => :numero_serie
            [3] => :adresse_ip
            [4] => :adresse_mac
            [5] => :masque
            [6] => :passerelle
            [7] => :id
        )

)

--------------------------------------------------------------------------------
[2026-07-27 13:30:49] Mise à jour réussie ID: 454
--------------------------------------------------------------------------------
[2026-07-27 13:30:49] Traitement ID: 455
--------------------------------------------------------------------------------
[2026-07-27 13:30:49] SQL
Array
(
    [sql] => UPDATE materiel SET marque = :marque, modele = :modele, numero_serie = :numero_serie, adresse_ip = :adresse_ip, adresse_mac = :adresse_mac, masque = :masque, passerelle = :passerelle WHERE id = :id
    [params] => Array
        (
            [0] => :marque
            [1] => :modele
            [2] => :numero_serie
            [3] => :adresse_ip
            [4] => :adresse_mac
            [5] => :masque
            [6] => :passerelle
            [7] => :id
        )

)

--------------------------------------------------------------------------------
[2026-07-27 13:30:49] Mise à jour réussie ID: 455
--------------------------------------------------------------------------------
[2026-07-27 13:30:49] Traitement ID: 456
--------------------------------------------------------------------------------
[2026-07-27 13:30:49] SQL
Array
(
    [sql] => UPDATE materiel SET marque = :marque, modele = :modele, numero_serie = :numero_serie, adresse_ip = :adresse_ip, adresse_mac = :adresse_mac, masque = :masque, passerelle = :passerelle WHERE id = :id
    [params] => Array
        (
            [0] => :marque
            [1] => :modele
            [2] => :numero_serie
            [3] => :adresse_ip
            [4] => :adresse_mac
            [5] => :masque
            [6] => :passerelle
            [7] => :id
        )

)

--------------------------------------------------------------------------------
[2026-07-27 13:30:49] Mise à jour réussie ID: 456
--------------------------------------------------------------------------------
[2026-07-27 13:30:49] Traitement ID: 457
--------------------------------------------------------------------------------
[2026-07-27 13:30:49] SQL
Array
(
    [sql] => UPDATE materiel SET marque = :marque, modele = :modele, numero_serie = :numero_serie, adresse_ip = :adresse_ip, adresse_mac = :adresse_mac, masque = :masque, passerelle = :passerelle WHERE id = :id
    [params] => Array
        (
            [0] => :marque
            [1] => :modele
            [2] => :numero_serie
            [3] => :adresse_ip
            [4] => :adresse_mac
            [5] => :masque
            [6] => :passerelle
            [7] => :id
        )

)

--------------------------------------------------------------------------------
[2026-07-27 13:30:49] Mise à jour réussie ID: 457
--------------------------------------------------------------------------------
[2026-07-27 13:30:49] Traitement ID: 458
--------------------------------------------------------------------------------
[2026-07-27 13:30:49] SQL
Array
(
    [sql] => UPDATE materiel SET marque = :marque, modele = :modele WHERE id = :id
    [params] => Array
        (
            [0] => :marque
            [1] => :modele
            [2] => :id
        )

)

--------------------------------------------------------------------------------
[2026-07-27 13:30:49] Mise à jour réussie ID: 458
--------------------------------------------------------------------------------
[2026-07-27 13:30:49] Réponse
Array
(
    [status] => success
    [message] => 43 ligne(s) mise(s) à jour
    [updated] => 43
    [total_rows] => 43
    [errors] => Array
        (
        )

)

--------------------------------------------------------------------------------
[2026-07-27 13:30:49] === FIN ===
--------------------------------------------------------------------------------
[2026-07-27 13:30:49] === DÉBUT ===
--------------------------------------------------------------------------------
[2026-07-27 13:30:49] Input reçu
Array
(
    [raw_length] => 25897
    [has_data] => 1
)

--------------------------------------------------------------------------------
[2026-07-27 13:30:49] Connexion BDD OK
--------------------------------------------------------------------------------
[2026-07-27 13:30:49] Traitement ID: 2854
--------------------------------------------------------------------------------
[2026-07-27 13:30:49] SQL
Array
(
    [sql] => UPDATE materiel SET marque = :marque, modele = :modele, type_materiel = :type_materiel, numero_serie = :numero_serie, version_firmware = :version_firmware, adresse_ip = :adresse_ip, adresse_mac = :adresse_mac, usage_materiel = :usage_materiel, masque = :masque, passerelle = :passerelle WHERE id = :id
    [params] => Array
        (
            [0] => :marque
            [1] => :modele
            [2] => :type_materiel
            [3] => :numero_serie
            [4] => :version_firmware
            [5] => :adresse_ip
            [6] => :adresse_mac
            [7] => :usage_materiel
            [8] => :masque
            [9] => :passerelle
            [10] => :id
        )

)

--------------------------------------------------------------------------------
[2026-07-27 13:30:49] Mise à jour réussie ID: 2854
--------------------------------------------------------------------------------
[2026-07-27 13:30:49] Traitement ID: 2855
--------------------------------------------------------------------------------
[2026-07-27 13:30:49] SQL
Array
(
    [sql] => UPDATE materiel SET marque = :marque, modele = :modele, type_materiel = :type_materiel, numero_serie = :numero_serie, version_firmware = :version_firmware, adresse_ip = :adresse_ip, adresse_mac = :adresse_mac, usage_materiel = :usage_materiel, masque = :masque, passerelle = :passerelle, stream_aes67_recu = :stream_aes67_recu WHERE id = :id
    [params] => Array
        (
            [0] => :marque
            [1] => :modele
            [2] => :type_materiel
            [3] => :numero_serie
            [4] => :version_firmware
            [5] => :adresse_ip
            [6] => :adresse_mac
            [7] => :usage_materiel
            [8] => :masque
            [9] => :passerelle
            [10] => :stream_aes67_recu
            [11] => :id
        )

)

--------------------------------------------------------------------------------
[2026-07-27 13:30:49] Mise à jour réussie ID: 2855
--------------------------------------------------------------------------------
[2026-07-27 13:30:49] Traitement ID: 2856
--------------------------------------------------------------------------------
[2026-07-27 13:30:49] SQL
Array
(
    [sql] => UPDATE materiel SET marque = :marque, modele = :modele, type_materiel = :type_materiel, numero_serie = :numero_serie, version_firmware = :version_firmware, adresse_ip = :adresse_ip, adresse_mac = :adresse_mac, usage_materiel = :usage_materiel, masque = :masque, passerelle = :passerelle, stream_aes67_recu = :stream_aes67_recu WHERE id = :id
    [params] => Array
        (
            [0] => :marque
            [1] => :modele
            [2] => :type_materiel
            [3] => :numero_serie
            [4] => :version_firmware
            [5] => :adresse_ip
            [6] => :adresse_mac
            [7] => :usage_materiel
            [8] => :masque
            [9] => :passerelle
            [10] => :stream_aes67_recu
            [11] => :id
        )

)

--------------------------------------------------------------------------------
[2026-07-27 13:30:49] Mise à jour réussie ID: 2856
--------------------------------------------------------------------------------
[2026-07-27 13:30:49] Traitement ID: 2857
--------------------------------------------------------------------------------
[2026-07-27 13:30:49] SQL
Array
(
    [sql] => UPDATE materiel SET marque = :marque, modele = :modele, type_materiel = :type_materiel, numero_serie = :numero_serie, version_firmware = :version_firmware, adresse_ip = :adresse_ip, adresse_mac = :adresse_mac, usage_materiel = :usage_materiel, masque = :masque, passerelle = :passerelle WHERE id = :id
    [params] => Array
        (
            [0] => :marque
            [1] => :modele
            [2] => :type_materiel
            [3] => :numero_serie
            [4] => :version_firmware
            [5] => :adresse_ip
            [6] => :adresse_mac
            [7] => :usage_materiel
            [8] => :masque
            [9] => :passerelle
            [10] => :id
        )

)

--------------------------------------------------------------------------------
[2026-07-27 13:30:49] Mise à jour réussie ID: 2857
--------------------------------------------------------------------------------
[2026-07-27 13:30:49] Traitement ID: 2852
--------------------------------------------------------------------------------
[2026-07-27 13:30:49] SQL
Array
(
    [sql] => UPDATE materiel SET marque = :marque, modele = :modele, type_materiel = :type_materiel, numero_serie = :numero_serie, version_firmware = :version_firmware, adresse_ip = :adresse_ip, adresse_mac = :adresse_mac, usage_materiel = :usage_materiel, masque = :masque, passerelle = :passerelle, stream_aes67_transmis = :stream_aes67_transmis WHERE id = :id
    [params] => Array
        (
            [0] => :marque
            [1] => :modele
            [2] => :type_materiel
            [3] => :numero_serie
            [4] => :version_firmware
            [5] => :adresse_ip
            [6] => :adresse_mac
            [7] => :usage_materiel
            [8] => :masque
            [9] => :passerelle
            [10] => :stream_aes67_transmis
            [11] => :id
        )

)

--------------------------------------------------------------------------------
[2026-07-27 13:30:49] Mise à jour réussie ID: 2852
--------------------------------------------------------------------------------
[2026-07-27 13:30:49] Traitement ID: 2853
--------------------------------------------------------------------------------
[2026-07-27 13:30:49] SQL
Array
(
    [sql] => UPDATE materiel SET marque = :marque, modele = :modele, type_materiel = :type_materiel, numero_serie = :numero_serie, version_firmware = :version_firmware, adresse_ip = :adresse_ip, adresse_mac = :adresse_mac, usage_materiel = :usage_materiel, masque = :masque, passerelle = :passerelle, stream_aes67_transmis = :stream_aes67_transmis WHERE id = :id
    [params] => Array
        (
            [0] => :marque
            [1] => :modele
            [2] => :type_materiel
            [3] => :numero_serie
            [4] => :version_firmware
            [5] => :adresse_ip
            [6] => :adresse_mac
            [7] => :usage_materiel
            [8] => :masque
            [9] => :passerelle
            [10] => :stream_aes67_transmis
            [11] => :id
        )

)

--------------------------------------------------------------------------------
[2026-07-27 13:30:49] Mise à jour réussie ID: 2853
--------------------------------------------------------------------------------
[2026-07-27 13:30:49] Traitement ID: 2830
--------------------------------------------------------------------------------
[2026-07-27 13:30:49] SQL
Array
(
    [sql] => UPDATE materiel SET marque = :marque, modele = :modele, type_materiel = :type_materiel, numero_serie = :numero_serie, adresse_ip = :adresse_ip, adresse_mac = :adresse_mac, usage_materiel = :usage_materiel, masque = :masque, passerelle = :passerelle, commentaire = :commentaire WHERE id = :id
    [params] => Array
        (
            [0] => :marque
            [1] => :modele
            [2] => :type_materiel
            [3] => :numero_serie
            [4] => :adresse_ip
            [5] => :adresse_mac
            [6] => :usage_materiel
            [7] => :masque
            [8] => :passerelle
            [9] => :commentaire
            [10] => :id
        )

)

--------------------------------------------------------------------------------
[2026-07-27 13:30:49] Mise à jour réussie ID: 2830
--------------------------------------------------------------------------------
[2026-07-27 13:30:49] Traitement ID: 2851
--------------------------------------------------------------------------------
[2026-07-27 13:30:49] SQL
Array
(
    [sql] => UPDATE materiel SET marque = :marque, modele = :modele, type_materiel = :type_materiel, numero_serie = :numero_serie, adresse_ip = :adresse_ip, adresse_mac = :adresse_mac, usage_materiel = :usage_materiel, masque = :masque, passerelle = :passerelle, stream_aes67_recu = :stream_aes67_recu, stream_aes67_transmis = :stream_aes67_transmis WHERE id = :id
    [params] => Array
        (
            [0] => :marque
            [1] => :modele
            [2] => :type_materiel
            [3] => :numero_serie
            [4] => :adresse_ip
            [5] => :adresse_mac
            [6] => :usage_materiel
            [7] => :masque
            [8] => :passerelle
            [9] => :stream_aes67_recu
            [10] => :stream_aes67_transmis
            [11] => :id
        )

)

--------------------------------------------------------------------------------
[2026-07-27 13:30:49] Mise à jour réussie ID: 2851
--------------------------------------------------------------------------------
[2026-07-27 13:30:49] Traitement ID: 2861
--------------------------------------------------------------------------------
[2026-07-27 13:30:49] SQL
Array
(
    [sql] => UPDATE materiel SET marque = :marque, modele = :modele, type_materiel = :type_materiel, numero_serie = :numero_serie, version_firmware = :version_firmware, adresse_ip = :adresse_ip, adresse_mac = :adresse_mac, masque = :masque, passerelle = :passerelle, login = :login, password = :password WHERE id = :id
    [params] => Array
        (
            [0] => :marque
            [1] => :modele
            [2] => :type_materiel
            [3] => :numero_serie
            [4] => :version_firmware
            [5] => :adresse_ip
            [6] => :adresse_mac
            [7] => :masque
            [8] => :passerelle
            [9] => :login
            [10] => :password
            [11] => :id
        )

)

--------------------------------------------------------------------------------
[2026-07-27 13:30:49] Mise à jour réussie ID: 2861
--------------------------------------------------------------------------------
[2026-07-27 13:30:49] Traitement ID: 2860
--------------------------------------------------------------------------------
[2026-07-27 13:30:49] SQL
Array
(
    [sql] => UPDATE materiel SET marque = :marque, modele = :modele, type_materiel = :type_materiel, numero_serie = :numero_serie, version_firmware = :version_firmware, adresse_ip = :adresse_ip, adresse_mac = :adresse_mac, usage_materiel = :usage_materiel, masque = :masque, passerelle = :passerelle, login = :login, password = :password WHERE id = :id
    [params] => Array
        (
            [0] => :marque
            [1] => :modele
            [2] => :type_materiel
            [3] => :numero_serie
            [4] => :version_firmware
            [5] => :adresse_ip
            [6] => :adresse_mac
            [7] => :usage_materiel
            [8] => :masque
            [9] => :passerelle
            [10] => :login
            [11] => :password
            [12] => :id
        )

)

--------------------------------------------------------------------------------
[2026-07-27 13:30:49] Mise à jour réussie ID: 2860
--------------------------------------------------------------------------------
[2026-07-27 13:30:49] Traitement ID: 2828
--------------------------------------------------------------------------------
[2026-07-27 13:30:49] SQL
Array
(
    [sql] => UPDATE materiel SET marque = :marque, modele = :modele, type_materiel = :type_materiel, numero_serie = :numero_serie, version_firmware = :version_firmware, adresse_ip = :adresse_ip, adresse_mac = :adresse_mac, usage_materiel = :usage_materiel, masque = :masque, passerelle = :passerelle, login = :login, password = :password WHERE id = :id
    [params] => Array
        (
            [0] => :marque
            [1] => :modele
            [2] => :type_materiel
            [3] => :numero_serie
            [4] => :version_firmware
            [5] => :adresse_ip
            [6] => :adresse_mac
            [7] => :usage_materiel
            [8] => :masque
            [9] => :passerelle
            [10] => :login
            [11] => :password
            [12] => :id
        )

)

--------------------------------------------------------------------------------
[2026-07-27 13:30:49] Mise à jour réussie ID: 2828
--------------------------------------------------------------------------------
[2026-07-27 13:30:49] Traitement ID: 2829
--------------------------------------------------------------------------------
[2026-07-27 13:30:49] SQL
Array
(
    [sql] => UPDATE materiel SET marque = :marque, modele = :modele, type_materiel = :type_materiel, numero_serie = :numero_serie, version_firmware = :version_firmware, adresse_ip = :adresse_ip, adresse_mac = :adresse_mac, usage_materiel = :usage_materiel, ancien_firmware = :ancien_firmware, masque = :masque, passerelle = :passerelle, login = :login, password = :password WHERE id = :id
    [params] => Array
        (
            [0] => :marque
            [1] => :modele
            [2] => :type_materiel
            [3] => :numero_serie
            [4] => :version_firmware
            [5] => :adresse_ip
            [6] => :adresse_mac
            [7] => :usage_materiel
            [8] => :ancien_firmware
            [9] => :masque
            [10] => :passerelle
            [11] => :login
            [12] => :password
            [13] => :id
        )

)

--------------------------------------------------------------------------------
[2026-07-27 13:30:49] Mise à jour réussie ID: 2829
--------------------------------------------------------------------------------
[2026-07-27 13:30:49] Traitement ID: 2862
--------------------------------------------------------------------------------
[2026-07-27 13:30:49] SQL
Array
(
    [sql] => UPDATE materiel SET marque = :marque, modele = :modele, type_materiel = :type_materiel, numero_serie = :numero_serie, version_firmware = :version_firmware, adresse_ip = :adresse_ip, adresse_mac = :adresse_mac, usage_materiel = :usage_materiel, masque = :masque, passerelle = :passerelle, login = :login, password = :password, commentaire = :commentaire WHERE id = :id
    [params] => Array
        (
            [0] => :marque
            [1] => :modele
            [2] => :type_materiel
            [3] => :numero_serie
            [4] => :version_firmware
            [5] => :adresse_ip
            [6] => :adresse_mac
            [7] => :usage_materiel
            [8] => :masque
            [9] => :passerelle
            [10] => :login
            [11] => :password
            [12] => :commentaire
            [13] => :id
        )

)

--------------------------------------------------------------------------------
[2026-07-27 13:30:49] Mise à jour réussie ID: 2862
--------------------------------------------------------------------------------
[2026-07-27 13:30:49] Traitement ID: 2858
--------------------------------------------------------------------------------
[2026-07-27 13:30:49] SQL
Array
(
    [sql] => UPDATE materiel SET marque = :marque, modele = :modele, type_materiel = :type_materiel, numero_serie = :numero_serie, version_firmware = :version_firmware, adresse_ip = :adresse_ip, adresse_mac = :adresse_mac, masque = :masque, passerelle = :passerelle WHERE id = :id
    [params] => Array
        (
            [0] => :marque
            [1] => :modele
            [2] => :type_materiel
            [3] => :numero_serie
            [4] => :version_firmware
            [5] => :adresse_ip
            [6] => :adresse_mac
            [7] => :masque
            [8] => :passerelle
            [9] => :id
        )

)

--------------------------------------------------------------------------------
[2026-07-27 13:30:49] Mise à jour réussie ID: 2858
--------------------------------------------------------------------------------
[2026-07-27 13:30:49] Traitement ID: 2831
--------------------------------------------------------------------------------
[2026-07-27 13:30:49] SQL
Array
(
    [sql] => UPDATE materiel SET marque = :marque, modele = :modele, type_materiel = :type_materiel, numero_serie = :numero_serie, version_firmware = :version_firmware, adresse_ip = :adresse_ip, adresse_mac = :adresse_mac, usage_materiel = :usage_materiel, masque = :masque, passerelle = :passerelle WHERE id = :id
    [params] => Array
        (
            [0] => :marque
            [1] => :modele
            [2] => :type_materiel
            [3] => :numero_serie
            [4] => :version_firmware
            [5] => :adresse_ip
            [6] => :adresse_mac
            [7] => :usage_materiel
            [8] => :masque
            [9] => :passerelle
            [10] => :id
        )

)

--------------------------------------------------------------------------------
[2026-07-27 13:30:49] Mise à jour réussie ID: 2831
--------------------------------------------------------------------------------
[2026-07-27 13:30:49] Traitement ID: 2843
--------------------------------------------------------------------------------
[2026-07-27 13:30:49] SQL
Array
(
    [sql] => UPDATE materiel SET marque = :marque, modele = :modele, type_materiel = :type_materiel, numero_serie = :numero_serie, version_firmware = :version_firmware, adresse_ip = :adresse_ip, adresse_mac = :adresse_mac, usage_materiel = :usage_materiel, ancien_firmware = :ancien_firmware, masque = :masque, passerelle = :passerelle WHERE id = :id
    [params] => Array
        (
            [0] => :marque
            [1] => :modele
            [2] => :type_materiel
            [3] => :numero_serie
            [4] => :version_firmware
            [5] => :adresse_ip
            [6] => :adresse_mac
            [7] => :usage_materiel
            [8] => :ancien_firmware
            [9] => :masque
            [10] => :passerelle
            [11] => :id
        )

)

--------------------------------------------------------------------------------
[2026-07-27 13:30:49] Mise à jour réussie ID: 2843
--------------------------------------------------------------------------------
[2026-07-27 13:30:49] Traitement ID: 2844
--------------------------------------------------------------------------------
[2026-07-27 13:30:49] SQL
Array
(
    [sql] => UPDATE materiel SET marque = :marque, modele = :modele, type_materiel = :type_materiel, version_firmware = :version_firmware, adresse_ip = :adresse_ip, adresse_mac = :adresse_mac, usage_materiel = :usage_materiel, ancien_firmware = :ancien_firmware, masque = :masque, passerelle = :passerelle WHERE id = :id
    [params] => Array
        (
            [0] => :marque
            [1] => :modele
            [2] => :type_materiel
            [3] => :version_firmware
            [4] => :adresse_ip
            [5] => :adresse_mac
            [6] => :usage_materiel
            [7] => :ancien_firmware
            [8] => :masque
            [9] => :passerelle
            [10] => :id
        )

)

--------------------------------------------------------------------------------
[2026-07-27 13:30:49] Mise à jour réussie ID: 2844
--------------------------------------------------------------------------------
[2026-07-27 13:30:49] Traitement ID: 2845
--------------------------------------------------------------------------------
[2026-07-27 13:30:49] SQL
Array
(
    [sql] => UPDATE materiel SET marque = :marque, modele = :modele, type_materiel = :type_materiel, version_firmware = :version_firmware, adresse_ip = :adresse_ip, adresse_mac = :adresse_mac, usage_materiel = :usage_materiel, ancien_firmware = :ancien_firmware, masque = :masque, passerelle = :passerelle WHERE id = :id
    [params] => Array
        (
            [0] => :marque
            [1] => :modele
            [2] => :type_materiel
            [3] => :version_firmware
            [4] => :adresse_ip
            [5] => :adresse_mac
            [6] => :usage_materiel
            [7] => :ancien_firmware
            [8] => :masque
            [9] => :passerelle
            [10] => :id
        )

)

--------------------------------------------------------------------------------
[2026-07-27 13:30:49] Mise à jour réussie ID: 2845
--------------------------------------------------------------------------------
[2026-07-27 13:30:49] Traitement ID: 2850
--------------------------------------------------------------------------------
[2026-07-27 13:30:49] SQL
Array
(
    [sql] => UPDATE materiel SET marque = :marque, modele = :modele, type_materiel = :type_materiel, numero_serie = :numero_serie, version_firmware = :version_firmware, adresse_ip = :adresse_ip, adresse_mac = :adresse_mac, usage_materiel = :usage_materiel, ancien_firmware = :ancien_firmware, masque = :masque, passerelle = :passerelle WHERE id = :id
    [params] => Array
        (
            [0] => :marque
            [1] => :modele
            [2] => :type_materiel
            [3] => :numero_serie
            [4] => :version_firmware
            [5] => :adresse_ip
            [6] => :adresse_mac
            [7] => :usage_materiel
            [8] => :ancien_firmware
            [9] => :masque
            [10] => :passerelle
            [11] => :id
        )

)

--------------------------------------------------------------------------------
[2026-07-27 13:30:49] Mise à jour réussie ID: 2850
--------------------------------------------------------------------------------
[2026-07-27 13:30:49] Traitement ID: 2846
--------------------------------------------------------------------------------
[2026-07-27 13:30:49] SQL
Array
(
    [sql] => UPDATE materiel SET marque = :marque, modele = :modele, type_materiel = :type_materiel, numero_serie = :numero_serie, version_firmware = :version_firmware, adresse_ip = :adresse_ip, adresse_mac = :adresse_mac, usage_materiel = :usage_materiel, ancien_firmware = :ancien_firmware, masque = :masque, passerelle = :passerelle WHERE id = :id
    [params] => Array
        (
            [0] => :marque
            [1] => :modele
            [2] => :type_materiel
            [3] => :numero_serie
            [4] => :version_firmware
            [5] => :adresse_ip
            [6] => :adresse_mac
            [7] => :usage_materiel
            [8] => :ancien_firmware
            [9] => :masque
            [10] => :passerelle
            [11] => :id
        )

)

--------------------------------------------------------------------------------
[2026-07-27 13:30:49] Mise à jour réussie ID: 2846
--------------------------------------------------------------------------------
[2026-07-27 13:30:49] Traitement ID: 2847
--------------------------------------------------------------------------------
[2026-07-27 13:30:49] SQL
Array
(
    [sql] => UPDATE materiel SET marque = :marque, modele = :modele, type_materiel = :type_materiel, numero_serie = :numero_serie, version_firmware = :version_firmware, adresse_ip = :adresse_ip, adresse_mac = :adresse_mac, usage_materiel = :usage_materiel, ancien_firmware = :ancien_firmware, masque = :masque, passerelle = :passerelle WHERE id = :id
    [params] => Array
        (
            [0] => :marque
            [1] => :modele
            [2] => :type_materiel
            [3] => :numero_serie
            [4] => :version_firmware
            [5] => :adresse_ip
            [6] => :adresse_mac
            [7] => :usage_materiel
            [8] => :ancien_firmware
            [9] => :masque
            [10] => :passerelle
            [11] => :id
        )

)

--------------------------------------------------------------------------------
[2026-07-27 13:30:49] Mise à jour réussie ID: 2847
--------------------------------------------------------------------------------
[2026-07-27 13:30:49] Traitement ID: 2848
--------------------------------------------------------------------------------
[2026-07-27 13:30:49] SQL
Array
(
    [sql] => UPDATE materiel SET marque = :marque, modele = :modele, type_materiel = :type_materiel, numero_serie = :numero_serie, version_firmware = :version_firmware, adresse_ip = :adresse_ip, adresse_mac = :adresse_mac, usage_materiel = :usage_materiel, ancien_firmware = :ancien_firmware, masque = :masque, passerelle = :passerelle WHERE id = :id
    [params] => Array
        (
            [0] => :marque
            [1] => :modele
            [2] => :type_materiel
            [3] => :numero_serie
            [4] => :version_firmware
            [5] => :adresse_ip
            [6] => :adresse_mac
            [7] => :usage_materiel
            [8] => :ancien_firmware
            [9] => :masque
            [10] => :passerelle
            [11] => :id
        )

)

--------------------------------------------------------------------------------
[2026-07-27 13:30:49] Mise à jour réussie ID: 2848
--------------------------------------------------------------------------------
[2026-07-27 13:30:49] Traitement ID: 2849
--------------------------------------------------------------------------------
[2026-07-27 13:30:49] SQL
Array
(
    [sql] => UPDATE materiel SET marque = :marque, modele = :modele, type_materiel = :type_materiel, numero_serie = :numero_serie, version_firmware = :version_firmware, adresse_ip = :adresse_ip, adresse_mac = :adresse_mac, usage_materiel = :usage_materiel, ancien_firmware = :ancien_firmware, masque = :masque, passerelle = :passerelle WHERE id = :id
    [params] => Array
        (
            [0] => :marque
            [1] => :modele
            [2] => :type_materiel
            [3] => :numero_serie
            [4] => :version_firmware
            [5] => :adresse_ip
            [6] => :adresse_mac
            [7] => :usage_materiel
            [8] => :ancien_firmware
            [9] => :masque
            [10] => :passerelle
            [11] => :id
        )

)

--------------------------------------------------------------------------------
[2026-07-27 13:30:49] Mise à jour réussie ID: 2849
--------------------------------------------------------------------------------
[2026-07-27 13:30:49] Traitement ID: 2859
--------------------------------------------------------------------------------
[2026-07-27 13:30:49] SQL
Array
(
    [sql] => UPDATE materiel SET marque = :marque, modele = :modele, type_materiel = :type_materiel, numero_serie = :numero_serie, version_firmware = :version_firmware, adresse_ip = :adresse_ip, adresse_mac = :adresse_mac, usage_materiel = :usage_materiel, masque = :masque, passerelle = :passerelle, login = :login, password = :password, ssid = :ssid, type_cryptage = :type_cryptage, password_wifi = :password_wifi WHERE id = :id
    [params] => Array
        (
            [0] => :marque
            [1] => :modele
            [2] => :type_materiel
            [3] => :numero_serie
            [4] => :version_firmware
            [5] => :adresse_ip
            [6] => :adresse_mac
            [7] => :usage_materiel
            [8] => :masque
            [9] => :passerelle
            [10] => :login
            [11] => :password
            [12] => :ssid
            [13] => :type_cryptage
            [14] => :password_wifi
            [15] => :id
        )

)

--------------------------------------------------------------------------------
[2026-07-27 13:30:49] Mise à jour réussie ID: 2859
--------------------------------------------------------------------------------
[2026-07-27 13:30:49] Traitement ID: 2839
--------------------------------------------------------------------------------
[2026-07-27 13:30:49] SQL
Array
(
    [sql] => UPDATE materiel SET marque = :marque, modele = :modele, type_materiel = :type_materiel, numero_serie = :numero_serie, version_firmware = :version_firmware, adresse_ip = :adresse_ip, adresse_mac = :adresse_mac, usage_materiel = :usage_materiel, masque = :masque, passerelle = :passerelle, login = :login, password = :password, ip_primaire = :ip_primaire, mac_primaire = :mac_primaire WHERE id = :id
    [params] => Array
        (
            [0] => :marque
            [1] => :modele
            [2] => :type_materiel
            [3] => :numero_serie
            [4] => :version_firmware
            [5] => :adresse_ip
            [6] => :adresse_mac
            [7] => :usage_materiel
            [8] => :masque
            [9] => :passerelle
            [10] => :login
            [11] => :password
            [12] => :ip_primaire
            [13] => :mac_primaire
            [14] => :id
        )

)

--------------------------------------------------------------------------------
[2026-07-27 13:30:49] Mise à jour réussie ID: 2839
--------------------------------------------------------------------------------
[2026-07-27 13:30:49] Traitement ID: 2840
--------------------------------------------------------------------------------
[2026-07-27 13:30:49] SQL
Array
(
    [sql] => UPDATE materiel SET marque = :marque, modele = :modele, type_materiel = :type_materiel, numero_serie = :numero_serie, version_firmware = :version_firmware, adresse_ip = :adresse_ip, adresse_mac = :adresse_mac, usage_materiel = :usage_materiel, masque = :masque, passerelle = :passerelle WHERE id = :id
    [params] => Array
        (
            [0] => :marque
            [1] => :modele
            [2] => :type_materiel
            [3] => :numero_serie
            [4] => :version_firmware
            [5] => :adresse_ip
            [6] => :adresse_mac
            [7] => :usage_materiel
            [8] => :masque
            [9] => :passerelle
            [10] => :id
        )

)

--------------------------------------------------------------------------------
[2026-07-27 13:30:49] Mise à jour réussie ID: 2840
--------------------------------------------------------------------------------
[2026-07-27 13:30:49] Traitement ID: 2841
--------------------------------------------------------------------------------
[2026-07-27 13:30:49] SQL
Array
(
    [sql] => UPDATE materiel SET marque = :marque, modele = :modele, type_materiel = :type_materiel, numero_serie = :numero_serie, version_firmware = :version_firmware, adresse_ip = :adresse_ip, adresse_mac = :adresse_mac, usage_materiel = :usage_materiel, masque = :masque, passerelle = :passerelle WHERE id = :id
    [params] => Array
        (
            [0] => :marque
            [1] => :modele
            [2] => :type_materiel
            [3] => :numero_serie
            [4] => :version_firmware
            [5] => :adresse_ip
            [6] => :adresse_mac
            [7] => :usage_materiel
            [8] => :masque
            [9] => :passerelle
            [10] => :id
        )

)

--------------------------------------------------------------------------------
[2026-07-27 13:30:49] Mise à jour réussie ID: 2841
--------------------------------------------------------------------------------
[2026-07-27 13:30:49] Traitement ID: 2842
--------------------------------------------------------------------------------
[2026-07-27 13:30:49] SQL
Array
(
    [sql] => UPDATE materiel SET marque = :marque, modele = :modele, type_materiel = :type_materiel, numero_serie = :numero_serie, version_firmware = :version_firmware, adresse_ip = :adresse_ip, adresse_mac = :adresse_mac, usage_materiel = :usage_materiel, masque = :masque, passerelle = :passerelle WHERE id = :id
    [params] => Array
        (
            [0] => :marque
            [1] => :modele
            [2] => :type_materiel
            [3] => :numero_serie
            [4] => :version_firmware
            [5] => :adresse_ip
            [6] => :adresse_mac
            [7] => :usage_materiel
            [8] => :masque
            [9] => :passerelle
            [10] => :id
        )

)

--------------------------------------------------------------------------------
[2026-07-27 13:30:49] Mise à jour réussie ID: 2842
--------------------------------------------------------------------------------
[2026-07-27 13:30:49] Traitement ID: 2832
--------------------------------------------------------------------------------
[2026-07-27 13:30:49] SQL
Array
(
    [sql] => UPDATE materiel SET marque = :marque, modele = :modele, type_materiel = :type_materiel, numero_serie = :numero_serie, version_firmware = :version_firmware, adresse_ip = :adresse_ip, adresse_mac = :adresse_mac, usage_materiel = :usage_materiel, masque = :masque, passerelle = :passerelle, login = :login, password = :password, ip_primaire = :ip_primaire, mac_primaire = :mac_primaire WHERE id = :id
    [params] => Array
        (
            [0] => :marque
            [1] => :modele
            [2] => :type_materiel
            [3] => :numero_serie
            [4] => :version_firmware
            [5] => :adresse_ip
            [6] => :adresse_mac
            [7] => :usage_materiel
            [8] => :masque
            [9] => :passerelle
            [10] => :login
            [11] => :password
            [12] => :ip_primaire
            [13] => :mac_primaire
            [14] => :id
        )

)

--------------------------------------------------------------------------------
[2026-07-27 13:30:49] Mise à jour réussie ID: 2832
--------------------------------------------------------------------------------
[2026-07-27 13:30:49] Traitement ID: 2833
--------------------------------------------------------------------------------
[2026-07-27 13:30:49] SQL
Array
(
    [sql] => UPDATE materiel SET marque = :marque, modele = :modele, type_materiel = :type_materiel, numero_serie = :numero_serie, version_firmware = :version_firmware, adresse_ip = :adresse_ip, adresse_mac = :adresse_mac, usage_materiel = :usage_materiel, masque = :masque, passerelle = :passerelle WHERE id = :id
    [params] => Array
        (
            [0] => :marque
            [1] => :modele
            [2] => :type_materiel
            [3] => :numero_serie
            [4] => :version_firmware
            [5] => :adresse_ip
            [6] => :adresse_mac
            [7] => :usage_materiel
            [8] => :masque
            [9] => :passerelle
            [10] => :id
        )

)

--------------------------------------------------------------------------------
[2026-07-27 13:30:49] Mise à jour réussie ID: 2833
--------------------------------------------------------------------------------
[2026-07-27 13:30:49] Traitement ID: 2834
--------------------------------------------------------------------------------
[2026-07-27 13:30:49] SQL
Array
(
    [sql] => UPDATE materiel SET marque = :marque, modele = :modele, type_materiel = :type_materiel, numero_serie = :numero_serie, version_firmware = :version_firmware, usage_materiel = :usage_materiel WHERE id = :id
    [params] => Array
        (
            [0] => :marque
            [1] => :modele
            [2] => :type_materiel
            [3] => :numero_serie
            [4] => :version_firmware
            [5] => :usage_materiel
            [6] => :id
        )

)

--------------------------------------------------------------------------------
[2026-07-27 13:30:49] Mise à jour réussie ID: 2834
--------------------------------------------------------------------------------
[2026-07-27 13:30:49] Traitement ID: 2835
--------------------------------------------------------------------------------
[2026-07-27 13:30:49] SQL
Array
(
    [sql] => UPDATE materiel SET marque = :marque, modele = :modele, type_materiel = :type_materiel, numero_serie = :numero_serie, version_firmware = :version_firmware, usage_materiel = :usage_materiel WHERE id = :id
    [params] => Array
        (
            [0] => :marque
            [1] => :modele
            [2] => :type_materiel
            [3] => :numero_serie
            [4] => :version_firmware
            [5] => :usage_materiel
            [6] => :id
        )

)

--------------------------------------------------------------------------------
[2026-07-27 13:30:49] Mise à jour réussie ID: 2835
--------------------------------------------------------------------------------
[2026-07-27 13:30:49] Traitement ID: 2836
--------------------------------------------------------------------------------
[2026-07-27 13:30:49] SQL
Array
(
    [sql] => UPDATE materiel SET marque = :marque, modele = :modele, type_materiel = :type_materiel, numero_serie = :numero_serie, version_firmware = :version_firmware, usage_materiel = :usage_materiel WHERE id = :id
    [params] => Array
        (
            [0] => :marque
            [1] => :modele
            [2] => :type_materiel
            [3] => :numero_serie
            [4] => :version_firmware
            [5] => :usage_materiel
            [6] => :id
        )

)

--------------------------------------------------------------------------------
[2026-07-27 13:30:49] Mise à jour réussie ID: 2836
--------------------------------------------------------------------------------
[2026-07-27 13:30:49] Traitement ID: 2837
--------------------------------------------------------------------------------
[2026-07-27 13:30:49] SQL
Array
(
    [sql] => UPDATE materiel SET marque = :marque, modele = :modele, type_materiel = :type_materiel, numero_serie = :numero_serie, version_firmware = :version_firmware, usage_materiel = :usage_materiel WHERE id = :id
    [params] => Array
        (
            [0] => :marque
            [1] => :modele
            [2] => :type_materiel
            [3] => :numero_serie
            [4] => :version_firmware
            [5] => :usage_materiel
            [6] => :id
        )

)

--------------------------------------------------------------------------------
[2026-07-27 13:30:49] Mise à jour réussie ID: 2837
--------------------------------------------------------------------------------
[2026-07-27 13:30:49] Traitement ID: 2838
--------------------------------------------------------------------------------
[2026-07-27 13:30:49] SQL
Array
(
    [sql] => UPDATE materiel SET marque = :marque, modele = :modele, type_materiel = :type_materiel, numero_serie = :numero_serie, version_firmware = :version_firmware, usage_materiel = :usage_materiel WHERE id = :id
    [params] => Array
        (
            [0] => :marque
            [1] => :modele
            [2] => :type_materiel
            [3] => :numero_serie
            [4] => :version_firmware
            [5] => :usage_materiel
            [6] => :id
        )

)

--------------------------------------------------------------------------------
[2026-07-27 13:30:49] Mise à jour réussie ID: 2838
--------------------------------------------------------------------------------
[2026-07-27 13:30:49] Réponse
Array
(
    [status] => success
    [message] => 35 ligne(s) mise(s) à jour
    [updated] => 35
    [total_rows] => 35
    [errors] => Array
        (
        )

)

--------------------------------------------------------------------------------
[2026-07-27 13:30:49] === FIN ===
--------------------------------------------------------------------------------
[2026-07-27 13:30:49] === DÉBUT ===
--------------------------------------------------------------------------------
[2026-07-27 13:30:49] Input reçu
Array
(
    [raw_length] => 24851
    [has_data] => 1
)

--------------------------------------------------------------------------------
[2026-07-27 13:30:49] Connexion BDD OK
--------------------------------------------------------------------------------
[2026-07-27 13:30:49] Traitement ID: 2917
--------------------------------------------------------------------------------
[2026-07-27 13:30:49] SQL
Array
(
    [sql] => UPDATE materiel SET marque = :marque, modele = :modele, type_materiel = :type_materiel, numero_serie = :numero_serie, version_firmware = :version_firmware, adresse_ip = :adresse_ip, adresse_mac = :adresse_mac, usage_materiel = :usage_materiel, masque = :masque, passerelle = :passerelle, login = :login, password = :password WHERE id = :id
    [params] => Array
        (
            [0] => :marque
            [1] => :modele
            [2] => :type_materiel
            [3] => :numero_serie
            [4] => :version_firmware
            [5] => :adresse_ip
            [6] => :adresse_mac
            [7] => :usage_materiel
            [8] => :masque
            [9] => :passerelle
            [10] => :login
            [11] => :password
            [12] => :id
        )

)

--------------------------------------------------------------------------------
[2026-07-27 13:30:49] Mise à jour réussie ID: 2917
--------------------------------------------------------------------------------
[2026-07-27 13:30:49] Traitement ID: 2918
--------------------------------------------------------------------------------
[2026-07-27 13:30:49] SQL
Array
(
    [sql] => UPDATE materiel SET marque = :marque, modele = :modele, type_materiel = :type_materiel, numero_serie = :numero_serie, version_firmware = :version_firmware, adresse_ip = :adresse_ip, adresse_mac = :adresse_mac, usage_materiel = :usage_materiel, masque = :masque, passerelle = :passerelle, login = :login, password = :password WHERE id = :id
    [params] => Array
        (
            [0] => :marque
            [1] => :modele
            [2] => :type_materiel
            [3] => :numero_serie
            [4] => :version_firmware
            [5] => :adresse_ip
            [6] => :adresse_mac
            [7] => :usage_materiel
            [8] => :masque
            [9] => :passerelle
            [10] => :login
            [11] => :password
            [12] => :id
        )

)

--------------------------------------------------------------------------------
[2026-07-27 13:30:49] Mise à jour réussie ID: 2918
--------------------------------------------------------------------------------
[2026-07-27 13:30:49] Traitement ID: 2919
--------------------------------------------------------------------------------
[2026-07-27 13:30:49] SQL
Array
(
    [sql] => UPDATE materiel SET marque = :marque, modele = :modele, type_materiel = :type_materiel, numero_serie = :numero_serie, version_firmware = :version_firmware, adresse_ip = :adresse_ip, adresse_mac = :adresse_mac, usage_materiel = :usage_materiel, masque = :masque, passerelle = :passerelle, login = :login, password = :password WHERE id = :id
    [params] => Array
        (
            [0] => :marque
            [1] => :modele
            [2] => :type_materiel
            [3] => :numero_serie
            [4] => :version_firmware
            [5] => :adresse_ip
            [6] => :adresse_mac
            [7] => :usage_materiel
            [8] => :masque
            [9] => :passerelle
            [10] => :login
            [11] => :password
            [12] => :id
        )

)

--------------------------------------------------------------------------------
[2026-07-27 13:30:49] Mise à jour réussie ID: 2919
--------------------------------------------------------------------------------
[2026-07-27 13:30:49] Traitement ID: 2920
--------------------------------------------------------------------------------
[2026-07-27 13:30:49] SQL
Array
(
    [sql] => UPDATE materiel SET marque = :marque, modele = :modele, type_materiel = :type_materiel, numero_serie = :numero_serie, version_firmware = :version_firmware, adresse_ip = :adresse_ip, adresse_mac = :adresse_mac, usage_materiel = :usage_materiel, masque = :masque, passerelle = :passerelle, login = :login, password = :password, stream_aes67_recu = :stream_aes67_recu WHERE id = :id
    [params] => Array
        (
            [0] => :marque
            [1] => :modele
            [2] => :type_materiel
            [3] => :numero_serie
            [4] => :version_firmware
            [5] => :adresse_ip
            [6] => :adresse_mac
            [7] => :usage_materiel
            [8] => :masque
            [9] => :passerelle
            [10] => :login
            [11] => :password
            [12] => :stream_aes67_recu
            [13] => :id
        )

)

--------------------------------------------------------------------------------
[2026-07-27 13:30:49] Mise à jour réussie ID: 2920
--------------------------------------------------------------------------------
[2026-07-27 13:30:49] Traitement ID: 2921
--------------------------------------------------------------------------------
[2026-07-27 13:30:49] SQL
Array
(
    [sql] => UPDATE materiel SET marque = :marque, modele = :modele, type_materiel = :type_materiel, numero_serie = :numero_serie, version_firmware = :version_firmware, adresse_ip = :adresse_ip, adresse_mac = :adresse_mac, usage_materiel = :usage_materiel, masque = :masque, passerelle = :passerelle, login = :login, password = :password, stream_aes67_recu = :stream_aes67_recu WHERE id = :id
    [params] => Array
        (
            [0] => :marque
            [1] => :modele
            [2] => :type_materiel
            [3] => :numero_serie
            [4] => :version_firmware
            [5] => :adresse_ip
            [6] => :adresse_mac
            [7] => :usage_materiel
            [8] => :masque
            [9] => :passerelle
            [10] => :login
            [11] => :password
            [12] => :stream_aes67_recu
            [13] => :id
        )

)

--------------------------------------------------------------------------------
[2026-07-27 13:30:49] Mise à jour réussie ID: 2921
--------------------------------------------------------------------------------
[2026-07-27 13:30:49] Traitement ID: 2922
--------------------------------------------------------------------------------
[2026-07-27 13:30:49] SQL
Array
(
    [sql] => UPDATE materiel SET marque = :marque, modele = :modele, type_materiel = :type_materiel, numero_serie = :numero_serie, version_firmware = :version_firmware, adresse_ip = :adresse_ip, adresse_mac = :adresse_mac, usage_materiel = :usage_materiel, masque = :masque, passerelle = :passerelle, login = :login, password = :password WHERE id = :id
    [params] => Array
        (
            [0] => :marque
            [1] => :modele
            [2] => :type_materiel
            [3] => :numero_serie
            [4] => :version_firmware
            [5] => :adresse_ip
            [6] => :adresse_mac
            [7] => :usage_materiel
            [8] => :masque
            [9] => :passerelle
            [10] => :login
            [11] => :password
            [12] => :id
        )

)

--------------------------------------------------------------------------------
[2026-07-27 13:30:49] Mise à jour réussie ID: 2922
--------------------------------------------------------------------------------
[2026-07-27 13:30:49] Traitement ID: 2915
--------------------------------------------------------------------------------
[2026-07-27 13:30:49] SQL
Array
(
    [sql] => UPDATE materiel SET marque = :marque, modele = :modele, type_materiel = :type_materiel, numero_serie = :numero_serie, version_firmware = :version_firmware, adresse_ip = :adresse_ip, adresse_mac = :adresse_mac, usage_materiel = :usage_materiel, masque = :masque, passerelle = :passerelle, login = :login, password = :password, stream_aes67_transmis = :stream_aes67_transmis WHERE id = :id
    [params] => Array
        (
            [0] => :marque
            [1] => :modele
            [2] => :type_materiel
            [3] => :numero_serie
            [4] => :version_firmware
            [5] => :adresse_ip
            [6] => :adresse_mac
            [7] => :usage_materiel
            [8] => :masque
            [9] => :passerelle
            [10] => :login
            [11] => :password
            [12] => :stream_aes67_transmis
            [13] => :id
        )

)

--------------------------------------------------------------------------------
[2026-07-27 13:30:49] Mise à jour réussie ID: 2915
--------------------------------------------------------------------------------
[2026-07-27 13:30:49] Traitement ID: 2916
--------------------------------------------------------------------------------
[2026-07-27 13:30:49] SQL
Array
(
    [sql] => UPDATE materiel SET marque = :marque, modele = :modele, type_materiel = :type_materiel, numero_serie = :numero_serie, version_firmware = :version_firmware, adresse_ip = :adresse_ip, adresse_mac = :adresse_mac, usage_materiel = :usage_materiel, masque = :masque, passerelle = :passerelle, login = :login, password = :password, stream_aes67_transmis = :stream_aes67_transmis WHERE id = :id
    [params] => Array
        (
            [0] => :marque
            [1] => :modele
            [2] => :type_materiel
            [3] => :numero_serie
            [4] => :version_firmware
            [5] => :adresse_ip
            [6] => :adresse_mac
            [7] => :usage_materiel
            [8] => :masque
            [9] => :passerelle
            [10] => :login
            [11] => :password
            [12] => :stream_aes67_transmis
            [13] => :id
        )

)

--------------------------------------------------------------------------------
[2026-07-27 13:30:49] Mise à jour réussie ID: 2916
--------------------------------------------------------------------------------
[2026-07-27 13:30:49] Traitement ID: 2899
--------------------------------------------------------------------------------
[2026-07-27 13:30:49] SQL
Array
(
    [sql] => UPDATE materiel SET marque = :marque, modele = :modele, type_materiel = :type_materiel, numero_serie = :numero_serie, adresse_ip = :adresse_ip, usage_materiel = :usage_materiel, masque = :masque, passerelle = :passerelle WHERE id = :id
    [params] => Array
        (
            [0] => :marque
            [1] => :modele
            [2] => :type_materiel
            [3] => :numero_serie
            [4] => :adresse_ip
            [5] => :usage_materiel
            [6] => :masque
            [7] => :passerelle
            [8] => :id
        )

)

--------------------------------------------------------------------------------
[2026-07-27 13:30:49] Mise à jour réussie ID: 2899
--------------------------------------------------------------------------------
[2026-07-27 13:30:49] Traitement ID: 2926
--------------------------------------------------------------------------------
[2026-07-27 13:30:49] SQL
Array
(
    [sql] => UPDATE materiel SET marque = :marque, modele = :modele, type_materiel = :type_materiel WHERE id = :id
    [params] => Array
        (
            [0] => :marque
            [1] => :modele
            [2] => :type_materiel
            [3] => :id
        )

)

--------------------------------------------------------------------------------
[2026-07-27 13:30:49] Mise à jour réussie ID: 2926
--------------------------------------------------------------------------------
[2026-07-27 13:30:49] Traitement ID: 2925
--------------------------------------------------------------------------------
[2026-07-27 13:30:49] SQL
Array
(
    [sql] => UPDATE materiel SET marque = :marque, modele = :modele, type_materiel = :type_materiel WHERE id = :id
    [params] => Array
        (
            [0] => :marque
            [1] => :modele
            [2] => :type_materiel
            [3] => :id
        )

)

--------------------------------------------------------------------------------
[2026-07-27 13:30:49] Mise à jour réussie ID: 2925
--------------------------------------------------------------------------------
[2026-07-27 13:30:49] Traitement ID: 2924
--------------------------------------------------------------------------------
[2026-07-27 13:30:49] SQL
Array
(
    [sql] => UPDATE materiel SET marque = :marque, modele = :modele, type_materiel = :type_materiel, adresse_ip = :adresse_ip, adresse_mac = :adresse_mac, usage_materiel = :usage_materiel, masque = :masque, passerelle = :passerelle, stream_aes67_recu = :stream_aes67_recu, stream_aes67_transmis = :stream_aes67_transmis WHERE id = :id
    [params] => Array
        (
            [0] => :marque
            [1] => :modele
            [2] => :type_materiel
            [3] => :adresse_ip
            [4] => :adresse_mac
            [5] => :usage_materiel
            [6] => :masque
            [7] => :passerelle
            [8] => :stream_aes67_recu
            [9] => :stream_aes67_transmis
            [10] => :id
        )

)

--------------------------------------------------------------------------------
[2026-07-27 13:30:49] Mise à jour réussie ID: 2924
--------------------------------------------------------------------------------
[2026-07-27 13:30:49] Traitement ID: 2910
--------------------------------------------------------------------------------
[2026-07-27 13:30:49] SQL
Array
(
    [sql] => UPDATE materiel SET marque = :marque, modele = :modele, type_materiel = :type_materiel, adresse_ip = :adresse_ip, adresse_mac = :adresse_mac, usage_materiel = :usage_materiel, masque = :masque, passerelle = :passerelle WHERE id = :id
    [params] => Array
        (
            [0] => :marque
            [1] => :modele
            [2] => :type_materiel
            [3] => :adresse_ip
            [4] => :adresse_mac
            [5] => :usage_materiel
            [6] => :masque
            [7] => :passerelle
            [8] => :id
        )

)

--------------------------------------------------------------------------------
[2026-07-27 13:30:49] Mise à jour réussie ID: 2910
--------------------------------------------------------------------------------
[2026-07-27 13:30:49] Traitement ID: 2930
--------------------------------------------------------------------------------
[2026-07-27 13:30:49] SQL
Array
(
    [sql] => UPDATE materiel SET marque = :marque, modele = :modele, type_materiel = :type_materiel, numero_serie = :numero_serie, version_firmware = :version_firmware, adresse_ip = :adresse_ip, adresse_mac = :adresse_mac, usage_materiel = :usage_materiel, masque = :masque, passerelle = :passerelle, login = :login, password = :password, numero_port_switch = :numero_port_switch, commentaire = :commentaire WHERE id = :id
    [params] => Array
        (
            [0] => :marque
            [1] => :modele
            [2] => :type_materiel
            [3] => :numero_serie
            [4] => :version_firmware
            [5] => :adresse_ip
            [6] => :adresse_mac
            [7] => :usage_materiel
            [8] => :masque
            [9] => :passerelle
            [10] => :login
            [11] => :password
            [12] => :numero_port_switch
            [13] => :commentaire
            [14] => :id
        )

)

--------------------------------------------------------------------------------
[2026-07-27 13:30:49] Mise à jour réussie ID: 2930
--------------------------------------------------------------------------------
[2026-07-27 13:30:49] Traitement ID: 2929
--------------------------------------------------------------------------------
[2026-07-27 13:30:49] SQL
Array
(
    [sql] => UPDATE materiel SET marque = :marque, modele = :modele, type_materiel = :type_materiel, numero_serie = :numero_serie, version_firmware = :version_firmware, adresse_ip = :adresse_ip, adresse_mac = :adresse_mac, usage_materiel = :usage_materiel, masque = :masque, login = :login, password = :password, numero_port_switch = :numero_port_switch WHERE id = :id
    [params] => Array
        (
            [0] => :marque
            [1] => :modele
            [2] => :type_materiel
            [3] => :numero_serie
            [4] => :version_firmware
            [5] => :adresse_ip
            [6] => :adresse_mac
            [7] => :usage_materiel
            [8] => :masque
            [9] => :login
            [10] => :password
            [11] => :numero_port_switch
            [12] => :id
        )

)

--------------------------------------------------------------------------------
[2026-07-27 13:30:49] Mise à jour réussie ID: 2929
--------------------------------------------------------------------------------
[2026-07-27 13:30:49] Traitement ID: 2898
--------------------------------------------------------------------------------
[2026-07-27 13:30:49] SQL
Array
(
    [sql] => UPDATE materiel SET marque = :marque, modele = :modele, type_materiel = :type_materiel, numero_serie = :numero_serie, version_firmware = :version_firmware, adresse_ip = :adresse_ip, adresse_mac = :adresse_mac, usage_materiel = :usage_materiel, ancien_firmware = :ancien_firmware, masque = :masque, passerelle = :passerelle, login = :login, password = :password, numero_port_switch = :numero_port_switch WHERE id = :id
    [params] => Array
        (
            [0] => :marque
            [1] => :modele
            [2] => :type_materiel
            [3] => :numero_serie
            [4] => :version_firmware
            [5] => :adresse_ip
            [6] => :adresse_mac
            [7] => :usage_materiel
            [8] => :ancien_firmware
            [9] => :masque
            [10] => :passerelle
            [11] => :login
            [12] => :password
            [13] => :numero_port_switch
            [14] => :id
        )

)

--------------------------------------------------------------------------------
[2026-07-27 13:30:49] Mise à jour réussie ID: 2898
--------------------------------------------------------------------------------
[2026-07-27 13:30:49] Traitement ID: 2897
--------------------------------------------------------------------------------
[2026-07-27 13:30:49] SQL
Array
(
    [sql] => UPDATE materiel SET marque = :marque, modele = :modele, type_materiel = :type_materiel, numero_serie = :numero_serie, version_firmware = :version_firmware, adresse_ip = :adresse_ip, adresse_mac = :adresse_mac, usage_materiel = :usage_materiel, ancien_firmware = :ancien_firmware, masque = :masque, passerelle = :passerelle, login = :login, password = :password, numero_port_switch = :numero_port_switch, commentaire = :commentaire WHERE id = :id
    [params] => Array
        (
            [0] => :marque
            [1] => :modele
            [2] => :type_materiel
            [3] => :numero_serie
            [4] => :version_firmware
            [5] => :adresse_ip
            [6] => :adresse_mac
            [7] => :usage_materiel
            [8] => :ancien_firmware
            [9] => :masque
            [10] => :passerelle
            [11] => :login
            [12] => :password
            [13] => :numero_port_switch
            [14] => :commentaire
            [15] => :id
        )

)

--------------------------------------------------------------------------------
[2026-07-27 13:30:49] Mise à jour réussie ID: 2897
--------------------------------------------------------------------------------
[2026-07-27 13:30:49] Traitement ID: 2923
--------------------------------------------------------------------------------
[2026-07-27 13:30:49] SQL
Array
(
    [sql] => UPDATE materiel SET marque = :marque, modele = :modele, type_materiel = :type_materiel, numero_serie = :numero_serie, adresse_ip = :adresse_ip, masque = :masque, passerelle = :passerelle, login = :login, password = :password WHERE id = :id
    [params] => Array
        (
            [0] => :marque
            [1] => :modele
            [2] => :type_materiel
            [3] => :numero_serie
            [4] => :adresse_ip
            [5] => :masque
            [6] => :passerelle
            [7] => :login
            [8] => :password
            [9] => :id
        )

)

--------------------------------------------------------------------------------
[2026-07-27 13:30:49] Mise à jour réussie ID: 2923
--------------------------------------------------------------------------------
[2026-07-27 13:30:49] Traitement ID: 2927
--------------------------------------------------------------------------------
[2026-07-27 13:30:49] SQL
Array
(
    [sql] => UPDATE materiel SET marque = :marque, modele = :modele, type_materiel = :type_materiel, numero_serie = :numero_serie, version_firmware = :version_firmware, adresse_ip = :adresse_ip, adresse_mac = :adresse_mac, usage_materiel = :usage_materiel, masque = :masque, passerelle = :passerelle, numero_port_switch = :numero_port_switch WHERE id = :id
    [params] => Array
        (
            [0] => :marque
            [1] => :modele
            [2] => :type_materiel
            [3] => :numero_serie
            [4] => :version_firmware
            [5] => :adresse_ip
            [6] => :adresse_mac
            [7] => :usage_materiel
            [8] => :masque
            [9] => :passerelle
            [10] => :numero_port_switch
            [11] => :id
        )

)

--------------------------------------------------------------------------------
[2026-07-27 13:30:49] Mise à jour réussie ID: 2927
--------------------------------------------------------------------------------
[2026-07-27 13:30:49] Traitement ID: 2914
--------------------------------------------------------------------------------
[2026-07-27 13:30:49] SQL
Array
(
    [sql] => UPDATE materiel SET marque = :marque, modele = :modele, type_materiel = :type_materiel, adresse_ip = :adresse_ip, adresse_mac = :adresse_mac, usage_materiel = :usage_materiel, masque = :masque, passerelle = :passerelle, login = :login, password = :password WHERE id = :id
    [params] => Array
        (
            [0] => :marque
            [1] => :modele
            [2] => :type_materiel
            [3] => :adresse_ip
            [4] => :adresse_mac
            [5] => :usage_materiel
            [6] => :masque
            [7] => :passerelle
            [8] => :login
            [9] => :password
            [10] => :id
        )

)

--------------------------------------------------------------------------------
[2026-07-27 13:30:49] Mise à jour réussie ID: 2914
--------------------------------------------------------------------------------
[2026-07-27 13:30:49] Traitement ID: 2913
--------------------------------------------------------------------------------
[2026-07-27 13:30:49] SQL
Array
(
    [sql] => UPDATE materiel SET marque = :marque, modele = :modele, type_materiel = :type_materiel, numero_serie = :numero_serie, adresse_ip = :adresse_ip, adresse_mac = :adresse_mac, usage_materiel = :usage_materiel, masque = :masque, passerelle = :passerelle WHERE id = :id
    [params] => Array
        (
            [0] => :marque
            [1] => :modele
            [2] => :type_materiel
            [3] => :numero_serie
            [4] => :adresse_ip
            [5] => :adresse_mac
            [6] => :usage_materiel
            [7] => :masque
            [8] => :passerelle
            [9] => :id
        )

)

--------------------------------------------------------------------------------
[2026-07-27 13:30:49] Mise à jour réussie ID: 2913
--------------------------------------------------------------------------------
[2026-07-27 13:30:49] Traitement ID: 2911
--------------------------------------------------------------------------------
[2026-07-27 13:30:49] SQL
Array
(
    [sql] => UPDATE materiel SET marque = :marque, modele = :modele, type_materiel = :type_materiel, numero_serie = :numero_serie, version_firmware = :version_firmware, adresse_ip = :adresse_ip, adresse_mac = :adresse_mac, usage_materiel = :usage_materiel, masque = :masque, passerelle = :passerelle, login = :login, password = :password WHERE id = :id
    [params] => Array
        (
            [0] => :marque
            [1] => :modele
            [2] => :type_materiel
            [3] => :numero_serie
            [4] => :version_firmware
            [5] => :adresse_ip
            [6] => :adresse_mac
            [7] => :usage_materiel
            [8] => :masque
            [9] => :passerelle
            [10] => :login
            [11] => :password
            [12] => :id
        )

)

--------------------------------------------------------------------------------
[2026-07-27 13:30:49] Mise à jour réussie ID: 2911
--------------------------------------------------------------------------------
[2026-07-27 13:30:49] Traitement ID: 2912
--------------------------------------------------------------------------------
[2026-07-27 13:30:49] SQL
Array
(
    [sql] => UPDATE materiel SET marque = :marque, modele = :modele, type_materiel = :type_materiel, numero_serie = :numero_serie, version_firmware = :version_firmware, adresse_ip = :adresse_ip, adresse_mac = :adresse_mac, usage_materiel = :usage_materiel, masque = :masque, passerelle = :passerelle, login = :login, password = :password WHERE id = :id
    [params] => Array
        (
            [0] => :marque
            [1] => :modele
            [2] => :type_materiel
            [3] => :numero_serie
            [4] => :version_firmware
            [5] => :adresse_ip
            [6] => :adresse_mac
            [7] => :usage_materiel
            [8] => :masque
            [9] => :passerelle
            [10] => :login
            [11] => :password
            [12] => :id
        )

)

--------------------------------------------------------------------------------
[2026-07-27 13:30:49] Mise à jour réussie ID: 2912
--------------------------------------------------------------------------------
[2026-07-27 13:30:49] Traitement ID: 2900
--------------------------------------------------------------------------------
[2026-07-27 13:30:49] SQL
Array
(
    [sql] => UPDATE materiel SET marque = :marque, modele = :modele, type_materiel = :type_materiel, numero_serie = :numero_serie, version_firmware = :version_firmware, adresse_ip = :adresse_ip, adresse_mac = :adresse_mac, usage_materiel = :usage_materiel, masque = :masque, passerelle = :passerelle, login = :login, password = :password WHERE id = :id
    [params] => Array
        (
            [0] => :marque
            [1] => :modele
            [2] => :type_materiel
            [3] => :numero_serie
            [4] => :version_firmware
            [5] => :adresse_ip
            [6] => :adresse_mac
            [7] => :usage_materiel
            [8] => :masque
            [9] => :passerelle
            [10] => :login
            [11] => :password
            [12] => :id
        )

)

--------------------------------------------------------------------------------
[2026-07-27 13:30:49] Mise à jour réussie ID: 2900
--------------------------------------------------------------------------------
[2026-07-27 13:30:49] Traitement ID: 2909
--------------------------------------------------------------------------------
[2026-07-27 13:30:49] SQL
Array
(
    [sql] => UPDATE materiel SET marque = :marque, modele = :modele, type_materiel = :type_materiel, numero_serie = :numero_serie, usage_materiel = :usage_materiel WHERE id = :id
    [params] => Array
        (
            [0] => :marque
            [1] => :modele
            [2] => :type_materiel
            [3] => :numero_serie
            [4] => :usage_materiel
            [5] => :id
        )

)

--------------------------------------------------------------------------------
[2026-07-27 13:30:49] Mise à jour réussie ID: 2909
--------------------------------------------------------------------------------
[2026-07-27 13:30:49] Traitement ID: 2928
--------------------------------------------------------------------------------
[2026-07-27 13:30:49] SQL
Array
(
    [sql] => UPDATE materiel SET marque = :marque, modele = :modele, type_materiel = :type_materiel, numero_serie = :numero_serie, version_firmware = :version_firmware, adresse_ip = :adresse_ip, adresse_mac = :adresse_mac, usage_materiel = :usage_materiel, masque = :masque, passerelle = :passerelle, login = :login, password = :password, ssid = :ssid, password_wifi = :password_wifi, numero_port_switch = :numero_port_switch WHERE id = :id
    [params] => Array
        (
            [0] => :marque
            [1] => :modele
            [2] => :type_materiel
            [3] => :numero_serie
            [4] => :version_firmware
            [5] => :adresse_ip
            [6] => :adresse_mac
            [7] => :usage_materiel
            [8] => :masque
            [9] => :passerelle
            [10] => :login
            [11] => :password
            [12] => :ssid
            [13] => :password_wifi
            [14] => :numero_port_switch
            [15] => :id
        )

)

--------------------------------------------------------------------------------
[2026-07-27 13:30:49] Mise à jour réussie ID: 2928
--------------------------------------------------------------------------------
[2026-07-27 13:30:49] Traitement ID: 2901
--------------------------------------------------------------------------------
[2026-07-27 13:30:49] SQL
Array
(
    [sql] => UPDATE materiel SET marque = :marque, modele = :modele, type_materiel = :type_materiel, numero_serie = :numero_serie, version_firmware = :version_firmware, adresse_ip = :adresse_ip, adresse_mac = :adresse_mac, usage_materiel = :usage_materiel, masque = :masque, passerelle = :passerelle, ip_primaire = :ip_primaire, mac_primaire = :mac_primaire WHERE id = :id
    [params] => Array
        (
            [0] => :marque
            [1] => :modele
            [2] => :type_materiel
            [3] => :numero_serie
            [4] => :version_firmware
            [5] => :adresse_ip
            [6] => :adresse_mac
            [7] => :usage_materiel
            [8] => :masque
            [9] => :passerelle
            [10] => :ip_primaire
            [11] => :mac_primaire
            [12] => :id
        )

)

--------------------------------------------------------------------------------
[2026-07-27 13:30:49] Mise à jour réussie ID: 2901
--------------------------------------------------------------------------------
[2026-07-27 13:30:49] Traitement ID: 2902
--------------------------------------------------------------------------------
[2026-07-27 13:30:49] SQL
Array
(
    [sql] => UPDATE materiel SET marque = :marque, modele = :modele, type_materiel = :type_materiel, numero_serie = :numero_serie, version_firmware = :version_firmware, adresse_ip = :adresse_ip, adresse_mac = :adresse_mac, usage_materiel = :usage_materiel, masque = :masque, passerelle = :passerelle, login = :login, password = :password, ip_primaire = :ip_primaire, mac_primaire = :mac_primaire WHERE id = :id
    [params] => Array
        (
            [0] => :marque
            [1] => :modele
            [2] => :type_materiel
            [3] => :numero_serie
            [4] => :version_firmware
            [5] => :adresse_ip
            [6] => :adresse_mac
            [7] => :usage_materiel
            [8] => :masque
            [9] => :passerelle
            [10] => :login
            [11] => :password
            [12] => :ip_primaire
            [13] => :mac_primaire
            [14] => :id
        )

)

--------------------------------------------------------------------------------
[2026-07-27 13:30:49] Mise à jour réussie ID: 2902
--------------------------------------------------------------------------------
[2026-07-27 13:30:49] Traitement ID: 2903
--------------------------------------------------------------------------------
[2026-07-27 13:30:49] SQL
Array
(
    [sql] => UPDATE materiel SET marque = :marque, modele = :modele, type_materiel = :type_materiel, numero_serie = :numero_serie, version_firmware = :version_firmware, adresse_ip = :adresse_ip, adresse_mac = :adresse_mac, usage_materiel = :usage_materiel, masque = :masque, passerelle = :passerelle WHERE id = :id
    [params] => Array
        (
            [0] => :marque
            [1] => :modele
            [2] => :type_materiel
            [3] => :numero_serie
            [4] => :version_firmware
            [5] => :adresse_ip
            [6] => :adresse_mac
            [7] => :usage_materiel
            [8] => :masque
            [9] => :passerelle
            [10] => :id
        )

)

--------------------------------------------------------------------------------
[2026-07-27 13:30:49] Mise à jour réussie ID: 2903
--------------------------------------------------------------------------------
[2026-07-27 13:30:49] Traitement ID: 2904
--------------------------------------------------------------------------------
[2026-07-27 13:30:49] SQL
Array
(
    [sql] => UPDATE materiel SET marque = :marque, modele = :modele, type_materiel = :type_materiel, numero_serie = :numero_serie, version_firmware = :version_firmware, usage_materiel = :usage_materiel WHERE id = :id
    [params] => Array
        (
            [0] => :marque
            [1] => :modele
            [2] => :type_materiel
            [3] => :numero_serie
            [4] => :version_firmware
            [5] => :usage_materiel
            [6] => :id
        )

)

--------------------------------------------------------------------------------
[2026-07-27 13:30:49] Mise à jour réussie ID: 2904
--------------------------------------------------------------------------------
[2026-07-27 13:30:49] Traitement ID: 2905
--------------------------------------------------------------------------------
[2026-07-27 13:30:49] SQL
Array
(
    [sql] => UPDATE materiel SET marque = :marque, modele = :modele, type_materiel = :type_materiel, numero_serie = :numero_serie, version_firmware = :version_firmware, usage_materiel = :usage_materiel WHERE id = :id
    [params] => Array
        (
            [0] => :marque
            [1] => :modele
            [2] => :type_materiel
            [3] => :numero_serie
            [4] => :version_firmware
            [5] => :usage_materiel
            [6] => :id
        )

)

--------------------------------------------------------------------------------
[2026-07-27 13:30:49] Mise à jour réussie ID: 2905
--------------------------------------------------------------------------------
[2026-07-27 13:30:49] Traitement ID: 2906
--------------------------------------------------------------------------------
[2026-07-27 13:30:49] SQL
Array
(
    [sql] => UPDATE materiel SET marque = :marque, modele = :modele, type_materiel = :type_materiel, numero_serie = :numero_serie, version_firmware = :version_firmware, usage_materiel = :usage_materiel WHERE id = :id
    [params] => Array
        (
            [0] => :marque
            [1] => :modele
            [2] => :type_materiel
            [3] => :numero_serie
            [4] => :version_firmware
            [5] => :usage_materiel
            [6] => :id
        )

)

--------------------------------------------------------------------------------
[2026-07-27 13:30:49] Mise à jour réussie ID: 2906
--------------------------------------------------------------------------------
[2026-07-27 13:30:49] Traitement ID: 2907
--------------------------------------------------------------------------------
[2026-07-27 13:30:49] SQL
Array
(
    [sql] => UPDATE materiel SET marque = :marque, modele = :modele, type_materiel = :type_materiel, numero_serie = :numero_serie, version_firmware = :version_firmware, usage_materiel = :usage_materiel WHERE id = :id
    [params] => Array
        (
            [0] => :marque
            [1] => :modele
            [2] => :type_materiel
            [3] => :numero_serie
            [4] => :version_firmware
            [5] => :usage_materiel
            [6] => :id
        )

)

--------------------------------------------------------------------------------
[2026-07-27 13:30:49] Mise à jour réussie ID: 2907
--------------------------------------------------------------------------------
[2026-07-27 13:30:49] Traitement ID: 2908
--------------------------------------------------------------------------------
[2026-07-27 13:30:49] SQL
Array
(
    [sql] => UPDATE materiel SET marque = :marque, modele = :modele, type_materiel = :type_materiel, numero_serie = :numero_serie, version_firmware = :version_firmware, usage_materiel = :usage_materiel WHERE id = :id
    [params] => Array
        (
            [0] => :marque
            [1] => :modele
            [2] => :type_materiel
            [3] => :numero_serie
            [4] => :version_firmware
            [5] => :usage_materiel
            [6] => :id
        )

)

--------------------------------------------------------------------------------
[2026-07-27 13:30:49] Mise à jour réussie ID: 2908
--------------------------------------------------------------------------------
[2026-07-27 13:30:49] Réponse
Array
(
    [status] => success
    [message] => 34 ligne(s) mise(s) à jour
    [updated] => 34
    [total_rows] => 34
    [errors] => Array
        (
        )

)

--------------------------------------------------------------------------------
[2026-07-27 13:30:49] === FIN ===
--------------------------------------------------------------------------------
[2026-07-27 13:30:49] === DÉBUT ===
--------------------------------------------------------------------------------
[2026-07-27 13:30:49] Input reçu
Array
(
    [raw_length] => 24600
    [has_data] => 1
)

--------------------------------------------------------------------------------
[2026-07-27 13:30:49] Connexion BDD OK
--------------------------------------------------------------------------------
[2026-07-27 13:30:49] Traitement ID: 2885
--------------------------------------------------------------------------------
[2026-07-27 13:30:49] SQL
Array
(
    [sql] => UPDATE materiel SET marque = :marque, modele = :modele, type_materiel = :type_materiel, numero_serie = :numero_serie, version_firmware = :version_firmware, adresse_ip = :adresse_ip, adresse_mac = :adresse_mac, usage_materiel = :usage_materiel, masque = :masque, passerelle = :passerelle, login = :login, password = :password WHERE id = :id
    [params] => Array
        (
            [0] => :marque
            [1] => :modele
            [2] => :type_materiel
            [3] => :numero_serie
            [4] => :version_firmware
            [5] => :adresse_ip
            [6] => :adresse_mac
            [7] => :usage_materiel
            [8] => :masque
            [9] => :passerelle
            [10] => :login
            [11] => :password
            [12] => :id
        )

)

--------------------------------------------------------------------------------
[2026-07-27 13:30:49] Mise à jour réussie ID: 2885
--------------------------------------------------------------------------------
[2026-07-27 13:30:49] Traitement ID: 2886
--------------------------------------------------------------------------------
[2026-07-27 13:30:49] SQL
Array
(
    [sql] => UPDATE materiel SET marque = :marque, modele = :modele, type_materiel = :type_materiel, numero_serie = :numero_serie, version_firmware = :version_firmware, adresse_ip = :adresse_ip, adresse_mac = :adresse_mac, usage_materiel = :usage_materiel, masque = :masque, passerelle = :passerelle, login = :login, password = :password, stream_aes67_recu = :stream_aes67_recu WHERE id = :id
    [params] => Array
        (
            [0] => :marque
            [1] => :modele
            [2] => :type_materiel
            [3] => :numero_serie
            [4] => :version_firmware
            [5] => :adresse_ip
            [6] => :adresse_mac
            [7] => :usage_materiel
            [8] => :masque
            [9] => :passerelle
            [10] => :login
            [11] => :password
            [12] => :stream_aes67_recu
            [13] => :id
        )

)

--------------------------------------------------------------------------------
[2026-07-27 13:30:49] Mise à jour réussie ID: 2886
--------------------------------------------------------------------------------
[2026-07-27 13:30:49] Traitement ID: 2887
--------------------------------------------------------------------------------
[2026-07-27 13:30:49] SQL
Array
(
    [sql] => UPDATE materiel SET marque = :marque, modele = :modele, type_materiel = :type_materiel, numero_serie = :numero_serie, version_firmware = :version_firmware, adresse_ip = :adresse_ip, adresse_mac = :adresse_mac, usage_materiel = :usage_materiel, masque = :masque, passerelle = :passerelle, login = :login, password = :password, stream_aes67_recu = :stream_aes67_recu WHERE id = :id
    [params] => Array
        (
            [0] => :marque
            [1] => :modele
            [2] => :type_materiel
            [3] => :numero_serie
            [4] => :version_firmware
            [5] => :adresse_ip
            [6] => :adresse_mac
            [7] => :usage_materiel
            [8] => :masque
            [9] => :passerelle
            [10] => :login
            [11] => :password
            [12] => :stream_aes67_recu
            [13] => :id
        )

)

--------------------------------------------------------------------------------
[2026-07-27 13:30:49] Mise à jour réussie ID: 2887
--------------------------------------------------------------------------------
[2026-07-27 13:30:49] Traitement ID: 2888
--------------------------------------------------------------------------------
[2026-07-27 13:30:49] SQL
Array
(
    [sql] => UPDATE materiel SET marque = :marque, modele = :modele, type_materiel = :type_materiel, numero_serie = :numero_serie, version_firmware = :version_firmware, adresse_ip = :adresse_ip, adresse_mac = :adresse_mac, usage_materiel = :usage_materiel, masque = :masque, passerelle = :passerelle, login = :login, password = :password WHERE id = :id
    [params] => Array
        (
            [0] => :marque
            [1] => :modele
            [2] => :type_materiel
            [3] => :numero_serie
            [4] => :version_firmware
            [5] => :adresse_ip
            [6] => :adresse_mac
            [7] => :usage_materiel
            [8] => :masque
            [9] => :passerelle
            [10] => :login
            [11] => :password
            [12] => :id
        )

)

--------------------------------------------------------------------------------
[2026-07-27 13:30:49] Mise à jour réussie ID: 2888
--------------------------------------------------------------------------------
[2026-07-27 13:30:49] Traitement ID: 2883
--------------------------------------------------------------------------------
[2026-07-27 13:30:49] SQL
Array
(
    [sql] => UPDATE materiel SET marque = :marque, modele = :modele, type_materiel = :type_materiel, numero_serie = :numero_serie, version_firmware = :version_firmware, adresse_ip = :adresse_ip, adresse_mac = :adresse_mac, usage_materiel = :usage_materiel, masque = :masque, passerelle = :passerelle, login = :login, password = :password, stream_aes67_transmis = :stream_aes67_transmis WHERE id = :id
    [params] => Array
        (
            [0] => :marque
            [1] => :modele
            [2] => :type_materiel
            [3] => :numero_serie
            [4] => :version_firmware
            [5] => :adresse_ip
            [6] => :adresse_mac
            [7] => :usage_materiel
            [8] => :masque
            [9] => :passerelle
            [10] => :login
            [11] => :password
            [12] => :stream_aes67_transmis
            [13] => :id
        )

)

--------------------------------------------------------------------------------
[2026-07-27 13:30:49] Mise à jour réussie ID: 2883
--------------------------------------------------------------------------------
[2026-07-27 13:30:49] Traitement ID: 2884
--------------------------------------------------------------------------------
[2026-07-27 13:30:49] SQL
Array
(
    [sql] => UPDATE materiel SET marque = :marque, modele = :modele, type_materiel = :type_materiel, numero_serie = :numero_serie, version_firmware = :version_firmware, adresse_ip = :adresse_ip, adresse_mac = :adresse_mac, usage_materiel = :usage_materiel, masque = :masque, passerelle = :passerelle, login = :login, password = :password, stream_aes67_transmis = :stream_aes67_transmis WHERE id = :id
    [params] => Array
        (
            [0] => :marque
            [1] => :modele
            [2] => :type_materiel
            [3] => :numero_serie
            [4] => :version_firmware
            [5] => :adresse_ip
            [6] => :adresse_mac
            [7] => :usage_materiel
            [8] => :masque
            [9] => :passerelle
            [10] => :login
            [11] => :password
            [12] => :stream_aes67_transmis
            [13] => :id
        )

)

--------------------------------------------------------------------------------
[2026-07-27 13:30:49] Mise à jour réussie ID: 2884
--------------------------------------------------------------------------------
[2026-07-27 13:30:49] Traitement ID: 2865
--------------------------------------------------------------------------------
[2026-07-27 13:30:49] SQL
Array
(
    [sql] => UPDATE materiel SET marque = :marque, modele = :modele, type_materiel = :type_materiel, numero_serie = :numero_serie, adresse_ip = :adresse_ip, adresse_mac = :adresse_mac, usage_materiel = :usage_materiel, masque = :masque, passerelle = :passerelle WHERE id = :id
    [params] => Array
        (
            [0] => :marque
            [1] => :modele
            [2] => :type_materiel
            [3] => :numero_serie
            [4] => :adresse_ip
            [5] => :adresse_mac
            [6] => :usage_materiel
            [7] => :masque
            [8] => :passerelle
            [9] => :id
        )

)

--------------------------------------------------------------------------------
[2026-07-27 13:30:49] Mise à jour réussie ID: 2865
--------------------------------------------------------------------------------
[2026-07-27 13:30:49] Traitement ID: 2892
--------------------------------------------------------------------------------
[2026-07-27 13:30:49] SQL
Array
(
    [sql] => UPDATE materiel SET marque = :marque, modele = :modele, type_materiel = :type_materiel WHERE id = :id
    [params] => Array
        (
            [0] => :marque
            [1] => :modele
            [2] => :type_materiel
            [3] => :id
        )

)

--------------------------------------------------------------------------------
[2026-07-27 13:30:49] Mise à jour réussie ID: 2892
--------------------------------------------------------------------------------
[2026-07-27 13:30:49] Traitement ID: 2891
--------------------------------------------------------------------------------
[2026-07-27 13:30:49] SQL
Array
(
    [sql] => UPDATE materiel SET marque = :marque, modele = :modele, type_materiel = :type_materiel WHERE id = :id
    [params] => Array
        (
            [0] => :marque
            [1] => :modele
            [2] => :type_materiel
            [3] => :id
        )

)

--------------------------------------------------------------------------------
[2026-07-27 13:30:49] Mise à jour réussie ID: 2891
--------------------------------------------------------------------------------
[2026-07-27 13:30:49] Traitement ID: 2890
--------------------------------------------------------------------------------
[2026-07-27 13:30:49] SQL
Array
(
    [sql] => UPDATE materiel SET marque = :marque, modele = :modele, type_materiel = :type_materiel, numero_serie = :numero_serie, adresse_ip = :adresse_ip, adresse_mac = :adresse_mac, usage_materiel = :usage_materiel, masque = :masque, passerelle = :passerelle, stream_aes67_recu = :stream_aes67_recu, stream_aes67_transmis = :stream_aes67_transmis WHERE id = :id
    [params] => Array
        (
            [0] => :marque
            [1] => :modele
            [2] => :type_materiel
            [3] => :numero_serie
            [4] => :adresse_ip
            [5] => :adresse_mac
            [6] => :usage_materiel
            [7] => :masque
            [8] => :passerelle
            [9] => :stream_aes67_recu
            [10] => :stream_aes67_transmis
            [11] => :id
        )

)

--------------------------------------------------------------------------------
[2026-07-27 13:30:49] Mise à jour réussie ID: 2890
--------------------------------------------------------------------------------
[2026-07-27 13:30:49] Traitement ID: 2878
--------------------------------------------------------------------------------
[2026-07-27 13:30:49] SQL
Array
(
    [sql] => UPDATE materiel SET marque = :marque, modele = :modele, type_materiel = :type_materiel, version_firmware = :version_firmware, adresse_ip = :adresse_ip, adresse_mac = :adresse_mac, usage_materiel = :usage_materiel, masque = :masque, passerelle = :passerelle WHERE id = :id
    [params] => Array
        (
            [0] => :marque
            [1] => :modele
            [2] => :type_materiel
            [3] => :version_firmware
            [4] => :adresse_ip
            [5] => :adresse_mac
            [6] => :usage_materiel
            [7] => :masque
            [8] => :passerelle
            [9] => :id
        )

)

--------------------------------------------------------------------------------
[2026-07-27 13:30:49] Mise à jour réussie ID: 2878
--------------------------------------------------------------------------------
[2026-07-27 13:30:49] Traitement ID: 2896
--------------------------------------------------------------------------------
[2026-07-27 13:30:49] SQL
Array
(
    [sql] => UPDATE materiel SET marque = :marque, modele = :modele, type_materiel = :type_materiel, numero_serie = :numero_serie, version_firmware = :version_firmware, adresse_ip = :adresse_ip, adresse_mac = :adresse_mac, masque = :masque, passerelle = :passerelle, login = :login, password = :password WHERE id = :id
    [params] => Array
        (
            [0] => :marque
            [1] => :modele
            [2] => :type_materiel
            [3] => :numero_serie
            [4] => :version_firmware
            [5] => :adresse_ip
            [6] => :adresse_mac
            [7] => :masque
            [8] => :passerelle
            [9] => :login
            [10] => :password
            [11] => :id
        )

)

--------------------------------------------------------------------------------
[2026-07-27 13:30:49] Mise à jour réussie ID: 2896
--------------------------------------------------------------------------------
[2026-07-27 13:30:49] Traitement ID: 2895
--------------------------------------------------------------------------------
[2026-07-27 13:30:49] SQL
Array
(
    [sql] => UPDATE materiel SET marque = :marque, modele = :modele, type_materiel = :type_materiel, numero_serie = :numero_serie, version_firmware = :version_firmware, adresse_ip = :adresse_ip, adresse_mac = :adresse_mac, masque = :masque, passerelle = :passerelle, login = :login, password = :password WHERE id = :id
    [params] => Array
        (
            [0] => :marque
            [1] => :modele
            [2] => :type_materiel
            [3] => :numero_serie
            [4] => :version_firmware
            [5] => :adresse_ip
            [6] => :adresse_mac
            [7] => :masque
            [8] => :passerelle
            [9] => :login
            [10] => :password
            [11] => :id
        )

)

--------------------------------------------------------------------------------
[2026-07-27 13:30:49] Mise à jour réussie ID: 2895
--------------------------------------------------------------------------------
[2026-07-27 13:30:49] Traitement ID: 2864
--------------------------------------------------------------------------------
[2026-07-27 13:30:49] SQL
Array
(
    [sql] => UPDATE materiel SET marque = :marque, modele = :modele, type_materiel = :type_materiel, numero_serie = :numero_serie, version_firmware = :version_firmware, adresse_ip = :adresse_ip, adresse_mac = :adresse_mac, usage_materiel = :usage_materiel, ancien_firmware = :ancien_firmware, masque = :masque, passerelle = :passerelle, login = :login, password = :password WHERE id = :id
    [params] => Array
        (
            [0] => :marque
            [1] => :modele
            [2] => :type_materiel
            [3] => :numero_serie
            [4] => :version_firmware
            [5] => :adresse_ip
            [6] => :adresse_mac
            [7] => :usage_materiel
            [8] => :ancien_firmware
            [9] => :masque
            [10] => :passerelle
            [11] => :login
            [12] => :password
            [13] => :id
        )

)

--------------------------------------------------------------------------------
[2026-07-27 13:30:49] Mise à jour réussie ID: 2864
--------------------------------------------------------------------------------
[2026-07-27 13:30:49] Traitement ID: 2863
--------------------------------------------------------------------------------
[2026-07-27 13:30:49] SQL
Array
(
    [sql] => UPDATE materiel SET marque = :marque, modele = :modele, type_materiel = :type_materiel, numero_serie = :numero_serie, version_firmware = :version_firmware, adresse_ip = :adresse_ip, adresse_mac = :adresse_mac, usage_materiel = :usage_materiel, masque = :masque, passerelle = :passerelle, login = :login, password = :password WHERE id = :id
    [params] => Array
        (
            [0] => :marque
            [1] => :modele
            [2] => :type_materiel
            [3] => :numero_serie
            [4] => :version_firmware
            [5] => :adresse_ip
            [6] => :adresse_mac
            [7] => :usage_materiel
            [8] => :masque
            [9] => :passerelle
            [10] => :login
            [11] => :password
            [12] => :id
        )

)

--------------------------------------------------------------------------------
[2026-07-27 13:30:49] Mise à jour réussie ID: 2863
--------------------------------------------------------------------------------
[2026-07-27 13:30:49] Traitement ID: 2889
--------------------------------------------------------------------------------
[2026-07-27 13:30:49] SQL
Array
(
    [sql] => UPDATE materiel SET marque = :marque, modele = :modele, type_materiel = :type_materiel, numero_serie = :numero_serie, version_firmware = :version_firmware, adresse_ip = :adresse_ip, adresse_mac = :adresse_mac, masque = :masque, passerelle = :passerelle, login = :login, password = :password WHERE id = :id
    [params] => Array
        (
            [0] => :marque
            [1] => :modele
            [2] => :type_materiel
            [3] => :numero_serie
            [4] => :version_firmware
            [5] => :adresse_ip
            [6] => :adresse_mac
            [7] => :masque
            [8] => :passerelle
            [9] => :login
            [10] => :password
            [11] => :id
        )

)

--------------------------------------------------------------------------------
[2026-07-27 13:30:49] Mise à jour réussie ID: 2889
--------------------------------------------------------------------------------
[2026-07-27 13:30:49] Traitement ID: 2882
--------------------------------------------------------------------------------
[2026-07-27 13:30:49] SQL
Array
(
    [sql] => UPDATE materiel SET marque = :marque, modele = :modele, type_materiel = :type_materiel, numero_serie = :numero_serie, version_firmware = :version_firmware, adresse_ip = :adresse_ip, adresse_mac = :adresse_mac, usage_materiel = :usage_materiel, masque = :masque, passerelle = :passerelle, login = :login, password = :password WHERE id = :id
    [params] => Array
        (
            [0] => :marque
            [1] => :modele
            [2] => :type_materiel
            [3] => :numero_serie
            [4] => :version_firmware
            [5] => :adresse_ip
            [6] => :adresse_mac
            [7] => :usage_materiel
            [8] => :masque
            [9] => :passerelle
            [10] => :login
            [11] => :password
            [12] => :id
        )

)

--------------------------------------------------------------------------------
[2026-07-27 13:30:49] Mise à jour réussie ID: 2882
--------------------------------------------------------------------------------
[2026-07-27 13:30:49] Traitement ID: 2894
--------------------------------------------------------------------------------
[2026-07-27 13:30:49] SQL
Array
(
    [sql] => UPDATE materiel SET marque = :marque, modele = :modele, type_materiel = :type_materiel, version_firmware = :version_firmware, adresse_ip = :adresse_ip, adresse_mac = :adresse_mac, ancien_firmware = :ancien_firmware, masque = :masque, passerelle = :passerelle WHERE id = :id
    [params] => Array
        (
            [0] => :marque
            [1] => :modele
            [2] => :type_materiel
            [3] => :version_firmware
            [4] => :adresse_ip
            [5] => :adresse_mac
            [6] => :ancien_firmware
            [7] => :masque
            [8] => :passerelle
            [9] => :id
        )

)

--------------------------------------------------------------------------------
[2026-07-27 13:30:49] Mise à jour réussie ID: 2894
--------------------------------------------------------------------------------
[2026-07-27 13:30:49] Traitement ID: 2881
--------------------------------------------------------------------------------
[2026-07-27 13:30:49] SQL
Array
(
    [sql] => UPDATE materiel SET marque = :marque, modele = :modele, type_materiel = :type_materiel, version_firmware = :version_firmware, adresse_ip = :adresse_ip, adresse_mac = :adresse_mac, usage_materiel = :usage_materiel, masque = :masque, passerelle = :passerelle WHERE id = :id
    [params] => Array
        (
            [0] => :marque
            [1] => :modele
            [2] => :type_materiel
            [3] => :version_firmware
            [4] => :adresse_ip
            [5] => :adresse_mac
            [6] => :usage_materiel
            [7] => :masque
            [8] => :passerelle
            [9] => :id
        )

)

--------------------------------------------------------------------------------
[2026-07-27 13:30:49] Mise à jour réussie ID: 2881
--------------------------------------------------------------------------------
[2026-07-27 13:30:49] Traitement ID: 2877
--------------------------------------------------------------------------------
[2026-07-27 13:30:49] SQL
Array
(
    [sql] => UPDATE materiel SET marque = :marque, modele = :modele, type_materiel = :type_materiel, adresse_ip = :adresse_ip, adresse_mac = :adresse_mac, usage_materiel = :usage_materiel, ancien_firmware = :ancien_firmware, masque = :masque, passerelle = :passerelle WHERE id = :id
    [params] => Array
        (
            [0] => :marque
            [1] => :modele
            [2] => :type_materiel
            [3] => :adresse_ip
            [4] => :adresse_mac
            [5] => :usage_materiel
            [6] => :ancien_firmware
            [7] => :masque
            [8] => :passerelle
            [9] => :id
        )

)

--------------------------------------------------------------------------------
[2026-07-27 13:30:49] Mise à jour réussie ID: 2877
--------------------------------------------------------------------------------
[2026-07-27 13:30:49] Traitement ID: 2879
--------------------------------------------------------------------------------
[2026-07-27 13:30:49] SQL
Array
(
    [sql] => UPDATE materiel SET marque = :marque, modele = :modele, type_materiel = :type_materiel, numero_serie = :numero_serie, version_firmware = :version_firmware, adresse_ip = :adresse_ip, adresse_mac = :adresse_mac, usage_materiel = :usage_materiel, masque = :masque, passerelle = :passerelle, login = :login, password = :password WHERE id = :id
    [params] => Array
        (
            [0] => :marque
            [1] => :modele
            [2] => :type_materiel
            [3] => :numero_serie
            [4] => :version_firmware
            [5] => :adresse_ip
            [6] => :adresse_mac
            [7] => :usage_materiel
            [8] => :masque
            [9] => :passerelle
            [10] => :login
            [11] => :password
            [12] => :id
        )

)

--------------------------------------------------------------------------------
[2026-07-27 13:30:49] Mise à jour réussie ID: 2879
--------------------------------------------------------------------------------
[2026-07-27 13:30:49] Traitement ID: 2880
--------------------------------------------------------------------------------
[2026-07-27 13:30:49] SQL
Array
(
    [sql] => UPDATE materiel SET marque = :marque, modele = :modele, type_materiel = :type_materiel, numero_serie = :numero_serie, version_firmware = :version_firmware, adresse_ip = :adresse_ip, adresse_mac = :adresse_mac, usage_materiel = :usage_materiel, masque = :masque, passerelle = :passerelle, login = :login, password = :password WHERE id = :id
    [params] => Array
        (
            [0] => :marque
            [1] => :modele
            [2] => :type_materiel
            [3] => :numero_serie
            [4] => :version_firmware
            [5] => :adresse_ip
            [6] => :adresse_mac
            [7] => :usage_materiel
            [8] => :masque
            [9] => :passerelle
            [10] => :login
            [11] => :password
            [12] => :id
        )

)

--------------------------------------------------------------------------------
[2026-07-27 13:30:49] Mise à jour réussie ID: 2880
--------------------------------------------------------------------------------
[2026-07-27 13:30:49] Traitement ID: 2866
--------------------------------------------------------------------------------
[2026-07-27 13:30:49] SQL
Array
(
    [sql] => UPDATE materiel SET marque = :marque, modele = :modele, type_materiel = :type_materiel, numero_serie = :numero_serie, version_firmware = :version_firmware, adresse_ip = :adresse_ip, adresse_mac = :adresse_mac, usage_materiel = :usage_materiel, masque = :masque, passerelle = :passerelle, login = :login, password = :password WHERE id = :id
    [params] => Array
        (
            [0] => :marque
            [1] => :modele
            [2] => :type_materiel
            [3] => :numero_serie
            [4] => :version_firmware
            [5] => :adresse_ip
            [6] => :adresse_mac
            [7] => :usage_materiel
            [8] => :masque
            [9] => :passerelle
            [10] => :login
            [11] => :password
            [12] => :id
        )

)

--------------------------------------------------------------------------------
[2026-07-27 13:30:49] Mise à jour réussie ID: 2866
--------------------------------------------------------------------------------
[2026-07-27 13:30:49] Traitement ID: 2893
--------------------------------------------------------------------------------
[2026-07-27 13:30:49] SQL
Array
(
    [sql] => UPDATE materiel SET marque = :marque, modele = :modele, type_materiel = :type_materiel, numero_serie = :numero_serie, version_firmware = :version_firmware, adresse_ip = :adresse_ip, adresse_mac = :adresse_mac, masque = :masque, passerelle = :passerelle, login = :login, password = :password, ssid = :ssid, password_wifi = :password_wifi WHERE id = :id
    [params] => Array
        (
            [0] => :marque
            [1] => :modele
            [2] => :type_materiel
            [3] => :numero_serie
            [4] => :version_firmware
            [5] => :adresse_ip
            [6] => :adresse_mac
            [7] => :masque
            [8] => :passerelle
            [9] => :login
            [10] => :password
            [11] => :ssid
            [12] => :password_wifi
            [13] => :id
        )

)

--------------------------------------------------------------------------------
[2026-07-27 13:30:49] Mise à jour réussie ID: 2893
--------------------------------------------------------------------------------
[2026-07-27 13:30:49] Traitement ID: 2867
--------------------------------------------------------------------------------
[2026-07-27 13:30:49] SQL
Array
(
    [sql] => UPDATE materiel SET marque = :marque, modele = :modele, type_materiel = :type_materiel, numero_serie = :numero_serie, version_firmware = :version_firmware, adresse_ip = :adresse_ip, adresse_mac = :adresse_mac, usage_materiel = :usage_materiel, masque = :masque, passerelle = :passerelle, login = :login, password = :password, ip_primaire = :ip_primaire, mac_primaire = :mac_primaire WHERE id = :id
    [params] => Array
        (
            [0] => :marque
            [1] => :modele
            [2] => :type_materiel
            [3] => :numero_serie
            [4] => :version_firmware
            [5] => :adresse_ip
            [6] => :adresse_mac
            [7] => :usage_materiel
            [8] => :masque
            [9] => :passerelle
            [10] => :login
            [11] => :password
            [12] => :ip_primaire
            [13] => :mac_primaire
            [14] => :id
        )

)

--------------------------------------------------------------------------------
[2026-07-27 13:30:49] Mise à jour réussie ID: 2867
--------------------------------------------------------------------------------
[2026-07-27 13:30:49] Traitement ID: 2869
--------------------------------------------------------------------------------
[2026-07-27 13:30:49] SQL
Array
(
    [sql] => UPDATE materiel SET marque = :marque, modele = :modele, type_materiel = :type_materiel, numero_serie = :numero_serie, version_firmware = :version_firmware, adresse_ip = :adresse_ip, adresse_mac = :adresse_mac, usage_materiel = :usage_materiel, masque = :masque, passerelle = :passerelle WHERE id = :id
    [params] => Array
        (
            [0] => :marque
            [1] => :modele
            [2] => :type_materiel
            [3] => :numero_serie
            [4] => :version_firmware
            [5] => :adresse_ip
            [6] => :adresse_mac
            [7] => :usage_materiel
            [8] => :masque
            [9] => :passerelle
            [10] => :id
        )

)

--------------------------------------------------------------------------------
[2026-07-27 13:30:49] Mise à jour réussie ID: 2869
--------------------------------------------------------------------------------
[2026-07-27 13:30:49] Traitement ID: 2868
--------------------------------------------------------------------------------
[2026-07-27 13:30:49] SQL
Array
(
    [sql] => UPDATE materiel SET marque = :marque, modele = :modele, type_materiel = :type_materiel, numero_serie = :numero_serie, version_firmware = :version_firmware, adresse_ip = :adresse_ip, adresse_mac = :adresse_mac, usage_materiel = :usage_materiel, masque = :masque, passerelle = :passerelle WHERE id = :id
    [params] => Array
        (
            [0] => :marque
            [1] => :modele
            [2] => :type_materiel
            [3] => :numero_serie
            [4] => :version_firmware
            [5] => :adresse_ip
            [6] => :adresse_mac
            [7] => :usage_materiel
            [8] => :masque
            [9] => :passerelle
            [10] => :id
        )

)

--------------------------------------------------------------------------------
[2026-07-27 13:30:49] Mise à jour réussie ID: 2868
--------------------------------------------------------------------------------
[2026-07-27 13:30:49] Traitement ID: 2870
--------------------------------------------------------------------------------
[2026-07-27 13:30:49] SQL
Array
(
    [sql] => UPDATE materiel SET marque = :marque, modele = :modele, type_materiel = :type_materiel, version_firmware = :version_firmware, usage_materiel = :usage_materiel WHERE id = :id
    [params] => Array
        (
            [0] => :marque
            [1] => :modele
            [2] => :type_materiel
            [3] => :version_firmware
            [4] => :usage_materiel
            [5] => :id
        )

)

--------------------------------------------------------------------------------
[2026-07-27 13:30:49] Mise à jour réussie ID: 2870
--------------------------------------------------------------------------------
[2026-07-27 13:30:49] Traitement ID: 2871
--------------------------------------------------------------------------------
[2026-07-27 13:30:49] SQL
Array
(
    [sql] => UPDATE materiel SET marque = :marque, modele = :modele, type_materiel = :type_materiel, version_firmware = :version_firmware, usage_materiel = :usage_materiel WHERE id = :id
    [params] => Array
        (
            [0] => :marque
            [1] => :modele
            [2] => :type_materiel
            [3] => :version_firmware
            [4] => :usage_materiel
            [5] => :id
        )

)

--------------------------------------------------------------------------------
[2026-07-27 13:30:49] Mise à jour réussie ID: 2871
--------------------------------------------------------------------------------
[2026-07-27 13:30:49] Traitement ID: 2872
--------------------------------------------------------------------------------
[2026-07-27 13:30:49] SQL
Array
(
    [sql] => UPDATE materiel SET marque = :marque, modele = :modele, type_materiel = :type_materiel, version_firmware = :version_firmware, usage_materiel = :usage_materiel WHERE id = :id
    [params] => Array
        (
            [0] => :marque
            [1] => :modele
            [2] => :type_materiel
            [3] => :version_firmware
            [4] => :usage_materiel
            [5] => :id
        )

)

--------------------------------------------------------------------------------
[2026-07-27 13:30:49] Mise à jour réussie ID: 2872
--------------------------------------------------------------------------------
[2026-07-27 13:30:49] Traitement ID: 2873
--------------------------------------------------------------------------------
[2026-07-27 13:30:49] SQL
Array
(
    [sql] => UPDATE materiel SET marque = :marque, modele = :modele, type_materiel = :type_materiel, version_firmware = :version_firmware, usage_materiel = :usage_materiel WHERE id = :id
    [params] => Array
        (
            [0] => :marque
            [1] => :modele
            [2] => :type_materiel
            [3] => :version_firmware
            [4] => :usage_materiel
            [5] => :id
        )

)

--------------------------------------------------------------------------------
[2026-07-27 13:30:49] Mise à jour réussie ID: 2873
--------------------------------------------------------------------------------
[2026-07-27 13:30:49] Traitement ID: 2874
--------------------------------------------------------------------------------
[2026-07-27 13:30:49] SQL
Array
(
    [sql] => UPDATE materiel SET marque = :marque, modele = :modele, type_materiel = :type_materiel, version_firmware = :version_firmware, usage_materiel = :usage_materiel WHERE id = :id
    [params] => Array
        (
            [0] => :marque
            [1] => :modele
            [2] => :type_materiel
            [3] => :version_firmware
            [4] => :usage_materiel
            [5] => :id
        )

)

--------------------------------------------------------------------------------
[2026-07-27 13:30:49] Mise à jour réussie ID: 2874
--------------------------------------------------------------------------------
[2026-07-27 13:30:49] Traitement ID: 2875
--------------------------------------------------------------------------------
[2026-07-27 13:30:49] SQL
Array
(
    [sql] => UPDATE materiel SET marque = :marque, modele = :modele, type_materiel = :type_materiel, version_firmware = :version_firmware, usage_materiel = :usage_materiel WHERE id = :id
    [params] => Array
        (
            [0] => :marque
            [1] => :modele
            [2] => :type_materiel
            [3] => :version_firmware
            [4] => :usage_materiel
            [5] => :id
        )

)

--------------------------------------------------------------------------------
[2026-07-27 13:30:49] Mise à jour réussie ID: 2875
--------------------------------------------------------------------------------
[2026-07-27 13:30:49] Traitement ID: 2876
--------------------------------------------------------------------------------
[2026-07-27 13:30:49] SQL
Array
(
    [sql] => UPDATE materiel SET marque = :marque, modele = :modele, type_materiel = :type_materiel, version_firmware = :version_firmware, usage_materiel = :usage_materiel WHERE id = :id
    [params] => Array
        (
            [0] => :marque
            [1] => :modele
            [2] => :type_materiel
            [3] => :version_firmware
            [4] => :usage_materiel
            [5] => :id
        )

)

--------------------------------------------------------------------------------
[2026-07-27 13:30:49] Mise à jour réussie ID: 2876
--------------------------------------------------------------------------------
[2026-07-27 13:30:49] Réponse
Array
(
    [status] => success
    [message] => 34 ligne(s) mise(s) à jour
    [updated] => 34
    [total_rows] => 34
    [errors] => Array
        (
        )

)

--------------------------------------------------------------------------------
[2026-07-27 13:30:49] === FIN ===
--------------------------------------------------------------------------------
[2026-07-27 13:30:49] === DÉBUT ===
--------------------------------------------------------------------------------
[2026-07-27 13:30:49] Input reçu
Array
(
    [raw_length] => 39512
    [has_data] => 1
)

--------------------------------------------------------------------------------
[2026-07-27 13:30:49] Connexion BDD OK
--------------------------------------------------------------------------------
[2026-07-27 13:30:49] Traitement ID: 2980
--------------------------------------------------------------------------------
[2026-07-27 13:30:49] SQL
Array
(
    [sql] => UPDATE materiel SET type_materiel = :type_materiel, login = :login, password = :password WHERE id = :id
    [params] => Array
        (
            [0] => :type_materiel
            [1] => :login
            [2] => :password
            [3] => :id
        )

)

--------------------------------------------------------------------------------
[2026-07-27 13:30:49] Mise à jour réussie ID: 2980
--------------------------------------------------------------------------------
[2026-07-27 13:30:49] Traitement ID: 2984
--------------------------------------------------------------------------------
[2026-07-27 13:30:49] SQL
Array
(
    [sql] => UPDATE materiel SET type_materiel = :type_materiel WHERE id = :id
    [params] => Array
        (
            [0] => :type_materiel
            [1] => :id
        )

)

--------------------------------------------------------------------------------
[2026-07-27 13:30:49] Mise à jour réussie ID: 2984
--------------------------------------------------------------------------------
[2026-07-27 13:30:49] Traitement ID: 2965
--------------------------------------------------------------------------------
[2026-07-27 13:30:49] SQL
Array
(
    [sql] => UPDATE materiel SET marque = :marque, modele = :modele, type_materiel = :type_materiel, numero_serie = :numero_serie, version_firmware = :version_firmware, adresse_ip = :adresse_ip, adresse_mac = :adresse_mac, usage_materiel = :usage_materiel, masque = :masque, passerelle = :passerelle, numero_port_switch = :numero_port_switch WHERE id = :id
    [params] => Array
        (
            [0] => :marque
            [1] => :modele
            [2] => :type_materiel
            [3] => :numero_serie
            [4] => :version_firmware
            [5] => :adresse_ip
            [6] => :adresse_mac
            [7] => :usage_materiel
            [8] => :masque
            [9] => :passerelle
            [10] => :numero_port_switch
            [11] => :id
        )

)

--------------------------------------------------------------------------------
[2026-07-27 13:30:49] Mise à jour réussie ID: 2965
--------------------------------------------------------------------------------
[2026-07-27 13:30:49] Traitement ID: 2966
--------------------------------------------------------------------------------
[2026-07-27 13:30:49] SQL
Array
(
    [sql] => UPDATE materiel SET marque = :marque, modele = :modele, type_materiel = :type_materiel, numero_serie = :numero_serie, version_firmware = :version_firmware, adresse_ip = :adresse_ip, adresse_mac = :adresse_mac, usage_materiel = :usage_materiel, masque = :masque, passerelle = :passerelle, stream_aes67_recu = :stream_aes67_recu, numero_port_switch = :numero_port_switch WHERE id = :id
    [params] => Array
        (
            [0] => :marque
            [1] => :modele
            [2] => :type_materiel
            [3] => :numero_serie
            [4] => :version_firmware
            [5] => :adresse_ip
            [6] => :adresse_mac
            [7] => :usage_materiel
            [8] => :masque
            [9] => :passerelle
            [10] => :stream_aes67_recu
            [11] => :numero_port_switch
            [12] => :id
        )

)

--------------------------------------------------------------------------------
[2026-07-27 13:30:49] Mise à jour réussie ID: 2966
--------------------------------------------------------------------------------
[2026-07-27 13:30:49] Traitement ID: 2967
--------------------------------------------------------------------------------
[2026-07-27 13:30:49] SQL
Array
(
    [sql] => UPDATE materiel SET marque = :marque, modele = :modele, type_materiel = :type_materiel, numero_serie = :numero_serie, version_firmware = :version_firmware, adresse_ip = :adresse_ip, adresse_mac = :adresse_mac, usage_materiel = :usage_materiel, masque = :masque, passerelle = :passerelle, numero_port_switch = :numero_port_switch WHERE id = :id
    [params] => Array
        (
            [0] => :marque
            [1] => :modele
            [2] => :type_materiel
            [3] => :numero_serie
            [4] => :version_firmware
            [5] => :adresse_ip
            [6] => :adresse_mac
            [7] => :usage_materiel
            [8] => :masque
            [9] => :passerelle
            [10] => :numero_port_switch
            [11] => :id
        )

)

--------------------------------------------------------------------------------
[2026-07-27 13:30:49] Mise à jour réussie ID: 2967
--------------------------------------------------------------------------------
[2026-07-27 13:30:49] Traitement ID: 2968
--------------------------------------------------------------------------------
[2026-07-27 13:30:49] SQL
Array
(
    [sql] => UPDATE materiel SET marque = :marque, modele = :modele, type_materiel = :type_materiel, numero_serie = :numero_serie, version_firmware = :version_firmware, adresse_ip = :adresse_ip, adresse_mac = :adresse_mac, usage_materiel = :usage_materiel, masque = :masque, passerelle = :passerelle, stream_aes67_recu = :stream_aes67_recu, numero_port_switch = :numero_port_switch WHERE id = :id
    [params] => Array
        (
            [0] => :marque
            [1] => :modele
            [2] => :type_materiel
            [3] => :numero_serie
            [4] => :version_firmware
            [5] => :adresse_ip
            [6] => :adresse_mac
            [7] => :usage_materiel
            [8] => :masque
            [9] => :passerelle
            [10] => :stream_aes67_recu
            [11] => :numero_port_switch
            [12] => :id
        )

)

--------------------------------------------------------------------------------
[2026-07-27 13:30:49] Mise à jour réussie ID: 2968
--------------------------------------------------------------------------------
[2026-07-27 13:30:49] Traitement ID: 2969
--------------------------------------------------------------------------------
[2026-07-27 13:30:49] SQL
Array
(
    [sql] => UPDATE materiel SET marque = :marque, modele = :modele, type_materiel = :type_materiel, numero_serie = :numero_serie, version_firmware = :version_firmware, adresse_ip = :adresse_ip, adresse_mac = :adresse_mac, usage_materiel = :usage_materiel, masque = :masque, passerelle = :passerelle, stream_aes67_recu = :stream_aes67_recu, numero_port_switch = :numero_port_switch WHERE id = :id
    [params] => Array
        (
            [0] => :marque
            [1] => :modele
            [2] => :type_materiel
            [3] => :numero_serie
            [4] => :version_firmware
            [5] => :adresse_ip
            [6] => :adresse_mac
            [7] => :usage_materiel
            [8] => :masque
            [9] => :passerelle
            [10] => :stream_aes67_recu
            [11] => :numero_port_switch
            [12] => :id
        )

)

--------------------------------------------------------------------------------
[2026-07-27 13:30:49] Mise à jour réussie ID: 2969
--------------------------------------------------------------------------------
[2026-07-27 13:30:49] Traitement ID: 2970
--------------------------------------------------------------------------------
[2026-07-27 13:30:49] SQL
Array
(
    [sql] => UPDATE materiel SET marque = :marque, modele = :modele, type_materiel = :type_materiel, numero_serie = :numero_serie, version_firmware = :version_firmware, adresse_ip = :adresse_ip, adresse_mac = :adresse_mac, usage_materiel = :usage_materiel, masque = :masque, passerelle = :passerelle, stream_aes67_recu = :stream_aes67_recu, numero_port_switch = :numero_port_switch WHERE id = :id
    [params] => Array
        (
            [0] => :marque
            [1] => :modele
            [2] => :type_materiel
            [3] => :numero_serie
            [4] => :version_firmware
            [5] => :adresse_ip
            [6] => :adresse_mac
            [7] => :usage_materiel
            [8] => :masque
            [9] => :passerelle
            [10] => :stream_aes67_recu
            [11] => :numero_port_switch
            [12] => :id
        )

)

--------------------------------------------------------------------------------
[2026-07-27 13:30:49] Mise à jour réussie ID: 2970
--------------------------------------------------------------------------------
[2026-07-27 13:30:49] Traitement ID: 2971
--------------------------------------------------------------------------------
[2026-07-27 13:30:49] SQL
Array
(
    [sql] => UPDATE materiel SET marque = :marque, modele = :modele, type_materiel = :type_materiel, numero_serie = :numero_serie, version_firmware = :version_firmware, adresse_ip = :adresse_ip, adresse_mac = :adresse_mac, usage_materiel = :usage_materiel, masque = :masque, passerelle = :passerelle, stream_aes67_recu = :stream_aes67_recu, numero_port_switch = :numero_port_switch WHERE id = :id
    [params] => Array
        (
            [0] => :marque
            [1] => :modele
            [2] => :type_materiel
            [3] => :numero_serie
            [4] => :version_firmware
            [5] => :adresse_ip
            [6] => :adresse_mac
            [7] => :usage_materiel
            [8] => :masque
            [9] => :passerelle
            [10] => :stream_aes67_recu
            [11] => :numero_port_switch
            [12] => :id
        )

)

--------------------------------------------------------------------------------
[2026-07-27 13:30:49] Mise à jour réussie ID: 2971
--------------------------------------------------------------------------------
[2026-07-27 13:30:49] Traitement ID: 2972
--------------------------------------------------------------------------------
[2026-07-27 13:30:49] SQL
Array
(
    [sql] => UPDATE materiel SET marque = :marque, modele = :modele, type_materiel = :type_materiel, numero_serie = :numero_serie, version_firmware = :version_firmware, adresse_ip = :adresse_ip, adresse_mac = :adresse_mac, usage_materiel = :usage_materiel, masque = :masque, passerelle = :passerelle, numero_port_switch = :numero_port_switch WHERE id = :id
    [params] => Array
        (
            [0] => :marque
            [1] => :modele
            [2] => :type_materiel
            [3] => :numero_serie
            [4] => :version_firmware
            [5] => :adresse_ip
            [6] => :adresse_mac
            [7] => :usage_materiel
            [8] => :masque
            [9] => :passerelle
            [10] => :numero_port_switch
            [11] => :id
        )

)

--------------------------------------------------------------------------------
[2026-07-27 13:30:49] Mise à jour réussie ID: 2972
--------------------------------------------------------------------------------
[2026-07-27 13:30:49] Traitement ID: 2973
--------------------------------------------------------------------------------
[2026-07-27 13:30:49] SQL
Array
(
    [sql] => UPDATE materiel SET marque = :marque, modele = :modele, type_materiel = :type_materiel, numero_serie = :numero_serie, version_firmware = :version_firmware, adresse_ip = :adresse_ip, adresse_mac = :adresse_mac, usage_materiel = :usage_materiel, masque = :masque, passerelle = :passerelle, numero_port_switch = :numero_port_switch WHERE id = :id
    [params] => Array
        (
            [0] => :marque
            [1] => :modele
            [2] => :type_materiel
            [3] => :numero_serie
            [4] => :version_firmware
            [5] => :adresse_ip
            [6] => :adresse_mac
            [7] => :usage_materiel
            [8] => :masque
            [9] => :passerelle
            [10] => :numero_port_switch
            [11] => :id
        )

)

--------------------------------------------------------------------------------
[2026-07-27 13:30:49] Mise à jour réussie ID: 2973
--------------------------------------------------------------------------------
[2026-07-27 13:30:49] Traitement ID: 2957
--------------------------------------------------------------------------------
[2026-07-27 13:30:49] SQL
Array
(
    [sql] => UPDATE materiel SET marque = :marque, modele = :modele, type_materiel = :type_materiel, numero_serie = :numero_serie, version_firmware = :version_firmware, adresse_ip = :adresse_ip, adresse_mac = :adresse_mac, usage_materiel = :usage_materiel, masque = :masque, passerelle = :passerelle, numero_port_switch = :numero_port_switch WHERE id = :id
    [params] => Array
        (
            [0] => :marque
            [1] => :modele
            [2] => :type_materiel
            [3] => :numero_serie
            [4] => :version_firmware
            [5] => :adresse_ip
            [6] => :adresse_mac
            [7] => :usage_materiel
            [8] => :masque
            [9] => :passerelle
            [10] => :numero_port_switch
            [11] => :id
        )

)

--------------------------------------------------------------------------------
[2026-07-27 13:30:49] Mise à jour réussie ID: 2957
--------------------------------------------------------------------------------
[2026-07-27 13:30:49] Traitement ID: 2958
--------------------------------------------------------------------------------
[2026-07-27 13:30:49] SQL
Array
(
    [sql] => UPDATE materiel SET marque = :marque, modele = :modele, type_materiel = :type_materiel, numero_serie = :numero_serie, version_firmware = :version_firmware, adresse_ip = :adresse_ip, adresse_mac = :adresse_mac, usage_materiel = :usage_materiel, masque = :masque, passerelle = :passerelle, numero_port_switch = :numero_port_switch WHERE id = :id
    [params] => Array
        (
            [0] => :marque
            [1] => :modele
            [2] => :type_materiel
            [3] => :numero_serie
            [4] => :version_firmware
            [5] => :adresse_ip
            [6] => :adresse_mac
            [7] => :usage_materiel
            [8] => :masque
            [9] => :passerelle
            [10] => :numero_port_switch
            [11] => :id
        )

)

--------------------------------------------------------------------------------
[2026-07-27 13:30:49] Mise à jour réussie ID: 2958
--------------------------------------------------------------------------------
[2026-07-27 13:30:49] Traitement ID: 2959
--------------------------------------------------------------------------------
[2026-07-27 13:30:49] SQL
Array
(
    [sql] => UPDATE materiel SET marque = :marque, modele = :modele, type_materiel = :type_materiel, numero_serie = :numero_serie, version_firmware = :version_firmware, adresse_ip = :adresse_ip, adresse_mac = :adresse_mac, usage_materiel = :usage_materiel, masque = :masque, passerelle = :passerelle, stream_aes67_transmis = :stream_aes67_transmis, numero_port_switch = :numero_port_switch WHERE id = :id
    [params] => Array
        (
            [0] => :marque
            [1] => :modele
            [2] => :type_materiel
            [3] => :numero_serie
            [4] => :version_firmware
            [5] => :adresse_ip
            [6] => :adresse_mac
            [7] => :usage_materiel
            [8] => :masque
            [9] => :passerelle
            [10] => :stream_aes67_transmis
            [11] => :numero_port_switch
            [12] => :id
        )

)

--------------------------------------------------------------------------------
[2026-07-27 13:30:49] Mise à jour réussie ID: 2959
--------------------------------------------------------------------------------
[2026-07-27 13:30:49] Traitement ID: 2960
--------------------------------------------------------------------------------
[2026-07-27 13:30:49] SQL
Array
(
    [sql] => UPDATE materiel SET marque = :marque, modele = :modele, type_materiel = :type_materiel, numero_serie = :numero_serie, version_firmware = :version_firmware, adresse_ip = :adresse_ip, adresse_mac = :adresse_mac, usage_materiel = :usage_materiel, masque = :masque, passerelle = :passerelle, stream_aes67_transmis = :stream_aes67_transmis, numero_port_switch = :numero_port_switch WHERE id = :id
    [params] => Array
        (
            [0] => :marque
            [1] => :modele
            [2] => :type_materiel
            [3] => :numero_serie
            [4] => :version_firmware
            [5] => :adresse_ip
            [6] => :adresse_mac
            [7] => :usage_materiel
            [8] => :masque
            [9] => :passerelle
            [10] => :stream_aes67_transmis
            [11] => :numero_port_switch
            [12] => :id
        )

)

--------------------------------------------------------------------------------
[2026-07-27 13:30:49] Mise à jour réussie ID: 2960
--------------------------------------------------------------------------------
[2026-07-27 13:30:49] Traitement ID: 2961
--------------------------------------------------------------------------------
[2026-07-27 13:30:49] SQL
Array
(
    [sql] => UPDATE materiel SET marque = :marque, modele = :modele, type_materiel = :type_materiel, numero_serie = :numero_serie, version_firmware = :version_firmware, adresse_ip = :adresse_ip, adresse_mac = :adresse_mac, usage_materiel = :usage_materiel, masque = :masque, passerelle = :passerelle, stream_aes67_transmis = :stream_aes67_transmis, numero_port_switch = :numero_port_switch WHERE id = :id
    [params] => Array
        (
            [0] => :marque
            [1] => :modele
            [2] => :type_materiel
            [3] => :numero_serie
            [4] => :version_firmware
            [5] => :adresse_ip
            [6] => :adresse_mac
            [7] => :usage_materiel
            [8] => :masque
            [9] => :passerelle
            [10] => :stream_aes67_transmis
            [11] => :numero_port_switch
            [12] => :id
        )

)

--------------------------------------------------------------------------------
[2026-07-27 13:30:49] Mise à jour réussie ID: 2961
--------------------------------------------------------------------------------
[2026-07-27 13:30:49] Traitement ID: 2962
--------------------------------------------------------------------------------
[2026-07-27 13:30:49] SQL
Array
(
    [sql] => UPDATE materiel SET marque = :marque, modele = :modele, type_materiel = :type_materiel, numero_serie = :numero_serie, version_firmware = :version_firmware, adresse_ip = :adresse_ip, adresse_mac = :adresse_mac, usage_materiel = :usage_materiel, masque = :masque, passerelle = :passerelle, stream_aes67_transmis = :stream_aes67_transmis, numero_port_switch = :numero_port_switch WHERE id = :id
    [params] => Array
        (
            [0] => :marque
            [1] => :modele
            [2] => :type_materiel
            [3] => :numero_serie
            [4] => :version_firmware
            [5] => :adresse_ip
            [6] => :adresse_mac
            [7] => :usage_materiel
            [8] => :masque
            [9] => :passerelle
            [10] => :stream_aes67_transmis
            [11] => :numero_port_switch
            [12] => :id
        )

)

--------------------------------------------------------------------------------
[2026-07-27 13:30:49] Mise à jour réussie ID: 2962
--------------------------------------------------------------------------------
[2026-07-27 13:30:49] Traitement ID: 2963
--------------------------------------------------------------------------------
[2026-07-27 13:30:49] SQL
Array
(
    [sql] => UPDATE materiel SET marque = :marque, modele = :modele, type_materiel = :type_materiel, numero_serie = :numero_serie, version_firmware = :version_firmware, adresse_ip = :adresse_ip, adresse_mac = :adresse_mac, usage_materiel = :usage_materiel, masque = :masque, passerelle = :passerelle, numero_port_switch = :numero_port_switch WHERE id = :id
    [params] => Array
        (
            [0] => :marque
            [1] => :modele
            [2] => :type_materiel
            [3] => :numero_serie
            [4] => :version_firmware
            [5] => :adresse_ip
            [6] => :adresse_mac
            [7] => :usage_materiel
            [8] => :masque
            [9] => :passerelle
            [10] => :numero_port_switch
            [11] => :id
        )

)

--------------------------------------------------------------------------------
[2026-07-27 13:30:49] Mise à jour réussie ID: 2963
--------------------------------------------------------------------------------
[2026-07-27 13:30:49] Traitement ID: 2964
--------------------------------------------------------------------------------
[2026-07-27 13:30:49] SQL
Array
(
    [sql] => UPDATE materiel SET marque = :marque, modele = :modele, type_materiel = :type_materiel, numero_serie = :numero_serie, version_firmware = :version_firmware, adresse_ip = :adresse_ip, adresse_mac = :adresse_mac, usage_materiel = :usage_materiel, masque = :masque, passerelle = :passerelle, stream_aes67_transmis = :stream_aes67_transmis, numero_port_switch = :numero_port_switch WHERE id = :id
    [params] => Array
        (
            [0] => :marque
            [1] => :modele
            [2] => :type_materiel
            [3] => :numero_serie
            [4] => :version_firmware
            [5] => :adresse_ip
            [6] => :adresse_mac
            [7] => :usage_materiel
            [8] => :masque
            [9] => :passerelle
            [10] => :stream_aes67_transmis
            [11] => :numero_port_switch
            [12] => :id
        )

)

--------------------------------------------------------------------------------
[2026-07-27 13:30:49] Mise à jour réussie ID: 2964
--------------------------------------------------------------------------------
[2026-07-27 13:30:49] Traitement ID: 2934
--------------------------------------------------------------------------------
[2026-07-27 13:30:49] SQL
Array
(
    [sql] => UPDATE materiel SET marque = :marque, modele = :modele, type_materiel = :type_materiel, numero_serie = :numero_serie, adresse_ip = :adresse_ip, usage_materiel = :usage_materiel, masque = :masque, passerelle = :passerelle WHERE id = :id
    [params] => Array
        (
            [0] => :marque
            [1] => :modele
            [2] => :type_materiel
            [3] => :numero_serie
            [4] => :adresse_ip
            [5] => :usage_materiel
            [6] => :masque
            [7] => :passerelle
            [8] => :id
        )

)

--------------------------------------------------------------------------------
[2026-07-27 13:30:49] Mise à jour réussie ID: 2934
--------------------------------------------------------------------------------
[2026-07-27 13:30:49] Traitement ID: 2956
--------------------------------------------------------------------------------
[2026-07-27 13:30:49] SQL
Array
(
    [sql] => UPDATE materiel SET marque = :marque, modele = :modele, type_materiel = :type_materiel, numero_serie = :numero_serie, version_firmware = :version_firmware, adresse_ip = :adresse_ip, adresse_mac = :adresse_mac, usage_materiel = :usage_materiel, ancien_firmware = :ancien_firmware, masque = :masque, passerelle = :passerelle, login = :login, password = :password WHERE id = :id
    [params] => Array
        (
            [0] => :marque
            [1] => :modele
            [2] => :type_materiel
            [3] => :numero_serie
            [4] => :version_firmware
            [5] => :adresse_ip
            [6] => :adresse_mac
            [7] => :usage_materiel
            [8] => :ancien_firmware
            [9] => :masque
            [10] => :passerelle
            [11] => :login
            [12] => :password
            [13] => :id
        )

)

--------------------------------------------------------------------------------
[2026-07-27 13:30:49] Mise à jour réussie ID: 2956
--------------------------------------------------------------------------------
[2026-07-27 13:30:49] Traitement ID: 2977
--------------------------------------------------------------------------------
[2026-07-27 13:30:49] SQL
Array
(
    [sql] => UPDATE materiel SET marque = :marque, modele = :modele, type_materiel = :type_materiel, numero_serie = :numero_serie, version_firmware = :version_firmware, adresse_ip = :adresse_ip, adresse_mac = :adresse_mac, masque = :masque, passerelle = :passerelle, login = :login, password = :password WHERE id = :id
    [params] => Array
        (
            [0] => :marque
            [1] => :modele
            [2] => :type_materiel
            [3] => :numero_serie
            [4] => :version_firmware
            [5] => :adresse_ip
            [6] => :adresse_mac
            [7] => :masque
            [8] => :passerelle
            [9] => :login
            [10] => :password
            [11] => :id
        )

)

--------------------------------------------------------------------------------
[2026-07-27 13:30:49] Mise à jour réussie ID: 2977
--------------------------------------------------------------------------------
[2026-07-27 13:30:49] Traitement ID: 2976
--------------------------------------------------------------------------------
[2026-07-27 13:30:49] SQL
Array
(
    [sql] => UPDATE materiel SET marque = :marque, modele = :modele, type_materiel = :type_materiel, numero_serie = :numero_serie, version_firmware = :version_firmware, adresse_ip = :adresse_ip, adresse_mac = :adresse_mac, usage_materiel = :usage_materiel, masque = :masque, passerelle = :passerelle, login = :login, password = :password WHERE id = :id
    [params] => Array
        (
            [0] => :marque
            [1] => :modele
            [2] => :type_materiel
            [3] => :numero_serie
            [4] => :version_firmware
            [5] => :adresse_ip
            [6] => :adresse_mac
            [7] => :usage_materiel
            [8] => :masque
            [9] => :passerelle
            [10] => :login
            [11] => :password
            [12] => :id
        )

)

--------------------------------------------------------------------------------
[2026-07-27 13:30:49] Mise à jour réussie ID: 2976
--------------------------------------------------------------------------------
[2026-07-27 13:30:49] Traitement ID: 2931
--------------------------------------------------------------------------------
[2026-07-27 13:30:49] SQL
Array
(
    [sql] => UPDATE materiel SET marque = :marque, modele = :modele, type_materiel = :type_materiel, numero_serie = :numero_serie, version_firmware = :version_firmware, adresse_ip = :adresse_ip, adresse_mac = :adresse_mac, usage_materiel = :usage_materiel, ancien_firmware = :ancien_firmware, masque = :masque, passerelle = :passerelle, login = :login, password = :password, numero_port_switch = :numero_port_switch WHERE id = :id
    [params] => Array
        (
            [0] => :marque
            [1] => :modele
            [2] => :type_materiel
            [3] => :numero_serie
            [4] => :version_firmware
            [5] => :adresse_ip
            [6] => :adresse_mac
            [7] => :usage_materiel
            [8] => :ancien_firmware
            [9] => :masque
            [10] => :passerelle
            [11] => :login
            [12] => :password
            [13] => :numero_port_switch
            [14] => :id
        )

)

--------------------------------------------------------------------------------
[2026-07-27 13:30:49] Mise à jour réussie ID: 2931
--------------------------------------------------------------------------------
[2026-07-27 13:30:49] Traitement ID: 2932
--------------------------------------------------------------------------------
[2026-07-27 13:30:49] SQL
Array
(
    [sql] => UPDATE materiel SET marque = :marque, modele = :modele, type_materiel = :type_materiel, numero_serie = :numero_serie, version_firmware = :version_firmware, adresse_ip = :adresse_ip, adresse_mac = :adresse_mac, usage_materiel = :usage_materiel, ancien_firmware = :ancien_firmware, masque = :masque, passerelle = :passerelle, login = :login, password = :password, numero_port_switch = :numero_port_switch WHERE id = :id
    [params] => Array
        (
            [0] => :marque
            [1] => :modele
            [2] => :type_materiel
            [3] => :numero_serie
            [4] => :version_firmware
            [5] => :adresse_ip
            [6] => :adresse_mac
            [7] => :usage_materiel
            [8] => :ancien_firmware
            [9] => :masque
            [10] => :passerelle
            [11] => :login
            [12] => :password
            [13] => :numero_port_switch
            [14] => :id
        )

)

--------------------------------------------------------------------------------
[2026-07-27 13:30:49] Mise à jour réussie ID: 2932
--------------------------------------------------------------------------------
[2026-07-27 13:30:49] Traitement ID: 2933
--------------------------------------------------------------------------------
[2026-07-27 13:30:49] SQL
Array
(
    [sql] => UPDATE materiel SET marque = :marque, modele = :modele, type_materiel = :type_materiel, numero_serie = :numero_serie, version_firmware = :version_firmware, adresse_ip = :adresse_ip, adresse_mac = :adresse_mac, usage_materiel = :usage_materiel, ancien_firmware = :ancien_firmware, masque = :masque, passerelle = :passerelle, login = :login, password = :password, numero_port_switch = :numero_port_switch WHERE id = :id
    [params] => Array
        (
            [0] => :marque
            [1] => :modele
            [2] => :type_materiel
            [3] => :numero_serie
            [4] => :version_firmware
            [5] => :adresse_ip
            [6] => :adresse_mac
            [7] => :usage_materiel
            [8] => :ancien_firmware
            [9] => :masque
            [10] => :passerelle
            [11] => :login
            [12] => :password
            [13] => :numero_port_switch
            [14] => :id
        )

)

--------------------------------------------------------------------------------
[2026-07-27 13:30:49] Mise à jour réussie ID: 2933
--------------------------------------------------------------------------------
[2026-07-27 13:30:49] Traitement ID: 2978
--------------------------------------------------------------------------------
[2026-07-27 13:30:49] SQL
Array
(
    [sql] => UPDATE materiel SET marque = :marque, modele = :modele, type_materiel = :type_materiel, numero_serie = :numero_serie, version_firmware = :version_firmware, adresse_mac = :adresse_mac, usage_materiel = :usage_materiel, ancien_firmware = :ancien_firmware, masque = :masque, passerelle = :passerelle, login = :login, password = :password, stream_aes67_recu = :stream_aes67_recu, stream_aes67_transmis = :stream_aes67_transmis, numero_port_switch = :numero_port_switch WHERE id = :id
    [params] => Array
        (
            [0] => :marque
            [1] => :modele
            [2] => :type_materiel
            [3] => :numero_serie
            [4] => :version_firmware
            [5] => :adresse_mac
            [6] => :usage_materiel
            [7] => :ancien_firmware
            [8] => :masque
            [9] => :passerelle
            [10] => :login
            [11] => :password
            [12] => :stream_aes67_recu
            [13] => :stream_aes67_transmis
            [14] => :numero_port_switch
            [15] => :id
        )

)

--------------------------------------------------------------------------------
[2026-07-27 13:30:49] Mise à jour réussie ID: 2978
--------------------------------------------------------------------------------
[2026-07-27 13:30:49] Traitement ID: 2979
--------------------------------------------------------------------------------
[2026-07-27 13:30:49] SQL
Array
(
    [sql] => UPDATE materiel SET marque = :marque, modele = :modele, type_materiel = :type_materiel, numero_serie = :numero_serie, version_firmware = :version_firmware, adresse_ip = :adresse_ip, usage_materiel = :usage_materiel, ancien_firmware = :ancien_firmware, passerelle = :passerelle WHERE id = :id
    [params] => Array
        (
            [0] => :marque
            [1] => :modele
            [2] => :type_materiel
            [3] => :numero_serie
            [4] => :version_firmware
            [5] => :adresse_ip
            [6] => :usage_materiel
            [7] => :ancien_firmware
            [8] => :passerelle
            [9] => :id
        )

)

--------------------------------------------------------------------------------
[2026-07-27 13:30:49] Mise à jour réussie ID: 2979
--------------------------------------------------------------------------------
[2026-07-27 13:30:49] Traitement ID: 2981
--------------------------------------------------------------------------------
[2026-07-27 13:30:49] SQL
Array
(
    [sql] => UPDATE materiel SET marque = :marque, modele = :modele, type_materiel = :type_materiel, numero_serie = :numero_serie, version_firmware = :version_firmware, adresse_ip = :adresse_ip, usage_materiel = :usage_materiel, ancien_firmware = :ancien_firmware, passerelle = :passerelle, login = :login, password = :password WHERE id = :id
    [params] => Array
        (
            [0] => :marque
            [1] => :modele
            [2] => :type_materiel
            [3] => :numero_serie
            [4] => :version_firmware
            [5] => :adresse_ip
            [6] => :usage_materiel
            [7] => :ancien_firmware
            [8] => :passerelle
            [9] => :login
            [10] => :password
            [11] => :id
        )

)

--------------------------------------------------------------------------------
[2026-07-27 13:30:49] Mise à jour réussie ID: 2981
--------------------------------------------------------------------------------
[2026-07-27 13:30:49] Traitement ID: 2982
--------------------------------------------------------------------------------
[2026-07-27 13:30:49] SQL
Array
(
    [sql] => UPDATE materiel SET marque = :marque, modele = :modele, type_materiel = :type_materiel, adresse_ip = :adresse_ip, passerelle = :passerelle, login = :login, password = :password WHERE id = :id
    [params] => Array
        (
            [0] => :marque
            [1] => :modele
            [2] => :type_materiel
            [3] => :adresse_ip
            [4] => :passerelle
            [5] => :login
            [6] => :password
            [7] => :id
        )

)

--------------------------------------------------------------------------------
[2026-07-27 13:30:49] Mise à jour réussie ID: 2982
--------------------------------------------------------------------------------
[2026-07-27 13:30:49] Traitement ID: 2983
--------------------------------------------------------------------------------
[2026-07-27 13:30:49] SQL
Array
(
    [sql] => UPDATE materiel SET marque = :marque, modele = :modele, type_materiel = :type_materiel, adresse_ip = :adresse_ip, masque = :masque, passerelle = :passerelle, login = :login, password = :password WHERE id = :id
    [params] => Array
        (
            [0] => :marque
            [1] => :modele
            [2] => :type_materiel
            [3] => :adresse_ip
            [4] => :masque
            [5] => :passerelle
            [6] => :login
            [7] => :password
            [8] => :id
        )

)

--------------------------------------------------------------------------------
[2026-07-27 13:30:49] Mise à jour réussie ID: 2983
--------------------------------------------------------------------------------
[2026-07-27 13:30:49] Traitement ID: 2974
--------------------------------------------------------------------------------
[2026-07-27 13:30:49] SQL
Array
(
    [sql] => UPDATE materiel SET marque = :marque, modele = :modele, type_materiel = :type_materiel, numero_serie = :numero_serie, version_firmware = :version_firmware, adresse_ip = :adresse_ip, adresse_mac = :adresse_mac, usage_materiel = :usage_materiel, ancien_firmware = :ancien_firmware, masque = :masque, passerelle = :passerelle WHERE id = :id
    [params] => Array
        (
            [0] => :marque
            [1] => :modele
            [2] => :type_materiel
            [3] => :numero_serie
            [4] => :version_firmware
            [5] => :adresse_ip
            [6] => :adresse_mac
            [7] => :usage_materiel
            [8] => :ancien_firmware
            [9] => :masque
            [10] => :passerelle
            [11] => :id
        )

)

--------------------------------------------------------------------------------
[2026-07-27 13:30:49] Mise à jour réussie ID: 2974
--------------------------------------------------------------------------------
[2026-07-27 13:30:49] Traitement ID: 2941
--------------------------------------------------------------------------------
[2026-07-27 13:30:49] SQL
Array
(
    [sql] => UPDATE materiel SET marque = :marque, modele = :modele, type_materiel = :type_materiel, adresse_ip = :adresse_ip, usage_materiel = :usage_materiel, masque = :masque, passerelle = :passerelle WHERE id = :id
    [params] => Array
        (
            [0] => :marque
            [1] => :modele
            [2] => :type_materiel
            [3] => :adresse_ip
            [4] => :usage_materiel
            [5] => :masque
            [6] => :passerelle
            [7] => :id
        )

)

--------------------------------------------------------------------------------
[2026-07-27 13:30:49] Mise à jour réussie ID: 2941
--------------------------------------------------------------------------------
[2026-07-27 13:30:49] Traitement ID: 2942
--------------------------------------------------------------------------------
[2026-07-27 13:30:49] SQL
Array
(
    [sql] => UPDATE materiel SET marque = :marque, modele = :modele, type_materiel = :type_materiel, adresse_ip = :adresse_ip, usage_materiel = :usage_materiel, masque = :masque, passerelle = :passerelle WHERE id = :id
    [params] => Array
        (
            [0] => :marque
            [1] => :modele
            [2] => :type_materiel
            [3] => :adresse_ip
            [4] => :usage_materiel
            [5] => :masque
            [6] => :passerelle
            [7] => :id
        )

)

--------------------------------------------------------------------------------
[2026-07-27 13:30:49] Mise à jour réussie ID: 2942
--------------------------------------------------------------------------------
[2026-07-27 13:30:49] Traitement ID: 2943
--------------------------------------------------------------------------------
[2026-07-27 13:30:49] SQL
Array
(
    [sql] => UPDATE materiel SET marque = :marque, modele = :modele, type_materiel = :type_materiel, adresse_ip = :adresse_ip, usage_materiel = :usage_materiel, masque = :masque, passerelle = :passerelle WHERE id = :id
    [params] => Array
        (
            [0] => :marque
            [1] => :modele
            [2] => :type_materiel
            [3] => :adresse_ip
            [4] => :usage_materiel
            [5] => :masque
            [6] => :passerelle
            [7] => :id
        )

)

--------------------------------------------------------------------------------
[2026-07-27 13:30:49] Mise à jour réussie ID: 2943
--------------------------------------------------------------------------------
[2026-07-27 13:30:49] Traitement ID: 2944
--------------------------------------------------------------------------------
[2026-07-27 13:30:49] SQL
Array
(
    [sql] => UPDATE materiel SET marque = :marque, modele = :modele, type_materiel = :type_materiel, adresse_ip = :adresse_ip, usage_materiel = :usage_materiel, masque = :masque, passerelle = :passerelle WHERE id = :id
    [params] => Array
        (
            [0] => :marque
            [1] => :modele
            [2] => :type_materiel
            [3] => :adresse_ip
            [4] => :usage_materiel
            [5] => :masque
            [6] => :passerelle
            [7] => :id
        )

)

--------------------------------------------------------------------------------
[2026-07-27 13:30:49] Mise à jour réussie ID: 2944
--------------------------------------------------------------------------------
[2026-07-27 13:30:49] Traitement ID: 2945
--------------------------------------------------------------------------------
[2026-07-27 13:30:49] SQL
Array
(
    [sql] => UPDATE materiel SET marque = :marque, modele = :modele, type_materiel = :type_materiel, adresse_ip = :adresse_ip, usage_materiel = :usage_materiel, masque = :masque, passerelle = :passerelle WHERE id = :id
    [params] => Array
        (
            [0] => :marque
            [1] => :modele
            [2] => :type_materiel
            [3] => :adresse_ip
            [4] => :usage_materiel
            [5] => :masque
            [6] => :passerelle
            [7] => :id
        )

)

--------------------------------------------------------------------------------
[2026-07-27 13:30:49] Mise à jour réussie ID: 2945
--------------------------------------------------------------------------------
[2026-07-27 13:30:49] Traitement ID: 2946
--------------------------------------------------------------------------------
[2026-07-27 13:30:49] SQL
Array
(
    [sql] => UPDATE materiel SET marque = :marque, modele = :modele, type_materiel = :type_materiel, adresse_ip = :adresse_ip, usage_materiel = :usage_materiel, masque = :masque, passerelle = :passerelle WHERE id = :id
    [params] => Array
        (
            [0] => :marque
            [1] => :modele
            [2] => :type_materiel
            [3] => :adresse_ip
            [4] => :usage_materiel
            [5] => :masque
            [6] => :passerelle
            [7] => :id
        )

)

--------------------------------------------------------------------------------
[2026-07-27 13:30:49] Mise à jour réussie ID: 2946
--------------------------------------------------------------------------------
[2026-07-27 13:30:49] Traitement ID: 2947
--------------------------------------------------------------------------------
[2026-07-27 13:30:49] SQL
Array
(
    [sql] => UPDATE materiel SET marque = :marque, modele = :modele, type_materiel = :type_materiel, adresse_ip = :adresse_ip, usage_materiel = :usage_materiel, masque = :masque, passerelle = :passerelle WHERE id = :id
    [params] => Array
        (
            [0] => :marque
            [1] => :modele
            [2] => :type_materiel
            [3] => :adresse_ip
            [4] => :usage_materiel
            [5] => :masque
            [6] => :passerelle
            [7] => :id
        )

)

--------------------------------------------------------------------------------
[2026-07-27 13:30:49] Mise à jour réussie ID: 2947
--------------------------------------------------------------------------------
[2026-07-27 13:30:49] Traitement ID: 2948
--------------------------------------------------------------------------------
[2026-07-27 13:30:49] SQL
Array
(
    [sql] => UPDATE materiel SET marque = :marque, modele = :modele, type_materiel = :type_materiel, adresse_ip = :adresse_ip, usage_materiel = :usage_materiel, masque = :masque, passerelle = :passerelle WHERE id = :id
    [params] => Array
        (
            [0] => :marque
            [1] => :modele
            [2] => :type_materiel
            [3] => :adresse_ip
            [4] => :usage_materiel
            [5] => :masque
            [6] => :passerelle
            [7] => :id
        )

)

--------------------------------------------------------------------------------
[2026-07-27 13:30:49] Mise à jour réussie ID: 2948
--------------------------------------------------------------------------------
[2026-07-27 13:30:49] Traitement ID: 2949
--------------------------------------------------------------------------------
[2026-07-27 13:30:49] SQL
Array
(
    [sql] => UPDATE materiel SET marque = :marque, modele = :modele, type_materiel = :type_materiel, adresse_ip = :adresse_ip, usage_materiel = :usage_materiel, masque = :masque, passerelle = :passerelle WHERE id = :id
    [params] => Array
        (
            [0] => :marque
            [1] => :modele
            [2] => :type_materiel
            [3] => :adresse_ip
            [4] => :usage_materiel
            [5] => :masque
            [6] => :passerelle
            [7] => :id
        )

)

--------------------------------------------------------------------------------
[2026-07-27 13:30:49] Mise à jour réussie ID: 2949
--------------------------------------------------------------------------------
[2026-07-27 13:30:49] Traitement ID: 2950
--------------------------------------------------------------------------------
[2026-07-27 13:30:49] SQL
Array
(
    [sql] => UPDATE materiel SET marque = :marque, modele = :modele, type_materiel = :type_materiel, adresse_ip = :adresse_ip, usage_materiel = :usage_materiel, masque = :masque, passerelle = :passerelle WHERE id = :id
    [params] => Array
        (
            [0] => :marque
            [1] => :modele
            [2] => :type_materiel
            [3] => :adresse_ip
            [4] => :usage_materiel
            [5] => :masque
            [6] => :passerelle
            [7] => :id
        )

)

--------------------------------------------------------------------------------
[2026-07-27 13:30:49] Mise à jour réussie ID: 2950
--------------------------------------------------------------------------------
[2026-07-27 13:30:49] Traitement ID: 2951
--------------------------------------------------------------------------------
[2026-07-27 13:30:49] SQL
Array
(
    [sql] => UPDATE materiel SET marque = :marque, modele = :modele, type_materiel = :type_materiel, adresse_ip = :adresse_ip, usage_materiel = :usage_materiel, masque = :masque, passerelle = :passerelle WHERE id = :id
    [params] => Array
        (
            [0] => :marque
            [1] => :modele
            [2] => :type_materiel
            [3] => :adresse_ip
            [4] => :usage_materiel
            [5] => :masque
            [6] => :passerelle
            [7] => :id
        )

)

--------------------------------------------------------------------------------
[2026-07-27 13:30:49] Mise à jour réussie ID: 2951
--------------------------------------------------------------------------------
[2026-07-27 13:30:49] Traitement ID: 2952
--------------------------------------------------------------------------------
[2026-07-27 13:30:49] SQL
Array
(
    [sql] => UPDATE materiel SET marque = :marque, modele = :modele, type_materiel = :type_materiel, numero_serie = :numero_serie, version_firmware = :version_firmware, adresse_ip = :adresse_ip, adresse_mac = :adresse_mac, usage_materiel = :usage_materiel, ancien_firmware = :ancien_firmware, masque = :masque, passerelle = :passerelle, login = :login, password = :password, numero_port_switch = :numero_port_switch WHERE id = :id
    [params] => Array
        (
            [0] => :marque
            [1] => :modele
            [2] => :type_materiel
            [3] => :numero_serie
            [4] => :version_firmware
            [5] => :adresse_ip
            [6] => :adresse_mac
            [7] => :usage_materiel
            [8] => :ancien_firmware
            [9] => :masque
            [10] => :passerelle
            [11] => :login
            [12] => :password
            [13] => :numero_port_switch
            [14] => :id
        )

)

--------------------------------------------------------------------------------
[2026-07-27 13:30:49] Mise à jour réussie ID: 2952
--------------------------------------------------------------------------------
[2026-07-27 13:30:49] Traitement ID: 2953
--------------------------------------------------------------------------------
[2026-07-27 13:30:49] SQL
Array
(
    [sql] => UPDATE materiel SET marque = :marque, modele = :modele, type_materiel = :type_materiel, numero_serie = :numero_serie, version_firmware = :version_firmware, adresse_ip = :adresse_ip, adresse_mac = :adresse_mac, usage_materiel = :usage_materiel, ancien_firmware = :ancien_firmware, masque = :masque, passerelle = :passerelle, login = :login, password = :password, numero_port_switch = :numero_port_switch WHERE id = :id
    [params] => Array
        (
            [0] => :marque
            [1] => :modele
            [2] => :type_materiel
            [3] => :numero_serie
            [4] => :version_firmware
            [5] => :adresse_ip
            [6] => :adresse_mac
            [7] => :usage_materiel
            [8] => :ancien_firmware
            [9] => :masque
            [10] => :passerelle
            [11] => :login
            [12] => :password
            [13] => :numero_port_switch
            [14] => :id
        )

)

--------------------------------------------------------------------------------
[2026-07-27 13:30:49] Mise à jour réussie ID: 2953
--------------------------------------------------------------------------------
[2026-07-27 13:30:49] Traitement ID: 2954
--------------------------------------------------------------------------------
[2026-07-27 13:30:49] SQL
Array
(
    [sql] => UPDATE materiel SET marque = :marque, modele = :modele, type_materiel = :type_materiel, numero_serie = :numero_serie, version_firmware = :version_firmware, adresse_ip = :adresse_ip, adresse_mac = :adresse_mac, usage_materiel = :usage_materiel, ancien_firmware = :ancien_firmware, masque = :masque, passerelle = :passerelle, login = :login, password = :password, numero_port_switch = :numero_port_switch WHERE id = :id
    [params] => Array
        (
            [0] => :marque
            [1] => :modele
            [2] => :type_materiel
            [3] => :numero_serie
            [4] => :version_firmware
            [5] => :adresse_ip
            [6] => :adresse_mac
            [7] => :usage_materiel
            [8] => :ancien_firmware
            [9] => :masque
            [10] => :passerelle
            [11] => :login
            [12] => :password
            [13] => :numero_port_switch
            [14] => :id
        )

)

--------------------------------------------------------------------------------
[2026-07-27 13:30:49] Mise à jour réussie ID: 2954
--------------------------------------------------------------------------------
[2026-07-27 13:30:49] Traitement ID: 2955
--------------------------------------------------------------------------------
[2026-07-27 13:30:49] SQL
Array
(
    [sql] => UPDATE materiel SET marque = :marque, modele = :modele, type_materiel = :type_materiel, numero_serie = :numero_serie, version_firmware = :version_firmware, adresse_ip = :adresse_ip, adresse_mac = :adresse_mac, usage_materiel = :usage_materiel, ancien_firmware = :ancien_firmware, masque = :masque, passerelle = :passerelle, login = :login, password = :password, numero_port_switch = :numero_port_switch WHERE id = :id
    [params] => Array
        (
            [0] => :marque
            [1] => :modele
            [2] => :type_materiel
            [3] => :numero_serie
            [4] => :version_firmware
            [5] => :adresse_ip
            [6] => :adresse_mac
            [7] => :usage_materiel
            [8] => :ancien_firmware
            [9] => :masque
            [10] => :passerelle
            [11] => :login
            [12] => :password
            [13] => :numero_port_switch
            [14] => :id
        )

)

--------------------------------------------------------------------------------
[2026-07-27 13:30:49] Mise à jour réussie ID: 2955
--------------------------------------------------------------------------------
[2026-07-27 13:30:49] Traitement ID: 2936
--------------------------------------------------------------------------------
[2026-07-27 13:30:49] SQL
Array
(
    [sql] => UPDATE materiel SET marque = :marque, modele = :modele, type_materiel = :type_materiel, numero_serie = :numero_serie, version_firmware = :version_firmware, adresse_ip = :adresse_ip, adresse_mac = :adresse_mac, usage_materiel = :usage_materiel, ancien_firmware = :ancien_firmware, masque = :masque, passerelle = :passerelle, login = :login, password = :password, numero_port_switch = :numero_port_switch WHERE id = :id
    [params] => Array
        (
            [0] => :marque
            [1] => :modele
            [2] => :type_materiel
            [3] => :numero_serie
            [4] => :version_firmware
            [5] => :adresse_ip
            [6] => :adresse_mac
            [7] => :usage_materiel
            [8] => :ancien_firmware
            [9] => :masque
            [10] => :passerelle
            [11] => :login
            [12] => :password
            [13] => :numero_port_switch
            [14] => :id
        )

)

--------------------------------------------------------------------------------
[2026-07-27 13:30:49] Mise à jour réussie ID: 2936
--------------------------------------------------------------------------------
[2026-07-27 13:30:49] Traitement ID: 2940
--------------------------------------------------------------------------------
[2026-07-27 13:30:49] SQL
Array
(
    [sql] => UPDATE materiel SET marque = :marque, modele = :modele, type_materiel = :type_materiel, version_firmware = :version_firmware, adresse_ip = :adresse_ip, adresse_mac = :adresse_mac, usage_materiel = :usage_materiel, ancien_firmware = :ancien_firmware, masque = :masque, passerelle = :passerelle, numero_port_switch = :numero_port_switch WHERE id = :id
    [params] => Array
        (
            [0] => :marque
            [1] => :modele
            [2] => :type_materiel
            [3] => :version_firmware
            [4] => :adresse_ip
            [5] => :adresse_mac
            [6] => :usage_materiel
            [7] => :ancien_firmware
            [8] => :masque
            [9] => :passerelle
            [10] => :numero_port_switch
            [11] => :id
        )

)

--------------------------------------------------------------------------------
[2026-07-27 13:30:49] Mise à jour réussie ID: 2940
--------------------------------------------------------------------------------
[2026-07-27 13:30:49] Traitement ID: 2975
--------------------------------------------------------------------------------
[2026-07-27 13:30:49] SQL
Array
(
    [sql] => UPDATE materiel SET marque = :marque, modele = :modele, type_materiel = :type_materiel, numero_serie = :numero_serie, version_firmware = :version_firmware, adresse_ip = :adresse_ip, adresse_mac = :adresse_mac, usage_materiel = :usage_materiel, masque = :masque, passerelle = :passerelle, login = :login, password = :password, ssid = :ssid, type_cryptage = :type_cryptage, password_wifi = :password_wifi, numero_port_switch = :numero_port_switch WHERE id = :id
    [params] => Array
        (
            [0] => :marque
            [1] => :modele
            [2] => :type_materiel
            [3] => :numero_serie
            [4] => :version_firmware
            [5] => :adresse_ip
            [6] => :adresse_mac
            [7] => :usage_materiel
            [8] => :masque
            [9] => :passerelle
            [10] => :login
            [11] => :password
            [12] => :ssid
            [13] => :type_cryptage
            [14] => :password_wifi
            [15] => :numero_port_switch
            [16] => :id
        )

)

--------------------------------------------------------------------------------
[2026-07-27 13:30:49] Mise à jour réussie ID: 2975
--------------------------------------------------------------------------------
[2026-07-27 13:30:49] Traitement ID: 2938
--------------------------------------------------------------------------------
[2026-07-27 13:30:49] SQL
Array
(
    [sql] => UPDATE materiel SET marque = :marque, modele = :modele, type_materiel = :type_materiel, numero_serie = :numero_serie, version_firmware = :version_firmware, adresse_ip = :adresse_ip, adresse_mac = :adresse_mac, usage_materiel = :usage_materiel, masque = :masque, passerelle = :passerelle, login = :login, password = :password, ip_primaire = :ip_primaire, mac_primaire = :mac_primaire, numero_port_switch = :numero_port_switch WHERE id = :id
    [params] => Array
        (
            [0] => :marque
            [1] => :modele
            [2] => :type_materiel
            [3] => :numero_serie
            [4] => :version_firmware
            [5] => :adresse_ip
            [6] => :adresse_mac
            [7] => :usage_materiel
            [8] => :masque
            [9] => :passerelle
            [10] => :login
            [11] => :password
            [12] => :ip_primaire
            [13] => :mac_primaire
            [14] => :numero_port_switch
            [15] => :id
        )

)

--------------------------------------------------------------------------------
[2026-07-27 13:30:49] Mise à jour réussie ID: 2938
--------------------------------------------------------------------------------
[2026-07-27 13:30:49] Traitement ID: 2939
--------------------------------------------------------------------------------
[2026-07-27 13:30:49] SQL
Array
(
    [sql] => UPDATE materiel SET marque = :marque, modele = :modele, type_materiel = :type_materiel, numero_serie = :numero_serie, version_firmware = :version_firmware, adresse_ip = :adresse_ip, adresse_mac = :adresse_mac, usage_materiel = :usage_materiel, masque = :masque, passerelle = :passerelle, numero_port_switch = :numero_port_switch WHERE id = :id
    [params] => Array
        (
            [0] => :marque
            [1] => :modele
            [2] => :type_materiel
            [3] => :numero_serie
            [4] => :version_firmware
            [5] => :adresse_ip
            [6] => :adresse_mac
            [7] => :usage_materiel
            [8] => :masque
            [9] => :passerelle
            [10] => :numero_port_switch
            [11] => :id
        )

)

--------------------------------------------------------------------------------
[2026-07-27 13:30:49] Mise à jour réussie ID: 2939
--------------------------------------------------------------------------------
[2026-07-27 13:30:49] Traitement ID: 2935
--------------------------------------------------------------------------------
[2026-07-27 13:30:49] SQL
Array
(
    [sql] => UPDATE materiel SET marque = :marque, modele = :modele, type_materiel = :type_materiel, numero_serie = :numero_serie, version_firmware = :version_firmware, adresse_ip = :adresse_ip, adresse_mac = :adresse_mac, usage_materiel = :usage_materiel, masque = :masque, passerelle = :passerelle, login = :login, password = :password, numero_port_switch = :numero_port_switch WHERE id = :id
    [params] => Array
        (
            [0] => :marque
            [1] => :modele
            [2] => :type_materiel
            [3] => :numero_serie
            [4] => :version_firmware
            [5] => :adresse_ip
            [6] => :adresse_mac
            [7] => :usage_materiel
            [8] => :masque
            [9] => :passerelle
            [10] => :login
            [11] => :password
            [12] => :numero_port_switch
            [13] => :id
        )

)

--------------------------------------------------------------------------------
[2026-07-27 13:30:49] Mise à jour réussie ID: 2935
--------------------------------------------------------------------------------
[2026-07-27 13:30:49] Traitement ID: 2937
--------------------------------------------------------------------------------
[2026-07-27 13:30:49] SQL
Array
(
    [sql] => UPDATE materiel SET marque = :marque, modele = :modele, type_materiel = :type_materiel, numero_serie = :numero_serie, version_firmware = :version_firmware, adresse_ip = :adresse_ip, adresse_mac = :adresse_mac, usage_materiel = :usage_materiel, masque = :masque, passerelle = :passerelle, numero_port_switch = :numero_port_switch WHERE id = :id
    [params] => Array
        (
            [0] => :marque
            [1] => :modele
            [2] => :type_materiel
            [3] => :numero_serie
            [4] => :version_firmware
            [5] => :adresse_ip
            [6] => :adresse_mac
            [7] => :usage_materiel
            [8] => :masque
            [9] => :passerelle
            [10] => :numero_port_switch
            [11] => :id
        )

)

--------------------------------------------------------------------------------
[2026-07-27 13:30:49] Mise à jour réussie ID: 2937
--------------------------------------------------------------------------------
[2026-07-27 13:30:49] Réponse
Array
(
    [status] => success
    [message] => 54 ligne(s) mise(s) à jour
    [updated] => 54
    [total_rows] => 54
    [errors] => Array
        (
        )

)

--------------------------------------------------------------------------------
[2026-07-27 13:30:49] === FIN ===
--------------------------------------------------------------------------------
[2026-07-27 13:30:49] === DÉBUT ===
--------------------------------------------------------------------------------
[2026-07-27 13:30:49] Input reçu
Array
(
    [raw_length] => 22133
    [has_data] => 1
)

--------------------------------------------------------------------------------
[2026-07-27 13:30:49] Connexion BDD OK
--------------------------------------------------------------------------------
[2026-07-27 13:30:49] Traitement ID: 3075
--------------------------------------------------------------------------------
[2026-07-27 13:30:49] SQL
Array
(
    [sql] => UPDATE materiel SET marque = :marque, modele = :modele, type_materiel = :type_materiel, numero_serie = :numero_serie, version_firmware = :version_firmware, adresse_ip = :adresse_ip, adresse_mac = :adresse_mac, usage_materiel = :usage_materiel, masque = :masque, passerelle = :passerelle WHERE id = :id
    [params] => Array
        (
            [0] => :marque
            [1] => :modele
            [2] => :type_materiel
            [3] => :numero_serie
            [4] => :version_firmware
            [5] => :adresse_ip
            [6] => :adresse_mac
            [7] => :usage_materiel
            [8] => :masque
            [9] => :passerelle
            [10] => :id
        )

)

--------------------------------------------------------------------------------
[2026-07-27 13:30:49] Mise à jour réussie ID: 3075
--------------------------------------------------------------------------------
[2026-07-27 13:30:49] Traitement ID: 3076
--------------------------------------------------------------------------------
[2026-07-27 13:30:49] SQL
Array
(
    [sql] => UPDATE materiel SET marque = :marque, modele = :modele, type_materiel = :type_materiel, numero_serie = :numero_serie, version_firmware = :version_firmware, adresse_ip = :adresse_ip, adresse_mac = :adresse_mac, usage_materiel = :usage_materiel, masque = :masque, passerelle = :passerelle WHERE id = :id
    [params] => Array
        (
            [0] => :marque
            [1] => :modele
            [2] => :type_materiel
            [3] => :numero_serie
            [4] => :version_firmware
            [5] => :adresse_ip
            [6] => :adresse_mac
            [7] => :usage_materiel
            [8] => :masque
            [9] => :passerelle
            [10] => :id
        )

)

--------------------------------------------------------------------------------
[2026-07-27 13:30:49] Mise à jour réussie ID: 3076
--------------------------------------------------------------------------------
[2026-07-27 13:30:49] Traitement ID: 3077
--------------------------------------------------------------------------------
[2026-07-27 13:30:49] SQL
Array
(
    [sql] => UPDATE materiel SET marque = :marque, modele = :modele, type_materiel = :type_materiel, numero_serie = :numero_serie, version_firmware = :version_firmware, adresse_ip = :adresse_ip, adresse_mac = :adresse_mac, usage_materiel = :usage_materiel, masque = :masque, passerelle = :passerelle, stream_aes67_recu = :stream_aes67_recu WHERE id = :id
    [params] => Array
        (
            [0] => :marque
            [1] => :modele
            [2] => :type_materiel
            [3] => :numero_serie
            [4] => :version_firmware
            [5] => :adresse_ip
            [6] => :adresse_mac
            [7] => :usage_materiel
            [8] => :masque
            [9] => :passerelle
            [10] => :stream_aes67_recu
            [11] => :id
        )

)

--------------------------------------------------------------------------------
[2026-07-27 13:30:49] Mise à jour réussie ID: 3077
--------------------------------------------------------------------------------
[2026-07-27 13:30:49] Traitement ID: 3072
--------------------------------------------------------------------------------
[2026-07-27 13:30:49] SQL
Array
(
    [sql] => UPDATE materiel SET marque = :marque, modele = :modele, type_materiel = :type_materiel, numero_serie = :numero_serie, version_firmware = :version_firmware, adresse_ip = :adresse_ip, adresse_mac = :adresse_mac, usage_materiel = :usage_materiel, masque = :masque, passerelle = :passerelle WHERE id = :id
    [params] => Array
        (
            [0] => :marque
            [1] => :modele
            [2] => :type_materiel
            [3] => :numero_serie
            [4] => :version_firmware
            [5] => :adresse_ip
            [6] => :adresse_mac
            [7] => :usage_materiel
            [8] => :masque
            [9] => :passerelle
            [10] => :id
        )

)

--------------------------------------------------------------------------------
[2026-07-27 13:30:49] Mise à jour réussie ID: 3072
--------------------------------------------------------------------------------
[2026-07-27 13:30:49] Traitement ID: 3073
--------------------------------------------------------------------------------
[2026-07-27 13:30:49] SQL
Array
(
    [sql] => UPDATE materiel SET marque = :marque, modele = :modele, type_materiel = :type_materiel, numero_serie = :numero_serie, version_firmware = :version_firmware, adresse_ip = :adresse_ip, adresse_mac = :adresse_mac, usage_materiel = :usage_materiel, masque = :masque, passerelle = :passerelle, stream_aes67_transmis = :stream_aes67_transmis WHERE id = :id
    [params] => Array
        (
            [0] => :marque
            [1] => :modele
            [2] => :type_materiel
            [3] => :numero_serie
            [4] => :version_firmware
            [5] => :adresse_ip
            [6] => :adresse_mac
            [7] => :usage_materiel
            [8] => :masque
            [9] => :passerelle
            [10] => :stream_aes67_transmis
            [11] => :id
        )

)

--------------------------------------------------------------------------------
[2026-07-27 13:30:49] Mise à jour réussie ID: 3073
--------------------------------------------------------------------------------
[2026-07-27 13:30:49] Traitement ID: 3074
--------------------------------------------------------------------------------
[2026-07-27 13:30:49] SQL
Array
(
    [sql] => UPDATE materiel SET marque = :marque, modele = :modele, type_materiel = :type_materiel, numero_serie = :numero_serie, version_firmware = :version_firmware, adresse_ip = :adresse_ip, adresse_mac = :adresse_mac, usage_materiel = :usage_materiel, masque = :masque, passerelle = :passerelle, stream_aes67_transmis = :stream_aes67_transmis WHERE id = :id
    [params] => Array
        (
            [0] => :marque
            [1] => :modele
            [2] => :type_materiel
            [3] => :numero_serie
            [4] => :version_firmware
            [5] => :adresse_ip
            [6] => :adresse_mac
            [7] => :usage_materiel
            [8] => :masque
            [9] => :passerelle
            [10] => :stream_aes67_transmis
            [11] => :id
        )

)

--------------------------------------------------------------------------------
[2026-07-27 13:30:49] Mise à jour réussie ID: 3074
--------------------------------------------------------------------------------
[2026-07-27 13:30:49] Traitement ID: 3059
--------------------------------------------------------------------------------
[2026-07-27 13:30:49] SQL
Array
(
    [sql] => UPDATE materiel SET marque = :marque, modele = :modele, type_materiel = :type_materiel, numero_serie = :numero_serie, adresse_ip = :adresse_ip, usage_materiel = :usage_materiel, masque = :masque, passerelle = :passerelle WHERE id = :id
    [params] => Array
        (
            [0] => :marque
            [1] => :modele
            [2] => :type_materiel
            [3] => :numero_serie
            [4] => :adresse_ip
            [5] => :usage_materiel
            [6] => :masque
            [7] => :passerelle
            [8] => :id
        )

)

--------------------------------------------------------------------------------
[2026-07-27 13:30:49] Mise à jour réussie ID: 3059
--------------------------------------------------------------------------------
[2026-07-27 13:30:49] Traitement ID: 3082
--------------------------------------------------------------------------------
[2026-07-27 13:30:49] SQL
Array
(
    [sql] => UPDATE materiel SET marque = :marque, modele = :modele, type_materiel = :type_materiel, numero_serie = :numero_serie, version_firmware = :version_firmware, adresse_ip = :adresse_ip, adresse_mac = :adresse_mac, usage_materiel = :usage_materiel, masque = :masque, passerelle = :passerelle, stream_aes67_recu = :stream_aes67_recu, stream_aes67_transmis = :stream_aes67_transmis WHERE id = :id
    [params] => Array
        (
            [0] => :marque
            [1] => :modele
            [2] => :type_materiel
            [3] => :numero_serie
            [4] => :version_firmware
            [5] => :adresse_ip
            [6] => :adresse_mac
            [7] => :usage_materiel
            [8] => :masque
            [9] => :passerelle
            [10] => :stream_aes67_recu
            [11] => :stream_aes67_transmis
            [12] => :id
        )

)

--------------------------------------------------------------------------------
[2026-07-27 13:30:49] Mise à jour réussie ID: 3082
--------------------------------------------------------------------------------
[2026-07-27 13:30:49] Traitement ID: 3083
--------------------------------------------------------------------------------
[2026-07-27 13:30:49] SQL
Array
(
    [sql] => UPDATE materiel SET marque = :marque, modele = :modele, type_materiel = :type_materiel, numero_serie = :numero_serie, version_firmware = :version_firmware, adresse_ip = :adresse_ip, adresse_mac = :adresse_mac, usage_materiel = :usage_materiel, masque = :masque, passerelle = :passerelle, stream_aes67_recu = :stream_aes67_recu, stream_aes67_transmis = :stream_aes67_transmis WHERE id = :id
    [params] => Array
        (
            [0] => :marque
            [1] => :modele
            [2] => :type_materiel
            [3] => :numero_serie
            [4] => :version_firmware
            [5] => :adresse_ip
            [6] => :adresse_mac
            [7] => :usage_materiel
            [8] => :masque
            [9] => :passerelle
            [10] => :stream_aes67_recu
            [11] => :stream_aes67_transmis
            [12] => :id
        )

)

--------------------------------------------------------------------------------
[2026-07-27 13:30:49] Mise à jour réussie ID: 3083
--------------------------------------------------------------------------------
[2026-07-27 13:30:49] Traitement ID: 3078
--------------------------------------------------------------------------------
[2026-07-27 13:30:49] SQL
Array
(
    [sql] => UPDATE materiel SET marque = :marque, modele = :modele, type_materiel = :type_materiel, numero_serie = :numero_serie, version_firmware = :version_firmware, adresse_ip = :adresse_ip, adresse_mac = :adresse_mac, usage_materiel = :usage_materiel, masque = :masque, passerelle = :passerelle WHERE id = :id
    [params] => Array
        (
            [0] => :marque
            [1] => :modele
            [2] => :type_materiel
            [3] => :numero_serie
            [4] => :version_firmware
            [5] => :adresse_ip
            [6] => :adresse_mac
            [7] => :usage_materiel
            [8] => :masque
            [9] => :passerelle
            [10] => :id
        )

)

--------------------------------------------------------------------------------
[2026-07-27 13:30:49] Mise à jour réussie ID: 3078
--------------------------------------------------------------------------------
[2026-07-27 13:30:49] Traitement ID: 3086
--------------------------------------------------------------------------------
[2026-07-27 13:30:49] SQL
Array
(
    [sql] => UPDATE materiel SET marque = :marque, modele = :modele, type_materiel = :type_materiel, numero_serie = :numero_serie, version_firmware = :version_firmware, adresse_ip = :adresse_ip, adresse_mac = :adresse_mac, usage_materiel = :usage_materiel, masque = :masque, passerelle = :passerelle, login = :login, password = :password WHERE id = :id
    [params] => Array
        (
            [0] => :marque
            [1] => :modele
            [2] => :type_materiel
            [3] => :numero_serie
            [4] => :version_firmware
            [5] => :adresse_ip
            [6] => :adresse_mac
            [7] => :usage_materiel
            [8] => :masque
            [9] => :passerelle
            [10] => :login
            [11] => :password
            [12] => :id
        )

)

--------------------------------------------------------------------------------
[2026-07-27 13:30:49] Mise à jour réussie ID: 3086
--------------------------------------------------------------------------------
[2026-07-27 13:30:49] Traitement ID: 3057
--------------------------------------------------------------------------------
[2026-07-27 13:30:49] SQL
Array
(
    [sql] => UPDATE materiel SET marque = :marque, modele = :modele, type_materiel = :type_materiel, numero_serie = :numero_serie, version_firmware = :version_firmware, adresse_ip = :adresse_ip, adresse_mac = :adresse_mac, usage_materiel = :usage_materiel, masque = :masque, passerelle = :passerelle WHERE id = :id
    [params] => Array
        (
            [0] => :marque
            [1] => :modele
            [2] => :type_materiel
            [3] => :numero_serie
            [4] => :version_firmware
            [5] => :adresse_ip
            [6] => :adresse_mac
            [7] => :usage_materiel
            [8] => :masque
            [9] => :passerelle
            [10] => :id
        )

)

--------------------------------------------------------------------------------
[2026-07-27 13:30:49] Mise à jour réussie ID: 3057
--------------------------------------------------------------------------------
[2026-07-27 13:30:49] Traitement ID: 3058
--------------------------------------------------------------------------------
[2026-07-27 13:30:49] SQL
Array
(
    [sql] => UPDATE materiel SET marque = :marque, modele = :modele, type_materiel = :type_materiel, numero_serie = :numero_serie, version_firmware = :version_firmware, adresse_ip = :adresse_ip, adresse_mac = :adresse_mac, usage_materiel = :usage_materiel, masque = :masque, passerelle = :passerelle WHERE id = :id
    [params] => Array
        (
            [0] => :marque
            [1] => :modele
            [2] => :type_materiel
            [3] => :numero_serie
            [4] => :version_firmware
            [5] => :adresse_ip
            [6] => :adresse_mac
            [7] => :usage_materiel
            [8] => :masque
            [9] => :passerelle
            [10] => :id
        )

)

--------------------------------------------------------------------------------
[2026-07-27 13:30:49] Mise à jour réussie ID: 3058
--------------------------------------------------------------------------------
[2026-07-27 13:30:49] Traitement ID: 3069
--------------------------------------------------------------------------------
[2026-07-27 13:30:49] SQL
Array
(
    [sql] => UPDATE materiel SET marque = :marque, modele = :modele, type_materiel = :type_materiel, numero_serie = :numero_serie, version_firmware = :version_firmware, adresse_ip = :adresse_ip, adresse_mac = :adresse_mac, usage_materiel = :usage_materiel, masque = :masque, passerelle = :passerelle, ip_primaire = :ip_primaire, mac_primaire = :mac_primaire, stream_aes67_recu = :stream_aes67_recu, stream_aes67_transmis = :stream_aes67_transmis WHERE id = :id
    [params] => Array
        (
            [0] => :marque
            [1] => :modele
            [2] => :type_materiel
            [3] => :numero_serie
            [4] => :version_firmware
            [5] => :adresse_ip
            [6] => :adresse_mac
            [7] => :usage_materiel
            [8] => :masque
            [9] => :passerelle
            [10] => :ip_primaire
            [11] => :mac_primaire
            [12] => :stream_aes67_recu
            [13] => :stream_aes67_transmis
            [14] => :id
        )

)

--------------------------------------------------------------------------------
[2026-07-27 13:30:49] Mise à jour réussie ID: 3069
--------------------------------------------------------------------------------
[2026-07-27 13:30:49] Traitement ID: 3084
--------------------------------------------------------------------------------
[2026-07-27 13:30:49] SQL
Array
(
    [sql] => UPDATE materiel SET marque = :marque, modele = :modele, type_materiel = :type_materiel, numero_serie = :numero_serie, version_firmware = :version_firmware, adresse_ip = :adresse_ip, adresse_mac = :adresse_mac, usage_materiel = :usage_materiel, masque = :masque, passerelle = :passerelle WHERE id = :id
    [params] => Array
        (
            [0] => :marque
            [1] => :modele
            [2] => :type_materiel
            [3] => :numero_serie
            [4] => :version_firmware
            [5] => :adresse_ip
            [6] => :adresse_mac
            [7] => :usage_materiel
            [8] => :masque
            [9] => :passerelle
            [10] => :id
        )

)

--------------------------------------------------------------------------------
[2026-07-27 13:30:49] Mise à jour réussie ID: 3084
--------------------------------------------------------------------------------
[2026-07-27 13:30:49] Traitement ID: 3081
--------------------------------------------------------------------------------
[2026-07-27 13:30:49] SQL
Array
(
    [sql] => UPDATE materiel SET marque = :marque, modele = :modele, type_materiel = :type_materiel, numero_serie = :numero_serie, version_firmware = :version_firmware, adresse_ip = :adresse_ip, adresse_mac = :adresse_mac, usage_materiel = :usage_materiel, masque = :masque, passerelle = :passerelle WHERE id = :id
    [params] => Array
        (
            [0] => :marque
            [1] => :modele
            [2] => :type_materiel
            [3] => :numero_serie
            [4] => :version_firmware
            [5] => :adresse_ip
            [6] => :adresse_mac
            [7] => :usage_materiel
            [8] => :masque
            [9] => :passerelle
            [10] => :id
        )

)

--------------------------------------------------------------------------------
[2026-07-27 13:30:49] Mise à jour réussie ID: 3081
--------------------------------------------------------------------------------
[2026-07-27 13:30:49] Traitement ID: 3071
--------------------------------------------------------------------------------
[2026-07-27 13:30:49] SQL
Array
(
    [sql] => UPDATE materiel SET marque = :marque, modele = :modele, type_materiel = :type_materiel, numero_serie = :numero_serie, adresse_ip = :adresse_ip, usage_materiel = :usage_materiel, masque = :masque, passerelle = :passerelle WHERE id = :id
    [params] => Array
        (
            [0] => :marque
            [1] => :modele
            [2] => :type_materiel
            [3] => :numero_serie
            [4] => :adresse_ip
            [5] => :usage_materiel
            [6] => :masque
            [7] => :passerelle
            [8] => :id
        )

)

--------------------------------------------------------------------------------
[2026-07-27 13:30:49] Mise à jour réussie ID: 3071
--------------------------------------------------------------------------------
[2026-07-27 13:30:49] Traitement ID: 3070
--------------------------------------------------------------------------------
[2026-07-27 13:30:49] SQL
Array
(
    [sql] => UPDATE materiel SET marque = :marque, modele = :modele, type_materiel = :type_materiel, numero_serie = :numero_serie, adresse_ip = :adresse_ip, usage_materiel = :usage_materiel, masque = :masque, passerelle = :passerelle WHERE id = :id
    [params] => Array
        (
            [0] => :marque
            [1] => :modele
            [2] => :type_materiel
            [3] => :numero_serie
            [4] => :adresse_ip
            [5] => :usage_materiel
            [6] => :masque
            [7] => :passerelle
            [8] => :id
        )

)

--------------------------------------------------------------------------------
[2026-07-27 13:30:49] Mise à jour réussie ID: 3070
--------------------------------------------------------------------------------
[2026-07-27 13:30:49] Traitement ID: 3079
--------------------------------------------------------------------------------
[2026-07-27 13:30:49] SQL
Array
(
    [sql] => UPDATE materiel SET marque = :marque, modele = :modele, type_materiel = :type_materiel, numero_serie = :numero_serie, version_firmware = :version_firmware, adresse_ip = :adresse_ip, adresse_mac = :adresse_mac, usage_materiel = :usage_materiel, masque = :masque, passerelle = :passerelle WHERE id = :id
    [params] => Array
        (
            [0] => :marque
            [1] => :modele
            [2] => :type_materiel
            [3] => :numero_serie
            [4] => :version_firmware
            [5] => :adresse_ip
            [6] => :adresse_mac
            [7] => :usage_materiel
            [8] => :masque
            [9] => :passerelle
            [10] => :id
        )

)

--------------------------------------------------------------------------------
[2026-07-27 13:30:49] Mise à jour réussie ID: 3079
--------------------------------------------------------------------------------
[2026-07-27 13:30:49] Traitement ID: 3080
--------------------------------------------------------------------------------
[2026-07-27 13:30:49] SQL
Array
(
    [sql] => UPDATE materiel SET marque = :marque, modele = :modele, type_materiel = :type_materiel, numero_serie = :numero_serie, version_firmware = :version_firmware, adresse_ip = :adresse_ip, adresse_mac = :adresse_mac, usage_materiel = :usage_materiel, masque = :masque, passerelle = :passerelle WHERE id = :id
    [params] => Array
        (
            [0] => :marque
            [1] => :modele
            [2] => :type_materiel
            [3] => :numero_serie
            [4] => :version_firmware
            [5] => :adresse_ip
            [6] => :adresse_mac
            [7] => :usage_materiel
            [8] => :masque
            [9] => :passerelle
            [10] => :id
        )

)

--------------------------------------------------------------------------------
[2026-07-27 13:30:49] Mise à jour réussie ID: 3080
--------------------------------------------------------------------------------
[2026-07-27 13:30:49] Traitement ID: 3060
--------------------------------------------------------------------------------
[2026-07-27 13:30:49] SQL
Array
(
    [sql] => UPDATE materiel SET marque = :marque, modele = :modele, type_materiel = :type_materiel, numero_serie = :numero_serie, version_firmware = :version_firmware, adresse_ip = :adresse_ip, adresse_mac = :adresse_mac, usage_materiel = :usage_materiel, masque = :masque, passerelle = :passerelle, login = :login, password = :password WHERE id = :id
    [params] => Array
        (
            [0] => :marque
            [1] => :modele
            [2] => :type_materiel
            [3] => :numero_serie
            [4] => :version_firmware
            [5] => :adresse_ip
            [6] => :adresse_mac
            [7] => :usage_materiel
            [8] => :masque
            [9] => :passerelle
            [10] => :login
            [11] => :password
            [12] => :id
        )

)

--------------------------------------------------------------------------------
[2026-07-27 13:30:49] Mise à jour réussie ID: 3060
--------------------------------------------------------------------------------
[2026-07-27 13:30:49] Traitement ID: 3085
--------------------------------------------------------------------------------
[2026-07-27 13:30:49] SQL
Array
(
    [sql] => UPDATE materiel SET marque = :marque, modele = :modele, type_materiel = :type_materiel, numero_serie = :numero_serie, version_firmware = :version_firmware, adresse_ip = :adresse_ip, adresse_mac = :adresse_mac, usage_materiel = :usage_materiel, masque = :masque, passerelle = :passerelle, login = :login, password = :password, ssid = :ssid, type_cryptage = :type_cryptage, password_wifi = :password_wifi WHERE id = :id
    [params] => Array
        (
            [0] => :marque
            [1] => :modele
            [2] => :type_materiel
            [3] => :numero_serie
            [4] => :version_firmware
            [5] => :adresse_ip
            [6] => :adresse_mac
            [7] => :usage_materiel
            [8] => :masque
            [9] => :passerelle
            [10] => :login
            [11] => :password
            [12] => :ssid
            [13] => :type_cryptage
            [14] => :password_wifi
            [15] => :id
        )

)

--------------------------------------------------------------------------------
[2026-07-27 13:30:49] Mise à jour réussie ID: 3085
--------------------------------------------------------------------------------
[2026-07-27 13:30:49] Traitement ID: 3067
--------------------------------------------------------------------------------
[2026-07-27 13:30:49] SQL
Array
(
    [sql] => UPDATE materiel SET marque = :marque, modele = :modele, type_materiel = :type_materiel, numero_serie = :numero_serie, version_firmware = :version_firmware, adresse_ip = :adresse_ip, adresse_mac = :adresse_mac, usage_materiel = :usage_materiel, masque = :masque, passerelle = :passerelle, ip_primaire = :ip_primaire, mac_primaire = :mac_primaire, stream_aes67_recu = :stream_aes67_recu, stream_aes67_transmis = :stream_aes67_transmis WHERE id = :id
    [params] => Array
        (
            [0] => :marque
            [1] => :modele
            [2] => :type_materiel
            [3] => :numero_serie
            [4] => :version_firmware
            [5] => :adresse_ip
            [6] => :adresse_mac
            [7] => :usage_materiel
            [8] => :masque
            [9] => :passerelle
            [10] => :ip_primaire
            [11] => :mac_primaire
            [12] => :stream_aes67_recu
            [13] => :stream_aes67_transmis
            [14] => :id
        )

)

--------------------------------------------------------------------------------
[2026-07-27 13:30:49] Mise à jour réussie ID: 3067
--------------------------------------------------------------------------------
[2026-07-27 13:30:49] Traitement ID: 3068
--------------------------------------------------------------------------------
[2026-07-27 13:30:49] SQL
Array
(
    [sql] => UPDATE materiel SET marque = :marque, modele = :modele, type_materiel = :type_materiel, numero_serie = :numero_serie, version_firmware = :version_firmware, adresse_ip = :adresse_ip, adresse_mac = :adresse_mac, usage_materiel = :usage_materiel, masque = :masque, passerelle = :passerelle, ip_primaire = :ip_primaire, mac_primaire = :mac_primaire, stream_aes67_recu = :stream_aes67_recu, stream_aes67_transmis = :stream_aes67_transmis WHERE id = :id
    [params] => Array
        (
            [0] => :marque
            [1] => :modele
            [2] => :type_materiel
            [3] => :numero_serie
            [4] => :version_firmware
            [5] => :adresse_ip
            [6] => :adresse_mac
            [7] => :usage_materiel
            [8] => :masque
            [9] => :passerelle
            [10] => :ip_primaire
            [11] => :mac_primaire
            [12] => :stream_aes67_recu
            [13] => :stream_aes67_transmis
            [14] => :id
        )

)

--------------------------------------------------------------------------------
[2026-07-27 13:30:49] Mise à jour réussie ID: 3068
--------------------------------------------------------------------------------
[2026-07-27 13:30:49] Traitement ID: 3061
--------------------------------------------------------------------------------
[2026-07-27 13:30:49] SQL
Array
(
    [sql] => UPDATE materiel SET marque = :marque, modele = :modele, type_materiel = :type_materiel, numero_serie = :numero_serie, version_firmware = :version_firmware, adresse_ip = :adresse_ip, adresse_mac = :adresse_mac, usage_materiel = :usage_materiel, ancien_firmware = :ancien_firmware, masque = :masque, passerelle = :passerelle, ip_primaire = :ip_primaire, mac_primaire = :mac_primaire, stream_aes67_transmis = :stream_aes67_transmis WHERE id = :id
    [params] => Array
        (
            [0] => :marque
            [1] => :modele
            [2] => :type_materiel
            [3] => :numero_serie
            [4] => :version_firmware
            [5] => :adresse_ip
            [6] => :adresse_mac
            [7] => :usage_materiel
            [8] => :ancien_firmware
            [9] => :masque
            [10] => :passerelle
            [11] => :ip_primaire
            [12] => :mac_primaire
            [13] => :stream_aes67_transmis
            [14] => :id
        )

)

--------------------------------------------------------------------------------
[2026-07-27 13:30:49] Mise à jour réussie ID: 3061
--------------------------------------------------------------------------------
[2026-07-27 13:30:49] Traitement ID: 3063
--------------------------------------------------------------------------------
[2026-07-27 13:30:49] SQL
Array
(
    [sql] => UPDATE materiel SET marque = :marque, modele = :modele, type_materiel = :type_materiel, numero_serie = :numero_serie, version_firmware = :version_firmware, usage_materiel = :usage_materiel WHERE id = :id
    [params] => Array
        (
            [0] => :marque
            [1] => :modele
            [2] => :type_materiel
            [3] => :numero_serie
            [4] => :version_firmware
            [5] => :usage_materiel
            [6] => :id
        )

)

--------------------------------------------------------------------------------
[2026-07-27 13:30:49] Mise à jour réussie ID: 3063
--------------------------------------------------------------------------------
[2026-07-27 13:30:49] Traitement ID: 3064
--------------------------------------------------------------------------------
[2026-07-27 13:30:49] SQL
Array
(
    [sql] => UPDATE materiel SET marque = :marque, modele = :modele, type_materiel = :type_materiel, numero_serie = :numero_serie, version_firmware = :version_firmware, usage_materiel = :usage_materiel WHERE id = :id
    [params] => Array
        (
            [0] => :marque
            [1] => :modele
            [2] => :type_materiel
            [3] => :numero_serie
            [4] => :version_firmware
            [5] => :usage_materiel
            [6] => :id
        )

)

--------------------------------------------------------------------------------
[2026-07-27 13:30:49] Mise à jour réussie ID: 3064
--------------------------------------------------------------------------------
[2026-07-27 13:30:49] Traitement ID: 3065
--------------------------------------------------------------------------------
[2026-07-27 13:30:49] SQL
Array
(
    [sql] => UPDATE materiel SET marque = :marque, modele = :modele, type_materiel = :type_materiel, version_firmware = :version_firmware, usage_materiel = :usage_materiel WHERE id = :id
    [params] => Array
        (
            [0] => :marque
            [1] => :modele
            [2] => :type_materiel
            [3] => :version_firmware
            [4] => :usage_materiel
            [5] => :id
        )

)

--------------------------------------------------------------------------------
[2026-07-27 13:30:49] Mise à jour réussie ID: 3065
--------------------------------------------------------------------------------
[2026-07-27 13:30:49] Traitement ID: 3066
--------------------------------------------------------------------------------
[2026-07-27 13:30:49] SQL
Array
(
    [sql] => UPDATE materiel SET marque = :marque, modele = :modele, type_materiel = :type_materiel, version_firmware = :version_firmware, usage_materiel = :usage_materiel WHERE id = :id
    [params] => Array
        (
            [0] => :marque
            [1] => :modele
            [2] => :type_materiel
            [3] => :version_firmware
            [4] => :usage_materiel
            [5] => :id
        )

)

--------------------------------------------------------------------------------
[2026-07-27 13:30:49] Mise à jour réussie ID: 3066
--------------------------------------------------------------------------------
[2026-07-27 13:30:49] Traitement ID: 3062
--------------------------------------------------------------------------------
[2026-07-27 13:30:49] SQL
Array
(
    [sql] => UPDATE materiel SET marque = :marque, modele = :modele, type_materiel = :type_materiel, numero_serie = :numero_serie, version_firmware = :version_firmware, adresse_ip = :adresse_ip, adresse_mac = :adresse_mac, usage_materiel = :usage_materiel, masque = :masque, passerelle = :passerelle, login = :login, password = :password WHERE id = :id
    [params] => Array
        (
            [0] => :marque
            [1] => :modele
            [2] => :type_materiel
            [3] => :numero_serie
            [4] => :version_firmware
            [5] => :adresse_ip
            [6] => :adresse_mac
            [7] => :usage_materiel
            [8] => :masque
            [9] => :passerelle
            [10] => :login
            [11] => :password
            [12] => :id
        )

)

--------------------------------------------------------------------------------
[2026-07-27 13:30:49] Mise à jour réussie ID: 3062
--------------------------------------------------------------------------------
[2026-07-27 13:30:49] Réponse
Array
(
    [status] => success
    [message] => 30 ligne(s) mise(s) à jour
    [updated] => 30
    [total_rows] => 30
    [errors] => Array
        (
        )

)

--------------------------------------------------------------------------------
[2026-07-27 13:30:49] === FIN ===
--------------------------------------------------------------------------------
[2026-07-27 13:30:49] === DÉBUT ===
--------------------------------------------------------------------------------
[2026-07-27 13:30:49] Input reçu
Array
(
    [raw_length] => 1603
    [has_data] => 1
)

--------------------------------------------------------------------------------
[2026-07-27 13:30:49] Connexion BDD OK
--------------------------------------------------------------------------------
[2026-07-27 13:30:49] Traitement ID: 3365
--------------------------------------------------------------------------------
[2026-07-27 13:30:49] SQL
Array
(
    [sql] => UPDATE materiel SET marque = :marque, modele = :modele, type_materiel = :type_materiel, numero_serie = :numero_serie, adresse_ip = :adresse_ip, adresse_mac = :adresse_mac, usage_materiel = :usage_materiel, masque = :masque, passerelle = :passerelle, stream_aes67_recu = :stream_aes67_recu WHERE id = :id
    [params] => Array
        (
            [0] => :marque
            [1] => :modele
            [2] => :type_materiel
            [3] => :numero_serie
            [4] => :adresse_ip
            [5] => :adresse_mac
            [6] => :usage_materiel
            [7] => :masque
            [8] => :passerelle
            [9] => :stream_aes67_recu
            [10] => :id
        )

)

--------------------------------------------------------------------------------
[2026-07-27 13:30:49] Mise à jour réussie ID: 3365
--------------------------------------------------------------------------------
[2026-07-27 13:30:49] Traitement ID: 3366
--------------------------------------------------------------------------------
[2026-07-27 13:30:49] SQL
Array
(
    [sql] => UPDATE materiel SET marque = :marque, modele = :modele, type_materiel = :type_materiel, numero_serie = :numero_serie, adresse_ip = :adresse_ip, adresse_mac = :adresse_mac, usage_materiel = :usage_materiel, masque = :masque, passerelle = :passerelle, stream_aes67_recu = :stream_aes67_recu WHERE id = :id
    [params] => Array
        (
            [0] => :marque
            [1] => :modele
            [2] => :type_materiel
            [3] => :numero_serie
            [4] => :adresse_ip
            [5] => :adresse_mac
            [6] => :usage_materiel
            [7] => :masque
            [8] => :passerelle
            [9] => :stream_aes67_recu
            [10] => :id
        )

)

--------------------------------------------------------------------------------
[2026-07-27 13:30:49] Mise à jour réussie ID: 3366
--------------------------------------------------------------------------------
[2026-07-27 13:30:49] Réponse
Array
(
    [status] => success
    [message] => 2 ligne(s) mise(s) à jour
    [updated] => 2
    [total_rows] => 2
    [errors] => Array
        (
        )

)

--------------------------------------------------------------------------------
[2026-07-27 13:30:49] === FIN ===
--------------------------------------------------------------------------------
[2026-07-27 13:30:49] === DÉBUT ===
--------------------------------------------------------------------------------
[2026-07-27 13:30:49] Input reçu
Array
(
    [raw_length] => 34919
    [has_data] => 1
)

--------------------------------------------------------------------------------
[2026-07-27 13:30:49] Connexion BDD OK
--------------------------------------------------------------------------------
[2026-07-27 13:30:49] Traitement ID: 2996
--------------------------------------------------------------------------------
[2026-07-27 13:30:49] SQL
Array
(
    [sql] => UPDATE materiel SET marque = :marque, modele = :modele, type_materiel = :type_materiel, numero_serie = :numero_serie, version_firmware = :version_firmware, adresse_ip = :adresse_ip, adresse_mac = :adresse_mac, usage_materiel = :usage_materiel, masque = :masque, passerelle = :passerelle, login = :login, password = :password WHERE id = :id
    [params] => Array
        (
            [0] => :marque
            [1] => :modele
            [2] => :type_materiel
            [3] => :numero_serie
            [4] => :version_firmware
            [5] => :adresse_ip
            [6] => :adresse_mac
            [7] => :usage_materiel
            [8] => :masque
            [9] => :passerelle
            [10] => :login
            [11] => :password
            [12] => :id
        )

)

--------------------------------------------------------------------------------
[2026-07-27 13:30:49] Mise à jour réussie ID: 2996
--------------------------------------------------------------------------------
[2026-07-27 13:30:49] Traitement ID: 2997
--------------------------------------------------------------------------------
[2026-07-27 13:30:49] SQL
Array
(
    [sql] => UPDATE materiel SET marque = :marque, modele = :modele, type_materiel = :type_materiel, numero_serie = :numero_serie, version_firmware = :version_firmware, adresse_ip = :adresse_ip, adresse_mac = :adresse_mac, usage_materiel = :usage_materiel, masque = :masque, passerelle = :passerelle, login = :login, password = :password WHERE id = :id
    [params] => Array
        (
            [0] => :marque
            [1] => :modele
            [2] => :type_materiel
            [3] => :numero_serie
            [4] => :version_firmware
            [5] => :adresse_ip
            [6] => :adresse_mac
            [7] => :usage_materiel
            [8] => :masque
            [9] => :passerelle
            [10] => :login
            [11] => :password
            [12] => :id
        )

)

--------------------------------------------------------------------------------
[2026-07-27 13:30:49] Mise à jour réussie ID: 2997
--------------------------------------------------------------------------------
[2026-07-27 13:30:49] Traitement ID: 2998
--------------------------------------------------------------------------------
[2026-07-27 13:30:49] SQL
Array
(
    [sql] => UPDATE materiel SET marque = :marque, modele = :modele, type_materiel = :type_materiel, numero_serie = :numero_serie, version_firmware = :version_firmware, adresse_ip = :adresse_ip, adresse_mac = :adresse_mac, usage_materiel = :usage_materiel, masque = :masque, passerelle = :passerelle, login = :login, password = :password WHERE id = :id
    [params] => Array
        (
            [0] => :marque
            [1] => :modele
            [2] => :type_materiel
            [3] => :numero_serie
            [4] => :version_firmware
            [5] => :adresse_ip
            [6] => :adresse_mac
            [7] => :usage_materiel
            [8] => :masque
            [9] => :passerelle
            [10] => :login
            [11] => :password
            [12] => :id
        )

)

--------------------------------------------------------------------------------
[2026-07-27 13:30:49] Mise à jour réussie ID: 2998
--------------------------------------------------------------------------------
[2026-07-27 13:30:49] Traitement ID: 2999
--------------------------------------------------------------------------------
[2026-07-27 13:30:49] SQL
Array
(
    [sql] => UPDATE materiel SET marque = :marque, modele = :modele, type_materiel = :type_materiel, numero_serie = :numero_serie, version_firmware = :version_firmware, adresse_ip = :adresse_ip, adresse_mac = :adresse_mac, usage_materiel = :usage_materiel, masque = :masque, passerelle = :passerelle, login = :login, password = :password WHERE id = :id
    [params] => Array
        (
            [0] => :marque
            [1] => :modele
            [2] => :type_materiel
            [3] => :numero_serie
            [4] => :version_firmware
            [5] => :adresse_ip
            [6] => :adresse_mac
            [7] => :usage_materiel
            [8] => :masque
            [9] => :passerelle
            [10] => :login
            [11] => :password
            [12] => :id
        )

)

--------------------------------------------------------------------------------
[2026-07-27 13:30:49] Mise à jour réussie ID: 2999
--------------------------------------------------------------------------------
[2026-07-27 13:30:49] Traitement ID: 3000
--------------------------------------------------------------------------------
[2026-07-27 13:30:49] SQL
Array
(
    [sql] => UPDATE materiel SET marque = :marque, modele = :modele, type_materiel = :type_materiel, numero_serie = :numero_serie, version_firmware = :version_firmware, adresse_ip = :adresse_ip, adresse_mac = :adresse_mac, usage_materiel = :usage_materiel, masque = :masque, passerelle = :passerelle, login = :login, password = :password WHERE id = :id
    [params] => Array
        (
            [0] => :marque
            [1] => :modele
            [2] => :type_materiel
            [3] => :numero_serie
            [4] => :version_firmware
            [5] => :adresse_ip
            [6] => :adresse_mac
            [7] => :usage_materiel
            [8] => :masque
            [9] => :passerelle
            [10] => :login
            [11] => :password
            [12] => :id
        )

)

--------------------------------------------------------------------------------
[2026-07-27 13:30:49] Mise à jour réussie ID: 3000
--------------------------------------------------------------------------------
[2026-07-27 13:30:49] Traitement ID: 3001
--------------------------------------------------------------------------------
[2026-07-27 13:30:49] SQL
Array
(
    [sql] => UPDATE materiel SET marque = :marque, modele = :modele, type_materiel = :type_materiel, numero_serie = :numero_serie, version_firmware = :version_firmware, adresse_ip = :adresse_ip, adresse_mac = :adresse_mac, usage_materiel = :usage_materiel, masque = :masque, passerelle = :passerelle, login = :login, password = :password WHERE id = :id
    [params] => Array
        (
            [0] => :marque
            [1] => :modele
            [2] => :type_materiel
            [3] => :numero_serie
            [4] => :version_firmware
            [5] => :adresse_ip
            [6] => :adresse_mac
            [7] => :usage_materiel
            [8] => :masque
            [9] => :passerelle
            [10] => :login
            [11] => :password
            [12] => :id
        )

)

--------------------------------------------------------------------------------
[2026-07-27 13:30:49] Mise à jour réussie ID: 3001
--------------------------------------------------------------------------------
[2026-07-27 13:30:49] Traitement ID: 3002
--------------------------------------------------------------------------------
[2026-07-27 13:30:49] SQL
Array
(
    [sql] => UPDATE materiel SET marque = :marque, modele = :modele, type_materiel = :type_materiel, numero_serie = :numero_serie, version_firmware = :version_firmware, adresse_ip = :adresse_ip, adresse_mac = :adresse_mac, usage_materiel = :usage_materiel, masque = :masque, passerelle = :passerelle, login = :login, password = :password WHERE id = :id
    [params] => Array
        (
            [0] => :marque
            [1] => :modele
            [2] => :type_materiel
            [3] => :numero_serie
            [4] => :version_firmware
            [5] => :adresse_ip
            [6] => :adresse_mac
            [7] => :usage_materiel
            [8] => :masque
            [9] => :passerelle
            [10] => :login
            [11] => :password
            [12] => :id
        )

)

--------------------------------------------------------------------------------
[2026-07-27 13:30:49] Mise à jour réussie ID: 3002
--------------------------------------------------------------------------------
[2026-07-27 13:30:49] Traitement ID: 3003
--------------------------------------------------------------------------------
[2026-07-27 13:30:49] SQL
Array
(
    [sql] => UPDATE materiel SET marque = :marque, modele = :modele, type_materiel = :type_materiel, numero_serie = :numero_serie, version_firmware = :version_firmware, adresse_ip = :adresse_ip, adresse_mac = :adresse_mac, usage_materiel = :usage_materiel, masque = :masque, passerelle = :passerelle, login = :login, password = :password WHERE id = :id
    [params] => Array
        (
            [0] => :marque
            [1] => :modele
            [2] => :type_materiel
            [3] => :numero_serie
            [4] => :version_firmware
            [5] => :adresse_ip
            [6] => :adresse_mac
            [7] => :usage_materiel
            [8] => :masque
            [9] => :passerelle
            [10] => :login
            [11] => :password
            [12] => :id
        )

)

--------------------------------------------------------------------------------
[2026-07-27 13:30:49] Mise à jour réussie ID: 3003
--------------------------------------------------------------------------------
[2026-07-27 13:30:49] Traitement ID: 3004
--------------------------------------------------------------------------------
[2026-07-27 13:30:49] SQL
Array
(
    [sql] => UPDATE materiel SET marque = :marque, modele = :modele, type_materiel = :type_materiel, numero_serie = :numero_serie, version_firmware = :version_firmware, adresse_ip = :adresse_ip, adresse_mac = :adresse_mac, usage_materiel = :usage_materiel, masque = :masque, passerelle = :passerelle, login = :login, password = :password WHERE id = :id
    [params] => Array
        (
            [0] => :marque
            [1] => :modele
            [2] => :type_materiel
            [3] => :numero_serie
            [4] => :version_firmware
            [5] => :adresse_ip
            [6] => :adresse_mac
            [7] => :usage_materiel
            [8] => :masque
            [9] => :passerelle
            [10] => :login
            [11] => :password
            [12] => :id
        )

)

--------------------------------------------------------------------------------
[2026-07-27 13:30:49] Mise à jour réussie ID: 3004
--------------------------------------------------------------------------------
[2026-07-27 13:30:49] Traitement ID: 3005
--------------------------------------------------------------------------------
[2026-07-27 13:30:49] SQL
Array
(
    [sql] => UPDATE materiel SET marque = :marque, modele = :modele, type_materiel = :type_materiel, numero_serie = :numero_serie, version_firmware = :version_firmware, adresse_ip = :adresse_ip, adresse_mac = :adresse_mac, usage_materiel = :usage_materiel, masque = :masque, passerelle = :passerelle, login = :login, password = :password WHERE id = :id
    [params] => Array
        (
            [0] => :marque
            [1] => :modele
            [2] => :type_materiel
            [3] => :numero_serie
            [4] => :version_firmware
            [5] => :adresse_ip
            [6] => :adresse_mac
            [7] => :usage_materiel
            [8] => :masque
            [9] => :passerelle
            [10] => :login
            [11] => :password
            [12] => :id
        )

)

--------------------------------------------------------------------------------
[2026-07-27 13:30:49] Mise à jour réussie ID: 3005
--------------------------------------------------------------------------------
[2026-07-27 13:30:49] Traitement ID: 3006
--------------------------------------------------------------------------------
[2026-07-27 13:30:49] SQL
Array
(
    [sql] => UPDATE materiel SET marque = :marque, modele = :modele, type_materiel = :type_materiel, numero_serie = :numero_serie, version_firmware = :version_firmware, adresse_ip = :adresse_ip, adresse_mac = :adresse_mac, usage_materiel = :usage_materiel, masque = :masque, passerelle = :passerelle, login = :login, password = :password WHERE id = :id
    [params] => Array
        (
            [0] => :marque
            [1] => :modele
            [2] => :type_materiel
            [3] => :numero_serie
            [4] => :version_firmware
            [5] => :adresse_ip
            [6] => :adresse_mac
            [7] => :usage_materiel
            [8] => :masque
            [9] => :passerelle
            [10] => :login
            [11] => :password
            [12] => :id
        )

)

--------------------------------------------------------------------------------
[2026-07-27 13:30:49] Mise à jour réussie ID: 3006
--------------------------------------------------------------------------------
[2026-07-27 13:30:49] Traitement ID: 3007
--------------------------------------------------------------------------------
[2026-07-27 13:30:49] SQL
Array
(
    [sql] => UPDATE materiel SET marque = :marque, modele = :modele, type_materiel = :type_materiel, numero_serie = :numero_serie, version_firmware = :version_firmware, adresse_ip = :adresse_ip, adresse_mac = :adresse_mac, usage_materiel = :usage_materiel, masque = :masque, passerelle = :passerelle, login = :login, password = :password WHERE id = :id
    [params] => Array
        (
            [0] => :marque
            [1] => :modele
            [2] => :type_materiel
            [3] => :numero_serie
            [4] => :version_firmware
            [5] => :adresse_ip
            [6] => :adresse_mac
            [7] => :usage_materiel
            [8] => :masque
            [9] => :passerelle
            [10] => :login
            [11] => :password
            [12] => :id
        )

)

--------------------------------------------------------------------------------
[2026-07-27 13:30:49] Mise à jour réussie ID: 3007
--------------------------------------------------------------------------------
[2026-07-27 13:30:49] Traitement ID: 3008
--------------------------------------------------------------------------------
[2026-07-27 13:30:49] SQL
Array
(
    [sql] => UPDATE materiel SET marque = :marque, modele = :modele, type_materiel = :type_materiel, numero_serie = :numero_serie, version_firmware = :version_firmware, adresse_ip = :adresse_ip, adresse_mac = :adresse_mac, usage_materiel = :usage_materiel, masque = :masque, passerelle = :passerelle, login = :login, password = :password WHERE id = :id
    [params] => Array
        (
            [0] => :marque
            [1] => :modele
            [2] => :type_materiel
            [3] => :numero_serie
            [4] => :version_firmware
            [5] => :adresse_ip
            [6] => :adresse_mac
            [7] => :usage_materiel
            [8] => :masque
            [9] => :passerelle
            [10] => :login
            [11] => :password
            [12] => :id
        )

)

--------------------------------------------------------------------------------
[2026-07-27 13:30:49] Mise à jour réussie ID: 3008
--------------------------------------------------------------------------------
[2026-07-27 13:30:49] Traitement ID: 3009
--------------------------------------------------------------------------------
[2026-07-27 13:30:49] SQL
Array
(
    [sql] => UPDATE materiel SET marque = :marque, modele = :modele, type_materiel = :type_materiel, numero_serie = :numero_serie, version_firmware = :version_firmware, adresse_ip = :adresse_ip, adresse_mac = :adresse_mac, usage_materiel = :usage_materiel, masque = :masque, passerelle = :passerelle, login = :login, password = :password WHERE id = :id
    [params] => Array
        (
            [0] => :marque
            [1] => :modele
            [2] => :type_materiel
            [3] => :numero_serie
            [4] => :version_firmware
            [5] => :adresse_ip
            [6] => :adresse_mac
            [7] => :usage_materiel
            [8] => :masque
            [9] => :passerelle
            [10] => :login
            [11] => :password
            [12] => :id
        )

)

--------------------------------------------------------------------------------
[2026-07-27 13:30:49] Mise à jour réussie ID: 3009
--------------------------------------------------------------------------------
[2026-07-27 13:30:49] Traitement ID: 3010
--------------------------------------------------------------------------------
[2026-07-27 13:30:49] SQL
Array
(
    [sql] => UPDATE materiel SET marque = :marque, modele = :modele, type_materiel = :type_materiel, numero_serie = :numero_serie, version_firmware = :version_firmware, adresse_ip = :adresse_ip, adresse_mac = :adresse_mac, usage_materiel = :usage_materiel, masque = :masque, passerelle = :passerelle, login = :login, password = :password WHERE id = :id
    [params] => Array
        (
            [0] => :marque
            [1] => :modele
            [2] => :type_materiel
            [3] => :numero_serie
            [4] => :version_firmware
            [5] => :adresse_ip
            [6] => :adresse_mac
            [7] => :usage_materiel
            [8] => :masque
            [9] => :passerelle
            [10] => :login
            [11] => :password
            [12] => :id
        )

)

--------------------------------------------------------------------------------
[2026-07-27 13:30:49] Mise à jour réussie ID: 3010
--------------------------------------------------------------------------------
[2026-07-27 13:30:49] Traitement ID: 3011
--------------------------------------------------------------------------------
[2026-07-27 13:30:49] SQL
Array
(
    [sql] => UPDATE materiel SET marque = :marque, modele = :modele, type_materiel = :type_materiel, numero_serie = :numero_serie, version_firmware = :version_firmware, adresse_ip = :adresse_ip, adresse_mac = :adresse_mac, usage_materiel = :usage_materiel, masque = :masque, passerelle = :passerelle, login = :login, password = :password WHERE id = :id
    [params] => Array
        (
            [0] => :marque
            [1] => :modele
            [2] => :type_materiel
            [3] => :numero_serie
            [4] => :version_firmware
            [5] => :adresse_ip
            [6] => :adresse_mac
            [7] => :usage_materiel
            [8] => :masque
            [9] => :passerelle
            [10] => :login
            [11] => :password
            [12] => :id
        )

)

--------------------------------------------------------------------------------
[2026-07-27 13:30:49] Mise à jour réussie ID: 3011
--------------------------------------------------------------------------------
[2026-07-27 13:30:49] Traitement ID: 3012
--------------------------------------------------------------------------------
[2026-07-27 13:30:49] SQL
Array
(
    [sql] => UPDATE materiel SET marque = :marque, modele = :modele, type_materiel = :type_materiel, numero_serie = :numero_serie, version_firmware = :version_firmware, adresse_ip = :adresse_ip, adresse_mac = :adresse_mac, usage_materiel = :usage_materiel, masque = :masque, passerelle = :passerelle, login = :login, password = :password WHERE id = :id
    [params] => Array
        (
            [0] => :marque
            [1] => :modele
            [2] => :type_materiel
            [3] => :numero_serie
            [4] => :version_firmware
            [5] => :adresse_ip
            [6] => :adresse_mac
            [7] => :usage_materiel
            [8] => :masque
            [9] => :passerelle
            [10] => :login
            [11] => :password
            [12] => :id
        )

)

--------------------------------------------------------------------------------
[2026-07-27 13:30:49] Mise à jour réussie ID: 3012
--------------------------------------------------------------------------------
[2026-07-27 13:30:49] Traitement ID: 3013
--------------------------------------------------------------------------------
[2026-07-27 13:30:49] SQL
Array
(
    [sql] => UPDATE materiel SET marque = :marque, modele = :modele, type_materiel = :type_materiel, numero_serie = :numero_serie, version_firmware = :version_firmware, adresse_ip = :adresse_ip, adresse_mac = :adresse_mac, usage_materiel = :usage_materiel, masque = :masque, passerelle = :passerelle, login = :login, password = :password WHERE id = :id
    [params] => Array
        (
            [0] => :marque
            [1] => :modele
            [2] => :type_materiel
            [3] => :numero_serie
            [4] => :version_firmware
            [5] => :adresse_ip
            [6] => :adresse_mac
            [7] => :usage_materiel
            [8] => :masque
            [9] => :passerelle
            [10] => :login
            [11] => :password
            [12] => :id
        )

)

--------------------------------------------------------------------------------
[2026-07-27 13:30:49] Mise à jour réussie ID: 3013
--------------------------------------------------------------------------------
[2026-07-27 13:30:49] Traitement ID: 3014
--------------------------------------------------------------------------------
[2026-07-27 13:30:49] SQL
Array
(
    [sql] => UPDATE materiel SET marque = :marque, modele = :modele, type_materiel = :type_materiel, numero_serie = :numero_serie, version_firmware = :version_firmware, adresse_ip = :adresse_ip, adresse_mac = :adresse_mac, usage_materiel = :usage_materiel, masque = :masque, passerelle = :passerelle, login = :login, password = :password WHERE id = :id
    [params] => Array
        (
            [0] => :marque
            [1] => :modele
            [2] => :type_materiel
            [3] => :numero_serie
            [4] => :version_firmware
            [5] => :adresse_ip
            [6] => :adresse_mac
            [7] => :usage_materiel
            [8] => :masque
            [9] => :passerelle
            [10] => :login
            [11] => :password
            [12] => :id
        )

)

--------------------------------------------------------------------------------
[2026-07-27 13:30:49] Mise à jour réussie ID: 3014
--------------------------------------------------------------------------------
[2026-07-27 13:30:49] Traitement ID: 3015
--------------------------------------------------------------------------------
[2026-07-27 13:30:49] SQL
Array
(
    [sql] => UPDATE materiel SET marque = :marque, modele = :modele, type_materiel = :type_materiel, numero_serie = :numero_serie, version_firmware = :version_firmware, adresse_ip = :adresse_ip, adresse_mac = :adresse_mac, usage_materiel = :usage_materiel, masque = :masque, passerelle = :passerelle, login = :login, password = :password WHERE id = :id
    [params] => Array
        (
            [0] => :marque
            [1] => :modele
            [2] => :type_materiel
            [3] => :numero_serie
            [4] => :version_firmware
            [5] => :adresse_ip
            [6] => :adresse_mac
            [7] => :usage_materiel
            [8] => :masque
            [9] => :passerelle
            [10] => :login
            [11] => :password
            [12] => :id
        )

)

--------------------------------------------------------------------------------
[2026-07-27 13:30:49] Mise à jour réussie ID: 3015
--------------------------------------------------------------------------------
[2026-07-27 13:30:49] Traitement ID: 3016
--------------------------------------------------------------------------------
[2026-07-27 13:30:49] SQL
Array
(
    [sql] => UPDATE materiel SET marque = :marque, modele = :modele, type_materiel = :type_materiel, numero_serie = :numero_serie, version_firmware = :version_firmware, adresse_ip = :adresse_ip, adresse_mac = :adresse_mac, usage_materiel = :usage_materiel, masque = :masque, passerelle = :passerelle, login = :login, password = :password WHERE id = :id
    [params] => Array
        (
            [0] => :marque
            [1] => :modele
            [2] => :type_materiel
            [3] => :numero_serie
            [4] => :version_firmware
            [5] => :adresse_ip
            [6] => :adresse_mac
            [7] => :usage_materiel
            [8] => :masque
            [9] => :passerelle
            [10] => :login
            [11] => :password
            [12] => :id
        )

)

--------------------------------------------------------------------------------
[2026-07-27 13:30:49] Mise à jour réussie ID: 3016
--------------------------------------------------------------------------------
[2026-07-27 13:30:49] Traitement ID: 3017
--------------------------------------------------------------------------------
[2026-07-27 13:30:49] SQL
Array
(
    [sql] => UPDATE materiel SET marque = :marque, modele = :modele, type_materiel = :type_materiel, numero_serie = :numero_serie, version_firmware = :version_firmware, adresse_ip = :adresse_ip, adresse_mac = :adresse_mac, usage_materiel = :usage_materiel, masque = :masque, passerelle = :passerelle, login = :login, password = :password WHERE id = :id
    [params] => Array
        (
            [0] => :marque
            [1] => :modele
            [2] => :type_materiel
            [3] => :numero_serie
            [4] => :version_firmware
            [5] => :adresse_ip
            [6] => :adresse_mac
            [7] => :usage_materiel
            [8] => :masque
            [9] => :passerelle
            [10] => :login
            [11] => :password
            [12] => :id
        )

)

--------------------------------------------------------------------------------
[2026-07-27 13:30:49] Mise à jour réussie ID: 3017
--------------------------------------------------------------------------------
[2026-07-27 13:30:49] Traitement ID: 3018
--------------------------------------------------------------------------------
[2026-07-27 13:30:49] SQL
Array
(
    [sql] => UPDATE materiel SET marque = :marque, modele = :modele, type_materiel = :type_materiel, numero_serie = :numero_serie, version_firmware = :version_firmware, adresse_ip = :adresse_ip, adresse_mac = :adresse_mac, usage_materiel = :usage_materiel, masque = :masque, passerelle = :passerelle, login = :login, password = :password WHERE id = :id
    [params] => Array
        (
            [0] => :marque
            [1] => :modele
            [2] => :type_materiel
            [3] => :numero_serie
            [4] => :version_firmware
            [5] => :adresse_ip
            [6] => :adresse_mac
            [7] => :usage_materiel
            [8] => :masque
            [9] => :passerelle
            [10] => :login
            [11] => :password
            [12] => :id
        )

)

--------------------------------------------------------------------------------
[2026-07-27 13:30:49] Mise à jour réussie ID: 3018
--------------------------------------------------------------------------------
[2026-07-27 13:30:49] Traitement ID: 2992
--------------------------------------------------------------------------------
[2026-07-27 13:30:49] SQL
Array
(
    [sql] => UPDATE materiel SET marque = :marque, modele = :modele, type_materiel = :type_materiel, numero_serie = :numero_serie, version_firmware = :version_firmware, adresse_ip = :adresse_ip, adresse_mac = :adresse_mac, usage_materiel = :usage_materiel, masque = :masque, passerelle = :passerelle, login = :login, password = :password WHERE id = :id
    [params] => Array
        (
            [0] => :marque
            [1] => :modele
            [2] => :type_materiel
            [3] => :numero_serie
            [4] => :version_firmware
            [5] => :adresse_ip
            [6] => :adresse_mac
            [7] => :usage_materiel
            [8] => :masque
            [9] => :passerelle
            [10] => :login
            [11] => :password
            [12] => :id
        )

)

--------------------------------------------------------------------------------
[2026-07-27 13:30:49] Mise à jour réussie ID: 2992
--------------------------------------------------------------------------------
[2026-07-27 13:30:49] Traitement ID: 2993
--------------------------------------------------------------------------------
[2026-07-27 13:30:49] SQL
Array
(
    [sql] => UPDATE materiel SET marque = :marque, modele = :modele, type_materiel = :type_materiel, numero_serie = :numero_serie, version_firmware = :version_firmware, adresse_ip = :adresse_ip, adresse_mac = :adresse_mac, usage_materiel = :usage_materiel, masque = :masque, passerelle = :passerelle, login = :login, password = :password WHERE id = :id
    [params] => Array
        (
            [0] => :marque
            [1] => :modele
            [2] => :type_materiel
            [3] => :numero_serie
            [4] => :version_firmware
            [5] => :adresse_ip
            [6] => :adresse_mac
            [7] => :usage_materiel
            [8] => :masque
            [9] => :passerelle
            [10] => :login
            [11] => :password
            [12] => :id
        )

)

--------------------------------------------------------------------------------
[2026-07-27 13:30:49] Mise à jour réussie ID: 2993
--------------------------------------------------------------------------------
[2026-07-27 13:30:49] Traitement ID: 2994
--------------------------------------------------------------------------------
[2026-07-27 13:30:49] SQL
Array
(
    [sql] => UPDATE materiel SET marque = :marque, modele = :modele, type_materiel = :type_materiel, numero_serie = :numero_serie, version_firmware = :version_firmware, adresse_ip = :adresse_ip, adresse_mac = :adresse_mac, usage_materiel = :usage_materiel, masque = :masque, passerelle = :passerelle, login = :login, password = :password WHERE id = :id
    [params] => Array
        (
            [0] => :marque
            [1] => :modele
            [2] => :type_materiel
            [3] => :numero_serie
            [4] => :version_firmware
            [5] => :adresse_ip
            [6] => :adresse_mac
            [7] => :usage_materiel
            [8] => :masque
            [9] => :passerelle
            [10] => :login
            [11] => :password
            [12] => :id
        )

)

--------------------------------------------------------------------------------
[2026-07-27 13:30:49] Mise à jour réussie ID: 2994
--------------------------------------------------------------------------------
[2026-07-27 13:30:49] Traitement ID: 2995
--------------------------------------------------------------------------------
[2026-07-27 13:30:49] SQL
Array
(
    [sql] => UPDATE materiel SET marque = :marque, modele = :modele, type_materiel = :type_materiel, numero_serie = :numero_serie, version_firmware = :version_firmware, adresse_ip = :adresse_ip, adresse_mac = :adresse_mac, usage_materiel = :usage_materiel, masque = :masque, passerelle = :passerelle, login = :login, password = :password WHERE id = :id
    [params] => Array
        (
            [0] => :marque
            [1] => :modele
            [2] => :type_materiel
            [3] => :numero_serie
            [4] => :version_firmware
            [5] => :adresse_ip
            [6] => :adresse_mac
            [7] => :usage_materiel
            [8] => :masque
            [9] => :passerelle
            [10] => :login
            [11] => :password
            [12] => :id
        )

)

--------------------------------------------------------------------------------
[2026-07-27 13:30:49] Mise à jour réussie ID: 2995
--------------------------------------------------------------------------------
[2026-07-27 13:30:49] Traitement ID: 2987
--------------------------------------------------------------------------------
[2026-07-27 13:30:49] SQL
Array
(
    [sql] => UPDATE materiel SET marque = :marque, modele = :modele, type_materiel = :type_materiel, numero_serie = :numero_serie, adresse_ip = :adresse_ip, adresse_mac = :adresse_mac, usage_materiel = :usage_materiel, masque = :masque, passerelle = :passerelle WHERE id = :id
    [params] => Array
        (
            [0] => :marque
            [1] => :modele
            [2] => :type_materiel
            [3] => :numero_serie
            [4] => :adresse_ip
            [5] => :adresse_mac
            [6] => :usage_materiel
            [7] => :masque
            [8] => :passerelle
            [9] => :id
        )

)

--------------------------------------------------------------------------------
[2026-07-27 13:30:49] Mise à jour réussie ID: 2987
--------------------------------------------------------------------------------
[2026-07-27 13:30:49] Traitement ID: 3026
--------------------------------------------------------------------------------
[2026-07-27 13:30:49] SQL
Array
(
    [sql] => UPDATE materiel SET marque = :marque, modele = :modele, type_materiel = :type_materiel, version_firmware = :version_firmware, adresse_ip = :adresse_ip, adresse_mac = :adresse_mac, usage_materiel = :usage_materiel, masque = :masque, passerelle = :passerelle, stream_aes67_recu = :stream_aes67_recu, stream_aes67_transmis = :stream_aes67_transmis WHERE id = :id
    [params] => Array
        (
            [0] => :marque
            [1] => :modele
            [2] => :type_materiel
            [3] => :version_firmware
            [4] => :adresse_ip
            [5] => :adresse_mac
            [6] => :usage_materiel
            [7] => :masque
            [8] => :passerelle
            [9] => :stream_aes67_recu
            [10] => :stream_aes67_transmis
            [11] => :id
        )

)

--------------------------------------------------------------------------------
[2026-07-27 13:30:49] Mise à jour réussie ID: 3026
--------------------------------------------------------------------------------
[2026-07-27 13:30:49] Traitement ID: 3019
--------------------------------------------------------------------------------
[2026-07-27 13:30:49] SQL
Array
(
    [sql] => UPDATE materiel SET marque = :marque, modele = :modele, type_materiel = :type_materiel, numero_serie = :numero_serie, version_firmware = :version_firmware, adresse_ip = :adresse_ip, adresse_mac = :adresse_mac, usage_materiel = :usage_materiel, masque = :masque, passerelle = :passerelle WHERE id = :id
    [params] => Array
        (
            [0] => :marque
            [1] => :modele
            [2] => :type_materiel
            [3] => :numero_serie
            [4] => :version_firmware
            [5] => :adresse_ip
            [6] => :adresse_mac
            [7] => :usage_materiel
            [8] => :masque
            [9] => :passerelle
            [10] => :id
        )

)

--------------------------------------------------------------------------------
[2026-07-27 13:30:49] Mise à jour réussie ID: 3019
--------------------------------------------------------------------------------
[2026-07-27 13:30:49] Traitement ID: 3028
--------------------------------------------------------------------------------
[2026-07-27 13:30:49] SQL
Array
(
    [sql] => UPDATE materiel SET marque = :marque, modele = :modele, type_materiel = :type_materiel, numero_serie = :numero_serie, version_firmware = :version_firmware, adresse_ip = :adresse_ip, adresse_mac = :adresse_mac, usage_materiel = :usage_materiel, masque = :masque, passerelle = :passerelle, login = :login, password = :password WHERE id = :id
    [params] => Array
        (
            [0] => :marque
            [1] => :modele
            [2] => :type_materiel
            [3] => :numero_serie
            [4] => :version_firmware
            [5] => :adresse_ip
            [6] => :adresse_mac
            [7] => :usage_materiel
            [8] => :masque
            [9] => :passerelle
            [10] => :login
            [11] => :password
            [12] => :id
        )

)

--------------------------------------------------------------------------------
[2026-07-27 13:30:49] Mise à jour réussie ID: 3028
--------------------------------------------------------------------------------
[2026-07-27 13:30:49] Traitement ID: 3029
--------------------------------------------------------------------------------
[2026-07-27 13:30:49] SQL
Array
(
    [sql] => UPDATE materiel SET marque = :marque, modele = :modele, type_materiel = :type_materiel, numero_serie = :numero_serie, version_firmware = :version_firmware, adresse_ip = :adresse_ip, adresse_mac = :adresse_mac, usage_materiel = :usage_materiel, masque = :masque, passerelle = :passerelle, login = :login, password = :password WHERE id = :id
    [params] => Array
        (
            [0] => :marque
            [1] => :modele
            [2] => :type_materiel
            [3] => :numero_serie
            [4] => :version_firmware
            [5] => :adresse_ip
            [6] => :adresse_mac
            [7] => :usage_materiel
            [8] => :masque
            [9] => :passerelle
            [10] => :login
            [11] => :password
            [12] => :id
        )

)

--------------------------------------------------------------------------------
[2026-07-27 13:30:49] Mise à jour réussie ID: 3029
--------------------------------------------------------------------------------
[2026-07-27 13:30:49] Traitement ID: 2985
--------------------------------------------------------------------------------
[2026-07-27 13:30:49] SQL
Array
(
    [sql] => UPDATE materiel SET marque = :marque, modele = :modele, type_materiel = :type_materiel, numero_serie = :numero_serie, version_firmware = :version_firmware, adresse_ip = :adresse_ip, adresse_mac = :adresse_mac, usage_materiel = :usage_materiel, masque = :masque, passerelle = :passerelle, login = :login, password = :password WHERE id = :id
    [params] => Array
        (
            [0] => :marque
            [1] => :modele
            [2] => :type_materiel
            [3] => :numero_serie
            [4] => :version_firmware
            [5] => :adresse_ip
            [6] => :adresse_mac
            [7] => :usage_materiel
            [8] => :masque
            [9] => :passerelle
            [10] => :login
            [11] => :password
            [12] => :id
        )

)

--------------------------------------------------------------------------------
[2026-07-27 13:30:49] Mise à jour réussie ID: 2985
--------------------------------------------------------------------------------
[2026-07-27 13:30:49] Traitement ID: 2986
--------------------------------------------------------------------------------
[2026-07-27 13:30:49] SQL
Array
(
    [sql] => UPDATE materiel SET marque = :marque, modele = :modele, type_materiel = :type_materiel, numero_serie = :numero_serie, version_firmware = :version_firmware, adresse_ip = :adresse_ip, adresse_mac = :adresse_mac, usage_materiel = :usage_materiel, masque = :masque, passerelle = :passerelle, login = :login, password = :password WHERE id = :id
    [params] => Array
        (
            [0] => :marque
            [1] => :modele
            [2] => :type_materiel
            [3] => :numero_serie
            [4] => :version_firmware
            [5] => :adresse_ip
            [6] => :adresse_mac
            [7] => :usage_materiel
            [8] => :masque
            [9] => :passerelle
            [10] => :login
            [11] => :password
            [12] => :id
        )

)

--------------------------------------------------------------------------------
[2026-07-27 13:30:49] Mise à jour réussie ID: 2986
--------------------------------------------------------------------------------
[2026-07-27 13:30:49] Traitement ID: 2991
--------------------------------------------------------------------------------
[2026-07-27 13:30:49] SQL
Array
(
    [sql] => UPDATE materiel SET marque = :marque, modele = :modele, type_materiel = :type_materiel, numero_serie = :numero_serie, version_firmware = :version_firmware, adresse_ip = :adresse_ip, adresse_mac = :adresse_mac, usage_materiel = :usage_materiel, masque = :masque, passerelle = :passerelle, ip_primaire = :ip_primaire, mac_primaire = :mac_primaire, stream_aes67_recu = :stream_aes67_recu, stream_aes67_transmis = :stream_aes67_transmis WHERE id = :id
    [params] => Array
        (
            [0] => :marque
            [1] => :modele
            [2] => :type_materiel
            [3] => :numero_serie
            [4] => :version_firmware
            [5] => :adresse_ip
            [6] => :adresse_mac
            [7] => :usage_materiel
            [8] => :masque
            [9] => :passerelle
            [10] => :ip_primaire
            [11] => :mac_primaire
            [12] => :stream_aes67_recu
            [13] => :stream_aes67_transmis
            [14] => :id
        )

)

--------------------------------------------------------------------------------
[2026-07-27 13:30:49] Mise à jour réussie ID: 2991
--------------------------------------------------------------------------------
[2026-07-27 13:30:49] Traitement ID: 3027
--------------------------------------------------------------------------------
[2026-07-27 13:30:49] SQL
Array
(
    [sql] => UPDATE materiel SET marque = :marque, modele = :modele, type_materiel = :type_materiel, version_firmware = :version_firmware, adresse_ip = :adresse_ip, adresse_mac = :adresse_mac, masque = :masque, passerelle = :passerelle WHERE id = :id
    [params] => Array
        (
            [0] => :marque
            [1] => :modele
            [2] => :type_materiel
            [3] => :version_firmware
            [4] => :adresse_ip
            [5] => :adresse_mac
            [6] => :masque
            [7] => :passerelle
            [8] => :id
        )

)

--------------------------------------------------------------------------------
[2026-07-27 13:30:49] Mise à jour réussie ID: 3027
--------------------------------------------------------------------------------
[2026-07-27 13:30:49] Traitement ID: 3024
--------------------------------------------------------------------------------
[2026-07-27 13:30:49] SQL
Array
(
    [sql] => UPDATE materiel SET marque = :marque, modele = :modele, type_materiel = :type_materiel, numero_serie = :numero_serie, version_firmware = :version_firmware, adresse_ip = :adresse_ip, adresse_mac = :adresse_mac, usage_materiel = :usage_materiel, masque = :masque, passerelle = :passerelle WHERE id = :id
    [params] => Array
        (
            [0] => :marque
            [1] => :modele
            [2] => :type_materiel
            [3] => :numero_serie
            [4] => :version_firmware
            [5] => :adresse_ip
            [6] => :adresse_mac
            [7] => :usage_materiel
            [8] => :masque
            [9] => :passerelle
            [10] => :id
        )

)

--------------------------------------------------------------------------------
[2026-07-27 13:30:49] Mise à jour réussie ID: 3024
--------------------------------------------------------------------------------
[2026-07-27 13:30:49] Traitement ID: 2989
--------------------------------------------------------------------------------
[2026-07-27 13:30:49] SQL
Array
(
    [sql] => UPDATE materiel SET marque = :marque, modele = :modele, type_materiel = :type_materiel, numero_serie = :numero_serie, version_firmware = :version_firmware, adresse_ip = :adresse_ip, adresse_mac = :adresse_mac, usage_materiel = :usage_materiel, masque = :masque, passerelle = :passerelle WHERE id = :id
    [params] => Array
        (
            [0] => :marque
            [1] => :modele
            [2] => :type_materiel
            [3] => :numero_serie
            [4] => :version_firmware
            [5] => :adresse_ip
            [6] => :adresse_mac
            [7] => :usage_materiel
            [8] => :masque
            [9] => :passerelle
            [10] => :id
        )

)

--------------------------------------------------------------------------------
[2026-07-27 13:30:49] Mise à jour réussie ID: 2989
--------------------------------------------------------------------------------
[2026-07-27 13:30:49] Traitement ID: 2990
--------------------------------------------------------------------------------
[2026-07-27 13:30:49] SQL
Array
(
    [sql] => UPDATE materiel SET marque = :marque, modele = :modele, type_materiel = :type_materiel, numero_serie = :numero_serie, version_firmware = :version_firmware, adresse_ip = :adresse_ip, adresse_mac = :adresse_mac, usage_materiel = :usage_materiel, masque = :masque, passerelle = :passerelle WHERE id = :id
    [params] => Array
        (
            [0] => :marque
            [1] => :modele
            [2] => :type_materiel
            [3] => :numero_serie
            [4] => :version_firmware
            [5] => :adresse_ip
            [6] => :adresse_mac
            [7] => :usage_materiel
            [8] => :masque
            [9] => :passerelle
            [10] => :id
        )

)

--------------------------------------------------------------------------------
[2026-07-27 13:30:49] Mise à jour réussie ID: 2990
--------------------------------------------------------------------------------
[2026-07-27 13:30:49] Traitement ID: 3020
--------------------------------------------------------------------------------
[2026-07-27 13:30:49] SQL
Array
(
    [sql] => UPDATE materiel SET marque = :marque, modele = :modele, type_materiel = :type_materiel, numero_serie = :numero_serie, version_firmware = :version_firmware, adresse_ip = :adresse_ip, adresse_mac = :adresse_mac, usage_materiel = :usage_materiel, masque = :masque, passerelle = :passerelle, login = :login, password = :password WHERE id = :id
    [params] => Array
        (
            [0] => :marque
            [1] => :modele
            [2] => :type_materiel
            [3] => :numero_serie
            [4] => :version_firmware
            [5] => :adresse_ip
            [6] => :adresse_mac
            [7] => :usage_materiel
            [8] => :masque
            [9] => :passerelle
            [10] => :login
            [11] => :password
            [12] => :id
        )

)

--------------------------------------------------------------------------------
[2026-07-27 13:30:49] Mise à jour réussie ID: 3020
--------------------------------------------------------------------------------
[2026-07-27 13:30:49] Traitement ID: 3021
--------------------------------------------------------------------------------
[2026-07-27 13:30:49] SQL
Array
(
    [sql] => UPDATE materiel SET marque = :marque, modele = :modele, type_materiel = :type_materiel, numero_serie = :numero_serie, version_firmware = :version_firmware, adresse_ip = :adresse_ip, adresse_mac = :adresse_mac, usage_materiel = :usage_materiel, masque = :masque, passerelle = :passerelle, login = :login, password = :password WHERE id = :id
    [params] => Array
        (
            [0] => :marque
            [1] => :modele
            [2] => :type_materiel
            [3] => :numero_serie
            [4] => :version_firmware
            [5] => :adresse_ip
            [6] => :adresse_mac
            [7] => :usage_materiel
            [8] => :masque
            [9] => :passerelle
            [10] => :login
            [11] => :password
            [12] => :id
        )

)

--------------------------------------------------------------------------------
[2026-07-27 13:30:49] Mise à jour réussie ID: 3021
--------------------------------------------------------------------------------
[2026-07-27 13:30:49] Traitement ID: 3022
--------------------------------------------------------------------------------
[2026-07-27 13:30:49] SQL
Array
(
    [sql] => UPDATE materiel SET marque = :marque, modele = :modele, type_materiel = :type_materiel, numero_serie = :numero_serie, version_firmware = :version_firmware, adresse_ip = :adresse_ip, adresse_mac = :adresse_mac, usage_materiel = :usage_materiel, masque = :masque, passerelle = :passerelle, login = :login, password = :password WHERE id = :id
    [params] => Array
        (
            [0] => :marque
            [1] => :modele
            [2] => :type_materiel
            [3] => :numero_serie
            [4] => :version_firmware
            [5] => :adresse_ip
            [6] => :adresse_mac
            [7] => :usage_materiel
            [8] => :masque
            [9] => :passerelle
            [10] => :login
            [11] => :password
            [12] => :id
        )

)

--------------------------------------------------------------------------------
[2026-07-27 13:30:49] Mise à jour réussie ID: 3022
--------------------------------------------------------------------------------
[2026-07-27 13:30:49] Traitement ID: 3023
--------------------------------------------------------------------------------
[2026-07-27 13:30:49] SQL
Array
(
    [sql] => UPDATE materiel SET marque = :marque, modele = :modele, type_materiel = :type_materiel, numero_serie = :numero_serie, version_firmware = :version_firmware, adresse_ip = :adresse_ip, adresse_mac = :adresse_mac, usage_materiel = :usage_materiel, masque = :masque, passerelle = :passerelle, login = :login, password = :password WHERE id = :id
    [params] => Array
        (
            [0] => :marque
            [1] => :modele
            [2] => :type_materiel
            [3] => :numero_serie
            [4] => :version_firmware
            [5] => :adresse_ip
            [6] => :adresse_mac
            [7] => :usage_materiel
            [8] => :masque
            [9] => :passerelle
            [10] => :login
            [11] => :password
            [12] => :id
        )

)

--------------------------------------------------------------------------------
[2026-07-27 13:30:49] Mise à jour réussie ID: 3023
--------------------------------------------------------------------------------
[2026-07-27 13:30:49] Traitement ID: 2988
--------------------------------------------------------------------------------
[2026-07-27 13:30:49] SQL
Array
(
    [sql] => UPDATE materiel SET marque = :marque, modele = :modele, type_materiel = :type_materiel, numero_serie = :numero_serie, version_firmware = :version_firmware, adresse_ip = :adresse_ip, adresse_mac = :adresse_mac, usage_materiel = :usage_materiel, masque = :masque, passerelle = :passerelle, login = :login, password = :password WHERE id = :id
    [params] => Array
        (
            [0] => :marque
            [1] => :modele
            [2] => :type_materiel
            [3] => :numero_serie
            [4] => :version_firmware
            [5] => :adresse_ip
            [6] => :adresse_mac
            [7] => :usage_materiel
            [8] => :masque
            [9] => :passerelle
            [10] => :login
            [11] => :password
            [12] => :id
        )

)

--------------------------------------------------------------------------------
[2026-07-27 13:30:49] Mise à jour réussie ID: 2988
--------------------------------------------------------------------------------
[2026-07-27 13:30:49] Traitement ID: 3030
--------------------------------------------------------------------------------
[2026-07-27 13:30:49] SQL
Array
(
    [sql] => UPDATE materiel SET marque = :marque, modele = :modele, type_materiel = :type_materiel, numero_serie = :numero_serie, adresse_ip = :adresse_ip, adresse_mac = :adresse_mac, usage_materiel = :usage_materiel, masque = :masque, passerelle = :passerelle, login = :login, password = :password, ssid = :ssid, type_cryptage = :type_cryptage, password_wifi = :password_wifi WHERE id = :id
    [params] => Array
        (
            [0] => :marque
            [1] => :modele
            [2] => :type_materiel
            [3] => :numero_serie
            [4] => :adresse_ip
            [5] => :adresse_mac
            [6] => :usage_materiel
            [7] => :masque
            [8] => :passerelle
            [9] => :login
            [10] => :password
            [11] => :ssid
            [12] => :type_cryptage
            [13] => :password_wifi
            [14] => :id
        )

)

--------------------------------------------------------------------------------
[2026-07-27 13:30:49] Mise à jour réussie ID: 3030
--------------------------------------------------------------------------------
[2026-07-27 13:30:49] Traitement ID: 3025
--------------------------------------------------------------------------------
[2026-07-27 13:30:49] SQL
Array
(
    [sql] => UPDATE materiel SET marque = :marque, modele = :modele, type_materiel = :type_materiel, numero_serie = :numero_serie, version_firmware = :version_firmware, adresse_ip = :adresse_ip, adresse_mac = :adresse_mac, usage_materiel = :usage_materiel, masque = :masque, passerelle = :passerelle, ip_primaire = :ip_primaire, mac_primaire = :mac_primaire, stream_aes67_transmis = :stream_aes67_transmis WHERE id = :id
    [params] => Array
        (
            [0] => :marque
            [1] => :modele
            [2] => :type_materiel
            [3] => :numero_serie
            [4] => :version_firmware
            [5] => :adresse_ip
            [6] => :adresse_mac
            [7] => :usage_materiel
            [8] => :masque
            [9] => :passerelle
            [10] => :ip_primaire
            [11] => :mac_primaire
            [12] => :stream_aes67_transmis
            [13] => :id
        )

)

--------------------------------------------------------------------------------
[2026-07-27 13:30:49] Mise à jour réussie ID: 3025
--------------------------------------------------------------------------------
[2026-07-27 13:30:49] Réponse
Array
(
    [status] => success
    [message] => 46 ligne(s) mise(s) à jour
    [updated] => 46
    [total_rows] => 46
    [errors] => Array
        (
        )

)

--------------------------------------------------------------------------------
[2026-07-27 13:30:49] === FIN ===
--------------------------------------------------------------------------------
[2026-07-27 13:30:49] === DÉBUT ===
--------------------------------------------------------------------------------
[2026-07-27 13:30:49] Input reçu
Array
(
    [raw_length] => 19256
    [has_data] => 1
)

--------------------------------------------------------------------------------
[2026-07-27 13:30:49] Connexion BDD OK
--------------------------------------------------------------------------------
[2026-07-27 13:30:49] Traitement ID: 3047
--------------------------------------------------------------------------------
[2026-07-27 13:30:49] SQL
Array
(
    [sql] => UPDATE materiel SET marque = :marque, modele = :modele, type_materiel = :type_materiel, numero_serie = :numero_serie, version_firmware = :version_firmware, adresse_ip = :adresse_ip, adresse_mac = :adresse_mac, usage_materiel = :usage_materiel, masque = :masque, passerelle = :passerelle, login = :login, password = :password WHERE id = :id
    [params] => Array
        (
            [0] => :marque
            [1] => :modele
            [2] => :type_materiel
            [3] => :numero_serie
            [4] => :version_firmware
            [5] => :adresse_ip
            [6] => :adresse_mac
            [7] => :usage_materiel
            [8] => :masque
            [9] => :passerelle
            [10] => :login
            [11] => :password
            [12] => :id
        )

)

--------------------------------------------------------------------------------
[2026-07-27 13:30:49] Mise à jour réussie ID: 3047
--------------------------------------------------------------------------------
[2026-07-27 13:30:49] Traitement ID: 3048
--------------------------------------------------------------------------------
[2026-07-27 13:30:49] SQL
Array
(
    [sql] => UPDATE materiel SET marque = :marque, modele = :modele, type_materiel = :type_materiel, numero_serie = :numero_serie, version_firmware = :version_firmware, adresse_ip = :adresse_ip, adresse_mac = :adresse_mac, usage_materiel = :usage_materiel, masque = :masque, passerelle = :passerelle, login = :login, password = :password, stream_aes67_recu = :stream_aes67_recu WHERE id = :id
    [params] => Array
        (
            [0] => :marque
            [1] => :modele
            [2] => :type_materiel
            [3] => :numero_serie
            [4] => :version_firmware
            [5] => :adresse_ip
            [6] => :adresse_mac
            [7] => :usage_materiel
            [8] => :masque
            [9] => :passerelle
            [10] => :login
            [11] => :password
            [12] => :stream_aes67_recu
            [13] => :id
        )

)

--------------------------------------------------------------------------------
[2026-07-27 13:30:49] Mise à jour réussie ID: 3048
--------------------------------------------------------------------------------
[2026-07-27 13:30:49] Traitement ID: 3044
--------------------------------------------------------------------------------
[2026-07-27 13:30:49] SQL
Array
(
    [sql] => UPDATE materiel SET marque = :marque, modele = :modele, type_materiel = :type_materiel, numero_serie = :numero_serie, version_firmware = :version_firmware, adresse_ip = :adresse_ip, adresse_mac = :adresse_mac, usage_materiel = :usage_materiel, masque = :masque, passerelle = :passerelle, login = :login, password = :password, stream_aes67_transmis = :stream_aes67_transmis WHERE id = :id
    [params] => Array
        (
            [0] => :marque
            [1] => :modele
            [2] => :type_materiel
            [3] => :numero_serie
            [4] => :version_firmware
            [5] => :adresse_ip
            [6] => :adresse_mac
            [7] => :usage_materiel
            [8] => :masque
            [9] => :passerelle
            [10] => :login
            [11] => :password
            [12] => :stream_aes67_transmis
            [13] => :id
        )

)

--------------------------------------------------------------------------------
[2026-07-27 13:30:49] Mise à jour réussie ID: 3044
--------------------------------------------------------------------------------
[2026-07-27 13:30:49] Traitement ID: 3045
--------------------------------------------------------------------------------
[2026-07-27 13:30:49] SQL
Array
(
    [sql] => UPDATE materiel SET marque = :marque, modele = :modele, type_materiel = :type_materiel, numero_serie = :numero_serie, version_firmware = :version_firmware, adresse_ip = :adresse_ip, adresse_mac = :adresse_mac, usage_materiel = :usage_materiel, masque = :masque, passerelle = :passerelle, login = :login, password = :password, stream_aes67_transmis = :stream_aes67_transmis WHERE id = :id
    [params] => Array
        (
            [0] => :marque
            [1] => :modele
            [2] => :type_materiel
            [3] => :numero_serie
            [4] => :version_firmware
            [5] => :adresse_ip
            [6] => :adresse_mac
            [7] => :usage_materiel
            [8] => :masque
            [9] => :passerelle
            [10] => :login
            [11] => :password
            [12] => :stream_aes67_transmis
            [13] => :id
        )

)

--------------------------------------------------------------------------------
[2026-07-27 13:30:49] Mise à jour réussie ID: 3045
--------------------------------------------------------------------------------
[2026-07-27 13:30:49] Traitement ID: 3046
--------------------------------------------------------------------------------
[2026-07-27 13:30:49] SQL
Array
(
    [sql] => UPDATE materiel SET marque = :marque, modele = :modele, type_materiel = :type_materiel, numero_serie = :numero_serie, version_firmware = :version_firmware, adresse_ip = :adresse_ip, adresse_mac = :adresse_mac, usage_materiel = :usage_materiel, masque = :masque, passerelle = :passerelle, login = :login, password = :password, stream_aes67_transmis = :stream_aes67_transmis WHERE id = :id
    [params] => Array
        (
            [0] => :marque
            [1] => :modele
            [2] => :type_materiel
            [3] => :numero_serie
            [4] => :version_firmware
            [5] => :adresse_ip
            [6] => :adresse_mac
            [7] => :usage_materiel
            [8] => :masque
            [9] => :passerelle
            [10] => :login
            [11] => :password
            [12] => :stream_aes67_transmis
            [13] => :id
        )

)

--------------------------------------------------------------------------------
[2026-07-27 13:30:49] Mise à jour réussie ID: 3046
--------------------------------------------------------------------------------
[2026-07-27 13:30:49] Traitement ID: 3033
--------------------------------------------------------------------------------
[2026-07-27 13:30:49] SQL
Array
(
    [sql] => UPDATE materiel SET marque = :marque, modele = :modele, type_materiel = :type_materiel, numero_serie = :numero_serie, version_firmware = :version_firmware, adresse_ip = :adresse_ip, adresse_mac = :adresse_mac, usage_materiel = :usage_materiel, masque = :masque, passerelle = :passerelle WHERE id = :id
    [params] => Array
        (
            [0] => :marque
            [1] => :modele
            [2] => :type_materiel
            [3] => :numero_serie
            [4] => :version_firmware
            [5] => :adresse_ip
            [6] => :adresse_mac
            [7] => :usage_materiel
            [8] => :masque
            [9] => :passerelle
            [10] => :id
        )

)

--------------------------------------------------------------------------------
[2026-07-27 13:30:49] Mise à jour réussie ID: 3033
--------------------------------------------------------------------------------
[2026-07-27 13:30:49] Traitement ID: 3053
--------------------------------------------------------------------------------
[2026-07-27 13:30:49] SQL
Array
(
    [sql] => UPDATE materiel SET marque = :marque, modele = :modele, type_materiel = :type_materiel, numero_serie = :numero_serie, version_firmware = :version_firmware, adresse_ip = :adresse_ip, adresse_mac = :adresse_mac, usage_materiel = :usage_materiel, masque = :masque, passerelle = :passerelle, stream_aes67_recu = :stream_aes67_recu, stream_aes67_transmis = :stream_aes67_transmis WHERE id = :id
    [params] => Array
        (
            [0] => :marque
            [1] => :modele
            [2] => :type_materiel
            [3] => :numero_serie
            [4] => :version_firmware
            [5] => :adresse_ip
            [6] => :adresse_mac
            [7] => :usage_materiel
            [8] => :masque
            [9] => :passerelle
            [10] => :stream_aes67_recu
            [11] => :stream_aes67_transmis
            [12] => :id
        )

)

--------------------------------------------------------------------------------
[2026-07-27 13:30:49] Mise à jour réussie ID: 3053
--------------------------------------------------------------------------------
[2026-07-27 13:30:49] Traitement ID: 3049
--------------------------------------------------------------------------------
[2026-07-27 13:30:49] SQL
Array
(
    [sql] => UPDATE materiel SET marque = :marque, modele = :modele, type_materiel = :type_materiel, numero_serie = :numero_serie, version_firmware = :version_firmware, adresse_ip = :adresse_ip, adresse_mac = :adresse_mac, usage_materiel = :usage_materiel, masque = :masque, passerelle = :passerelle WHERE id = :id
    [params] => Array
        (
            [0] => :marque
            [1] => :modele
            [2] => :type_materiel
            [3] => :numero_serie
            [4] => :version_firmware
            [5] => :adresse_ip
            [6] => :adresse_mac
            [7] => :usage_materiel
            [8] => :masque
            [9] => :passerelle
            [10] => :id
        )

)

--------------------------------------------------------------------------------
[2026-07-27 13:30:49] Mise à jour réussie ID: 3049
--------------------------------------------------------------------------------
[2026-07-27 13:30:49] Traitement ID: 3056
--------------------------------------------------------------------------------
[2026-07-27 13:30:49] SQL
Array
(
    [sql] => UPDATE materiel SET marque = :marque, modele = :modele, type_materiel = :type_materiel, numero_serie = :numero_serie, version_firmware = :version_firmware, adresse_ip = :adresse_ip, adresse_mac = :adresse_mac, usage_materiel = :usage_materiel, masque = :masque, passerelle = :passerelle, login = :login, password = :password WHERE id = :id
    [params] => Array
        (
            [0] => :marque
            [1] => :modele
            [2] => :type_materiel
            [3] => :numero_serie
            [4] => :version_firmware
            [5] => :adresse_ip
            [6] => :adresse_mac
            [7] => :usage_materiel
            [8] => :masque
            [9] => :passerelle
            [10] => :login
            [11] => :password
            [12] => :id
        )

)

--------------------------------------------------------------------------------
[2026-07-27 13:30:49] Mise à jour réussie ID: 3056
--------------------------------------------------------------------------------
[2026-07-27 13:30:49] Traitement ID: 3031
--------------------------------------------------------------------------------
[2026-07-27 13:30:49] SQL
Array
(
    [sql] => UPDATE materiel SET marque = :marque, modele = :modele, type_materiel = :type_materiel, numero_serie = :numero_serie, version_firmware = :version_firmware, adresse_ip = :adresse_ip, adresse_mac = :adresse_mac, usage_materiel = :usage_materiel, masque = :masque, passerelle = :passerelle, login = :login, password = :password WHERE id = :id
    [params] => Array
        (
            [0] => :marque
            [1] => :modele
            [2] => :type_materiel
            [3] => :numero_serie
            [4] => :version_firmware
            [5] => :adresse_ip
            [6] => :adresse_mac
            [7] => :usage_materiel
            [8] => :masque
            [9] => :passerelle
            [10] => :login
            [11] => :password
            [12] => :id
        )

)

--------------------------------------------------------------------------------
[2026-07-27 13:30:49] Mise à jour réussie ID: 3031
--------------------------------------------------------------------------------
[2026-07-27 13:30:49] Traitement ID: 3032
--------------------------------------------------------------------------------
[2026-07-27 13:30:49] SQL
Array
(
    [sql] => UPDATE materiel SET marque = :marque, modele = :modele, type_materiel = :type_materiel, numero_serie = :numero_serie, version_firmware = :version_firmware, adresse_ip = :adresse_ip, adresse_mac = :adresse_mac, usage_materiel = :usage_materiel, masque = :masque, passerelle = :passerelle, login = :login, password = :password WHERE id = :id
    [params] => Array
        (
            [0] => :marque
            [1] => :modele
            [2] => :type_materiel
            [3] => :numero_serie
            [4] => :version_firmware
            [5] => :adresse_ip
            [6] => :adresse_mac
            [7] => :usage_materiel
            [8] => :masque
            [9] => :passerelle
            [10] => :login
            [11] => :password
            [12] => :id
        )

)

--------------------------------------------------------------------------------
[2026-07-27 13:30:49] Mise à jour réussie ID: 3032
--------------------------------------------------------------------------------
[2026-07-27 13:30:49] Traitement ID: 3041
--------------------------------------------------------------------------------
[2026-07-27 13:30:49] SQL
Array
(
    [sql] => UPDATE materiel SET marque = :marque, modele = :modele, type_materiel = :type_materiel, numero_serie = :numero_serie, version_firmware = :version_firmware, adresse_ip = :adresse_ip, adresse_mac = :adresse_mac, usage_materiel = :usage_materiel, masque = :masque, passerelle = :passerelle, ip_primaire = :ip_primaire, mac_primaire = :mac_primaire, stream_aes67_recu = :stream_aes67_recu, stream_aes67_transmis = :stream_aes67_transmis WHERE id = :id
    [params] => Array
        (
            [0] => :marque
            [1] => :modele
            [2] => :type_materiel
            [3] => :numero_serie
            [4] => :version_firmware
            [5] => :adresse_ip
            [6] => :adresse_mac
            [7] => :usage_materiel
            [8] => :masque
            [9] => :passerelle
            [10] => :ip_primaire
            [11] => :mac_primaire
            [12] => :stream_aes67_recu
            [13] => :stream_aes67_transmis
            [14] => :id
        )

)

--------------------------------------------------------------------------------
[2026-07-27 13:30:49] Mise à jour réussie ID: 3041
--------------------------------------------------------------------------------
[2026-07-27 13:30:49] Traitement ID: 3054
--------------------------------------------------------------------------------
[2026-07-27 13:30:49] SQL
Array
(
    [sql] => UPDATE materiel SET marque = :marque, modele = :modele, type_materiel = :type_materiel, numero_serie = :numero_serie, version_firmware = :version_firmware, adresse_ip = :adresse_ip, adresse_mac = :adresse_mac, usage_materiel = :usage_materiel, masque = :masque, passerelle = :passerelle WHERE id = :id
    [params] => Array
        (
            [0] => :marque
            [1] => :modele
            [2] => :type_materiel
            [3] => :numero_serie
            [4] => :version_firmware
            [5] => :adresse_ip
            [6] => :adresse_mac
            [7] => :usage_materiel
            [8] => :masque
            [9] => :passerelle
            [10] => :id
        )

)

--------------------------------------------------------------------------------
[2026-07-27 13:30:49] Mise à jour réussie ID: 3054
--------------------------------------------------------------------------------
[2026-07-27 13:30:49] Traitement ID: 3052
--------------------------------------------------------------------------------
[2026-07-27 13:30:49] SQL
Array
(
    [sql] => UPDATE materiel SET marque = :marque, modele = :modele, type_materiel = :type_materiel, numero_serie = :numero_serie, version_firmware = :version_firmware, adresse_ip = :adresse_ip, adresse_mac = :adresse_mac, usage_materiel = :usage_materiel, masque = :masque, passerelle = :passerelle WHERE id = :id
    [params] => Array
        (
            [0] => :marque
            [1] => :modele
            [2] => :type_materiel
            [3] => :numero_serie
            [4] => :version_firmware
            [5] => :adresse_ip
            [6] => :adresse_mac
            [7] => :usage_materiel
            [8] => :masque
            [9] => :passerelle
            [10] => :id
        )

)

--------------------------------------------------------------------------------
[2026-07-27 13:30:49] Mise à jour réussie ID: 3052
--------------------------------------------------------------------------------
[2026-07-27 13:30:49] Traitement ID: 3050
--------------------------------------------------------------------------------
[2026-07-27 13:30:49] SQL
Array
(
    [sql] => UPDATE materiel SET marque = :marque, modele = :modele, type_materiel = :type_materiel, numero_serie = :numero_serie, version_firmware = :version_firmware, adresse_ip = :adresse_ip, adresse_mac = :adresse_mac, usage_materiel = :usage_materiel, masque = :masque, passerelle = :passerelle, login = :login, password = :password WHERE id = :id
    [params] => Array
        (
            [0] => :marque
            [1] => :modele
            [2] => :type_materiel
            [3] => :numero_serie
            [4] => :version_firmware
            [5] => :adresse_ip
            [6] => :adresse_mac
            [7] => :usage_materiel
            [8] => :masque
            [9] => :passerelle
            [10] => :login
            [11] => :password
            [12] => :id
        )

)

--------------------------------------------------------------------------------
[2026-07-27 13:30:49] Mise à jour réussie ID: 3050
--------------------------------------------------------------------------------
[2026-07-27 13:30:49] Traitement ID: 3051
--------------------------------------------------------------------------------
[2026-07-27 13:30:49] SQL
Array
(
    [sql] => UPDATE materiel SET marque = :marque, modele = :modele, type_materiel = :type_materiel, numero_serie = :numero_serie, version_firmware = :version_firmware, adresse_ip = :adresse_ip, adresse_mac = :adresse_mac, usage_materiel = :usage_materiel, masque = :masque, passerelle = :passerelle, login = :login, password = :password WHERE id = :id
    [params] => Array
        (
            [0] => :marque
            [1] => :modele
            [2] => :type_materiel
            [3] => :numero_serie
            [4] => :version_firmware
            [5] => :adresse_ip
            [6] => :adresse_mac
            [7] => :usage_materiel
            [8] => :masque
            [9] => :passerelle
            [10] => :login
            [11] => :password
            [12] => :id
        )

)

--------------------------------------------------------------------------------
[2026-07-27 13:30:49] Mise à jour réussie ID: 3051
--------------------------------------------------------------------------------
[2026-07-27 13:30:49] Traitement ID: 3043
--------------------------------------------------------------------------------
[2026-07-27 13:30:49] SQL
Array
(
    [sql] => UPDATE materiel SET marque = :marque, modele = :modele, type_materiel = :type_materiel, numero_serie = :numero_serie, adresse_ip = :adresse_ip, adresse_mac = :adresse_mac, usage_materiel = :usage_materiel, masque = :masque, passerelle = :passerelle WHERE id = :id
    [params] => Array
        (
            [0] => :marque
            [1] => :modele
            [2] => :type_materiel
            [3] => :numero_serie
            [4] => :adresse_ip
            [5] => :adresse_mac
            [6] => :usage_materiel
            [7] => :masque
            [8] => :passerelle
            [9] => :id
        )

)

--------------------------------------------------------------------------------
[2026-07-27 13:30:49] Mise à jour réussie ID: 3043
--------------------------------------------------------------------------------
[2026-07-27 13:30:49] Traitement ID: 3034
--------------------------------------------------------------------------------
[2026-07-27 13:30:49] SQL
Array
(
    [sql] => UPDATE materiel SET marque = :marque, modele = :modele, type_materiel = :type_materiel, numero_serie = :numero_serie, version_firmware = :version_firmware, adresse_ip = :adresse_ip, adresse_mac = :adresse_mac, usage_materiel = :usage_materiel, masque = :masque, passerelle = :passerelle, login = :login, password = :password WHERE id = :id
    [params] => Array
        (
            [0] => :marque
            [1] => :modele
            [2] => :type_materiel
            [3] => :numero_serie
            [4] => :version_firmware
            [5] => :adresse_ip
            [6] => :adresse_mac
            [7] => :usage_materiel
            [8] => :masque
            [9] => :passerelle
            [10] => :login
            [11] => :password
            [12] => :id
        )

)

--------------------------------------------------------------------------------
[2026-07-27 13:30:49] Mise à jour réussie ID: 3034
--------------------------------------------------------------------------------
[2026-07-27 13:30:49] Traitement ID: 3042
--------------------------------------------------------------------------------
[2026-07-27 13:30:49] SQL
Array
(
    [sql] => UPDATE materiel SET marque = :marque, modele = :modele, type_materiel = :type_materiel, numero_serie = :numero_serie, version_firmware = :version_firmware, adresse_ip = :adresse_ip, adresse_mac = :adresse_mac, usage_materiel = :usage_materiel, masque = :masque, passerelle = :passerelle WHERE id = :id
    [params] => Array
        (
            [0] => :marque
            [1] => :modele
            [2] => :type_materiel
            [3] => :numero_serie
            [4] => :version_firmware
            [5] => :adresse_ip
            [6] => :adresse_mac
            [7] => :usage_materiel
            [8] => :masque
            [9] => :passerelle
            [10] => :id
        )

)

--------------------------------------------------------------------------------
[2026-07-27 13:30:49] Mise à jour réussie ID: 3042
--------------------------------------------------------------------------------
[2026-07-27 13:30:49] Traitement ID: 3055
--------------------------------------------------------------------------------
[2026-07-27 13:30:49] SQL
Array
(
    [sql] => UPDATE materiel SET marque = :marque, modele = :modele, type_materiel = :type_materiel, numero_serie = :numero_serie, adresse_ip = :adresse_ip, adresse_mac = :adresse_mac, usage_materiel = :usage_materiel, masque = :masque, passerelle = :passerelle, login = :login, password = :password, ssid = :ssid, type_cryptage = :type_cryptage, password_wifi = :password_wifi WHERE id = :id
    [params] => Array
        (
            [0] => :marque
            [1] => :modele
            [2] => :type_materiel
            [3] => :numero_serie
            [4] => :adresse_ip
            [5] => :adresse_mac
            [6] => :usage_materiel
            [7] => :masque
            [8] => :passerelle
            [9] => :login
            [10] => :password
            [11] => :ssid
            [12] => :type_cryptage
            [13] => :password_wifi
            [14] => :id
        )

)

--------------------------------------------------------------------------------
[2026-07-27 13:30:49] Mise à jour réussie ID: 3055
--------------------------------------------------------------------------------
[2026-07-27 13:30:49] Traitement ID: 3035
--------------------------------------------------------------------------------
[2026-07-27 13:30:49] SQL
Array
(
    [sql] => UPDATE materiel SET marque = :marque, modele = :modele, type_materiel = :type_materiel, numero_serie = :numero_serie, version_firmware = :version_firmware, adresse_ip = :adresse_ip, adresse_mac = :adresse_mac, usage_materiel = :usage_materiel, masque = :masque, passerelle = :passerelle, login = :login, password = :password, stream_aes67_transmis = :stream_aes67_transmis WHERE id = :id
    [params] => Array
        (
            [0] => :marque
            [1] => :modele
            [2] => :type_materiel
            [3] => :numero_serie
            [4] => :version_firmware
            [5] => :adresse_ip
            [6] => :adresse_mac
            [7] => :usage_materiel
            [8] => :masque
            [9] => :passerelle
            [10] => :login
            [11] => :password
            [12] => :stream_aes67_transmis
            [13] => :id
        )

)

--------------------------------------------------------------------------------
[2026-07-27 13:30:49] Mise à jour réussie ID: 3035
--------------------------------------------------------------------------------
[2026-07-27 13:30:49] Traitement ID: 3037
--------------------------------------------------------------------------------
[2026-07-27 13:30:49] SQL
Array
(
    [sql] => UPDATE materiel SET marque = :marque, modele = :modele, type_materiel = :type_materiel, numero_serie = :numero_serie, version_firmware = :version_firmware, usage_materiel = :usage_materiel WHERE id = :id
    [params] => Array
        (
            [0] => :marque
            [1] => :modele
            [2] => :type_materiel
            [3] => :numero_serie
            [4] => :version_firmware
            [5] => :usage_materiel
            [6] => :id
        )

)

--------------------------------------------------------------------------------
[2026-07-27 13:30:49] Mise à jour réussie ID: 3037
--------------------------------------------------------------------------------
[2026-07-27 13:30:49] Traitement ID: 3038
--------------------------------------------------------------------------------
[2026-07-27 13:30:49] SQL
Array
(
    [sql] => UPDATE materiel SET marque = :marque, modele = :modele, type_materiel = :type_materiel, numero_serie = :numero_serie, version_firmware = :version_firmware, usage_materiel = :usage_materiel WHERE id = :id
    [params] => Array
        (
            [0] => :marque
            [1] => :modele
            [2] => :type_materiel
            [3] => :numero_serie
            [4] => :version_firmware
            [5] => :usage_materiel
            [6] => :id
        )

)

--------------------------------------------------------------------------------
[2026-07-27 13:30:49] Mise à jour réussie ID: 3038
--------------------------------------------------------------------------------
[2026-07-27 13:30:49] Traitement ID: 3039
--------------------------------------------------------------------------------
[2026-07-27 13:30:49] SQL
Array
(
    [sql] => UPDATE materiel SET marque = :marque, modele = :modele, type_materiel = :type_materiel, numero_serie = :numero_serie, version_firmware = :version_firmware, usage_materiel = :usage_materiel WHERE id = :id
    [params] => Array
        (
            [0] => :marque
            [1] => :modele
            [2] => :type_materiel
            [3] => :numero_serie
            [4] => :version_firmware
            [5] => :usage_materiel
            [6] => :id
        )

)

--------------------------------------------------------------------------------
[2026-07-27 13:30:49] Mise à jour réussie ID: 3039
--------------------------------------------------------------------------------
[2026-07-27 13:30:49] Traitement ID: 3040
--------------------------------------------------------------------------------
[2026-07-27 13:30:49] SQL
Array
(
    [sql] => UPDATE materiel SET marque = :marque, modele = :modele, type_materiel = :type_materiel, numero_serie = :numero_serie, version_firmware = :version_firmware, usage_materiel = :usage_materiel WHERE id = :id
    [params] => Array
        (
            [0] => :marque
            [1] => :modele
            [2] => :type_materiel
            [3] => :numero_serie
            [4] => :version_firmware
            [5] => :usage_materiel
            [6] => :id
        )

)

--------------------------------------------------------------------------------
[2026-07-27 13:30:50] Mise à jour réussie ID: 3040
--------------------------------------------------------------------------------
[2026-07-27 13:30:50] Traitement ID: 3036
--------------------------------------------------------------------------------
[2026-07-27 13:30:50] SQL
Array
(
    [sql] => UPDATE materiel SET marque = :marque, modele = :modele, type_materiel = :type_materiel, numero_serie = :numero_serie, version_firmware = :version_firmware, adresse_ip = :adresse_ip, adresse_mac = :adresse_mac, usage_materiel = :usage_materiel, masque = :masque, passerelle = :passerelle WHERE id = :id
    [params] => Array
        (
            [0] => :marque
            [1] => :modele
            [2] => :type_materiel
            [3] => :numero_serie
            [4] => :version_firmware
            [5] => :adresse_ip
            [6] => :adresse_mac
            [7] => :usage_materiel
            [8] => :masque
            [9] => :passerelle
            [10] => :id
        )

)

--------------------------------------------------------------------------------
[2026-07-27 13:30:50] Mise à jour réussie ID: 3036
--------------------------------------------------------------------------------
[2026-07-27 13:30:50] Réponse
Array
(
    [status] => success
    [message] => 26 ligne(s) mise(s) à jour
    [updated] => 26
    [total_rows] => 26
    [errors] => Array
        (
        )

)

--------------------------------------------------------------------------------
[2026-07-27 13:30:50] === FIN ===
--------------------------------------------------------------------------------
[2026-07-27 13:30:50] === DÉBUT ===
--------------------------------------------------------------------------------
[2026-07-27 13:30:50] Input reçu
Array
(
    [raw_length] => 28295
    [has_data] => 1
)

--------------------------------------------------------------------------------
[2026-07-27 13:30:50] Connexion BDD OK
--------------------------------------------------------------------------------
[2026-07-27 13:30:50] Traitement ID: 3405
--------------------------------------------------------------------------------
[2026-07-27 13:30:50] SQL
Array
(
    [sql] => UPDATE materiel SET marque = :marque, modele = :modele, type_materiel = :type_materiel, numero_serie = :numero_serie, version_firmware = :version_firmware, adresse_ip = :adresse_ip, adresse_mac = :adresse_mac, usage_materiel = :usage_materiel, masque = :masque, passerelle = :passerelle WHERE id = :id
    [params] => Array
        (
            [0] => :marque
            [1] => :modele
            [2] => :type_materiel
            [3] => :numero_serie
            [4] => :version_firmware
            [5] => :adresse_ip
            [6] => :adresse_mac
            [7] => :usage_materiel
            [8] => :masque
            [9] => :passerelle
            [10] => :id
        )

)

--------------------------------------------------------------------------------
[2026-07-27 13:30:50] Mise à jour réussie ID: 3405
--------------------------------------------------------------------------------
[2026-07-27 13:30:50] Traitement ID: 3406
--------------------------------------------------------------------------------
[2026-07-27 13:30:50] SQL
Array
(
    [sql] => UPDATE materiel SET marque = :marque, modele = :modele, type_materiel = :type_materiel, numero_serie = :numero_serie, version_firmware = :version_firmware, adresse_ip = :adresse_ip, adresse_mac = :adresse_mac, usage_materiel = :usage_materiel, masque = :masque, passerelle = :passerelle WHERE id = :id
    [params] => Array
        (
            [0] => :marque
            [1] => :modele
            [2] => :type_materiel
            [3] => :numero_serie
            [4] => :version_firmware
            [5] => :adresse_ip
            [6] => :adresse_mac
            [7] => :usage_materiel
            [8] => :masque
            [9] => :passerelle
            [10] => :id
        )

)

--------------------------------------------------------------------------------
[2026-07-27 13:30:50] Mise à jour réussie ID: 3406
--------------------------------------------------------------------------------
[2026-07-27 13:30:50] Traitement ID: 3407
--------------------------------------------------------------------------------
[2026-07-27 13:30:50] SQL
Array
(
    [sql] => UPDATE materiel SET marque = :marque, modele = :modele, type_materiel = :type_materiel, numero_serie = :numero_serie, version_firmware = :version_firmware, adresse_ip = :adresse_ip, adresse_mac = :adresse_mac, usage_materiel = :usage_materiel, masque = :masque, passerelle = :passerelle WHERE id = :id
    [params] => Array
        (
            [0] => :marque
            [1] => :modele
            [2] => :type_materiel
            [3] => :numero_serie
            [4] => :version_firmware
            [5] => :adresse_ip
            [6] => :adresse_mac
            [7] => :usage_materiel
            [8] => :masque
            [9] => :passerelle
            [10] => :id
        )

)

--------------------------------------------------------------------------------
[2026-07-27 13:30:50] Mise à jour réussie ID: 3407
--------------------------------------------------------------------------------
[2026-07-27 13:30:50] Traitement ID: 3408
--------------------------------------------------------------------------------
[2026-07-27 13:30:50] SQL
Array
(
    [sql] => UPDATE materiel SET marque = :marque, modele = :modele, type_materiel = :type_materiel, numero_serie = :numero_serie, version_firmware = :version_firmware, adresse_ip = :adresse_ip, adresse_mac = :adresse_mac, usage_materiel = :usage_materiel, masque = :masque, passerelle = :passerelle WHERE id = :id
    [params] => Array
        (
            [0] => :marque
            [1] => :modele
            [2] => :type_materiel
            [3] => :numero_serie
            [4] => :version_firmware
            [5] => :adresse_ip
            [6] => :adresse_mac
            [7] => :usage_materiel
            [8] => :masque
            [9] => :passerelle
            [10] => :id
        )

)

--------------------------------------------------------------------------------
[2026-07-27 13:30:50] Mise à jour réussie ID: 3408
--------------------------------------------------------------------------------
[2026-07-27 13:30:50] Traitement ID: 3409
--------------------------------------------------------------------------------
[2026-07-27 13:30:50] SQL
Array
(
    [sql] => UPDATE materiel SET marque = :marque, modele = :modele, type_materiel = :type_materiel, numero_serie = :numero_serie, version_firmware = :version_firmware, adresse_ip = :adresse_ip, adresse_mac = :adresse_mac, usage_materiel = :usage_materiel, masque = :masque, passerelle = :passerelle WHERE id = :id
    [params] => Array
        (
            [0] => :marque
            [1] => :modele
            [2] => :type_materiel
            [3] => :numero_serie
            [4] => :version_firmware
            [5] => :adresse_ip
            [6] => :adresse_mac
            [7] => :usage_materiel
            [8] => :masque
            [9] => :passerelle
            [10] => :id
        )

)

--------------------------------------------------------------------------------
[2026-07-27 13:30:50] Mise à jour réussie ID: 3409
--------------------------------------------------------------------------------
[2026-07-27 13:30:50] Traitement ID: 3410
--------------------------------------------------------------------------------
[2026-07-27 13:30:50] SQL
Array
(
    [sql] => UPDATE materiel SET marque = :marque, modele = :modele, type_materiel = :type_materiel, numero_serie = :numero_serie, version_firmware = :version_firmware, adresse_ip = :adresse_ip, adresse_mac = :adresse_mac, usage_materiel = :usage_materiel, masque = :masque, passerelle = :passerelle WHERE id = :id
    [params] => Array
        (
            [0] => :marque
            [1] => :modele
            [2] => :type_materiel
            [3] => :numero_serie
            [4] => :version_firmware
            [5] => :adresse_ip
            [6] => :adresse_mac
            [7] => :usage_materiel
            [8] => :masque
            [9] => :passerelle
            [10] => :id
        )

)

--------------------------------------------------------------------------------
[2026-07-27 13:30:50] Mise à jour réussie ID: 3410
--------------------------------------------------------------------------------
[2026-07-27 13:30:50] Traitement ID: 3413
--------------------------------------------------------------------------------
[2026-07-27 13:30:50] SQL
Array
(
    [sql] => UPDATE materiel SET marque = :marque, modele = :modele, type_materiel = :type_materiel, numero_serie = :numero_serie, version_firmware = :version_firmware, adresse_ip = :adresse_ip, adresse_mac = :adresse_mac, usage_materiel = :usage_materiel, masque = :masque, passerelle = :passerelle WHERE id = :id
    [params] => Array
        (
            [0] => :marque
            [1] => :modele
            [2] => :type_materiel
            [3] => :numero_serie
            [4] => :version_firmware
            [5] => :adresse_ip
            [6] => :adresse_mac
            [7] => :usage_materiel
            [8] => :masque
            [9] => :passerelle
            [10] => :id
        )

)

--------------------------------------------------------------------------------
[2026-07-27 13:30:50] Mise à jour réussie ID: 3413
--------------------------------------------------------------------------------
[2026-07-27 13:30:50] Traitement ID: 3414
--------------------------------------------------------------------------------
[2026-07-27 13:30:50] SQL
Array
(
    [sql] => UPDATE materiel SET marque = :marque, modele = :modele, type_materiel = :type_materiel, numero_serie = :numero_serie, version_firmware = :version_firmware, adresse_ip = :adresse_ip, adresse_mac = :adresse_mac, usage_materiel = :usage_materiel, masque = :masque, passerelle = :passerelle WHERE id = :id
    [params] => Array
        (
            [0] => :marque
            [1] => :modele
            [2] => :type_materiel
            [3] => :numero_serie
            [4] => :version_firmware
            [5] => :adresse_ip
            [6] => :adresse_mac
            [7] => :usage_materiel
            [8] => :masque
            [9] => :passerelle
            [10] => :id
        )

)

--------------------------------------------------------------------------------
[2026-07-27 13:30:50] Mise à jour réussie ID: 3414
--------------------------------------------------------------------------------
[2026-07-27 13:30:50] Traitement ID: 3397
--------------------------------------------------------------------------------
[2026-07-27 13:30:50] SQL
Array
(
    [sql] => UPDATE materiel SET marque = :marque, modele = :modele, type_materiel = :type_materiel, numero_serie = :numero_serie, version_firmware = :version_firmware, adresse_ip = :adresse_ip, adresse_mac = :adresse_mac, usage_materiel = :usage_materiel, masque = :masque, passerelle = :passerelle WHERE id = :id
    [params] => Array
        (
            [0] => :marque
            [1] => :modele
            [2] => :type_materiel
            [3] => :numero_serie
            [4] => :version_firmware
            [5] => :adresse_ip
            [6] => :adresse_mac
            [7] => :usage_materiel
            [8] => :masque
            [9] => :passerelle
            [10] => :id
        )

)

--------------------------------------------------------------------------------
[2026-07-27 13:30:50] Mise à jour réussie ID: 3397
--------------------------------------------------------------------------------
[2026-07-27 13:30:50] Traitement ID: 3399
--------------------------------------------------------------------------------
[2026-07-27 13:30:50] SQL
Array
(
    [sql] => UPDATE materiel SET marque = :marque, modele = :modele, type_materiel = :type_materiel, numero_serie = :numero_serie, version_firmware = :version_firmware, adresse_ip = :adresse_ip, adresse_mac = :adresse_mac, usage_materiel = :usage_materiel, masque = :masque, passerelle = :passerelle WHERE id = :id
    [params] => Array
        (
            [0] => :marque
            [1] => :modele
            [2] => :type_materiel
            [3] => :numero_serie
            [4] => :version_firmware
            [5] => :adresse_ip
            [6] => :adresse_mac
            [7] => :usage_materiel
            [8] => :masque
            [9] => :passerelle
            [10] => :id
        )

)

--------------------------------------------------------------------------------
[2026-07-27 13:30:50] Mise à jour réussie ID: 3399
--------------------------------------------------------------------------------
[2026-07-27 13:30:50] Traitement ID: 3412
--------------------------------------------------------------------------------
[2026-07-27 13:30:50] SQL
Array
(
    [sql] => UPDATE materiel SET marque = :marque, modele = :modele, type_materiel = :type_materiel, numero_serie = :numero_serie, version_firmware = :version_firmware, adresse_ip = :adresse_ip, adresse_mac = :adresse_mac, usage_materiel = :usage_materiel, masque = :masque, passerelle = :passerelle WHERE id = :id
    [params] => Array
        (
            [0] => :marque
            [1] => :modele
            [2] => :type_materiel
            [3] => :numero_serie
            [4] => :version_firmware
            [5] => :adresse_ip
            [6] => :adresse_mac
            [7] => :usage_materiel
            [8] => :masque
            [9] => :passerelle
            [10] => :id
        )

)

--------------------------------------------------------------------------------
[2026-07-27 13:30:50] Mise à jour réussie ID: 3412
--------------------------------------------------------------------------------
[2026-07-27 13:30:50] Traitement ID: 3401
--------------------------------------------------------------------------------
[2026-07-27 13:30:50] SQL
Array
(
    [sql] => UPDATE materiel SET marque = :marque, modele = :modele, type_materiel = :type_materiel, numero_serie = :numero_serie, version_firmware = :version_firmware, adresse_ip = :adresse_ip, adresse_mac = :adresse_mac, usage_materiel = :usage_materiel, masque = :masque, passerelle = :passerelle, stream_aes67_transmis = :stream_aes67_transmis WHERE id = :id
    [params] => Array
        (
            [0] => :marque
            [1] => :modele
            [2] => :type_materiel
            [3] => :numero_serie
            [4] => :version_firmware
            [5] => :adresse_ip
            [6] => :adresse_mac
            [7] => :usage_materiel
            [8] => :masque
            [9] => :passerelle
            [10] => :stream_aes67_transmis
            [11] => :id
        )

)

--------------------------------------------------------------------------------
[2026-07-27 13:30:50] Mise à jour réussie ID: 3401
--------------------------------------------------------------------------------
[2026-07-27 13:30:50] Traitement ID: 3402
--------------------------------------------------------------------------------
[2026-07-27 13:30:50] SQL
Array
(
    [sql] => UPDATE materiel SET marque = :marque, modele = :modele, type_materiel = :type_materiel, numero_serie = :numero_serie, version_firmware = :version_firmware, adresse_ip = :adresse_ip, adresse_mac = :adresse_mac, usage_materiel = :usage_materiel, masque = :masque, passerelle = :passerelle, stream_aes67_transmis = :stream_aes67_transmis WHERE id = :id
    [params] => Array
        (
            [0] => :marque
            [1] => :modele
            [2] => :type_materiel
            [3] => :numero_serie
            [4] => :version_firmware
            [5] => :adresse_ip
            [6] => :adresse_mac
            [7] => :usage_materiel
            [8] => :masque
            [9] => :passerelle
            [10] => :stream_aes67_transmis
            [11] => :id
        )

)

--------------------------------------------------------------------------------
[2026-07-27 13:30:50] Mise à jour réussie ID: 3402
--------------------------------------------------------------------------------
[2026-07-27 13:30:50] Traitement ID: 3403
--------------------------------------------------------------------------------
[2026-07-27 13:30:50] SQL
Array
(
    [sql] => UPDATE materiel SET marque = :marque, modele = :modele, type_materiel = :type_materiel, numero_serie = :numero_serie, version_firmware = :version_firmware, adresse_ip = :adresse_ip, adresse_mac = :adresse_mac, usage_materiel = :usage_materiel, masque = :masque, passerelle = :passerelle, stream_aes67_transmis = :stream_aes67_transmis WHERE id = :id
    [params] => Array
        (
            [0] => :marque
            [1] => :modele
            [2] => :type_materiel
            [3] => :numero_serie
            [4] => :version_firmware
            [5] => :adresse_ip
            [6] => :adresse_mac
            [7] => :usage_materiel
            [8] => :masque
            [9] => :passerelle
            [10] => :stream_aes67_transmis
            [11] => :id
        )

)

--------------------------------------------------------------------------------
[2026-07-27 13:30:50] Mise à jour réussie ID: 3403
--------------------------------------------------------------------------------
[2026-07-27 13:30:50] Traitement ID: 3404
--------------------------------------------------------------------------------
[2026-07-27 13:30:50] SQL
Array
(
    [sql] => UPDATE materiel SET marque = :marque, modele = :modele, type_materiel = :type_materiel, numero_serie = :numero_serie, version_firmware = :version_firmware, adresse_ip = :adresse_ip, adresse_mac = :adresse_mac, usage_materiel = :usage_materiel, masque = :masque, passerelle = :passerelle WHERE id = :id
    [params] => Array
        (
            [0] => :marque
            [1] => :modele
            [2] => :type_materiel
            [3] => :numero_serie
            [4] => :version_firmware
            [5] => :adresse_ip
            [6] => :adresse_mac
            [7] => :usage_materiel
            [8] => :masque
            [9] => :passerelle
            [10] => :id
        )

)

--------------------------------------------------------------------------------
[2026-07-27 13:30:50] Mise à jour réussie ID: 3404
--------------------------------------------------------------------------------
[2026-07-27 13:30:50] Traitement ID: 3398
--------------------------------------------------------------------------------
[2026-07-27 13:30:50] SQL
Array
(
    [sql] => UPDATE materiel SET marque = :marque, modele = :modele, type_materiel = :type_materiel, numero_serie = :numero_serie, version_firmware = :version_firmware, adresse_ip = :adresse_ip, adresse_mac = :adresse_mac, usage_materiel = :usage_materiel, masque = :masque, passerelle = :passerelle WHERE id = :id
    [params] => Array
        (
            [0] => :marque
            [1] => :modele
            [2] => :type_materiel
            [3] => :numero_serie
            [4] => :version_firmware
            [5] => :adresse_ip
            [6] => :adresse_mac
            [7] => :usage_materiel
            [8] => :masque
            [9] => :passerelle
            [10] => :id
        )

)

--------------------------------------------------------------------------------
[2026-07-27 13:30:50] Mise à jour réussie ID: 3398
--------------------------------------------------------------------------------
[2026-07-27 13:30:50] Traitement ID: 3400
--------------------------------------------------------------------------------
[2026-07-27 13:30:50] SQL
Array
(
    [sql] => UPDATE materiel SET marque = :marque, modele = :modele, type_materiel = :type_materiel, numero_serie = :numero_serie, version_firmware = :version_firmware, adresse_ip = :adresse_ip, adresse_mac = :adresse_mac, usage_materiel = :usage_materiel, masque = :masque, passerelle = :passerelle WHERE id = :id
    [params] => Array
        (
            [0] => :marque
            [1] => :modele
            [2] => :type_materiel
            [3] => :numero_serie
            [4] => :version_firmware
            [5] => :adresse_ip
            [6] => :adresse_mac
            [7] => :usage_materiel
            [8] => :masque
            [9] => :passerelle
            [10] => :id
        )

)

--------------------------------------------------------------------------------
[2026-07-27 13:30:50] Mise à jour réussie ID: 3400
--------------------------------------------------------------------------------
[2026-07-27 13:30:50] Traitement ID: 3396
--------------------------------------------------------------------------------
[2026-07-27 13:30:50] SQL
Array
(
    [sql] => UPDATE materiel SET marque = :marque, modele = :modele, type_materiel = :type_materiel, numero_serie = :numero_serie, version_firmware = :version_firmware, adresse_ip = :adresse_ip, adresse_mac = :adresse_mac, usage_materiel = :usage_materiel, masque = :masque, passerelle = :passerelle, stream_aes67_transmis = :stream_aes67_transmis WHERE id = :id
    [params] => Array
        (
            [0] => :marque
            [1] => :modele
            [2] => :type_materiel
            [3] => :numero_serie
            [4] => :version_firmware
            [5] => :adresse_ip
            [6] => :adresse_mac
            [7] => :usage_materiel
            [8] => :masque
            [9] => :passerelle
            [10] => :stream_aes67_transmis
            [11] => :id
        )

)

--------------------------------------------------------------------------------
[2026-07-27 13:30:50] Mise à jour réussie ID: 3396
--------------------------------------------------------------------------------
[2026-07-27 13:30:50] Traitement ID: 3411
--------------------------------------------------------------------------------
[2026-07-27 13:30:50] SQL
Array
(
    [sql] => UPDATE materiel SET marque = :marque, modele = :modele, type_materiel = :type_materiel, numero_serie = :numero_serie, version_firmware = :version_firmware, adresse_ip = :adresse_ip, adresse_mac = :adresse_mac, usage_materiel = :usage_materiel, masque = :masque, passerelle = :passerelle WHERE id = :id
    [params] => Array
        (
            [0] => :marque
            [1] => :modele
            [2] => :type_materiel
            [3] => :numero_serie
            [4] => :version_firmware
            [5] => :adresse_ip
            [6] => :adresse_mac
            [7] => :usage_materiel
            [8] => :masque
            [9] => :passerelle
            [10] => :id
        )

)

--------------------------------------------------------------------------------
[2026-07-27 13:30:50] Mise à jour réussie ID: 3411
--------------------------------------------------------------------------------
[2026-07-27 13:30:50] Traitement ID: 3386
--------------------------------------------------------------------------------
[2026-07-27 13:30:50] SQL
Array
(
    [sql] => UPDATE materiel SET marque = :marque, modele = :modele, type_materiel = :type_materiel, numero_serie = :numero_serie, adresse_ip = :adresse_ip, adresse_mac = :adresse_mac, usage_materiel = :usage_materiel, masque = :masque, passerelle = :passerelle, login = :login, password = :password WHERE id = :id
    [params] => Array
        (
            [0] => :marque
            [1] => :modele
            [2] => :type_materiel
            [3] => :numero_serie
            [4] => :adresse_ip
            [5] => :adresse_mac
            [6] => :usage_materiel
            [7] => :masque
            [8] => :passerelle
            [9] => :login
            [10] => :password
            [11] => :id
        )

)

--------------------------------------------------------------------------------
[2026-07-27 13:30:50] Mise à jour réussie ID: 3386
--------------------------------------------------------------------------------
[2026-07-27 13:30:50] Traitement ID: 3421
--------------------------------------------------------------------------------
[2026-07-27 13:30:50] SQL
Array
(
    [sql] => UPDATE materiel SET marque = :marque, modele = :modele, type_materiel = :type_materiel, numero_serie = :numero_serie, adresse_ip = :adresse_ip, usage_materiel = :usage_materiel, masque = :masque, passerelle = :passerelle, login = :login, password = :password WHERE id = :id
    [params] => Array
        (
            [0] => :marque
            [1] => :modele
            [2] => :type_materiel
            [3] => :numero_serie
            [4] => :adresse_ip
            [5] => :usage_materiel
            [6] => :masque
            [7] => :passerelle
            [8] => :login
            [9] => :password
            [10] => :id
        )

)

--------------------------------------------------------------------------------
[2026-07-27 13:30:50] Mise à jour réussie ID: 3421
--------------------------------------------------------------------------------
[2026-07-27 13:30:50] Traitement ID: 3420
--------------------------------------------------------------------------------
[2026-07-27 13:30:50] SQL
Array
(
    [sql] => UPDATE materiel SET marque = :marque, modele = :modele, type_materiel = :type_materiel, numero_serie = :numero_serie, adresse_ip = :adresse_ip, adresse_mac = :adresse_mac, usage_materiel = :usage_materiel, masque = :masque, passerelle = :passerelle, login = :login, password = :password WHERE id = :id
    [params] => Array
        (
            [0] => :marque
            [1] => :modele
            [2] => :type_materiel
            [3] => :numero_serie
            [4] => :adresse_ip
            [5] => :adresse_mac
            [6] => :usage_materiel
            [7] => :masque
            [8] => :passerelle
            [9] => :login
            [10] => :password
            [11] => :id
        )

)

--------------------------------------------------------------------------------
[2026-07-27 13:30:50] Mise à jour réussie ID: 3420
--------------------------------------------------------------------------------
[2026-07-27 13:30:50] Traitement ID: 3384
--------------------------------------------------------------------------------
[2026-07-27 13:30:50] SQL
Array
(
    [sql] => UPDATE materiel SET marque = :marque, modele = :modele, type_materiel = :type_materiel, numero_serie = :numero_serie, adresse_ip = :adresse_ip, adresse_mac = :adresse_mac, usage_materiel = :usage_materiel, masque = :masque, passerelle = :passerelle WHERE id = :id
    [params] => Array
        (
            [0] => :marque
            [1] => :modele
            [2] => :type_materiel
            [3] => :numero_serie
            [4] => :adresse_ip
            [5] => :adresse_mac
            [6] => :usage_materiel
            [7] => :masque
            [8] => :passerelle
            [9] => :id
        )

)

--------------------------------------------------------------------------------
[2026-07-27 13:30:50] Mise à jour réussie ID: 3384
--------------------------------------------------------------------------------
[2026-07-27 13:30:50] Traitement ID: 3395
--------------------------------------------------------------------------------
[2026-07-27 13:30:50] SQL
Array
(
    [sql] => UPDATE materiel SET marque = :marque, modele = :modele, numero_serie = :numero_serie, version_firmware = :version_firmware, adresse_ip = :adresse_ip, adresse_mac = :adresse_mac, usage_materiel = :usage_materiel, masque = :masque, passerelle = :passerelle, commentaire = :commentaire WHERE id = :id
    [params] => Array
        (
            [0] => :marque
            [1] => :modele
            [2] => :numero_serie
            [3] => :version_firmware
            [4] => :adresse_ip
            [5] => :adresse_mac
            [6] => :usage_materiel
            [7] => :masque
            [8] => :passerelle
            [9] => :commentaire
            [10] => :id
        )

)

--------------------------------------------------------------------------------
[2026-07-27 13:30:50] Mise à jour réussie ID: 3395
--------------------------------------------------------------------------------
[2026-07-27 13:30:50] Traitement ID: 3419
--------------------------------------------------------------------------------
[2026-07-27 13:30:50] SQL
Array
(
    [sql] => UPDATE materiel SET marque = :marque, adresse_ip = :adresse_ip, usage_materiel = :usage_materiel WHERE id = :id
    [params] => Array
        (
            [0] => :marque
            [1] => :adresse_ip
            [2] => :usage_materiel
            [3] => :id
        )

)

--------------------------------------------------------------------------------
[2026-07-27 13:30:50] Mise à jour réussie ID: 3419
--------------------------------------------------------------------------------
[2026-07-27 13:30:50] Traitement ID: 3385
--------------------------------------------------------------------------------
[2026-07-27 13:30:50] SQL
Array
(
    [sql] => UPDATE materiel SET marque = :marque, modele = :modele, type_materiel = :type_materiel, numero_serie = :numero_serie, adresse_ip = :adresse_ip, adresse_mac = :adresse_mac, usage_materiel = :usage_materiel, masque = :masque, passerelle = :passerelle WHERE id = :id
    [params] => Array
        (
            [0] => :marque
            [1] => :modele
            [2] => :type_materiel
            [3] => :numero_serie
            [4] => :adresse_ip
            [5] => :adresse_mac
            [6] => :usage_materiel
            [7] => :masque
            [8] => :passerelle
            [9] => :id
        )

)

--------------------------------------------------------------------------------
[2026-07-27 13:30:50] Mise à jour réussie ID: 3385
--------------------------------------------------------------------------------
[2026-07-27 13:30:50] Traitement ID: 3417
--------------------------------------------------------------------------------
[2026-07-27 13:30:50] SQL
Array
(
    [sql] => UPDATE materiel SET marque = :marque, modele = :modele, type_materiel = :type_materiel, version_firmware = :version_firmware, adresse_ip = :adresse_ip, adresse_mac = :adresse_mac, usage_materiel = :usage_materiel, masque = :masque, passerelle = :passerelle WHERE id = :id
    [params] => Array
        (
            [0] => :marque
            [1] => :modele
            [2] => :type_materiel
            [3] => :version_firmware
            [4] => :adresse_ip
            [5] => :adresse_mac
            [6] => :usage_materiel
            [7] => :masque
            [8] => :passerelle
            [9] => :id
        )

)

--------------------------------------------------------------------------------
[2026-07-27 13:30:50] Mise à jour réussie ID: 3417
--------------------------------------------------------------------------------
[2026-07-27 13:30:50] Traitement ID: 3418
--------------------------------------------------------------------------------
[2026-07-27 13:30:50] SQL
Array
(
    [sql] => UPDATE materiel SET marque = :marque, modele = :modele, type_materiel = :type_materiel, version_firmware = :version_firmware, adresse_ip = :adresse_ip, adresse_mac = :adresse_mac, usage_materiel = :usage_materiel, masque = :masque, passerelle = :passerelle WHERE id = :id
    [params] => Array
        (
            [0] => :marque
            [1] => :modele
            [2] => :type_materiel
            [3] => :version_firmware
            [4] => :adresse_ip
            [5] => :adresse_mac
            [6] => :usage_materiel
            [7] => :masque
            [8] => :passerelle
            [9] => :id
        )

)

--------------------------------------------------------------------------------
[2026-07-27 13:30:50] Mise à jour réussie ID: 3418
--------------------------------------------------------------------------------
[2026-07-27 13:30:50] Traitement ID: 3393
--------------------------------------------------------------------------------
[2026-07-27 13:30:50] SQL
Array
(
    [sql] => UPDATE materiel SET marque = :marque, type_materiel = :type_materiel, adresse_ip = :adresse_ip, usage_materiel = :usage_materiel, masque = :masque, passerelle = :passerelle WHERE id = :id
    [params] => Array
        (
            [0] => :marque
            [1] => :type_materiel
            [2] => :adresse_ip
            [3] => :usage_materiel
            [4] => :masque
            [5] => :passerelle
            [6] => :id
        )

)

--------------------------------------------------------------------------------
[2026-07-27 13:30:50] Mise à jour réussie ID: 3393
--------------------------------------------------------------------------------
[2026-07-27 13:30:50] Traitement ID: 3394
--------------------------------------------------------------------------------
[2026-07-27 13:30:50] SQL
Array
(
    [sql] => UPDATE materiel SET marque = :marque, type_materiel = :type_materiel, adresse_ip = :adresse_ip, usage_materiel = :usage_materiel, masque = :masque, passerelle = :passerelle WHERE id = :id
    [params] => Array
        (
            [0] => :marque
            [1] => :type_materiel
            [2] => :adresse_ip
            [3] => :usage_materiel
            [4] => :masque
            [5] => :passerelle
            [6] => :id
        )

)

--------------------------------------------------------------------------------
[2026-07-27 13:30:50] Mise à jour réussie ID: 3394
--------------------------------------------------------------------------------
[2026-07-27 13:30:50] Traitement ID: 3387
--------------------------------------------------------------------------------
[2026-07-27 13:30:50] SQL
Array
(
    [sql] => UPDATE materiel SET marque = :marque, modele = :modele, type_materiel = :type_materiel, adresse_ip = :adresse_ip, adresse_mac = :adresse_mac, usage_materiel = :usage_materiel, masque = :masque, passerelle = :passerelle WHERE id = :id
    [params] => Array
        (
            [0] => :marque
            [1] => :modele
            [2] => :type_materiel
            [3] => :adresse_ip
            [4] => :adresse_mac
            [5] => :usage_materiel
            [6] => :masque
            [7] => :passerelle
            [8] => :id
        )

)

--------------------------------------------------------------------------------
[2026-07-27 13:30:50] Mise à jour réussie ID: 3387
--------------------------------------------------------------------------------
[2026-07-27 13:30:50] Traitement ID: 3388
--------------------------------------------------------------------------------
[2026-07-27 13:30:50] SQL
Array
(
    [sql] => UPDATE materiel SET marque = :marque, modele = :modele, type_materiel = :type_materiel, adresse_ip = :adresse_ip, adresse_mac = :adresse_mac, usage_materiel = :usage_materiel, masque = :masque, passerelle = :passerelle WHERE id = :id
    [params] => Array
        (
            [0] => :marque
            [1] => :modele
            [2] => :type_materiel
            [3] => :adresse_ip
            [4] => :adresse_mac
            [5] => :usage_materiel
            [6] => :masque
            [7] => :passerelle
            [8] => :id
        )

)

--------------------------------------------------------------------------------
[2026-07-27 13:30:50] Mise à jour réussie ID: 3388
--------------------------------------------------------------------------------
[2026-07-27 13:30:50] Traitement ID: 3389
--------------------------------------------------------------------------------
[2026-07-27 13:30:50] SQL
Array
(
    [sql] => UPDATE materiel SET marque = :marque, modele = :modele, type_materiel = :type_materiel, adresse_ip = :adresse_ip, adresse_mac = :adresse_mac, usage_materiel = :usage_materiel, masque = :masque, passerelle = :passerelle WHERE id = :id
    [params] => Array
        (
            [0] => :marque
            [1] => :modele
            [2] => :type_materiel
            [3] => :adresse_ip
            [4] => :adresse_mac
            [5] => :usage_materiel
            [6] => :masque
            [7] => :passerelle
            [8] => :id
        )

)

--------------------------------------------------------------------------------
[2026-07-27 13:30:50] Mise à jour réussie ID: 3389
--------------------------------------------------------------------------------
[2026-07-27 13:30:50] Traitement ID: 3390
--------------------------------------------------------------------------------
[2026-07-27 13:30:50] SQL
Array
(
    [sql] => UPDATE materiel SET marque = :marque, modele = :modele, type_materiel = :type_materiel, adresse_ip = :adresse_ip, adresse_mac = :adresse_mac, usage_materiel = :usage_materiel, masque = :masque, passerelle = :passerelle WHERE id = :id
    [params] => Array
        (
            [0] => :marque
            [1] => :modele
            [2] => :type_materiel
            [3] => :adresse_ip
            [4] => :adresse_mac
            [5] => :usage_materiel
            [6] => :masque
            [7] => :passerelle
            [8] => :id
        )

)

--------------------------------------------------------------------------------
[2026-07-27 13:30:50] Mise à jour réussie ID: 3390
--------------------------------------------------------------------------------
[2026-07-27 13:30:50] Traitement ID: 3391
--------------------------------------------------------------------------------
[2026-07-27 13:30:50] SQL
Array
(
    [sql] => UPDATE materiel SET marque = :marque, modele = :modele, type_materiel = :type_materiel, adresse_ip = :adresse_ip, adresse_mac = :adresse_mac, usage_materiel = :usage_materiel, masque = :masque, passerelle = :passerelle WHERE id = :id
    [params] => Array
        (
            [0] => :marque
            [1] => :modele
            [2] => :type_materiel
            [3] => :adresse_ip
            [4] => :adresse_mac
            [5] => :usage_materiel
            [6] => :masque
            [7] => :passerelle
            [8] => :id
        )

)

--------------------------------------------------------------------------------
[2026-07-27 13:30:50] Mise à jour réussie ID: 3391
--------------------------------------------------------------------------------
[2026-07-27 13:30:50] Traitement ID: 3392
--------------------------------------------------------------------------------
[2026-07-27 13:30:50] SQL
Array
(
    [sql] => UPDATE materiel SET marque = :marque, modele = :modele, type_materiel = :type_materiel, adresse_ip = :adresse_ip, adresse_mac = :adresse_mac, usage_materiel = :usage_materiel, masque = :masque, passerelle = :passerelle WHERE id = :id
    [params] => Array
        (
            [0] => :marque
            [1] => :modele
            [2] => :type_materiel
            [3] => :adresse_ip
            [4] => :adresse_mac
            [5] => :usage_materiel
            [6] => :masque
            [7] => :passerelle
            [8] => :id
        )

)

--------------------------------------------------------------------------------
[2026-07-27 13:30:50] Mise à jour réussie ID: 3392
--------------------------------------------------------------------------------
[2026-07-27 13:30:50] Traitement ID: 3415
--------------------------------------------------------------------------------
[2026-07-27 13:30:50] SQL
Array
(
    [sql] => UPDATE materiel SET marque = :marque, modele = :modele, type_materiel = :type_materiel, adresse_ip = :adresse_ip, usage_materiel = :usage_materiel, masque = :masque, passerelle = :passerelle WHERE id = :id
    [params] => Array
        (
            [0] => :marque
            [1] => :modele
            [2] => :type_materiel
            [3] => :adresse_ip
            [4] => :usage_materiel
            [5] => :masque
            [6] => :passerelle
            [7] => :id
        )

)

--------------------------------------------------------------------------------
[2026-07-27 13:30:50] Mise à jour réussie ID: 3415
--------------------------------------------------------------------------------
[2026-07-27 13:30:50] Traitement ID: 3416
--------------------------------------------------------------------------------
[2026-07-27 13:30:50] SQL
Array
(
    [sql] => UPDATE materiel SET marque = :marque, modele = :modele, type_materiel = :type_materiel, adresse_ip = :adresse_ip, usage_materiel = :usage_materiel, masque = :masque, passerelle = :passerelle WHERE id = :id
    [params] => Array
        (
            [0] => :marque
            [1] => :modele
            [2] => :type_materiel
            [3] => :adresse_ip
            [4] => :usage_materiel
            [5] => :masque
            [6] => :passerelle
            [7] => :id
        )

)

--------------------------------------------------------------------------------
[2026-07-27 13:30:50] Mise à jour réussie ID: 3416
--------------------------------------------------------------------------------
[2026-07-27 13:30:50] Réponse
Array
(
    [status] => success
    [message] => 38 ligne(s) mise(s) à jour
    [updated] => 38
    [total_rows] => 38
    [errors] => Array
        (
        )

)

--------------------------------------------------------------------------------
[2026-07-27 13:30:50] === FIN ===
--------------------------------------------------------------------------------
[2026-07-27 13:30:50] === DÉBUT ===
--------------------------------------------------------------------------------
[2026-07-27 13:30:50] Input reçu
Array
(
    [raw_length] => 7776
    [has_data] => 1
)

--------------------------------------------------------------------------------
[2026-07-27 13:30:50] Connexion BDD OK
--------------------------------------------------------------------------------
[2026-07-27 13:30:50] Traitement ID: 3090
--------------------------------------------------------------------------------
[2026-07-27 13:30:50] SQL
Array
(
    [sql] => UPDATE materiel SET marque = :marque, modele = :modele, numero_serie = :numero_serie, version_firmware = :version_firmware, adresse_ip = :adresse_ip, adresse_mac = :adresse_mac, masque = :masque, passerelle = :passerelle WHERE id = :id
    [params] => Array
        (
            [0] => :marque
            [1] => :modele
            [2] => :numero_serie
            [3] => :version_firmware
            [4] => :adresse_ip
            [5] => :adresse_mac
            [6] => :masque
            [7] => :passerelle
            [8] => :id
        )

)

--------------------------------------------------------------------------------
[2026-07-27 13:30:50] Mise à jour réussie ID: 3090
--------------------------------------------------------------------------------
[2026-07-27 13:30:50] Traitement ID: 3097
--------------------------------------------------------------------------------
[2026-07-27 13:30:50] SQL
Array
(
    [sql] => UPDATE materiel SET marque = :marque, modele = :modele, login = :login WHERE id = :id
    [params] => Array
        (
            [0] => :marque
            [1] => :modele
            [2] => :login
            [3] => :id
        )

)

--------------------------------------------------------------------------------
[2026-07-27 13:30:50] Mise à jour réussie ID: 3097
--------------------------------------------------------------------------------
[2026-07-27 13:30:50] Traitement ID: 3096
--------------------------------------------------------------------------------
[2026-07-27 13:30:50] SQL
Array
(
    [sql] => UPDATE materiel SET marque = :marque, modele = :modele, numero_serie = :numero_serie, version_firmware = :version_firmware, adresse_ip = :adresse_ip, adresse_mac = :adresse_mac, masque = :masque, login = :login WHERE id = :id
    [params] => Array
        (
            [0] => :marque
            [1] => :modele
            [2] => :numero_serie
            [3] => :version_firmware
            [4] => :adresse_ip
            [5] => :adresse_mac
            [6] => :masque
            [7] => :login
            [8] => :id
        )

)

--------------------------------------------------------------------------------
[2026-07-27 13:30:50] Mise à jour réussie ID: 3096
--------------------------------------------------------------------------------
[2026-07-27 13:30:50] Traitement ID: 3095
--------------------------------------------------------------------------------
[2026-07-27 13:30:50] SQL
Array
(
    [sql] => UPDATE materiel SET marque = :marque, modele = :modele, numero_serie = :numero_serie, version_firmware = :version_firmware, adresse_ip = :adresse_ip, adresse_mac = :adresse_mac, masque = :masque, login = :login WHERE id = :id
    [params] => Array
        (
            [0] => :marque
            [1] => :modele
            [2] => :numero_serie
            [3] => :version_firmware
            [4] => :adresse_ip
            [5] => :adresse_mac
            [6] => :masque
            [7] => :login
            [8] => :id
        )

)

--------------------------------------------------------------------------------
[2026-07-27 13:30:50] Mise à jour réussie ID: 3095
--------------------------------------------------------------------------------
[2026-07-27 13:30:50] Traitement ID: 3087
--------------------------------------------------------------------------------
[2026-07-27 13:30:50] SQL
Array
(
    [sql] => UPDATE materiel SET marque = :marque, modele = :modele, numero_serie = :numero_serie, version_firmware = :version_firmware, adresse_ip = :adresse_ip, adresse_mac = :adresse_mac, masque = :masque, login = :login WHERE id = :id
    [params] => Array
        (
            [0] => :marque
            [1] => :modele
            [2] => :numero_serie
            [3] => :version_firmware
            [4] => :adresse_ip
            [5] => :adresse_mac
            [6] => :masque
            [7] => :login
            [8] => :id
        )

)

--------------------------------------------------------------------------------
[2026-07-27 13:30:50] Mise à jour réussie ID: 3087
--------------------------------------------------------------------------------
[2026-07-27 13:30:50] Traitement ID: 3088
--------------------------------------------------------------------------------
[2026-07-27 13:30:50] SQL
Array
(
    [sql] => UPDATE materiel SET marque = :marque, modele = :modele, numero_serie = :numero_serie, version_firmware = :version_firmware, adresse_ip = :adresse_ip, adresse_mac = :adresse_mac, masque = :masque, login = :login WHERE id = :id
    [params] => Array
        (
            [0] => :marque
            [1] => :modele
            [2] => :numero_serie
            [3] => :version_firmware
            [4] => :adresse_ip
            [5] => :adresse_mac
            [6] => :masque
            [7] => :login
            [8] => :id
        )

)

--------------------------------------------------------------------------------
[2026-07-27 13:30:50] Mise à jour réussie ID: 3088
--------------------------------------------------------------------------------
[2026-07-27 13:30:50] Traitement ID: 3094
--------------------------------------------------------------------------------
[2026-07-27 13:30:50] SQL
Array
(
    [sql] => UPDATE materiel SET marque = :marque, modele = :modele, numero_serie = :numero_serie, version_firmware = :version_firmware, adresse_ip = :adresse_ip, adresse_mac = :adresse_mac, usage_materiel = :usage_materiel, ancien_firmware = :ancien_firmware, masque = :masque WHERE id = :id
    [params] => Array
        (
            [0] => :marque
            [1] => :modele
            [2] => :numero_serie
            [3] => :version_firmware
            [4] => :adresse_ip
            [5] => :adresse_mac
            [6] => :usage_materiel
            [7] => :ancien_firmware
            [8] => :masque
            [9] => :id
        )

)

--------------------------------------------------------------------------------
[2026-07-27 13:30:50] Mise à jour réussie ID: 3094
--------------------------------------------------------------------------------
[2026-07-27 13:30:50] Traitement ID: 3092
--------------------------------------------------------------------------------
[2026-07-27 13:30:50] SQL
Array
(
    [sql] => UPDATE materiel SET marque = :marque, modele = :modele, numero_serie = :numero_serie, version_firmware = :version_firmware, adresse_ip = :adresse_ip, adresse_mac = :adresse_mac, masque = :masque, passerelle = :passerelle WHERE id = :id
    [params] => Array
        (
            [0] => :marque
            [1] => :modele
            [2] => :numero_serie
            [3] => :version_firmware
            [4] => :adresse_ip
            [5] => :adresse_mac
            [6] => :masque
            [7] => :passerelle
            [8] => :id
        )

)

--------------------------------------------------------------------------------
[2026-07-27 13:30:50] Mise à jour réussie ID: 3092
--------------------------------------------------------------------------------
[2026-07-27 13:30:50] Traitement ID: 3089
--------------------------------------------------------------------------------
[2026-07-27 13:30:50] SQL
Array
(
    [sql] => UPDATE materiel SET marque = :marque, modele = :modele, numero_serie = :numero_serie, version_firmware = :version_firmware, adresse_ip = :adresse_ip, adresse_mac = :adresse_mac, ancien_firmware = :ancien_firmware, masque = :masque, passerelle = :passerelle, login = :login WHERE id = :id
    [params] => Array
        (
            [0] => :marque
            [1] => :modele
            [2] => :numero_serie
            [3] => :version_firmware
            [4] => :adresse_ip
            [5] => :adresse_mac
            [6] => :ancien_firmware
            [7] => :masque
            [8] => :passerelle
            [9] => :login
            [10] => :id
        )

)

--------------------------------------------------------------------------------
[2026-07-27 13:30:50] Mise à jour réussie ID: 3089
--------------------------------------------------------------------------------
[2026-07-27 13:30:50] Traitement ID: 3093
--------------------------------------------------------------------------------
[2026-07-27 13:30:50] SQL
Array
(
    [sql] => UPDATE materiel SET marque = :marque, modele = :modele, numero_serie = :numero_serie, version_firmware = :version_firmware, adresse_ip = :adresse_ip, adresse_mac = :adresse_mac, masque = :masque, passerelle = :passerelle WHERE id = :id
    [params] => Array
        (
            [0] => :marque
            [1] => :modele
            [2] => :numero_serie
            [3] => :version_firmware
            [4] => :adresse_ip
            [5] => :adresse_mac
            [6] => :masque
            [7] => :passerelle
            [8] => :id
        )

)

--------------------------------------------------------------------------------
[2026-07-27 13:30:50] Mise à jour réussie ID: 3093
--------------------------------------------------------------------------------
[2026-07-27 13:30:50] Traitement ID: 3091
--------------------------------------------------------------------------------
[2026-07-27 13:30:50] SQL
Array
(
    [sql] => UPDATE materiel SET marque = :marque, modele = :modele, numero_serie = :numero_serie, version_firmware = :version_firmware, adresse_ip = :adresse_ip, adresse_mac = :adresse_mac, masque = :masque WHERE id = :id
    [params] => Array
        (
            [0] => :marque
            [1] => :modele
            [2] => :numero_serie
            [3] => :version_firmware
            [4] => :adresse_ip
            [5] => :adresse_mac
            [6] => :masque
            [7] => :id
        )

)

--------------------------------------------------------------------------------
[2026-07-27 13:30:50] Mise à jour réussie ID: 3091
--------------------------------------------------------------------------------
[2026-07-27 13:30:50] Réponse
Array
(
    [status] => success
    [message] => 11 ligne(s) mise(s) à jour
    [updated] => 11
    [total_rows] => 11
    [errors] => Array
        (
        )

)

--------------------------------------------------------------------------------
[2026-07-27 13:30:50] === FIN ===
--------------------------------------------------------------------------------
[2026-07-27 13:30:50] === DÉBUT ===
--------------------------------------------------------------------------------
[2026-07-27 13:30:50] Input reçu
Array
(
    [raw_length] => 12600
    [has_data] => 1
)

--------------------------------------------------------------------------------
[2026-07-27 13:30:50] Connexion BDD OK
--------------------------------------------------------------------------------
[2026-07-27 13:30:50] Traitement ID: 3380
--------------------------------------------------------------------------------
[2026-07-27 13:30:50] SQL
Array
(
    [sql] => UPDATE materiel SET marque = :marque, modele = :modele, type_materiel = :type_materiel, numero_serie = :numero_serie, adresse_ip = :adresse_ip, adresse_mac = :adresse_mac, usage_materiel = :usage_materiel, ancien_firmware = :ancien_firmware, masque = :masque, passerelle = :passerelle WHERE id = :id
    [params] => Array
        (
            [0] => :marque
            [1] => :modele
            [2] => :type_materiel
            [3] => :numero_serie
            [4] => :adresse_ip
            [5] => :adresse_mac
            [6] => :usage_materiel
            [7] => :ancien_firmware
            [8] => :masque
            [9] => :passerelle
            [10] => :id
        )

)

--------------------------------------------------------------------------------
[2026-07-27 13:30:50] Mise à jour réussie ID: 3380
--------------------------------------------------------------------------------
[2026-07-27 13:30:50] Traitement ID: 3378
--------------------------------------------------------------------------------
[2026-07-27 13:30:50] SQL
Array
(
    [sql] => UPDATE materiel SET marque = :marque, modele = :modele, type_materiel = :type_materiel, numero_serie = :numero_serie, adresse_ip = :adresse_ip, adresse_mac = :adresse_mac, usage_materiel = :usage_materiel, ancien_firmware = :ancien_firmware, masque = :masque, passerelle = :passerelle WHERE id = :id
    [params] => Array
        (
            [0] => :marque
            [1] => :modele
            [2] => :type_materiel
            [3] => :numero_serie
            [4] => :adresse_ip
            [5] => :adresse_mac
            [6] => :usage_materiel
            [7] => :ancien_firmware
            [8] => :masque
            [9] => :passerelle
            [10] => :id
        )

)

--------------------------------------------------------------------------------
[2026-07-27 13:30:50] Mise à jour réussie ID: 3378
--------------------------------------------------------------------------------
[2026-07-27 13:30:50] Traitement ID: 3379
--------------------------------------------------------------------------------
[2026-07-27 13:30:50] SQL
Array
(
    [sql] => UPDATE materiel SET marque = :marque, modele = :modele, type_materiel = :type_materiel, numero_serie = :numero_serie, adresse_ip = :adresse_ip, adresse_mac = :adresse_mac, usage_materiel = :usage_materiel, ancien_firmware = :ancien_firmware, masque = :masque, passerelle = :passerelle, stream_aes67_recu = :stream_aes67_recu WHERE id = :id
    [params] => Array
        (
            [0] => :marque
            [1] => :modele
            [2] => :type_materiel
            [3] => :numero_serie
            [4] => :adresse_ip
            [5] => :adresse_mac
            [6] => :usage_materiel
            [7] => :ancien_firmware
            [8] => :masque
            [9] => :passerelle
            [10] => :stream_aes67_recu
            [11] => :id
        )

)

--------------------------------------------------------------------------------
[2026-07-27 13:30:50] Mise à jour réussie ID: 3379
--------------------------------------------------------------------------------
[2026-07-27 13:30:50] Traitement ID: 3374
--------------------------------------------------------------------------------
[2026-07-27 13:30:50] SQL
Array
(
    [sql] => UPDATE materiel SET marque = :marque, modele = :modele, type_materiel = :type_materiel, numero_serie = :numero_serie, adresse_ip = :adresse_ip, adresse_mac = :adresse_mac, usage_materiel = :usage_materiel, ancien_firmware = :ancien_firmware, masque = :masque, passerelle = :passerelle WHERE id = :id
    [params] => Array
        (
            [0] => :marque
            [1] => :modele
            [2] => :type_materiel
            [3] => :numero_serie
            [4] => :adresse_ip
            [5] => :adresse_mac
            [6] => :usage_materiel
            [7] => :ancien_firmware
            [8] => :masque
            [9] => :passerelle
            [10] => :id
        )

)

--------------------------------------------------------------------------------
[2026-07-27 13:30:50] Mise à jour réussie ID: 3374
--------------------------------------------------------------------------------
[2026-07-27 13:30:50] Traitement ID: 3375
--------------------------------------------------------------------------------
[2026-07-27 13:30:50] SQL
Array
(
    [sql] => UPDATE materiel SET marque = :marque, modele = :modele, type_materiel = :type_materiel, numero_serie = :numero_serie, adresse_ip = :adresse_ip, adresse_mac = :adresse_mac, usage_materiel = :usage_materiel, ancien_firmware = :ancien_firmware, masque = :masque, passerelle = :passerelle, stream_aes67_transmis = :stream_aes67_transmis WHERE id = :id
    [params] => Array
        (
            [0] => :marque
            [1] => :modele
            [2] => :type_materiel
            [3] => :numero_serie
            [4] => :adresse_ip
            [5] => :adresse_mac
            [6] => :usage_materiel
            [7] => :ancien_firmware
            [8] => :masque
            [9] => :passerelle
            [10] => :stream_aes67_transmis
            [11] => :id
        )

)

--------------------------------------------------------------------------------
[2026-07-27 13:30:50] Mise à jour réussie ID: 3375
--------------------------------------------------------------------------------
[2026-07-27 13:30:50] Traitement ID: 3376
--------------------------------------------------------------------------------
[2026-07-27 13:30:50] SQL
Array
(
    [sql] => UPDATE materiel SET marque = :marque, modele = :modele, type_materiel = :type_materiel, numero_serie = :numero_serie, adresse_ip = :adresse_ip, adresse_mac = :adresse_mac, usage_materiel = :usage_materiel, ancien_firmware = :ancien_firmware, masque = :masque, passerelle = :passerelle, stream_aes67_transmis = :stream_aes67_transmis WHERE id = :id
    [params] => Array
        (
            [0] => :marque
            [1] => :modele
            [2] => :type_materiel
            [3] => :numero_serie
            [4] => :adresse_ip
            [5] => :adresse_mac
            [6] => :usage_materiel
            [7] => :ancien_firmware
            [8] => :masque
            [9] => :passerelle
            [10] => :stream_aes67_transmis
            [11] => :id
        )

)

--------------------------------------------------------------------------------
[2026-07-27 13:30:50] Mise à jour réussie ID: 3376
--------------------------------------------------------------------------------
[2026-07-27 13:30:50] Traitement ID: 3377
--------------------------------------------------------------------------------
[2026-07-27 13:30:50] SQL
Array
(
    [sql] => UPDATE materiel SET marque = :marque, modele = :modele, type_materiel = :type_materiel, numero_serie = :numero_serie, adresse_ip = :adresse_ip, adresse_mac = :adresse_mac, usage_materiel = :usage_materiel, ancien_firmware = :ancien_firmware, masque = :masque, passerelle = :passerelle, stream_aes67_transmis = :stream_aes67_transmis WHERE id = :id
    [params] => Array
        (
            [0] => :marque
            [1] => :modele
            [2] => :type_materiel
            [3] => :numero_serie
            [4] => :adresse_ip
            [5] => :adresse_mac
            [6] => :usage_materiel
            [7] => :ancien_firmware
            [8] => :masque
            [9] => :passerelle
            [10] => :stream_aes67_transmis
            [11] => :id
        )

)

--------------------------------------------------------------------------------
[2026-07-27 13:30:50] Mise à jour réussie ID: 3377
--------------------------------------------------------------------------------
[2026-07-27 13:30:50] Traitement ID: 3381
--------------------------------------------------------------------------------
[2026-07-27 13:30:50] SQL
Array
(
    [sql] => UPDATE materiel SET marque = :marque, modele = :modele, type_materiel = :type_materiel, usage_materiel = :usage_materiel WHERE id = :id
    [params] => Array
        (
            [0] => :marque
            [1] => :modele
            [2] => :type_materiel
            [3] => :usage_materiel
            [4] => :id
        )

)

--------------------------------------------------------------------------------
[2026-07-27 13:30:50] Mise à jour réussie ID: 3381
--------------------------------------------------------------------------------
[2026-07-27 13:30:50] Traitement ID: 3383
--------------------------------------------------------------------------------
[2026-07-27 13:30:50] SQL
Array
(
    [sql] => UPDATE materiel SET marque = :marque, modele = :modele, type_materiel = :type_materiel, numero_serie = :numero_serie, version_firmware = :version_firmware, adresse_ip = :adresse_ip, adresse_mac = :adresse_mac, usage_materiel = :usage_materiel, masque = :masque, passerelle = :passerelle, login = :login, password = :password WHERE id = :id
    [params] => Array
        (
            [0] => :marque
            [1] => :modele
            [2] => :type_materiel
            [3] => :numero_serie
            [4] => :version_firmware
            [5] => :adresse_ip
            [6] => :adresse_mac
            [7] => :usage_materiel
            [8] => :masque
            [9] => :passerelle
            [10] => :login
            [11] => :password
            [12] => :id
        )

)

--------------------------------------------------------------------------------
[2026-07-27 13:30:50] Mise à jour réussie ID: 3383
--------------------------------------------------------------------------------
[2026-07-27 13:30:50] Traitement ID: 3367
--------------------------------------------------------------------------------
[2026-07-27 13:30:50] SQL
Array
(
    [sql] => UPDATE materiel SET marque = :marque, modele = :modele, type_materiel = :type_materiel, numero_serie = :numero_serie, version_firmware = :version_firmware, adresse_ip = :adresse_ip, adresse_mac = :adresse_mac, usage_materiel = :usage_materiel, ancien_firmware = :ancien_firmware, masque = :masque, passerelle = :passerelle, login = :login, password = :password WHERE id = :id
    [params] => Array
        (
            [0] => :marque
            [1] => :modele
            [2] => :type_materiel
            [3] => :numero_serie
            [4] => :version_firmware
            [5] => :adresse_ip
            [6] => :adresse_mac
            [7] => :usage_materiel
            [8] => :ancien_firmware
            [9] => :masque
            [10] => :passerelle
            [11] => :login
            [12] => :password
            [13] => :id
        )

)

--------------------------------------------------------------------------------
[2026-07-27 13:30:50] Mise à jour réussie ID: 3367
--------------------------------------------------------------------------------
[2026-07-27 13:30:50] Traitement ID: 3368
--------------------------------------------------------------------------------
[2026-07-27 13:30:50] SQL
Array
(
    [sql] => UPDATE materiel SET marque = :marque, modele = :modele, type_materiel = :type_materiel, numero_serie = :numero_serie, adresse_ip = :adresse_ip, adresse_mac = :adresse_mac, usage_materiel = :usage_materiel, ancien_firmware = :ancien_firmware, masque = :masque, passerelle = :passerelle, login = :login, password = :password WHERE id = :id
    [params] => Array
        (
            [0] => :marque
            [1] => :modele
            [2] => :type_materiel
            [3] => :numero_serie
            [4] => :adresse_ip
            [5] => :adresse_mac
            [6] => :usage_materiel
            [7] => :ancien_firmware
            [8] => :masque
            [9] => :passerelle
            [10] => :login
            [11] => :password
            [12] => :id
        )

)

--------------------------------------------------------------------------------
[2026-07-27 13:30:50] Mise à jour réussie ID: 3368
--------------------------------------------------------------------------------
[2026-07-27 13:30:50] Traitement ID: 3382
--------------------------------------------------------------------------------
[2026-07-27 13:30:50] SQL
Array
(
    [sql] => UPDATE materiel SET marque = :marque, modele = :modele, type_materiel = :type_materiel, version_firmware = :version_firmware, adresse_ip = :adresse_ip, adresse_mac = :adresse_mac, masque = :masque, passerelle = :passerelle WHERE id = :id
    [params] => Array
        (
            [0] => :marque
            [1] => :modele
            [2] => :type_materiel
            [3] => :version_firmware
            [4] => :adresse_ip
            [5] => :adresse_mac
            [6] => :masque
            [7] => :passerelle
            [8] => :id
        )

)

--------------------------------------------------------------------------------
[2026-07-27 13:30:50] Mise à jour réussie ID: 3382
--------------------------------------------------------------------------------
[2026-07-27 13:30:50] Traitement ID: 3372
--------------------------------------------------------------------------------
[2026-07-27 13:30:50] SQL
Array
(
    [sql] => UPDATE materiel SET marque = :marque, modele = :modele, type_materiel = :type_materiel, numero_serie = :numero_serie, adresse_ip = :adresse_ip, adresse_mac = :adresse_mac, usage_materiel = :usage_materiel, masque = :masque, passerelle = :passerelle, login = :login, password = :password WHERE id = :id
    [params] => Array
        (
            [0] => :marque
            [1] => :modele
            [2] => :type_materiel
            [3] => :numero_serie
            [4] => :adresse_ip
            [5] => :adresse_mac
            [6] => :usage_materiel
            [7] => :masque
            [8] => :passerelle
            [9] => :login
            [10] => :password
            [11] => :id
        )

)

--------------------------------------------------------------------------------
[2026-07-27 13:30:50] Mise à jour réussie ID: 3372
--------------------------------------------------------------------------------
[2026-07-27 13:30:50] Traitement ID: 3369
--------------------------------------------------------------------------------
[2026-07-27 13:30:50] SQL
Array
(
    [sql] => UPDATE materiel SET marque = :marque, modele = :modele, type_materiel = :type_materiel, numero_serie = :numero_serie, adresse_ip = :adresse_ip, adresse_mac = :adresse_mac, usage_materiel = :usage_materiel, ancien_firmware = :ancien_firmware, masque = :masque, passerelle = :passerelle WHERE id = :id
    [params] => Array
        (
            [0] => :marque
            [1] => :modele
            [2] => :type_materiel
            [3] => :numero_serie
            [4] => :adresse_ip
            [5] => :adresse_mac
            [6] => :usage_materiel
            [7] => :ancien_firmware
            [8] => :masque
            [9] => :passerelle
            [10] => :id
        )

)

--------------------------------------------------------------------------------
[2026-07-27 13:30:50] Mise à jour réussie ID: 3369
--------------------------------------------------------------------------------
[2026-07-27 13:30:50] Traitement ID: 3370
--------------------------------------------------------------------------------
[2026-07-27 13:30:50] SQL
Array
(
    [sql] => UPDATE materiel SET marque = :marque, modele = :modele, type_materiel = :type_materiel, numero_serie = :numero_serie, adresse_ip = :adresse_ip, adresse_mac = :adresse_mac, usage_materiel = :usage_materiel, ancien_firmware = :ancien_firmware, masque = :masque, passerelle = :passerelle, login = :login, password = :password, ip_primaire = :ip_primaire, mac_primaire = :mac_primaire, stream_aes67_transmis = :stream_aes67_transmis WHERE id = :id
    [params] => Array
        (
            [0] => :marque
            [1] => :modele
            [2] => :type_materiel
            [3] => :numero_serie
            [4] => :adresse_ip
            [5] => :adresse_mac
            [6] => :usage_materiel
            [7] => :ancien_firmware
            [8] => :masque
            [9] => :passerelle
            [10] => :login
            [11] => :password
            [12] => :ip_primaire
            [13] => :mac_primaire
            [14] => :stream_aes67_transmis
            [15] => :id
        )

)

--------------------------------------------------------------------------------
[2026-07-27 13:30:50] Mise à jour réussie ID: 3370
--------------------------------------------------------------------------------
[2026-07-27 13:30:50] Traitement ID: 3371
--------------------------------------------------------------------------------
[2026-07-27 13:30:50] SQL
Array
(
    [sql] => UPDATE materiel SET marque = :marque, modele = :modele, type_materiel = :type_materiel, numero_serie = :numero_serie, adresse_ip = :adresse_ip, adresse_mac = :adresse_mac, usage_materiel = :usage_materiel, ancien_firmware = :ancien_firmware, masque = :masque, passerelle = :passerelle, login = :login, password = :password WHERE id = :id
    [params] => Array
        (
            [0] => :marque
            [1] => :modele
            [2] => :type_materiel
            [3] => :numero_serie
            [4] => :adresse_ip
            [5] => :adresse_mac
            [6] => :usage_materiel
            [7] => :ancien_firmware
            [8] => :masque
            [9] => :passerelle
            [10] => :login
            [11] => :password
            [12] => :id
        )

)

--------------------------------------------------------------------------------
[2026-07-27 13:30:50] Mise à jour réussie ID: 3371
--------------------------------------------------------------------------------
[2026-07-27 13:30:50] Traitement ID: 3373
--------------------------------------------------------------------------------
[2026-07-27 13:30:50] SQL
Array
(
    [sql] => UPDATE materiel SET marque = :marque, modele = :modele, type_materiel = :type_materiel, adresse_ip = :adresse_ip, adresse_mac = :adresse_mac, usage_materiel = :usage_materiel, ancien_firmware = :ancien_firmware, masque = :masque, passerelle = :passerelle WHERE id = :id
    [params] => Array
        (
            [0] => :marque
            [1] => :modele
            [2] => :type_materiel
            [3] => :adresse_ip
            [4] => :adresse_mac
            [5] => :usage_materiel
            [6] => :ancien_firmware
            [7] => :masque
            [8] => :passerelle
            [9] => :id
        )

)

--------------------------------------------------------------------------------
[2026-07-27 13:30:50] Mise à jour réussie ID: 3373
--------------------------------------------------------------------------------
[2026-07-27 13:30:50] Réponse
Array
(
    [status] => success
    [message] => 17 ligne(s) mise(s) à jour
    [updated] => 17
    [total_rows] => 17
    [errors] => Array
        (
        )

)

--------------------------------------------------------------------------------
[2026-07-27 13:30:50] === FIN ===
--------------------------------------------------------------------------------
[2026-07-27 13:30:50] === DÉBUT ===
--------------------------------------------------------------------------------
[2026-07-27 13:30:50] Input reçu
Array
(
    [raw_length] => 24150
    [has_data] => 1
)

--------------------------------------------------------------------------------
[2026-07-27 13:30:50] Connexion BDD OK
--------------------------------------------------------------------------------
[2026-07-27 13:30:50] Traitement ID: 3110
--------------------------------------------------------------------------------
[2026-07-27 13:30:50] SQL
Array
(
    [sql] => UPDATE materiel SET marque = :marque, modele = :modele, type_materiel = :type_materiel, numero_serie = :numero_serie, version_firmware = :version_firmware, adresse_ip = :adresse_ip, adresse_mac = :adresse_mac, usage_materiel = :usage_materiel, masque = :masque, passerelle = :passerelle, login = :login, password = :password WHERE id = :id
    [params] => Array
        (
            [0] => :marque
            [1] => :modele
            [2] => :type_materiel
            [3] => :numero_serie
            [4] => :version_firmware
            [5] => :adresse_ip
            [6] => :adresse_mac
            [7] => :usage_materiel
            [8] => :masque
            [9] => :passerelle
            [10] => :login
            [11] => :password
            [12] => :id
        )

)

--------------------------------------------------------------------------------
[2026-07-27 13:30:50] Mise à jour réussie ID: 3110
--------------------------------------------------------------------------------
[2026-07-27 13:30:50] Traitement ID: 3111
--------------------------------------------------------------------------------
[2026-07-27 13:30:50] SQL
Array
(
    [sql] => UPDATE materiel SET marque = :marque, modele = :modele, type_materiel = :type_materiel, numero_serie = :numero_serie, version_firmware = :version_firmware, adresse_ip = :adresse_ip, adresse_mac = :adresse_mac, usage_materiel = :usage_materiel, masque = :masque, passerelle = :passerelle, login = :login, password = :password WHERE id = :id
    [params] => Array
        (
            [0] => :marque
            [1] => :modele
            [2] => :type_materiel
            [3] => :numero_serie
            [4] => :version_firmware
            [5] => :adresse_ip
            [6] => :adresse_mac
            [7] => :usage_materiel
            [8] => :masque
            [9] => :passerelle
            [10] => :login
            [11] => :password
            [12] => :id
        )

)

--------------------------------------------------------------------------------
[2026-07-27 13:30:50] Mise à jour réussie ID: 3111
--------------------------------------------------------------------------------
[2026-07-27 13:30:50] Traitement ID: 3112
--------------------------------------------------------------------------------
[2026-07-27 13:30:50] SQL
Array
(
    [sql] => UPDATE materiel SET marque = :marque, modele = :modele, type_materiel = :type_materiel, numero_serie = :numero_serie, version_firmware = :version_firmware, adresse_ip = :adresse_ip, adresse_mac = :adresse_mac, usage_materiel = :usage_materiel, masque = :masque, passerelle = :passerelle, login = :login, password = :password, stream_aes67_recu = :stream_aes67_recu WHERE id = :id
    [params] => Array
        (
            [0] => :marque
            [1] => :modele
            [2] => :type_materiel
            [3] => :numero_serie
            [4] => :version_firmware
            [5] => :adresse_ip
            [6] => :adresse_mac
            [7] => :usage_materiel
            [8] => :masque
            [9] => :passerelle
            [10] => :login
            [11] => :password
            [12] => :stream_aes67_recu
            [13] => :id
        )

)

--------------------------------------------------------------------------------
[2026-07-27 13:30:50] Mise à jour réussie ID: 3112
--------------------------------------------------------------------------------
[2026-07-27 13:30:50] Traitement ID: 3113
--------------------------------------------------------------------------------
[2026-07-27 13:30:50] SQL
Array
(
    [sql] => UPDATE materiel SET marque = :marque, modele = :modele, type_materiel = :type_materiel, numero_serie = :numero_serie, version_firmware = :version_firmware, adresse_ip = :adresse_ip, adresse_mac = :adresse_mac, usage_materiel = :usage_materiel, masque = :masque, passerelle = :passerelle, login = :login, password = :password, stream_aes67_recu = :stream_aes67_recu WHERE id = :id
    [params] => Array
        (
            [0] => :marque
            [1] => :modele
            [2] => :type_materiel
            [3] => :numero_serie
            [4] => :version_firmware
            [5] => :adresse_ip
            [6] => :adresse_mac
            [7] => :usage_materiel
            [8] => :masque
            [9] => :passerelle
            [10] => :login
            [11] => :password
            [12] => :stream_aes67_recu
            [13] => :id
        )

)

--------------------------------------------------------------------------------
[2026-07-27 13:30:50] Mise à jour réussie ID: 3113
--------------------------------------------------------------------------------
[2026-07-27 13:30:50] Traitement ID: 3114
--------------------------------------------------------------------------------
[2026-07-27 13:30:50] SQL
Array
(
    [sql] => UPDATE materiel SET marque = :marque, modele = :modele, type_materiel = :type_materiel, numero_serie = :numero_serie, version_firmware = :version_firmware, adresse_ip = :adresse_ip, adresse_mac = :adresse_mac, usage_materiel = :usage_materiel, masque = :masque, passerelle = :passerelle, login = :login, password = :password WHERE id = :id
    [params] => Array
        (
            [0] => :marque
            [1] => :modele
            [2] => :type_materiel
            [3] => :numero_serie
            [4] => :version_firmware
            [5] => :adresse_ip
            [6] => :adresse_mac
            [7] => :usage_materiel
            [8] => :masque
            [9] => :passerelle
            [10] => :login
            [11] => :password
            [12] => :id
        )

)

--------------------------------------------------------------------------------
[2026-07-27 13:30:50] Mise à jour réussie ID: 3114
--------------------------------------------------------------------------------
[2026-07-27 13:30:50] Traitement ID: 3108
--------------------------------------------------------------------------------
[2026-07-27 13:30:50] SQL
Array
(
    [sql] => UPDATE materiel SET marque = :marque, modele = :modele, type_materiel = :type_materiel, numero_serie = :numero_serie, version_firmware = :version_firmware, adresse_ip = :adresse_ip, adresse_mac = :adresse_mac, usage_materiel = :usage_materiel, masque = :masque, passerelle = :passerelle, login = :login, password = :password, stream_aes67_transmis = :stream_aes67_transmis WHERE id = :id
    [params] => Array
        (
            [0] => :marque
            [1] => :modele
            [2] => :type_materiel
            [3] => :numero_serie
            [4] => :version_firmware
            [5] => :adresse_ip
            [6] => :adresse_mac
            [7] => :usage_materiel
            [8] => :masque
            [9] => :passerelle
            [10] => :login
            [11] => :password
            [12] => :stream_aes67_transmis
            [13] => :id
        )

)

--------------------------------------------------------------------------------
[2026-07-27 13:30:50] Mise à jour réussie ID: 3108
--------------------------------------------------------------------------------
[2026-07-27 13:30:50] Traitement ID: 3109
--------------------------------------------------------------------------------
[2026-07-27 13:30:50] SQL
Array
(
    [sql] => UPDATE materiel SET marque = :marque, modele = :modele, type_materiel = :type_materiel, numero_serie = :numero_serie, version_firmware = :version_firmware, adresse_ip = :adresse_ip, adresse_mac = :adresse_mac, usage_materiel = :usage_materiel, masque = :masque, passerelle = :passerelle, login = :login, password = :password, stream_aes67_transmis = :stream_aes67_transmis WHERE id = :id
    [params] => Array
        (
            [0] => :marque
            [1] => :modele
            [2] => :type_materiel
            [3] => :numero_serie
            [4] => :version_firmware
            [5] => :adresse_ip
            [6] => :adresse_mac
            [7] => :usage_materiel
            [8] => :masque
            [9] => :passerelle
            [10] => :login
            [11] => :password
            [12] => :stream_aes67_transmis
            [13] => :id
        )

)

--------------------------------------------------------------------------------
[2026-07-27 13:30:50] Mise à jour réussie ID: 3109
--------------------------------------------------------------------------------
[2026-07-27 13:30:50] Traitement ID: 3099
--------------------------------------------------------------------------------
[2026-07-27 13:30:50] SQL
Array
(
    [sql] => UPDATE materiel SET marque = :marque, modele = :modele, type_materiel = :type_materiel, adresse_ip = :adresse_ip, usage_materiel = :usage_materiel, masque = :masque, passerelle = :passerelle WHERE id = :id
    [params] => Array
        (
            [0] => :marque
            [1] => :modele
            [2] => :type_materiel
            [3] => :adresse_ip
            [4] => :usage_materiel
            [5] => :masque
            [6] => :passerelle
            [7] => :id
        )

)

--------------------------------------------------------------------------------
[2026-07-27 13:30:50] Mise à jour réussie ID: 3099
--------------------------------------------------------------------------------
[2026-07-27 13:30:50] Traitement ID: 3126
--------------------------------------------------------------------------------
[2026-07-27 13:30:50] SQL
Array
(
    [sql] => UPDATE materiel SET marque = :marque, modele = :modele, type_materiel = :type_materiel WHERE id = :id
    [params] => Array
        (
            [0] => :marque
            [1] => :modele
            [2] => :type_materiel
            [3] => :id
        )

)

--------------------------------------------------------------------------------
[2026-07-27 13:30:50] Mise à jour réussie ID: 3126
--------------------------------------------------------------------------------
[2026-07-27 13:30:50] Traitement ID: 3125
--------------------------------------------------------------------------------
[2026-07-27 13:30:50] SQL
Array
(
    [sql] => UPDATE materiel SET marque = :marque, modele = :modele, type_materiel = :type_materiel WHERE id = :id
    [params] => Array
        (
            [0] => :marque
            [1] => :modele
            [2] => :type_materiel
            [3] => :id
        )

)

--------------------------------------------------------------------------------
[2026-07-27 13:30:50] Mise à jour réussie ID: 3125
--------------------------------------------------------------------------------
[2026-07-27 13:30:50] Traitement ID: 3124
--------------------------------------------------------------------------------
[2026-07-27 13:30:50] SQL
Array
(
    [sql] => UPDATE materiel SET marque = :marque, modele = :modele, type_materiel = :type_materiel, numero_serie = :numero_serie, version_firmware = :version_firmware, adresse_ip = :adresse_ip, adresse_mac = :adresse_mac, usage_materiel = :usage_materiel, masque = :masque, passerelle = :passerelle, stream_aes67_recu = :stream_aes67_recu, stream_aes67_transmis = :stream_aes67_transmis WHERE id = :id
    [params] => Array
        (
            [0] => :marque
            [1] => :modele
            [2] => :type_materiel
            [3] => :numero_serie
            [4] => :version_firmware
            [5] => :adresse_ip
            [6] => :adresse_mac
            [7] => :usage_materiel
            [8] => :masque
            [9] => :passerelle
            [10] => :stream_aes67_recu
            [11] => :stream_aes67_transmis
            [12] => :id
        )

)

--------------------------------------------------------------------------------
[2026-07-27 13:30:50] Mise à jour réussie ID: 3124
--------------------------------------------------------------------------------
[2026-07-27 13:30:50] Traitement ID: 3115
--------------------------------------------------------------------------------
[2026-07-27 13:30:50] SQL
Array
(
    [sql] => UPDATE materiel SET marque = :marque, modele = :modele, type_materiel = :type_materiel, version_firmware = :version_firmware, adresse_ip = :adresse_ip, adresse_mac = :adresse_mac, usage_materiel = :usage_materiel, masque = :masque, passerelle = :passerelle WHERE id = :id
    [params] => Array
        (
            [0] => :marque
            [1] => :modele
            [2] => :type_materiel
            [3] => :version_firmware
            [4] => :adresse_ip
            [5] => :adresse_mac
            [6] => :usage_materiel
            [7] => :masque
            [8] => :passerelle
            [9] => :id
        )

)

--------------------------------------------------------------------------------
[2026-07-27 13:30:50] Mise à jour réussie ID: 3115
--------------------------------------------------------------------------------
[2026-07-27 13:30:50] Traitement ID: 3130
--------------------------------------------------------------------------------
[2026-07-27 13:30:50] SQL
Array
(
    [sql] => UPDATE materiel SET marque = :marque, modele = :modele, type_materiel = :type_materiel, numero_serie = :numero_serie, version_firmware = :version_firmware, adresse_ip = :adresse_ip, adresse_mac = :adresse_mac, masque = :masque, passerelle = :passerelle, login = :login, password = :password WHERE id = :id
    [params] => Array
        (
            [0] => :marque
            [1] => :modele
            [2] => :type_materiel
            [3] => :numero_serie
            [4] => :version_firmware
            [5] => :adresse_ip
            [6] => :adresse_mac
            [7] => :masque
            [8] => :passerelle
            [9] => :login
            [10] => :password
            [11] => :id
        )

)

--------------------------------------------------------------------------------
[2026-07-27 13:30:50] Mise à jour réussie ID: 3130
--------------------------------------------------------------------------------
[2026-07-27 13:30:50] Traitement ID: 3129
--------------------------------------------------------------------------------
[2026-07-27 13:30:50] SQL
Array
(
    [sql] => UPDATE materiel SET marque = :marque, modele = :modele, type_materiel = :type_materiel, numero_serie = :numero_serie, version_firmware = :version_firmware, adresse_ip = :adresse_ip, adresse_mac = :adresse_mac, usage_materiel = :usage_materiel, masque = :masque, passerelle = :passerelle, login = :login, password = :password WHERE id = :id
    [params] => Array
        (
            [0] => :marque
            [1] => :modele
            [2] => :type_materiel
            [3] => :numero_serie
            [4] => :version_firmware
            [5] => :adresse_ip
            [6] => :adresse_mac
            [7] => :usage_materiel
            [8] => :masque
            [9] => :passerelle
            [10] => :login
            [11] => :password
            [12] => :id
        )

)

--------------------------------------------------------------------------------
[2026-07-27 13:30:50] Mise à jour réussie ID: 3129
--------------------------------------------------------------------------------
[2026-07-27 13:30:50] Traitement ID: 3098
--------------------------------------------------------------------------------
[2026-07-27 13:30:50] SQL
Array
(
    [sql] => UPDATE materiel SET marque = :marque, modele = :modele, type_materiel = :type_materiel, numero_serie = :numero_serie, version_firmware = :version_firmware, adresse_ip = :adresse_ip, adresse_mac = :adresse_mac, usage_materiel = :usage_materiel, masque = :masque, passerelle = :passerelle, login = :login, password = :password WHERE id = :id
    [params] => Array
        (
            [0] => :marque
            [1] => :modele
            [2] => :type_materiel
            [3] => :numero_serie
            [4] => :version_firmware
            [5] => :adresse_ip
            [6] => :adresse_mac
            [7] => :usage_materiel
            [8] => :masque
            [9] => :passerelle
            [10] => :login
            [11] => :password
            [12] => :id
        )

)

--------------------------------------------------------------------------------
[2026-07-27 13:30:50] Mise à jour réussie ID: 3098
--------------------------------------------------------------------------------
[2026-07-27 13:30:50] Traitement ID: 3122
--------------------------------------------------------------------------------
[2026-07-27 13:30:50] SQL
Array
(
    [sql] => UPDATE materiel SET marque = :marque, modele = :modele, type_materiel = :type_materiel, version_firmware = :version_firmware, adresse_ip = :adresse_ip, adresse_mac = :adresse_mac, usage_materiel = :usage_materiel, masque = :masque, passerelle = :passerelle, login = :login, password = :password WHERE id = :id
    [params] => Array
        (
            [0] => :marque
            [1] => :modele
            [2] => :type_materiel
            [3] => :version_firmware
            [4] => :adresse_ip
            [5] => :adresse_mac
            [6] => :usage_materiel
            [7] => :masque
            [8] => :passerelle
            [9] => :login
            [10] => :password
            [11] => :id
        )

)

--------------------------------------------------------------------------------
[2026-07-27 13:30:50] Mise à jour réussie ID: 3122
--------------------------------------------------------------------------------
[2026-07-27 13:30:50] Traitement ID: 3128
--------------------------------------------------------------------------------
[2026-07-27 13:30:50] SQL
Array
(
    [sql] => UPDATE materiel SET marque = :marque, modele = :modele, type_materiel = :type_materiel, version_firmware = :version_firmware, adresse_ip = :adresse_ip, adresse_mac = :adresse_mac, usage_materiel = :usage_materiel, ancien_firmware = :ancien_firmware, masque = :masque, passerelle = :passerelle WHERE id = :id
    [params] => Array
        (
            [0] => :marque
            [1] => :modele
            [2] => :type_materiel
            [3] => :version_firmware
            [4] => :adresse_ip
            [5] => :adresse_mac
            [6] => :usage_materiel
            [7] => :ancien_firmware
            [8] => :masque
            [9] => :passerelle
            [10] => :id
        )

)

--------------------------------------------------------------------------------
[2026-07-27 13:30:50] Mise à jour réussie ID: 3128
--------------------------------------------------------------------------------
[2026-07-27 13:30:50] Traitement ID: 3119
--------------------------------------------------------------------------------
[2026-07-27 13:30:50] SQL
Array
(
    [sql] => UPDATE materiel SET marque = :marque, modele = :modele, type_materiel = :type_materiel, adresse_ip = :adresse_ip, adresse_mac = :adresse_mac, usage_materiel = :usage_materiel, masque = :masque, passerelle = :passerelle, login = :login, password = :password WHERE id = :id
    [params] => Array
        (
            [0] => :marque
            [1] => :modele
            [2] => :type_materiel
            [3] => :adresse_ip
            [4] => :adresse_mac
            [5] => :usage_materiel
            [6] => :masque
            [7] => :passerelle
            [8] => :login
            [9] => :password
            [10] => :id
        )

)

--------------------------------------------------------------------------------
[2026-07-27 13:30:50] Mise à jour réussie ID: 3119
--------------------------------------------------------------------------------
[2026-07-27 13:30:50] Traitement ID: 3118
--------------------------------------------------------------------------------
[2026-07-27 13:30:50] SQL
Array
(
    [sql] => UPDATE materiel SET marque = :marque, modele = :modele, type_materiel = :type_materiel, version_firmware = :version_firmware, adresse_ip = :adresse_ip, adresse_mac = :adresse_mac, usage_materiel = :usage_materiel, masque = :masque, passerelle = :passerelle WHERE id = :id
    [params] => Array
        (
            [0] => :marque
            [1] => :modele
            [2] => :type_materiel
            [3] => :version_firmware
            [4] => :adresse_ip
            [5] => :adresse_mac
            [6] => :usage_materiel
            [7] => :masque
            [8] => :passerelle
            [9] => :id
        )

)

--------------------------------------------------------------------------------
[2026-07-27 13:30:50] Mise à jour réussie ID: 3118
--------------------------------------------------------------------------------
[2026-07-27 13:30:50] Traitement ID: 3120
--------------------------------------------------------------------------------
[2026-07-27 13:30:50] SQL
Array
(
    [sql] => UPDATE materiel SET marque = :marque, modele = :modele, type_materiel = :type_materiel, adresse_ip = :adresse_ip, masque = :masque, passerelle = :passerelle WHERE id = :id
    [params] => Array
        (
            [0] => :marque
            [1] => :modele
            [2] => :type_materiel
            [3] => :adresse_ip
            [4] => :masque
            [5] => :passerelle
            [6] => :id
        )

)

--------------------------------------------------------------------------------
[2026-07-27 13:30:50] Mise à jour réussie ID: 3120
--------------------------------------------------------------------------------
[2026-07-27 13:30:50] Traitement ID: 3121
--------------------------------------------------------------------------------
[2026-07-27 13:30:50] SQL
Array
(
    [sql] => UPDATE materiel SET marque = :marque, modele = :modele, type_materiel = :type_materiel, adresse_ip = :adresse_ip, masque = :masque, passerelle = :passerelle WHERE id = :id
    [params] => Array
        (
            [0] => :marque
            [1] => :modele
            [2] => :type_materiel
            [3] => :adresse_ip
            [4] => :masque
            [5] => :passerelle
            [6] => :id
        )

)

--------------------------------------------------------------------------------
[2026-07-27 13:30:50] Mise à jour réussie ID: 3121
--------------------------------------------------------------------------------
[2026-07-27 13:30:50] Traitement ID: 3116
--------------------------------------------------------------------------------
[2026-07-27 13:30:50] SQL
Array
(
    [sql] => UPDATE materiel SET marque = :marque, modele = :modele, type_materiel = :type_materiel, numero_serie = :numero_serie, version_firmware = :version_firmware, adresse_ip = :adresse_ip, adresse_mac = :adresse_mac, usage_materiel = :usage_materiel, ancien_firmware = :ancien_firmware, masque = :masque, passerelle = :passerelle, login = :login, password = :password WHERE id = :id
    [params] => Array
        (
            [0] => :marque
            [1] => :modele
            [2] => :type_materiel
            [3] => :numero_serie
            [4] => :version_firmware
            [5] => :adresse_ip
            [6] => :adresse_mac
            [7] => :usage_materiel
            [8] => :ancien_firmware
            [9] => :masque
            [10] => :passerelle
            [11] => :login
            [12] => :password
            [13] => :id
        )

)

--------------------------------------------------------------------------------
[2026-07-27 13:30:50] Mise à jour réussie ID: 3116
--------------------------------------------------------------------------------
[2026-07-27 13:30:50] Traitement ID: 3117
--------------------------------------------------------------------------------
[2026-07-27 13:30:50] SQL
Array
(
    [sql] => UPDATE materiel SET marque = :marque, modele = :modele, type_materiel = :type_materiel, numero_serie = :numero_serie, version_firmware = :version_firmware, adresse_ip = :adresse_ip, adresse_mac = :adresse_mac, usage_materiel = :usage_materiel, ancien_firmware = :ancien_firmware, masque = :masque, passerelle = :passerelle, login = :login, password = :password WHERE id = :id
    [params] => Array
        (
            [0] => :marque
            [1] => :modele
            [2] => :type_materiel
            [3] => :numero_serie
            [4] => :version_firmware
            [5] => :adresse_ip
            [6] => :adresse_mac
            [7] => :usage_materiel
            [8] => :ancien_firmware
            [9] => :masque
            [10] => :passerelle
            [11] => :login
            [12] => :password
            [13] => :id
        )

)

--------------------------------------------------------------------------------
[2026-07-27 13:30:50] Mise à jour réussie ID: 3117
--------------------------------------------------------------------------------
[2026-07-27 13:30:50] Traitement ID: 3100
--------------------------------------------------------------------------------
[2026-07-27 13:30:50] SQL
Array
(
    [sql] => UPDATE materiel SET marque = :marque, modele = :modele, type_materiel = :type_materiel, numero_serie = :numero_serie, version_firmware = :version_firmware, adresse_ip = :adresse_ip, adresse_mac = :adresse_mac, usage_materiel = :usage_materiel, masque = :masque, passerelle = :passerelle, login = :login, password = :password WHERE id = :id
    [params] => Array
        (
            [0] => :marque
            [1] => :modele
            [2] => :type_materiel
            [3] => :numero_serie
            [4] => :version_firmware
            [5] => :adresse_ip
            [6] => :adresse_mac
            [7] => :usage_materiel
            [8] => :masque
            [9] => :passerelle
            [10] => :login
            [11] => :password
            [12] => :id
        )

)

--------------------------------------------------------------------------------
[2026-07-27 13:30:50] Mise à jour réussie ID: 3100
--------------------------------------------------------------------------------
[2026-07-27 13:30:50] Traitement ID: 3107
--------------------------------------------------------------------------------
[2026-07-27 13:30:50] SQL
Array
(
    [sql] => UPDATE materiel SET marque = :marque, modele = :modele, type_materiel = :type_materiel, usage_materiel = :usage_materiel WHERE id = :id
    [params] => Array
        (
            [0] => :marque
            [1] => :modele
            [2] => :type_materiel
            [3] => :usage_materiel
            [4] => :id
        )

)

--------------------------------------------------------------------------------
[2026-07-27 13:30:50] Mise à jour réussie ID: 3107
--------------------------------------------------------------------------------
[2026-07-27 13:30:50] Traitement ID: 3127
--------------------------------------------------------------------------------
[2026-07-27 13:30:50] SQL
Array
(
    [sql] => UPDATE materiel SET marque = :marque, modele = :modele, type_materiel = :type_materiel, numero_serie = :numero_serie, version_firmware = :version_firmware, adresse_ip = :adresse_ip, adresse_mac = :adresse_mac, usage_materiel = :usage_materiel, masque = :masque, passerelle = :passerelle, login = :login, password = :password WHERE id = :id
    [params] => Array
        (
            [0] => :marque
            [1] => :modele
            [2] => :type_materiel
            [3] => :numero_serie
            [4] => :version_firmware
            [5] => :adresse_ip
            [6] => :adresse_mac
            [7] => :usage_materiel
            [8] => :masque
            [9] => :passerelle
            [10] => :login
            [11] => :password
            [12] => :id
        )

)

--------------------------------------------------------------------------------
[2026-07-27 13:30:50] Mise à jour réussie ID: 3127
--------------------------------------------------------------------------------
[2026-07-27 13:30:50] Traitement ID: 3123
--------------------------------------------------------------------------------
[2026-07-27 13:30:50] SQL
Array
(
    [sql] => UPDATE materiel SET marque = :marque, modele = :modele, type_materiel = :type_materiel, adresse_ip = :adresse_ip, adresse_mac = :adresse_mac, usage_materiel = :usage_materiel, masque = :masque, passerelle = :passerelle WHERE id = :id
    [params] => Array
        (
            [0] => :marque
            [1] => :modele
            [2] => :type_materiel
            [3] => :adresse_ip
            [4] => :adresse_mac
            [5] => :usage_materiel
            [6] => :masque
            [7] => :passerelle
            [8] => :id
        )

)

--------------------------------------------------------------------------------
[2026-07-27 13:30:50] Mise à jour réussie ID: 3123
--------------------------------------------------------------------------------
[2026-07-27 13:30:50] Traitement ID: 3102
--------------------------------------------------------------------------------
[2026-07-27 13:30:50] SQL
Array
(
    [sql] => UPDATE materiel SET marque = :marque, modele = :modele, type_materiel = :type_materiel, numero_serie = :numero_serie, version_firmware = :version_firmware, adresse_ip = :adresse_ip, adresse_mac = :adresse_mac, usage_materiel = :usage_materiel, masque = :masque, passerelle = :passerelle, password = :password, stream_aes67_transmis = :stream_aes67_transmis WHERE id = :id
    [params] => Array
        (
            [0] => :marque
            [1] => :modele
            [2] => :type_materiel
            [3] => :numero_serie
            [4] => :version_firmware
            [5] => :adresse_ip
            [6] => :adresse_mac
            [7] => :usage_materiel
            [8] => :masque
            [9] => :passerelle
            [10] => :password
            [11] => :stream_aes67_transmis
            [12] => :id
        )

)

--------------------------------------------------------------------------------
[2026-07-27 13:30:50] Mise à jour réussie ID: 3102
--------------------------------------------------------------------------------
[2026-07-27 13:30:50] Traitement ID: 3103
--------------------------------------------------------------------------------
[2026-07-27 13:30:50] SQL
Array
(
    [sql] => UPDATE materiel SET marque = :marque, modele = :modele, type_materiel = :type_materiel, numero_serie = :numero_serie, version_firmware = :version_firmware, adresse_ip = :adresse_ip, adresse_mac = :adresse_mac, usage_materiel = :usage_materiel, masque = :masque, passerelle = :passerelle, login = :login, password = :password, ip_primaire = :ip_primaire, mac_primaire = :mac_primaire, stream_aes67_transmis = :stream_aes67_transmis WHERE id = :id
    [params] => Array
        (
            [0] => :marque
            [1] => :modele
            [2] => :type_materiel
            [3] => :numero_serie
            [4] => :version_firmware
            [5] => :adresse_ip
            [6] => :adresse_mac
            [7] => :usage_materiel
            [8] => :masque
            [9] => :passerelle
            [10] => :login
            [11] => :password
            [12] => :ip_primaire
            [13] => :mac_primaire
            [14] => :stream_aes67_transmis
            [15] => :id
        )

)

--------------------------------------------------------------------------------
[2026-07-27 13:30:50] Mise à jour réussie ID: 3103
--------------------------------------------------------------------------------
[2026-07-27 13:30:50] Traitement ID: 3101
--------------------------------------------------------------------------------
[2026-07-27 13:30:50] SQL
Array
(
    [sql] => UPDATE materiel SET marque = :marque, modele = :modele, type_materiel = :type_materiel, numero_serie = :numero_serie, version_firmware = :version_firmware, adresse_ip = :adresse_ip, adresse_mac = :adresse_mac, usage_materiel = :usage_materiel, masque = :masque, passerelle = :passerelle WHERE id = :id
    [params] => Array
        (
            [0] => :marque
            [1] => :modele
            [2] => :type_materiel
            [3] => :numero_serie
            [4] => :version_firmware
            [5] => :adresse_ip
            [6] => :adresse_mac
            [7] => :usage_materiel
            [8] => :masque
            [9] => :passerelle
            [10] => :id
        )

)

--------------------------------------------------------------------------------
[2026-07-27 13:30:50] Mise à jour réussie ID: 3101
--------------------------------------------------------------------------------
[2026-07-27 13:30:50] Traitement ID: 3104
--------------------------------------------------------------------------------
[2026-07-27 13:30:50] SQL
Array
(
    [sql] => UPDATE materiel SET marque = :marque, modele = :modele, type_materiel = :type_materiel, numero_serie = :numero_serie, version_firmware = :version_firmware, usage_materiel = :usage_materiel WHERE id = :id
    [params] => Array
        (
            [0] => :marque
            [1] => :modele
            [2] => :type_materiel
            [3] => :numero_serie
            [4] => :version_firmware
            [5] => :usage_materiel
            [6] => :id
        )

)

--------------------------------------------------------------------------------
[2026-07-27 13:30:50] Mise à jour réussie ID: 3104
--------------------------------------------------------------------------------
[2026-07-27 13:30:50] Traitement ID: 3105
--------------------------------------------------------------------------------
[2026-07-27 13:30:50] SQL
Array
(
    [sql] => UPDATE materiel SET marque = :marque, modele = :modele, type_materiel = :type_materiel, numero_serie = :numero_serie, version_firmware = :version_firmware, usage_materiel = :usage_materiel WHERE id = :id
    [params] => Array
        (
            [0] => :marque
            [1] => :modele
            [2] => :type_materiel
            [3] => :numero_serie
            [4] => :version_firmware
            [5] => :usage_materiel
            [6] => :id
        )

)

--------------------------------------------------------------------------------
[2026-07-27 13:30:50] Mise à jour réussie ID: 3105
--------------------------------------------------------------------------------
[2026-07-27 13:30:50] Traitement ID: 3106
--------------------------------------------------------------------------------
[2026-07-27 13:30:50] SQL
Array
(
    [sql] => UPDATE materiel SET marque = :marque, modele = :modele, type_materiel = :type_materiel, numero_serie = :numero_serie, version_firmware = :version_firmware, usage_materiel = :usage_materiel WHERE id = :id
    [params] => Array
        (
            [0] => :marque
            [1] => :modele
            [2] => :type_materiel
            [3] => :numero_serie
            [4] => :version_firmware
            [5] => :usage_materiel
            [6] => :id
        )

)

--------------------------------------------------------------------------------
[2026-07-27 13:30:50] Mise à jour réussie ID: 3106
--------------------------------------------------------------------------------
[2026-07-27 13:30:50] Réponse
Array
(
    [status] => success
    [message] => 33 ligne(s) mise(s) à jour
    [updated] => 33
    [total_rows] => 33
    [errors] => Array
        (
        )

)

--------------------------------------------------------------------------------
[2026-07-27 13:30:50] === FIN ===
--------------------------------------------------------------------------------
[2026-07-27 13:30:50] === DÉBUT ===
--------------------------------------------------------------------------------
[2026-07-27 13:30:50] Input reçu
Array
(
    [raw_length] => 21180
    [has_data] => 1
)

--------------------------------------------------------------------------------
[2026-07-27 13:30:50] Connexion BDD OK
--------------------------------------------------------------------------------
[2026-07-27 13:30:50] Traitement ID: 3338
--------------------------------------------------------------------------------
[2026-07-27 13:30:50] SQL
Array
(
    [sql] => UPDATE materiel SET modele = :modele, type_materiel = :type_materiel, numero_serie = :numero_serie, adresse_ip = :adresse_ip, adresse_mac = :adresse_mac, ancien_firmware = :ancien_firmware, password = :password, ip_primaire = :ip_primaire, mac_primaire = :mac_primaire WHERE id = :id
    [params] => Array
        (
            [0] => :modele
            [1] => :type_materiel
            [2] => :numero_serie
            [3] => :adresse_ip
            [4] => :adresse_mac
            [5] => :ancien_firmware
            [6] => :password
            [7] => :ip_primaire
            [8] => :mac_primaire
            [9] => :id
        )

)

--------------------------------------------------------------------------------
[2026-07-27 13:30:50] Mise à jour réussie ID: 3338
--------------------------------------------------------------------------------
[2026-07-27 13:30:50] Traitement ID: 3337
--------------------------------------------------------------------------------
[2026-07-27 13:30:50] SQL
Array
(
    [sql] => UPDATE materiel SET modele = :modele, type_materiel = :type_materiel, numero_serie = :numero_serie, adresse_ip = :adresse_ip, adresse_mac = :adresse_mac, ip_primaire = :ip_primaire, mac_primaire = :mac_primaire WHERE id = :id
    [params] => Array
        (
            [0] => :modele
            [1] => :type_materiel
            [2] => :numero_serie
            [3] => :adresse_ip
            [4] => :adresse_mac
            [5] => :ip_primaire
            [6] => :mac_primaire
            [7] => :id
        )

)

--------------------------------------------------------------------------------
[2026-07-27 13:30:50] Mise à jour réussie ID: 3337
--------------------------------------------------------------------------------
[2026-07-27 13:30:50] Traitement ID: 3343
--------------------------------------------------------------------------------
[2026-07-27 13:30:50] SQL
Array
(
    [sql] => UPDATE materiel SET modele = :modele, type_materiel = :type_materiel, numero_serie = :numero_serie, adresse_ip = :adresse_ip, adresse_mac = :adresse_mac, ancien_firmware = :ancien_firmware, password = :password WHERE id = :id
    [params] => Array
        (
            [0] => :modele
            [1] => :type_materiel
            [2] => :numero_serie
            [3] => :adresse_ip
            [4] => :adresse_mac
            [5] => :ancien_firmware
            [6] => :password
            [7] => :id
        )

)

--------------------------------------------------------------------------------
[2026-07-27 13:30:50] Mise à jour réussie ID: 3343
--------------------------------------------------------------------------------
[2026-07-27 13:30:50] Traitement ID: 3341
--------------------------------------------------------------------------------
[2026-07-27 13:30:50] SQL
Array
(
    [sql] => UPDATE materiel SET modele = :modele, type_materiel = :type_materiel, numero_serie = :numero_serie, adresse_ip = :adresse_ip, adresse_mac = :adresse_mac, ancien_firmware = :ancien_firmware, password = :password WHERE id = :id
    [params] => Array
        (
            [0] => :modele
            [1] => :type_materiel
            [2] => :numero_serie
            [3] => :adresse_ip
            [4] => :adresse_mac
            [5] => :ancien_firmware
            [6] => :password
            [7] => :id
        )

)

--------------------------------------------------------------------------------
[2026-07-27 13:30:50] Mise à jour réussie ID: 3341
--------------------------------------------------------------------------------
[2026-07-27 13:30:50] Traitement ID: 3342
--------------------------------------------------------------------------------
[2026-07-27 13:30:50] SQL
Array
(
    [sql] => UPDATE materiel SET modele = :modele, type_materiel = :type_materiel, numero_serie = :numero_serie, adresse_ip = :adresse_ip, adresse_mac = :adresse_mac, ancien_firmware = :ancien_firmware, password = :password WHERE id = :id
    [params] => Array
        (
            [0] => :modele
            [1] => :type_materiel
            [2] => :numero_serie
            [3] => :adresse_ip
            [4] => :adresse_mac
            [5] => :ancien_firmware
            [6] => :password
            [7] => :id
        )

)

--------------------------------------------------------------------------------
[2026-07-27 13:30:50] Mise à jour réussie ID: 3342
--------------------------------------------------------------------------------
[2026-07-27 13:30:50] Traitement ID: 3348
--------------------------------------------------------------------------------
[2026-07-27 13:30:50] SQL
Array
(
    [sql] => UPDATE materiel SET marque = :marque, modele = :modele, type_materiel = :type_materiel, numero_serie = :numero_serie, version_firmware = :version_firmware, adresse_ip = :adresse_ip, adresse_mac = :adresse_mac, usage_materiel = :usage_materiel, masque = :masque, passerelle = :passerelle, login = :login, password = :password WHERE id = :id
    [params] => Array
        (
            [0] => :marque
            [1] => :modele
            [2] => :type_materiel
            [3] => :numero_serie
            [4] => :version_firmware
            [5] => :adresse_ip
            [6] => :adresse_mac
            [7] => :usage_materiel
            [8] => :masque
            [9] => :passerelle
            [10] => :login
            [11] => :password
            [12] => :id
        )

)

--------------------------------------------------------------------------------
[2026-07-27 13:30:50] Mise à jour réussie ID: 3348
--------------------------------------------------------------------------------
[2026-07-27 13:30:50] Traitement ID: 3349
--------------------------------------------------------------------------------
[2026-07-27 13:30:50] SQL
Array
(
    [sql] => UPDATE materiel SET marque = :marque, modele = :modele, type_materiel = :type_materiel, numero_serie = :numero_serie, version_firmware = :version_firmware, adresse_ip = :adresse_ip, adresse_mac = :adresse_mac, usage_materiel = :usage_materiel, masque = :masque, passerelle = :passerelle, login = :login, password = :password WHERE id = :id
    [params] => Array
        (
            [0] => :marque
            [1] => :modele
            [2] => :type_materiel
            [3] => :numero_serie
            [4] => :version_firmware
            [5] => :adresse_ip
            [6] => :adresse_mac
            [7] => :usage_materiel
            [8] => :masque
            [9] => :passerelle
            [10] => :login
            [11] => :password
            [12] => :id
        )

)

--------------------------------------------------------------------------------
[2026-07-27 13:30:50] Mise à jour réussie ID: 3349
--------------------------------------------------------------------------------
[2026-07-27 13:30:50] Traitement ID: 3350
--------------------------------------------------------------------------------
[2026-07-27 13:30:50] SQL
Array
(
    [sql] => UPDATE materiel SET marque = :marque, modele = :modele, type_materiel = :type_materiel, numero_serie = :numero_serie, version_firmware = :version_firmware, adresse_ip = :adresse_ip, adresse_mac = :adresse_mac, usage_materiel = :usage_materiel, masque = :masque, passerelle = :passerelle, login = :login, password = :password WHERE id = :id
    [params] => Array
        (
            [0] => :marque
            [1] => :modele
            [2] => :type_materiel
            [3] => :numero_serie
            [4] => :version_firmware
            [5] => :adresse_ip
            [6] => :adresse_mac
            [7] => :usage_materiel
            [8] => :masque
            [9] => :passerelle
            [10] => :login
            [11] => :password
            [12] => :id
        )

)

--------------------------------------------------------------------------------
[2026-07-27 13:30:50] Mise à jour réussie ID: 3350
--------------------------------------------------------------------------------
[2026-07-27 13:30:50] Traitement ID: 3351
--------------------------------------------------------------------------------
[2026-07-27 13:30:50] SQL
Array
(
    [sql] => UPDATE materiel SET marque = :marque, modele = :modele, type_materiel = :type_materiel, numero_serie = :numero_serie, version_firmware = :version_firmware, adresse_ip = :adresse_ip, adresse_mac = :adresse_mac, usage_materiel = :usage_materiel, masque = :masque, passerelle = :passerelle, login = :login, password = :password WHERE id = :id
    [params] => Array
        (
            [0] => :marque
            [1] => :modele
            [2] => :type_materiel
            [3] => :numero_serie
            [4] => :version_firmware
            [5] => :adresse_ip
            [6] => :adresse_mac
            [7] => :usage_materiel
            [8] => :masque
            [9] => :passerelle
            [10] => :login
            [11] => :password
            [12] => :id
        )

)

--------------------------------------------------------------------------------
[2026-07-27 13:30:50] Mise à jour réussie ID: 3351
--------------------------------------------------------------------------------
[2026-07-27 13:30:50] Traitement ID: 3344
--------------------------------------------------------------------------------
[2026-07-27 13:30:50] SQL
Array
(
    [sql] => UPDATE materiel SET marque = :marque, modele = :modele, type_materiel = :type_materiel, numero_serie = :numero_serie, version_firmware = :version_firmware, adresse_ip = :adresse_ip, adresse_mac = :adresse_mac, usage_materiel = :usage_materiel, masque = :masque, passerelle = :passerelle, login = :login, password = :password, stream_aes67_transmis = :stream_aes67_transmis WHERE id = :id
    [params] => Array
        (
            [0] => :marque
            [1] => :modele
            [2] => :type_materiel
            [3] => :numero_serie
            [4] => :version_firmware
            [5] => :adresse_ip
            [6] => :adresse_mac
            [7] => :usage_materiel
            [8] => :masque
            [9] => :passerelle
            [10] => :login
            [11] => :password
            [12] => :stream_aes67_transmis
            [13] => :id
        )

)

--------------------------------------------------------------------------------
[2026-07-27 13:30:50] Mise à jour réussie ID: 3344
--------------------------------------------------------------------------------
[2026-07-27 13:30:50] Traitement ID: 3345
--------------------------------------------------------------------------------
[2026-07-27 13:30:50] SQL
Array
(
    [sql] => UPDATE materiel SET marque = :marque, modele = :modele, type_materiel = :type_materiel, numero_serie = :numero_serie, version_firmware = :version_firmware, adresse_ip = :adresse_ip, adresse_mac = :adresse_mac, usage_materiel = :usage_materiel, masque = :masque, passerelle = :passerelle, login = :login, password = :password, stream_aes67_transmis = :stream_aes67_transmis WHERE id = :id
    [params] => Array
        (
            [0] => :marque
            [1] => :modele
            [2] => :type_materiel
            [3] => :numero_serie
            [4] => :version_firmware
            [5] => :adresse_ip
            [6] => :adresse_mac
            [7] => :usage_materiel
            [8] => :masque
            [9] => :passerelle
            [10] => :login
            [11] => :password
            [12] => :stream_aes67_transmis
            [13] => :id
        )

)

--------------------------------------------------------------------------------
[2026-07-27 13:30:50] Mise à jour réussie ID: 3345
--------------------------------------------------------------------------------
[2026-07-27 13:30:50] Traitement ID: 3346
--------------------------------------------------------------------------------
[2026-07-27 13:30:50] SQL
Array
(
    [sql] => UPDATE materiel SET marque = :marque, modele = :modele, type_materiel = :type_materiel, numero_serie = :numero_serie, version_firmware = :version_firmware, adresse_ip = :adresse_ip, adresse_mac = :adresse_mac, usage_materiel = :usage_materiel, masque = :masque, passerelle = :passerelle, login = :login, password = :password WHERE id = :id
    [params] => Array
        (
            [0] => :marque
            [1] => :modele
            [2] => :type_materiel
            [3] => :numero_serie
            [4] => :version_firmware
            [5] => :adresse_ip
            [6] => :adresse_mac
            [7] => :usage_materiel
            [8] => :masque
            [9] => :passerelle
            [10] => :login
            [11] => :password
            [12] => :id
        )

)

--------------------------------------------------------------------------------
[2026-07-27 13:30:50] Mise à jour réussie ID: 3346
--------------------------------------------------------------------------------
[2026-07-27 13:30:50] Traitement ID: 3347
--------------------------------------------------------------------------------
[2026-07-27 13:30:50] SQL
Array
(
    [sql] => UPDATE materiel SET marque = :marque, modele = :modele, type_materiel = :type_materiel, numero_serie = :numero_serie, version_firmware = :version_firmware, adresse_ip = :adresse_ip, adresse_mac = :adresse_mac, usage_materiel = :usage_materiel, masque = :masque, passerelle = :passerelle, login = :login, password = :password WHERE id = :id
    [params] => Array
        (
            [0] => :marque
            [1] => :modele
            [2] => :type_materiel
            [3] => :numero_serie
            [4] => :version_firmware
            [5] => :adresse_ip
            [6] => :adresse_mac
            [7] => :usage_materiel
            [8] => :masque
            [9] => :passerelle
            [10] => :login
            [11] => :password
            [12] => :id
        )

)

--------------------------------------------------------------------------------
[2026-07-27 13:30:50] Mise à jour réussie ID: 3347
--------------------------------------------------------------------------------
[2026-07-27 13:30:50] Traitement ID: 3352
--------------------------------------------------------------------------------
[2026-07-27 13:30:50] SQL
Array
(
    [sql] => UPDATE materiel SET marque = :marque, modele = :modele, type_materiel = :type_materiel, adresse_ip = :adresse_ip, masque = :masque, passerelle = :passerelle WHERE id = :id
    [params] => Array
        (
            [0] => :marque
            [1] => :modele
            [2] => :type_materiel
            [3] => :adresse_ip
            [4] => :masque
            [5] => :passerelle
            [6] => :id
        )

)

--------------------------------------------------------------------------------
[2026-07-27 13:30:50] Mise à jour réussie ID: 3352
--------------------------------------------------------------------------------
[2026-07-27 13:30:50] Traitement ID: 3359
--------------------------------------------------------------------------------
[2026-07-27 13:30:50] SQL
Array
(
    [sql] => UPDATE materiel SET marque = :marque, modele = :modele, type_materiel = :type_materiel, version_firmware = :version_firmware, adresse_ip = :adresse_ip, adresse_mac = :adresse_mac, usage_materiel = :usage_materiel, masque = :masque, passerelle = :passerelle WHERE id = :id
    [params] => Array
        (
            [0] => :marque
            [1] => :modele
            [2] => :type_materiel
            [3] => :version_firmware
            [4] => :adresse_ip
            [5] => :adresse_mac
            [6] => :usage_materiel
            [7] => :masque
            [8] => :passerelle
            [9] => :id
        )

)

--------------------------------------------------------------------------------
[2026-07-27 13:30:50] Mise à jour réussie ID: 3359
--------------------------------------------------------------------------------
[2026-07-27 13:30:50] Traitement ID: 3361
--------------------------------------------------------------------------------
[2026-07-27 13:30:50] SQL
Array
(
    [sql] => UPDATE materiel SET marque = :marque, modele = :modele, type_materiel = :type_materiel, adresse_ip = :adresse_ip, adresse_mac = :adresse_mac, usage_materiel = :usage_materiel, masque = :masque, passerelle = :passerelle, login = :login, password = :password WHERE id = :id
    [params] => Array
        (
            [0] => :marque
            [1] => :modele
            [2] => :type_materiel
            [3] => :adresse_ip
            [4] => :adresse_mac
            [5] => :usage_materiel
            [6] => :masque
            [7] => :passerelle
            [8] => :login
            [9] => :password
            [10] => :id
        )

)

--------------------------------------------------------------------------------
[2026-07-27 13:30:50] Mise à jour réussie ID: 3361
--------------------------------------------------------------------------------
[2026-07-27 13:30:50] Traitement ID: 3357
--------------------------------------------------------------------------------
[2026-07-27 13:30:50] SQL
Array
(
    [sql] => UPDATE materiel SET marque = :marque, modele = :modele, type_materiel = :type_materiel, numero_serie = :numero_serie, version_firmware = :version_firmware, adresse_ip = :adresse_ip, adresse_mac = :adresse_mac, usage_materiel = :usage_materiel, ancien_firmware = :ancien_firmware, masque = :masque, passerelle = :passerelle, login = :login, password = :password WHERE id = :id
    [params] => Array
        (
            [0] => :marque
            [1] => :modele
            [2] => :type_materiel
            [3] => :numero_serie
            [4] => :version_firmware
            [5] => :adresse_ip
            [6] => :adresse_mac
            [7] => :usage_materiel
            [8] => :ancien_firmware
            [9] => :masque
            [10] => :passerelle
            [11] => :login
            [12] => :password
            [13] => :id
        )

)

--------------------------------------------------------------------------------
[2026-07-27 13:30:50] Mise à jour réussie ID: 3357
--------------------------------------------------------------------------------
[2026-07-27 13:30:50] Traitement ID: 3358
--------------------------------------------------------------------------------
[2026-07-27 13:30:50] SQL
Array
(
    [sql] => UPDATE materiel SET marque = :marque, modele = :modele, type_materiel = :type_materiel, numero_serie = :numero_serie, version_firmware = :version_firmware, adresse_ip = :adresse_ip, adresse_mac = :adresse_mac, usage_materiel = :usage_materiel, masque = :masque, passerelle = :passerelle, password = :password WHERE id = :id
    [params] => Array
        (
            [0] => :marque
            [1] => :modele
            [2] => :type_materiel
            [3] => :numero_serie
            [4] => :version_firmware
            [5] => :adresse_ip
            [6] => :adresse_mac
            [7] => :usage_materiel
            [8] => :masque
            [9] => :passerelle
            [10] => :password
            [11] => :id
        )

)

--------------------------------------------------------------------------------
[2026-07-27 13:30:50] Mise à jour réussie ID: 3358
--------------------------------------------------------------------------------
[2026-07-27 13:30:50] Traitement ID: 3360
--------------------------------------------------------------------------------
[2026-07-27 13:30:50] SQL
Array
(
    [sql] => UPDATE materiel SET marque = :marque, modele = :modele, type_materiel = :type_materiel, version_firmware = :version_firmware, adresse_ip = :adresse_ip, adresse_mac = :adresse_mac, masque = :masque, passerelle = :passerelle WHERE id = :id
    [params] => Array
        (
            [0] => :marque
            [1] => :modele
            [2] => :type_materiel
            [3] => :version_firmware
            [4] => :adresse_ip
            [5] => :adresse_mac
            [6] => :masque
            [7] => :passerelle
            [8] => :id
        )

)

--------------------------------------------------------------------------------
[2026-07-27 13:30:50] Mise à jour réussie ID: 3360
--------------------------------------------------------------------------------
[2026-07-27 13:30:50] Traitement ID: 3333
--------------------------------------------------------------------------------
[2026-07-27 13:30:50] SQL
Array
(
    [sql] => UPDATE materiel SET marque = :marque, modele = :modele, type_materiel = :type_materiel, adresse_ip = :adresse_ip, adresse_mac = :adresse_mac, usage_materiel = :usage_materiel, masque = :masque, passerelle = :passerelle WHERE id = :id
    [params] => Array
        (
            [0] => :marque
            [1] => :modele
            [2] => :type_materiel
            [3] => :adresse_ip
            [4] => :adresse_mac
            [5] => :usage_materiel
            [6] => :masque
            [7] => :passerelle
            [8] => :id
        )

)

--------------------------------------------------------------------------------
[2026-07-27 13:30:50] Mise à jour réussie ID: 3333
--------------------------------------------------------------------------------
[2026-07-27 13:30:50] Traitement ID: 3335
--------------------------------------------------------------------------------
[2026-07-27 13:30:50] SQL
Array
(
    [sql] => UPDATE materiel SET marque = :marque, modele = :modele, type_materiel = :type_materiel, numero_serie = :numero_serie, version_firmware = :version_firmware, adresse_ip = :adresse_ip, adresse_mac = :adresse_mac, usage_materiel = :usage_materiel, ancien_firmware = :ancien_firmware, masque = :masque, passerelle = :passerelle WHERE id = :id
    [params] => Array
        (
            [0] => :marque
            [1] => :modele
            [2] => :type_materiel
            [3] => :numero_serie
            [4] => :version_firmware
            [5] => :adresse_ip
            [6] => :adresse_mac
            [7] => :usage_materiel
            [8] => :ancien_firmware
            [9] => :masque
            [10] => :passerelle
            [11] => :id
        )

)

--------------------------------------------------------------------------------
[2026-07-27 13:30:50] Mise à jour réussie ID: 3335
--------------------------------------------------------------------------------
[2026-07-27 13:30:50] Traitement ID: 3353
--------------------------------------------------------------------------------
[2026-07-27 13:30:50] SQL
Array
(
    [sql] => UPDATE materiel SET marque = :marque, modele = :modele, type_materiel = :type_materiel, numero_serie = :numero_serie, version_firmware = :version_firmware, adresse_ip = :adresse_ip, adresse_mac = :adresse_mac, usage_materiel = :usage_materiel, masque = :masque, passerelle = :passerelle, login = :login, password = :password WHERE id = :id
    [params] => Array
        (
            [0] => :marque
            [1] => :modele
            [2] => :type_materiel
            [3] => :numero_serie
            [4] => :version_firmware
            [5] => :adresse_ip
            [6] => :adresse_mac
            [7] => :usage_materiel
            [8] => :masque
            [9] => :passerelle
            [10] => :login
            [11] => :password
            [12] => :id
        )

)

--------------------------------------------------------------------------------
[2026-07-27 13:30:50] Mise à jour réussie ID: 3353
--------------------------------------------------------------------------------
[2026-07-27 13:30:50] Traitement ID: 3354
--------------------------------------------------------------------------------
[2026-07-27 13:30:50] SQL
Array
(
    [sql] => UPDATE materiel SET marque = :marque, modele = :modele, type_materiel = :type_materiel, numero_serie = :numero_serie, version_firmware = :version_firmware, adresse_ip = :adresse_ip, adresse_mac = :adresse_mac, usage_materiel = :usage_materiel, masque = :masque, passerelle = :passerelle, login = :login, password = :password WHERE id = :id
    [params] => Array
        (
            [0] => :marque
            [1] => :modele
            [2] => :type_materiel
            [3] => :numero_serie
            [4] => :version_firmware
            [5] => :adresse_ip
            [6] => :adresse_mac
            [7] => :usage_materiel
            [8] => :masque
            [9] => :passerelle
            [10] => :login
            [11] => :password
            [12] => :id
        )

)

--------------------------------------------------------------------------------
[2026-07-27 13:30:50] Mise à jour réussie ID: 3354
--------------------------------------------------------------------------------
[2026-07-27 13:30:50] Traitement ID: 3355
--------------------------------------------------------------------------------
[2026-07-27 13:30:50] SQL
Array
(
    [sql] => UPDATE materiel SET marque = :marque, modele = :modele, type_materiel = :type_materiel, adresse_ip = :adresse_ip, masque = :masque, passerelle = :passerelle WHERE id = :id
    [params] => Array
        (
            [0] => :marque
            [1] => :modele
            [2] => :type_materiel
            [3] => :adresse_ip
            [4] => :masque
            [5] => :passerelle
            [6] => :id
        )

)

--------------------------------------------------------------------------------
[2026-07-27 13:30:50] Mise à jour réussie ID: 3355
--------------------------------------------------------------------------------
[2026-07-27 13:30:50] Traitement ID: 3356
--------------------------------------------------------------------------------
[2026-07-27 13:30:50] SQL
Array
(
    [sql] => UPDATE materiel SET marque = :marque, modele = :modele, type_materiel = :type_materiel, adresse_ip = :adresse_ip, masque = :masque, passerelle = :passerelle WHERE id = :id
    [params] => Array
        (
            [0] => :marque
            [1] => :modele
            [2] => :type_materiel
            [3] => :adresse_ip
            [4] => :masque
            [5] => :passerelle
            [6] => :id
        )

)

--------------------------------------------------------------------------------
[2026-07-27 13:30:50] Mise à jour réussie ID: 3356
--------------------------------------------------------------------------------
[2026-07-27 13:30:50] Traitement ID: 3336
--------------------------------------------------------------------------------
[2026-07-27 13:30:50] SQL
Array
(
    [sql] => UPDATE materiel SET marque = :marque, modele = :modele, type_materiel = :type_materiel, version_firmware = :version_firmware, adresse_ip = :adresse_ip, adresse_mac = :adresse_mac, usage_materiel = :usage_materiel, masque = :masque, passerelle = :passerelle, login = :login, password = :password, ip_primaire = :ip_primaire, mac_primaire = :mac_primaire WHERE id = :id
    [params] => Array
        (
            [0] => :marque
            [1] => :modele
            [2] => :type_materiel
            [3] => :version_firmware
            [4] => :adresse_ip
            [5] => :adresse_mac
            [6] => :usage_materiel
            [7] => :masque
            [8] => :passerelle
            [9] => :login
            [10] => :password
            [11] => :ip_primaire
            [12] => :mac_primaire
            [13] => :id
        )

)

--------------------------------------------------------------------------------
[2026-07-27 13:30:50] Mise à jour réussie ID: 3336
--------------------------------------------------------------------------------
[2026-07-27 13:30:50] Traitement ID: 3339
--------------------------------------------------------------------------------
[2026-07-27 13:30:50] SQL
Array
(
    [sql] => UPDATE materiel SET marque = :marque, modele = :modele, type_materiel = :type_materiel, version_firmware = :version_firmware, adresse_ip = :adresse_ip, adresse_mac = :adresse_mac, usage_materiel = :usage_materiel, masque = :masque, passerelle = :passerelle WHERE id = :id
    [params] => Array
        (
            [0] => :marque
            [1] => :modele
            [2] => :type_materiel
            [3] => :version_firmware
            [4] => :adresse_ip
            [5] => :adresse_mac
            [6] => :usage_materiel
            [7] => :masque
            [8] => :passerelle
            [9] => :id
        )

)

--------------------------------------------------------------------------------
[2026-07-27 13:30:50] Mise à jour réussie ID: 3339
--------------------------------------------------------------------------------
[2026-07-27 13:30:50] Traitement ID: 3340
--------------------------------------------------------------------------------
[2026-07-27 13:30:50] SQL
Array
(
    [sql] => UPDATE materiel SET marque = :marque, modele = :modele, type_materiel = :type_materiel, version_firmware = :version_firmware, adresse_ip = :adresse_ip, adresse_mac = :adresse_mac, usage_materiel = :usage_materiel, masque = :masque, passerelle = :passerelle WHERE id = :id
    [params] => Array
        (
            [0] => :marque
            [1] => :modele
            [2] => :type_materiel
            [3] => :version_firmware
            [4] => :adresse_ip
            [5] => :adresse_mac
            [6] => :usage_materiel
            [7] => :masque
            [8] => :passerelle
            [9] => :id
        )

)

--------------------------------------------------------------------------------
[2026-07-27 13:30:50] Mise à jour réussie ID: 3340
--------------------------------------------------------------------------------
[2026-07-27 13:30:50] Traitement ID: 3334
--------------------------------------------------------------------------------
[2026-07-27 13:30:50] SQL
Array
(
    [sql] => UPDATE materiel SET marque = :marque, modele = :modele, type_materiel = :type_materiel, version_firmware = :version_firmware, adresse_ip = :adresse_ip, adresse_mac = :adresse_mac, usage_materiel = :usage_materiel, ancien_firmware = :ancien_firmware, masque = :masque, passerelle = :passerelle, ip_primaire = :ip_primaire, mac_primaire = :mac_primaire, stream_aes67_transmis = :stream_aes67_transmis WHERE id = :id
    [params] => Array
        (
            [0] => :marque
            [1] => :modele
            [2] => :type_materiel
            [3] => :version_firmware
            [4] => :adresse_ip
            [5] => :adresse_mac
            [6] => :usage_materiel
            [7] => :ancien_firmware
            [8] => :masque
            [9] => :passerelle
            [10] => :ip_primaire
            [11] => :mac_primaire
            [12] => :stream_aes67_transmis
            [13] => :id
        )

)

--------------------------------------------------------------------------------
[2026-07-27 13:30:50] Mise à jour réussie ID: 3334
--------------------------------------------------------------------------------
[2026-07-27 13:30:50] Réponse
Array
(
    [status] => success
    [message] => 29 ligne(s) mise(s) à jour
    [updated] => 29
    [total_rows] => 29
    [errors] => Array
        (
        )

)

--------------------------------------------------------------------------------
[2026-07-27 13:30:50] === FIN ===
--------------------------------------------------------------------------------
[2026-07-27 13:30:50] === DÉBUT ===
--------------------------------------------------------------------------------
[2026-07-27 13:30:50] Input reçu
Array
(
    [raw_length] => 45112
    [has_data] => 1
)

--------------------------------------------------------------------------------
[2026-07-27 13:30:50] Connexion BDD OK
--------------------------------------------------------------------------------
[2026-07-27 13:30:50] Traitement ID: 3152
--------------------------------------------------------------------------------
[2026-07-27 13:30:50] SQL
Array
(
    [sql] => UPDATE materiel SET marque = :marque, modele = :modele, type_materiel = :type_materiel, numero_serie = :numero_serie, version_firmware = :version_firmware, adresse_ip = :adresse_ip, adresse_mac = :adresse_mac, usage_materiel = :usage_materiel, masque = :masque, passerelle = :passerelle, login = :login, password = :password, stream_aes67_transmis = :stream_aes67_transmis WHERE id = :id
    [params] => Array
        (
            [0] => :marque
            [1] => :modele
            [2] => :type_materiel
            [3] => :numero_serie
            [4] => :version_firmware
            [5] => :adresse_ip
            [6] => :adresse_mac
            [7] => :usage_materiel
            [8] => :masque
            [9] => :passerelle
            [10] => :login
            [11] => :password
            [12] => :stream_aes67_transmis
            [13] => :id
        )

)

--------------------------------------------------------------------------------
[2026-07-27 13:30:50] Mise à jour réussie ID: 3152
--------------------------------------------------------------------------------
[2026-07-27 13:30:50] Traitement ID: 3153
--------------------------------------------------------------------------------
[2026-07-27 13:30:50] SQL
Array
(
    [sql] => UPDATE materiel SET marque = :marque, modele = :modele, type_materiel = :type_materiel, numero_serie = :numero_serie, version_firmware = :version_firmware, adresse_ip = :adresse_ip, adresse_mac = :adresse_mac, usage_materiel = :usage_materiel, masque = :masque, passerelle = :passerelle, login = :login, password = :password WHERE id = :id
    [params] => Array
        (
            [0] => :marque
            [1] => :modele
            [2] => :type_materiel
            [3] => :numero_serie
            [4] => :version_firmware
            [5] => :adresse_ip
            [6] => :adresse_mac
            [7] => :usage_materiel
            [8] => :masque
            [9] => :passerelle
            [10] => :login
            [11] => :password
            [12] => :id
        )

)

--------------------------------------------------------------------------------
[2026-07-27 13:30:50] Mise à jour réussie ID: 3153
--------------------------------------------------------------------------------
[2026-07-27 13:30:50] Traitement ID: 3154
--------------------------------------------------------------------------------
[2026-07-27 13:30:50] SQL
Array
(
    [sql] => UPDATE materiel SET marque = :marque, modele = :modele, type_materiel = :type_materiel, numero_serie = :numero_serie, version_firmware = :version_firmware, adresse_ip = :adresse_ip, adresse_mac = :adresse_mac, usage_materiel = :usage_materiel, masque = :masque, passerelle = :passerelle, login = :login, password = :password WHERE id = :id
    [params] => Array
        (
            [0] => :marque
            [1] => :modele
            [2] => :type_materiel
            [3] => :numero_serie
            [4] => :version_firmware
            [5] => :adresse_ip
            [6] => :adresse_mac
            [7] => :usage_materiel
            [8] => :masque
            [9] => :passerelle
            [10] => :login
            [11] => :password
            [12] => :id
        )

)

--------------------------------------------------------------------------------
[2026-07-27 13:30:50] Mise à jour réussie ID: 3154
--------------------------------------------------------------------------------
[2026-07-27 13:30:50] Traitement ID: 3155
--------------------------------------------------------------------------------
[2026-07-27 13:30:50] SQL
Array
(
    [sql] => UPDATE materiel SET marque = :marque, modele = :modele, type_materiel = :type_materiel, numero_serie = :numero_serie, version_firmware = :version_firmware, adresse_ip = :adresse_ip, adresse_mac = :adresse_mac, usage_materiel = :usage_materiel, masque = :masque, passerelle = :passerelle, login = :login, password = :password WHERE id = :id
    [params] => Array
        (
            [0] => :marque
            [1] => :modele
            [2] => :type_materiel
            [3] => :numero_serie
            [4] => :version_firmware
            [5] => :adresse_ip
            [6] => :adresse_mac
            [7] => :usage_materiel
            [8] => :masque
            [9] => :passerelle
            [10] => :login
            [11] => :password
            [12] => :id
        )

)

--------------------------------------------------------------------------------
[2026-07-27 13:30:50] Mise à jour réussie ID: 3155
--------------------------------------------------------------------------------
[2026-07-27 13:30:50] Traitement ID: 3156
--------------------------------------------------------------------------------
[2026-07-27 13:30:50] SQL
Array
(
    [sql] => UPDATE materiel SET marque = :marque, modele = :modele, type_materiel = :type_materiel, numero_serie = :numero_serie, version_firmware = :version_firmware, adresse_ip = :adresse_ip, adresse_mac = :adresse_mac, usage_materiel = :usage_materiel, masque = :masque, passerelle = :passerelle, login = :login, password = :password WHERE id = :id
    [params] => Array
        (
            [0] => :marque
            [1] => :modele
            [2] => :type_materiel
            [3] => :numero_serie
            [4] => :version_firmware
            [5] => :adresse_ip
            [6] => :adresse_mac
            [7] => :usage_materiel
            [8] => :masque
            [9] => :passerelle
            [10] => :login
            [11] => :password
            [12] => :id
        )

)

--------------------------------------------------------------------------------
[2026-07-27 13:30:50] Mise à jour réussie ID: 3156
--------------------------------------------------------------------------------
[2026-07-27 13:30:50] Traitement ID: 3157
--------------------------------------------------------------------------------
[2026-07-27 13:30:50] SQL
Array
(
    [sql] => UPDATE materiel SET marque = :marque, modele = :modele, type_materiel = :type_materiel, numero_serie = :numero_serie, version_firmware = :version_firmware, adresse_ip = :adresse_ip, adresse_mac = :adresse_mac, usage_materiel = :usage_materiel, masque = :masque, passerelle = :passerelle, login = :login, password = :password, stream_aes67_recu = :stream_aes67_recu WHERE id = :id
    [params] => Array
        (
            [0] => :marque
            [1] => :modele
            [2] => :type_materiel
            [3] => :numero_serie
            [4] => :version_firmware
            [5] => :adresse_ip
            [6] => :adresse_mac
            [7] => :usage_materiel
            [8] => :masque
            [9] => :passerelle
            [10] => :login
            [11] => :password
            [12] => :stream_aes67_recu
            [13] => :id
        )

)

--------------------------------------------------------------------------------
[2026-07-27 13:30:50] Mise à jour réussie ID: 3157
--------------------------------------------------------------------------------
[2026-07-27 13:30:50] Traitement ID: 3158
--------------------------------------------------------------------------------
[2026-07-27 13:30:50] SQL
Array
(
    [sql] => UPDATE materiel SET marque = :marque, modele = :modele, type_materiel = :type_materiel, adresse_ip = :adresse_ip, usage_materiel = :usage_materiel, masque = :masque, passerelle = :passerelle, login = :login, password = :password, stream_aes67_recu = :stream_aes67_recu WHERE id = :id
    [params] => Array
        (
            [0] => :marque
            [1] => :modele
            [2] => :type_materiel
            [3] => :adresse_ip
            [4] => :usage_materiel
            [5] => :masque
            [6] => :passerelle
            [7] => :login
            [8] => :password
            [9] => :stream_aes67_recu
            [10] => :id
        )

)

--------------------------------------------------------------------------------
[2026-07-27 13:30:50] Mise à jour réussie ID: 3158
--------------------------------------------------------------------------------
[2026-07-27 13:30:50] Traitement ID: 3150
--------------------------------------------------------------------------------
[2026-07-27 13:30:50] SQL
Array
(
    [sql] => UPDATE materiel SET marque = :marque, modele = :modele, type_materiel = :type_materiel, numero_serie = :numero_serie, version_firmware = :version_firmware, adresse_ip = :adresse_ip, adresse_mac = :adresse_mac, usage_materiel = :usage_materiel, masque = :masque, passerelle = :passerelle, login = :login, password = :password WHERE id = :id
    [params] => Array
        (
            [0] => :marque
            [1] => :modele
            [2] => :type_materiel
            [3] => :numero_serie
            [4] => :version_firmware
            [5] => :adresse_ip
            [6] => :adresse_mac
            [7] => :usage_materiel
            [8] => :masque
            [9] => :passerelle
            [10] => :login
            [11] => :password
            [12] => :id
        )

)

--------------------------------------------------------------------------------
[2026-07-27 13:30:50] Mise à jour réussie ID: 3150
--------------------------------------------------------------------------------
[2026-07-27 13:30:50] Traitement ID: 3151
--------------------------------------------------------------------------------
[2026-07-27 13:30:50] SQL
Array
(
    [sql] => UPDATE materiel SET marque = :marque, modele = :modele, type_materiel = :type_materiel, numero_serie = :numero_serie, version_firmware = :version_firmware, adresse_ip = :adresse_ip, adresse_mac = :adresse_mac, usage_materiel = :usage_materiel, masque = :masque, passerelle = :passerelle, login = :login, password = :password, stream_aes67_transmis = :stream_aes67_transmis WHERE id = :id
    [params] => Array
        (
            [0] => :marque
            [1] => :modele
            [2] => :type_materiel
            [3] => :numero_serie
            [4] => :version_firmware
            [5] => :adresse_ip
            [6] => :adresse_mac
            [7] => :usage_materiel
            [8] => :masque
            [9] => :passerelle
            [10] => :login
            [11] => :password
            [12] => :stream_aes67_transmis
            [13] => :id
        )

)

--------------------------------------------------------------------------------
[2026-07-27 13:30:50] Mise à jour réussie ID: 3151
--------------------------------------------------------------------------------
[2026-07-27 13:30:50] Traitement ID: 3133
--------------------------------------------------------------------------------
[2026-07-27 13:30:50] SQL
Array
(
    [sql] => UPDATE materiel SET marque = :marque, modele = :modele, type_materiel = :type_materiel, adresse_ip = :adresse_ip, adresse_mac = :adresse_mac, usage_materiel = :usage_materiel, masque = :masque, passerelle = :passerelle WHERE id = :id
    [params] => Array
        (
            [0] => :marque
            [1] => :modele
            [2] => :type_materiel
            [3] => :adresse_ip
            [4] => :adresse_mac
            [5] => :usage_materiel
            [6] => :masque
            [7] => :passerelle
            [8] => :id
        )

)

--------------------------------------------------------------------------------
[2026-07-27 13:30:50] Mise à jour réussie ID: 3133
--------------------------------------------------------------------------------
[2026-07-27 13:30:50] Traitement ID: 3164
--------------------------------------------------------------------------------
[2026-07-27 13:30:50] SQL
Array
(
    [sql] => UPDATE materiel SET marque = :marque, modele = :modele, type_materiel = :type_materiel, numero_serie = :numero_serie, version_firmware = :version_firmware, adresse_ip = :adresse_ip, adresse_mac = :adresse_mac, masque = :masque, passerelle = :passerelle, login = :login, password = :password WHERE id = :id
    [params] => Array
        (
            [0] => :marque
            [1] => :modele
            [2] => :type_materiel
            [3] => :numero_serie
            [4] => :version_firmware
            [5] => :adresse_ip
            [6] => :adresse_mac
            [7] => :masque
            [8] => :passerelle
            [9] => :login
            [10] => :password
            [11] => :id
        )

)

--------------------------------------------------------------------------------
[2026-07-27 13:30:50] Mise à jour réussie ID: 3164
--------------------------------------------------------------------------------
[2026-07-27 13:30:50] Traitement ID: 3163
--------------------------------------------------------------------------------
[2026-07-27 13:30:50] SQL
Array
(
    [sql] => UPDATE materiel SET marque = :marque, modele = :modele, type_materiel = :type_materiel, numero_serie = :numero_serie, version_firmware = :version_firmware, adresse_ip = :adresse_ip, adresse_mac = :adresse_mac, usage_materiel = :usage_materiel, masque = :masque, passerelle = :passerelle, login = :login, password = :password WHERE id = :id
    [params] => Array
        (
            [0] => :marque
            [1] => :modele
            [2] => :type_materiel
            [3] => :numero_serie
            [4] => :version_firmware
            [5] => :adresse_ip
            [6] => :adresse_mac
            [7] => :usage_materiel
            [8] => :masque
            [9] => :passerelle
            [10] => :login
            [11] => :password
            [12] => :id
        )

)

--------------------------------------------------------------------------------
[2026-07-27 13:30:50] Mise à jour réussie ID: 3163
--------------------------------------------------------------------------------
[2026-07-27 13:30:50] Traitement ID: 3131
--------------------------------------------------------------------------------
[2026-07-27 13:30:50] SQL
Array
(
    [sql] => UPDATE materiel SET marque = :marque, modele = :modele, type_materiel = :type_materiel, numero_serie = :numero_serie, version_firmware = :version_firmware, adresse_ip = :adresse_ip, adresse_mac = :adresse_mac, usage_materiel = :usage_materiel, ancien_firmware = :ancien_firmware, masque = :masque, passerelle = :passerelle, login = :login, password = :password WHERE id = :id
    [params] => Array
        (
            [0] => :marque
            [1] => :modele
            [2] => :type_materiel
            [3] => :numero_serie
            [4] => :version_firmware
            [5] => :adresse_ip
            [6] => :adresse_mac
            [7] => :usage_materiel
            [8] => :ancien_firmware
            [9] => :masque
            [10] => :passerelle
            [11] => :login
            [12] => :password
            [13] => :id
        )

)

--------------------------------------------------------------------------------
[2026-07-27 13:30:50] Mise à jour réussie ID: 3131
--------------------------------------------------------------------------------
[2026-07-27 13:30:50] Traitement ID: 3132
--------------------------------------------------------------------------------
[2026-07-27 13:30:50] SQL
Array
(
    [sql] => UPDATE materiel SET marque = :marque, modele = :modele, type_materiel = :type_materiel, numero_serie = :numero_serie, version_firmware = :version_firmware, adresse_ip = :adresse_ip, adresse_mac = :adresse_mac, usage_materiel = :usage_materiel, ancien_firmware = :ancien_firmware, masque = :masque, passerelle = :passerelle, login = :login, password = :password WHERE id = :id
    [params] => Array
        (
            [0] => :marque
            [1] => :modele
            [2] => :type_materiel
            [3] => :numero_serie
            [4] => :version_firmware
            [5] => :adresse_ip
            [6] => :adresse_mac
            [7] => :usage_materiel
            [8] => :ancien_firmware
            [9] => :masque
            [10] => :passerelle
            [11] => :login
            [12] => :password
            [13] => :id
        )

)

--------------------------------------------------------------------------------
[2026-07-27 13:30:50] Mise à jour réussie ID: 3132
--------------------------------------------------------------------------------
[2026-07-27 13:30:50] Traitement ID: 3138
--------------------------------------------------------------------------------
[2026-07-27 13:30:50] SQL
Array
(
    [sql] => UPDATE materiel SET marque = :marque, modele = :modele, type_materiel = :type_materiel, numero_serie = :numero_serie, version_firmware = :version_firmware, adresse_ip = :adresse_ip, adresse_mac = :adresse_mac, usage_materiel = :usage_materiel, masque = :masque, passerelle = :passerelle, login = :login, password = :password WHERE id = :id
    [params] => Array
        (
            [0] => :marque
            [1] => :modele
            [2] => :type_materiel
            [3] => :numero_serie
            [4] => :version_firmware
            [5] => :adresse_ip
            [6] => :adresse_mac
            [7] => :usage_materiel
            [8] => :masque
            [9] => :passerelle
            [10] => :login
            [11] => :password
            [12] => :id
        )

)

--------------------------------------------------------------------------------
[2026-07-27 13:30:50] Mise à jour réussie ID: 3138
--------------------------------------------------------------------------------
[2026-07-27 13:30:50] Traitement ID: 3161
--------------------------------------------------------------------------------
[2026-07-27 13:30:50] SQL
Array
(
    [sql] => UPDATE materiel SET marque = :marque, modele = :modele, type_materiel = :type_materiel, numero_serie = :numero_serie, version_firmware = :version_firmware, adresse_ip = :adresse_ip, adresse_mac = :adresse_mac, usage_materiel = :usage_materiel, masque = :masque, passerelle = :passerelle WHERE id = :id
    [params] => Array
        (
            [0] => :marque
            [1] => :modele
            [2] => :type_materiel
            [3] => :numero_serie
            [4] => :version_firmware
            [5] => :adresse_ip
            [6] => :adresse_mac
            [7] => :usage_materiel
            [8] => :masque
            [9] => :passerelle
            [10] => :id
        )

)

--------------------------------------------------------------------------------
[2026-07-27 13:30:50] Mise à jour réussie ID: 3161
--------------------------------------------------------------------------------
[2026-07-27 13:30:50] Traitement ID: 3165
--------------------------------------------------------------------------------
[2026-07-27 13:30:50] SQL
Array
(
    [sql] => UPDATE materiel SET marque = :marque, modele = :modele WHERE id = :id
    [params] => Array
        (
            [0] => :marque
            [1] => :modele
            [2] => :id
        )

)

--------------------------------------------------------------------------------
[2026-07-27 13:30:50] Mise à jour réussie ID: 3165
--------------------------------------------------------------------------------
[2026-07-27 13:30:50] Traitement ID: 3166
--------------------------------------------------------------------------------
[2026-07-27 13:30:50] SQL
Array
(
    [sql] => UPDATE materiel SET marque = :marque, modele = :modele WHERE id = :id
    [params] => Array
        (
            [0] => :marque
            [1] => :modele
            [2] => :id
        )

)

--------------------------------------------------------------------------------
[2026-07-27 13:30:50] Mise à jour réussie ID: 3166
--------------------------------------------------------------------------------
[2026-07-27 13:30:50] Traitement ID: 3134
--------------------------------------------------------------------------------
[2026-07-27 13:30:50] SQL
Array
(
    [sql] => UPDATE materiel SET marque = :marque, modele = :modele, type_materiel = :type_materiel, adresse_ip = :adresse_ip, masque = :masque, passerelle = :passerelle WHERE id = :id
    [params] => Array
        (
            [0] => :marque
            [1] => :modele
            [2] => :type_materiel
            [3] => :adresse_ip
            [4] => :masque
            [5] => :passerelle
            [6] => :id
        )

)

--------------------------------------------------------------------------------
[2026-07-27 13:30:50] Mise à jour réussie ID: 3134
--------------------------------------------------------------------------------
[2026-07-27 13:30:50] Traitement ID: 3135
--------------------------------------------------------------------------------
[2026-07-27 13:30:50] SQL
Array
(
    [sql] => UPDATE materiel SET marque = :marque, modele = :modele, type_materiel = :type_materiel, adresse_ip = :adresse_ip, masque = :masque, passerelle = :passerelle WHERE id = :id
    [params] => Array
        (
            [0] => :marque
            [1] => :modele
            [2] => :type_materiel
            [3] => :adresse_ip
            [4] => :masque
            [5] => :passerelle
            [6] => :id
        )

)

--------------------------------------------------------------------------------
[2026-07-27 13:30:50] Mise à jour réussie ID: 3135
--------------------------------------------------------------------------------
[2026-07-27 13:30:50] Traitement ID: 3136
--------------------------------------------------------------------------------
[2026-07-27 13:30:50] SQL
Array
(
    [sql] => UPDATE materiel SET marque = :marque, modele = :modele, type_materiel = :type_materiel, adresse_ip = :adresse_ip, masque = :masque, passerelle = :passerelle WHERE id = :id
    [params] => Array
        (
            [0] => :marque
            [1] => :modele
            [2] => :type_materiel
            [3] => :adresse_ip
            [4] => :masque
            [5] => :passerelle
            [6] => :id
        )

)

--------------------------------------------------------------------------------
[2026-07-27 13:30:50] Mise à jour réussie ID: 3136
--------------------------------------------------------------------------------
[2026-07-27 13:30:50] Traitement ID: 3137
--------------------------------------------------------------------------------
[2026-07-27 13:30:50] SQL
Array
(
    [sql] => UPDATE materiel SET marque = :marque, modele = :modele, type_materiel = :type_materiel, adresse_ip = :adresse_ip, masque = :masque, passerelle = :passerelle WHERE id = :id
    [params] => Array
        (
            [0] => :marque
            [1] => :modele
            [2] => :type_materiel
            [3] => :adresse_ip
            [4] => :masque
            [5] => :passerelle
            [6] => :id
        )

)

--------------------------------------------------------------------------------
[2026-07-27 13:30:50] Mise à jour réussie ID: 3137
--------------------------------------------------------------------------------
[2026-07-27 13:30:50] Traitement ID: 3139
--------------------------------------------------------------------------------
[2026-07-27 13:30:50] SQL
Array
(
    [sql] => UPDATE materiel SET marque = :marque, modele = :modele, type_materiel = :type_materiel, numero_serie = :numero_serie, version_firmware = :version_firmware, adresse_ip = :adresse_ip, adresse_mac = :adresse_mac, usage_materiel = :usage_materiel, ancien_firmware = :ancien_firmware, masque = :masque, passerelle = :passerelle WHERE id = :id
    [params] => Array
        (
            [0] => :marque
            [1] => :modele
            [2] => :type_materiel
            [3] => :numero_serie
            [4] => :version_firmware
            [5] => :adresse_ip
            [6] => :adresse_mac
            [7] => :usage_materiel
            [8] => :ancien_firmware
            [9] => :masque
            [10] => :passerelle
            [11] => :id
        )

)

--------------------------------------------------------------------------------
[2026-07-27 13:30:50] Mise à jour réussie ID: 3139
--------------------------------------------------------------------------------
[2026-07-27 13:30:50] Traitement ID: 3140
--------------------------------------------------------------------------------
[2026-07-27 13:30:50] SQL
Array
(
    [sql] => UPDATE materiel SET marque = :marque, modele = :modele, type_materiel = :type_materiel, numero_serie = :numero_serie, version_firmware = :version_firmware, adresse_ip = :adresse_ip, adresse_mac = :adresse_mac, usage_materiel = :usage_materiel, ancien_firmware = :ancien_firmware, masque = :masque, passerelle = :passerelle WHERE id = :id
    [params] => Array
        (
            [0] => :marque
            [1] => :modele
            [2] => :type_materiel
            [3] => :numero_serie
            [4] => :version_firmware
            [5] => :adresse_ip
            [6] => :adresse_mac
            [7] => :usage_materiel
            [8] => :ancien_firmware
            [9] => :masque
            [10] => :passerelle
            [11] => :id
        )

)

--------------------------------------------------------------------------------
[2026-07-27 13:30:50] Mise à jour réussie ID: 3140
--------------------------------------------------------------------------------
[2026-07-27 13:30:50] Traitement ID: 3141
--------------------------------------------------------------------------------
[2026-07-27 13:30:50] SQL
Array
(
    [sql] => UPDATE materiel SET marque = :marque, modele = :modele, type_materiel = :type_materiel, numero_serie = :numero_serie, version_firmware = :version_firmware, adresse_ip = :adresse_ip, adresse_mac = :adresse_mac, usage_materiel = :usage_materiel, masque = :masque, passerelle = :passerelle WHERE id = :id
    [params] => Array
        (
            [0] => :marque
            [1] => :modele
            [2] => :type_materiel
            [3] => :numero_serie
            [4] => :version_firmware
            [5] => :adresse_ip
            [6] => :adresse_mac
            [7] => :usage_materiel
            [8] => :masque
            [9] => :passerelle
            [10] => :id
        )

)

--------------------------------------------------------------------------------
[2026-07-27 13:30:50] Mise à jour réussie ID: 3141
--------------------------------------------------------------------------------
[2026-07-27 13:30:50] Traitement ID: 3149
--------------------------------------------------------------------------------
[2026-07-27 13:30:50] SQL
Array
(
    [sql] => UPDATE materiel SET marque = :marque, modele = :modele, type_materiel = :type_materiel, numero_serie = :numero_serie, version_firmware = :version_firmware, adresse_ip = :adresse_ip, adresse_mac = :adresse_mac, usage_materiel = :usage_materiel, masque = :masque, passerelle = :passerelle, stream_aes67_transmis = :stream_aes67_transmis WHERE id = :id
    [params] => Array
        (
            [0] => :marque
            [1] => :modele
            [2] => :type_materiel
            [3] => :numero_serie
            [4] => :version_firmware
            [5] => :adresse_ip
            [6] => :adresse_mac
            [7] => :usage_materiel
            [8] => :masque
            [9] => :passerelle
            [10] => :stream_aes67_transmis
            [11] => :id
        )

)

--------------------------------------------------------------------------------
[2026-07-27 13:30:50] Mise à jour réussie ID: 3149
--------------------------------------------------------------------------------
[2026-07-27 13:30:50] Traitement ID: 3159
--------------------------------------------------------------------------------
[2026-07-27 13:30:50] SQL
Array
(
    [sql] => UPDATE materiel SET marque = :marque, modele = :modele, type_materiel = :type_materiel, numero_serie = :numero_serie, adresse_ip = :adresse_ip, adresse_mac = :adresse_mac, usage_materiel = :usage_materiel, masque = :masque, passerelle = :passerelle WHERE id = :id
    [params] => Array
        (
            [0] => :marque
            [1] => :modele
            [2] => :type_materiel
            [3] => :numero_serie
            [4] => :adresse_ip
            [5] => :adresse_mac
            [6] => :usage_materiel
            [7] => :masque
            [8] => :passerelle
            [9] => :id
        )

)

--------------------------------------------------------------------------------
[2026-07-27 13:30:50] Mise à jour réussie ID: 3159
--------------------------------------------------------------------------------
[2026-07-27 13:30:50] Traitement ID: 3160
--------------------------------------------------------------------------------
[2026-07-27 13:30:50] SQL
Array
(
    [sql] => UPDATE materiel SET marque = :marque, modele = :modele, type_materiel = :type_materiel, numero_serie = :numero_serie, adresse_ip = :adresse_ip, adresse_mac = :adresse_mac, usage_materiel = :usage_materiel, masque = :masque, passerelle = :passerelle WHERE id = :id
    [params] => Array
        (
            [0] => :marque
            [1] => :modele
            [2] => :type_materiel
            [3] => :numero_serie
            [4] => :adresse_ip
            [5] => :adresse_mac
            [6] => :usage_materiel
            [7] => :masque
            [8] => :passerelle
            [9] => :id
        )

)

--------------------------------------------------------------------------------
[2026-07-27 13:30:50] Mise à jour réussie ID: 3160
--------------------------------------------------------------------------------
[2026-07-27 13:30:50] Traitement ID: 3162
--------------------------------------------------------------------------------
[2026-07-27 13:30:50] SQL
Array
(
    [sql] => UPDATE materiel SET marque = :marque, modele = :modele, type_materiel = :type_materiel, numero_serie = :numero_serie, version_firmware = :version_firmware, adresse_ip = :adresse_ip, adresse_mac = :adresse_mac, usage_materiel = :usage_materiel, masque = :masque, passerelle = :passerelle, login = :login, password = :password, ssid = :ssid, type_cryptage = :type_cryptage, password_wifi = :password_wifi WHERE id = :id
    [params] => Array
        (
            [0] => :marque
            [1] => :modele
            [2] => :type_materiel
            [3] => :numero_serie
            [4] => :version_firmware
            [5] => :adresse_ip
            [6] => :adresse_mac
            [7] => :usage_materiel
            [8] => :masque
            [9] => :passerelle
            [10] => :login
            [11] => :password
            [12] => :ssid
            [13] => :type_cryptage
            [14] => :password_wifi
            [15] => :id
        )

)

--------------------------------------------------------------------------------
[2026-07-27 13:30:50] Mise à jour réussie ID: 3162
--------------------------------------------------------------------------------
[2026-07-27 13:30:50] Traitement ID: 3167
--------------------------------------------------------------------------------
[2026-07-27 13:30:50] SQL
Array
(
    [sql] => UPDATE materiel SET marque = :marque, modele = :modele, type_materiel = :type_materiel WHERE id = :id
    [params] => Array
        (
            [0] => :marque
            [1] => :modele
            [2] => :type_materiel
            [3] => :id
        )

)

--------------------------------------------------------------------------------
[2026-07-27 13:30:50] Mise à jour réussie ID: 3167
--------------------------------------------------------------------------------
[2026-07-27 13:30:50] Traitement ID: 3168
--------------------------------------------------------------------------------
[2026-07-27 13:30:50] SQL
Array
(
    [sql] => UPDATE materiel SET marque = :marque, modele = :modele, type_materiel = :type_materiel WHERE id = :id
    [params] => Array
        (
            [0] => :marque
            [1] => :modele
            [2] => :type_materiel
            [3] => :id
        )

)

--------------------------------------------------------------------------------
[2026-07-27 13:30:50] Mise à jour réussie ID: 3168
--------------------------------------------------------------------------------
[2026-07-27 13:30:50] Traitement ID: 3169
--------------------------------------------------------------------------------
[2026-07-27 13:30:50] SQL
Array
(
    [sql] => UPDATE materiel SET marque = :marque, modele = :modele, type_materiel = :type_materiel WHERE id = :id
    [params] => Array
        (
            [0] => :marque
            [1] => :modele
            [2] => :type_materiel
            [3] => :id
        )

)

--------------------------------------------------------------------------------
[2026-07-27 13:30:50] Mise à jour réussie ID: 3169
--------------------------------------------------------------------------------
[2026-07-27 13:30:50] Traitement ID: 3170
--------------------------------------------------------------------------------
[2026-07-27 13:30:50] SQL
Array
(
    [sql] => UPDATE materiel SET marque = :marque, modele = :modele, type_materiel = :type_materiel WHERE id = :id
    [params] => Array
        (
            [0] => :marque
            [1] => :modele
            [2] => :type_materiel
            [3] => :id
        )

)

--------------------------------------------------------------------------------
[2026-07-27 13:30:50] Mise à jour réussie ID: 3170
--------------------------------------------------------------------------------
[2026-07-27 13:30:50] Traitement ID: 3171
--------------------------------------------------------------------------------
[2026-07-27 13:30:50] SQL
Array
(
    [sql] => UPDATE materiel SET marque = :marque, modele = :modele, type_materiel = :type_materiel WHERE id = :id
    [params] => Array
        (
            [0] => :marque
            [1] => :modele
            [2] => :type_materiel
            [3] => :id
        )

)

--------------------------------------------------------------------------------
[2026-07-27 13:30:50] Mise à jour réussie ID: 3171
--------------------------------------------------------------------------------
[2026-07-27 13:30:50] Traitement ID: 3172
--------------------------------------------------------------------------------
[2026-07-27 13:30:50] SQL
Array
(
    [sql] => UPDATE materiel SET marque = :marque, modele = :modele, type_materiel = :type_materiel WHERE id = :id
    [params] => Array
        (
            [0] => :marque
            [1] => :modele
            [2] => :type_materiel
            [3] => :id
        )

)

--------------------------------------------------------------------------------
[2026-07-27 13:30:50] Mise à jour réussie ID: 3172
--------------------------------------------------------------------------------
[2026-07-27 13:30:50] Traitement ID: 3173
--------------------------------------------------------------------------------
[2026-07-27 13:30:50] SQL
Array
(
    [sql] => UPDATE materiel SET marque = :marque, modele = :modele, type_materiel = :type_materiel WHERE id = :id
    [params] => Array
        (
            [0] => :marque
            [1] => :modele
            [2] => :type_materiel
            [3] => :id
        )

)

--------------------------------------------------------------------------------
[2026-07-27 13:30:50] Mise à jour réussie ID: 3173
--------------------------------------------------------------------------------
[2026-07-27 13:30:50] Traitement ID: 3174
--------------------------------------------------------------------------------
[2026-07-27 13:30:50] SQL
Array
(
    [sql] => UPDATE materiel SET marque = :marque, modele = :modele, type_materiel = :type_materiel WHERE id = :id
    [params] => Array
        (
            [0] => :marque
            [1] => :modele
            [2] => :type_materiel
            [3] => :id
        )

)

--------------------------------------------------------------------------------
[2026-07-27 13:30:50] Mise à jour réussie ID: 3174
--------------------------------------------------------------------------------
[2026-07-27 13:30:50] Traitement ID: 3175
--------------------------------------------------------------------------------
[2026-07-27 13:30:50] SQL
Array
(
    [sql] => UPDATE materiel SET marque = :marque, modele = :modele, type_materiel = :type_materiel WHERE id = :id
    [params] => Array
        (
            [0] => :marque
            [1] => :modele
            [2] => :type_materiel
            [3] => :id
        )

)

--------------------------------------------------------------------------------
[2026-07-27 13:30:50] Mise à jour réussie ID: 3175
--------------------------------------------------------------------------------
[2026-07-27 13:30:50] Traitement ID: 3176
--------------------------------------------------------------------------------
[2026-07-27 13:30:50] SQL
Array
(
    [sql] => UPDATE materiel SET marque = :marque, modele = :modele, type_materiel = :type_materiel WHERE id = :id
    [params] => Array
        (
            [0] => :marque
            [1] => :modele
            [2] => :type_materiel
            [3] => :id
        )

)

--------------------------------------------------------------------------------
[2026-07-27 13:30:50] Mise à jour réussie ID: 3176
--------------------------------------------------------------------------------
[2026-07-27 13:30:50] Traitement ID: 3177
--------------------------------------------------------------------------------
[2026-07-27 13:30:50] SQL
Array
(
    [sql] => UPDATE materiel SET marque = :marque, modele = :modele, type_materiel = :type_materiel WHERE id = :id
    [params] => Array
        (
            [0] => :marque
            [1] => :modele
            [2] => :type_materiel
            [3] => :id
        )

)

--------------------------------------------------------------------------------
[2026-07-27 13:30:50] Mise à jour réussie ID: 3177
--------------------------------------------------------------------------------
[2026-07-27 13:30:50] Traitement ID: 3178
--------------------------------------------------------------------------------
[2026-07-27 13:30:50] SQL
Array
(
    [sql] => UPDATE materiel SET marque = :marque, modele = :modele, type_materiel = :type_materiel WHERE id = :id
    [params] => Array
        (
            [0] => :marque
            [1] => :modele
            [2] => :type_materiel
            [3] => :id
        )

)

--------------------------------------------------------------------------------
[2026-07-27 13:30:50] Mise à jour réussie ID: 3178
--------------------------------------------------------------------------------
[2026-07-27 13:30:50] Traitement ID: 3179
--------------------------------------------------------------------------------
[2026-07-27 13:30:50] SQL
Array
(
    [sql] => UPDATE materiel SET marque = :marque, modele = :modele, type_materiel = :type_materiel WHERE id = :id
    [params] => Array
        (
            [0] => :marque
            [1] => :modele
            [2] => :type_materiel
            [3] => :id
        )

)

--------------------------------------------------------------------------------
[2026-07-27 13:30:50] Mise à jour réussie ID: 3179
--------------------------------------------------------------------------------
[2026-07-27 13:30:50] Traitement ID: 3180
--------------------------------------------------------------------------------
[2026-07-27 13:30:50] SQL
Array
(
    [sql] => UPDATE materiel SET marque = :marque, modele = :modele, type_materiel = :type_materiel WHERE id = :id
    [params] => Array
        (
            [0] => :marque
            [1] => :modele
            [2] => :type_materiel
            [3] => :id
        )

)

--------------------------------------------------------------------------------
[2026-07-27 13:30:50] Mise à jour réussie ID: 3180
--------------------------------------------------------------------------------
[2026-07-27 13:30:50] Traitement ID: 3181
--------------------------------------------------------------------------------
[2026-07-27 13:30:50] SQL
Array
(
    [sql] => UPDATE materiel SET marque = :marque, modele = :modele, type_materiel = :type_materiel WHERE id = :id
    [params] => Array
        (
            [0] => :marque
            [1] => :modele
            [2] => :type_materiel
            [3] => :id
        )

)

--------------------------------------------------------------------------------
[2026-07-27 13:30:50] Mise à jour réussie ID: 3181
--------------------------------------------------------------------------------
[2026-07-27 13:30:50] Traitement ID: 3182
--------------------------------------------------------------------------------
[2026-07-27 13:30:50] SQL
Array
(
    [sql] => UPDATE materiel SET marque = :marque, modele = :modele, type_materiel = :type_materiel WHERE id = :id
    [params] => Array
        (
            [0] => :marque
            [1] => :modele
            [2] => :type_materiel
            [3] => :id
        )

)

--------------------------------------------------------------------------------
[2026-07-27 13:30:50] Mise à jour réussie ID: 3182
--------------------------------------------------------------------------------
[2026-07-27 13:30:50] Traitement ID: 3183
--------------------------------------------------------------------------------
[2026-07-27 13:30:50] SQL
Array
(
    [sql] => UPDATE materiel SET marque = :marque, modele = :modele, type_materiel = :type_materiel WHERE id = :id
    [params] => Array
        (
            [0] => :marque
            [1] => :modele
            [2] => :type_materiel
            [3] => :id
        )

)

--------------------------------------------------------------------------------
[2026-07-27 13:30:50] Mise à jour réussie ID: 3183
--------------------------------------------------------------------------------
[2026-07-27 13:30:50] Traitement ID: 3184
--------------------------------------------------------------------------------
[2026-07-27 13:30:50] SQL
Array
(
    [sql] => UPDATE materiel SET marque = :marque, modele = :modele, type_materiel = :type_materiel WHERE id = :id
    [params] => Array
        (
            [0] => :marque
            [1] => :modele
            [2] => :type_materiel
            [3] => :id
        )

)

--------------------------------------------------------------------------------
[2026-07-27 13:30:50] Mise à jour réussie ID: 3184
--------------------------------------------------------------------------------
[2026-07-27 13:30:50] Traitement ID: 3185
--------------------------------------------------------------------------------
[2026-07-27 13:30:50] SQL
Array
(
    [sql] => UPDATE materiel SET marque = :marque, modele = :modele, type_materiel = :type_materiel WHERE id = :id
    [params] => Array
        (
            [0] => :marque
            [1] => :modele
            [2] => :type_materiel
            [3] => :id
        )

)

--------------------------------------------------------------------------------
[2026-07-27 13:30:50] Mise à jour réussie ID: 3185
--------------------------------------------------------------------------------
[2026-07-27 13:30:50] Traitement ID: 3186
--------------------------------------------------------------------------------
[2026-07-27 13:30:50] SQL
Array
(
    [sql] => UPDATE materiel SET marque = :marque, modele = :modele, type_materiel = :type_materiel WHERE id = :id
    [params] => Array
        (
            [0] => :marque
            [1] => :modele
            [2] => :type_materiel
            [3] => :id
        )

)

--------------------------------------------------------------------------------
[2026-07-27 13:30:50] Mise à jour réussie ID: 3186
--------------------------------------------------------------------------------
[2026-07-27 13:30:50] Traitement ID: 3187
--------------------------------------------------------------------------------
[2026-07-27 13:30:50] SQL
Array
(
    [sql] => UPDATE materiel SET marque = :marque, modele = :modele, type_materiel = :type_materiel WHERE id = :id
    [params] => Array
        (
            [0] => :marque
            [1] => :modele
            [2] => :type_materiel
            [3] => :id
        )

)

--------------------------------------------------------------------------------
[2026-07-27 13:30:50] Mise à jour réussie ID: 3187
--------------------------------------------------------------------------------
[2026-07-27 13:30:50] Traitement ID: 3188
--------------------------------------------------------------------------------
[2026-07-27 13:30:50] SQL
Array
(
    [sql] => UPDATE materiel SET marque = :marque, modele = :modele, type_materiel = :type_materiel WHERE id = :id
    [params] => Array
        (
            [0] => :marque
            [1] => :modele
            [2] => :type_materiel
            [3] => :id
        )

)

--------------------------------------------------------------------------------
[2026-07-27 13:30:50] Mise à jour réussie ID: 3188
--------------------------------------------------------------------------------
[2026-07-27 13:30:50] Traitement ID: 3189
--------------------------------------------------------------------------------
[2026-07-27 13:30:50] SQL
Array
(
    [sql] => UPDATE materiel SET marque = :marque, modele = :modele, type_materiel = :type_materiel WHERE id = :id
    [params] => Array
        (
            [0] => :marque
            [1] => :modele
            [2] => :type_materiel
            [3] => :id
        )

)

--------------------------------------------------------------------------------
[2026-07-27 13:30:50] Mise à jour réussie ID: 3189
--------------------------------------------------------------------------------
[2026-07-27 13:30:50] Traitement ID: 3190
--------------------------------------------------------------------------------
[2026-07-27 13:30:50] SQL
Array
(
    [sql] => UPDATE materiel SET marque = :marque, modele = :modele, type_materiel = :type_materiel WHERE id = :id
    [params] => Array
        (
            [0] => :marque
            [1] => :modele
            [2] => :type_materiel
            [3] => :id
        )

)

--------------------------------------------------------------------------------
[2026-07-27 13:30:50] Mise à jour réussie ID: 3190
--------------------------------------------------------------------------------
[2026-07-27 13:30:50] Traitement ID: 3142
--------------------------------------------------------------------------------
[2026-07-27 13:30:50] SQL
Array
(
    [sql] => UPDATE materiel SET marque = :marque, modele = :modele, type_materiel = :type_materiel, numero_serie = :numero_serie, version_firmware = :version_firmware, adresse_ip = :adresse_ip, adresse_mac = :adresse_mac, usage_materiel = :usage_materiel, masque = :masque, passerelle = :passerelle, login = :login, password = :password WHERE id = :id
    [params] => Array
        (
            [0] => :marque
            [1] => :modele
            [2] => :type_materiel
            [3] => :numero_serie
            [4] => :version_firmware
            [5] => :adresse_ip
            [6] => :adresse_mac
            [7] => :usage_materiel
            [8] => :masque
            [9] => :passerelle
            [10] => :login
            [11] => :password
            [12] => :id
        )

)

--------------------------------------------------------------------------------
[2026-07-27 13:30:50] Mise à jour réussie ID: 3142
--------------------------------------------------------------------------------
[2026-07-27 13:30:50] Traitement ID: 3148
--------------------------------------------------------------------------------
[2026-07-27 13:30:50] SQL
Array
(
    [sql] => UPDATE materiel SET marque = :marque, modele = :modele, type_materiel = :type_materiel, adresse_ip = :adresse_ip, adresse_mac = :adresse_mac, usage_materiel = :usage_materiel, masque = :masque, passerelle = :passerelle WHERE id = :id
    [params] => Array
        (
            [0] => :marque
            [1] => :modele
            [2] => :type_materiel
            [3] => :adresse_ip
            [4] => :adresse_mac
            [5] => :usage_materiel
            [6] => :masque
            [7] => :passerelle
            [8] => :id
        )

)

--------------------------------------------------------------------------------
[2026-07-27 13:30:50] Mise à jour réussie ID: 3148
--------------------------------------------------------------------------------
[2026-07-27 13:30:50] Traitement ID: 3143
--------------------------------------------------------------------------------
[2026-07-27 13:30:50] SQL
Array
(
    [sql] => UPDATE materiel SET marque = :marque, modele = :modele, type_materiel = :type_materiel, adresse_ip = :adresse_ip, usage_materiel = :usage_materiel, masque = :masque, passerelle = :passerelle WHERE id = :id
    [params] => Array
        (
            [0] => :marque
            [1] => :modele
            [2] => :type_materiel
            [3] => :adresse_ip
            [4] => :usage_materiel
            [5] => :masque
            [6] => :passerelle
            [7] => :id
        )

)

--------------------------------------------------------------------------------
[2026-07-27 13:30:50] Mise à jour réussie ID: 3143
--------------------------------------------------------------------------------
[2026-07-27 13:30:50] Traitement ID: 3144
--------------------------------------------------------------------------------
[2026-07-27 13:30:50] SQL
Array
(
    [sql] => UPDATE materiel SET marque = :marque, modele = :modele, type_materiel = :type_materiel, adresse_ip = :adresse_ip, usage_materiel = :usage_materiel, masque = :masque, passerelle = :passerelle WHERE id = :id
    [params] => Array
        (
            [0] => :marque
            [1] => :modele
            [2] => :type_materiel
            [3] => :adresse_ip
            [4] => :usage_materiel
            [5] => :masque
            [6] => :passerelle
            [7] => :id
        )

)

--------------------------------------------------------------------------------
[2026-07-27 13:30:50] Mise à jour réussie ID: 3144
--------------------------------------------------------------------------------
[2026-07-27 13:30:50] Traitement ID: 3145
--------------------------------------------------------------------------------
[2026-07-27 13:30:50] SQL
Array
(
    [sql] => UPDATE materiel SET marque = :marque, modele = :modele, type_materiel = :type_materiel, adresse_ip = :adresse_ip, usage_materiel = :usage_materiel, masque = :masque, passerelle = :passerelle WHERE id = :id
    [params] => Array
        (
            [0] => :marque
            [1] => :modele
            [2] => :type_materiel
            [3] => :adresse_ip
            [4] => :usage_materiel
            [5] => :masque
            [6] => :passerelle
            [7] => :id
        )

)

--------------------------------------------------------------------------------
[2026-07-27 13:30:50] Mise à jour réussie ID: 3145
--------------------------------------------------------------------------------
[2026-07-27 13:30:50] Traitement ID: 3146
--------------------------------------------------------------------------------
[2026-07-27 13:30:50] SQL
Array
(
    [sql] => UPDATE materiel SET marque = :marque, modele = :modele, type_materiel = :type_materiel, numero_serie = :numero_serie, version_firmware = :version_firmware, adresse_ip = :adresse_ip, adresse_mac = :adresse_mac, usage_materiel = :usage_materiel, masque = :masque, passerelle = :passerelle, ip_primaire = :ip_primaire, mac_primaire = :mac_primaire WHERE id = :id
    [params] => Array
        (
            [0] => :marque
            [1] => :modele
            [2] => :type_materiel
            [3] => :numero_serie
            [4] => :version_firmware
            [5] => :adresse_ip
            [6] => :adresse_mac
            [7] => :usage_materiel
            [8] => :masque
            [9] => :passerelle
            [10] => :ip_primaire
            [11] => :mac_primaire
            [12] => :id
        )

)

--------------------------------------------------------------------------------
[2026-07-27 13:30:50] Mise à jour réussie ID: 3146
--------------------------------------------------------------------------------
[2026-07-27 13:30:50] Traitement ID: 3147
--------------------------------------------------------------------------------
[2026-07-27 13:30:50] SQL
Array
(
    [sql] => UPDATE materiel SET marque = :marque, modele = :modele, type_materiel = :type_materiel, adresse_ip = :adresse_ip, adresse_mac = :adresse_mac, usage_materiel = :usage_materiel, masque = :masque, passerelle = :passerelle WHERE id = :id
    [params] => Array
        (
            [0] => :marque
            [1] => :modele
            [2] => :type_materiel
            [3] => :adresse_ip
            [4] => :adresse_mac
            [5] => :usage_materiel
            [6] => :masque
            [7] => :passerelle
            [8] => :id
        )

)

--------------------------------------------------------------------------------
[2026-07-27 13:30:50] Mise à jour réussie ID: 3147
--------------------------------------------------------------------------------
[2026-07-27 13:30:50] Traitement ID: 3191
--------------------------------------------------------------------------------
[2026-07-27 13:30:50] SQL
Array
(
    [sql] => UPDATE materiel SET marque = :marque, modele = :modele, type_materiel = :type_materiel WHERE id = :id
    [params] => Array
        (
            [0] => :marque
            [1] => :modele
            [2] => :type_materiel
            [3] => :id
        )

)

--------------------------------------------------------------------------------
[2026-07-27 13:30:50] Mise à jour réussie ID: 3191
--------------------------------------------------------------------------------
[2026-07-27 13:30:50] Traitement ID: 3192
--------------------------------------------------------------------------------
[2026-07-27 13:30:50] SQL
Array
(
    [sql] => UPDATE materiel SET marque = :marque, modele = :modele, type_materiel = :type_materiel WHERE id = :id
    [params] => Array
        (
            [0] => :marque
            [1] => :modele
            [2] => :type_materiel
            [3] => :id
        )

)

--------------------------------------------------------------------------------
[2026-07-27 13:30:50] Mise à jour réussie ID: 3192
--------------------------------------------------------------------------------
[2026-07-27 13:30:50] Traitement ID: 3193
--------------------------------------------------------------------------------
[2026-07-27 13:30:50] SQL
Array
(
    [sql] => UPDATE materiel SET marque = :marque, modele = :modele, type_materiel = :type_materiel WHERE id = :id
    [params] => Array
        (
            [0] => :marque
            [1] => :modele
            [2] => :type_materiel
            [3] => :id
        )

)

--------------------------------------------------------------------------------
[2026-07-27 13:30:50] Mise à jour réussie ID: 3193
--------------------------------------------------------------------------------
[2026-07-27 13:30:50] Traitement ID: 3194
--------------------------------------------------------------------------------
[2026-07-27 13:30:50] SQL
Array
(
    [sql] => UPDATE materiel SET marque = :marque, modele = :modele, type_materiel = :type_materiel WHERE id = :id
    [params] => Array
        (
            [0] => :marque
            [1] => :modele
            [2] => :type_materiel
            [3] => :id
        )

)

--------------------------------------------------------------------------------
[2026-07-27 13:30:50] Mise à jour réussie ID: 3194
--------------------------------------------------------------------------------
[2026-07-27 13:30:50] Réponse
Array
(
    [status] => success
    [message] => 64 ligne(s) mise(s) à jour
    [updated] => 64
    [total_rows] => 64
    [errors] => Array
        (
        )

)

--------------------------------------------------------------------------------
[2026-07-27 13:30:50] === FIN ===
--------------------------------------------------------------------------------
[2026-07-27 13:30:50] === DÉBUT ===
--------------------------------------------------------------------------------
[2026-07-27 13:30:50] Input reçu
Array
(
    [raw_length] => 2311
    [has_data] => 1
)

--------------------------------------------------------------------------------
[2026-07-27 13:30:50] Connexion BDD OK
--------------------------------------------------------------------------------
[2026-07-27 13:30:50] Traitement ID: 3362
--------------------------------------------------------------------------------
[2026-07-27 13:30:50] SQL
Array
(
    [sql] => UPDATE materiel SET marque = :marque, modele = :modele, type_materiel = :type_materiel, numero_serie = :numero_serie, adresse_ip = :adresse_ip, adresse_mac = :adresse_mac, usage_materiel = :usage_materiel, masque = :masque, passerelle = :passerelle WHERE id = :id
    [params] => Array
        (
            [0] => :marque
            [1] => :modele
            [2] => :type_materiel
            [3] => :numero_serie
            [4] => :adresse_ip
            [5] => :adresse_mac
            [6] => :usage_materiel
            [7] => :masque
            [8] => :passerelle
            [9] => :id
        )

)

--------------------------------------------------------------------------------
[2026-07-27 13:30:50] Mise à jour réussie ID: 3362
--------------------------------------------------------------------------------
[2026-07-27 13:30:50] Traitement ID: 3363
--------------------------------------------------------------------------------
[2026-07-27 13:30:50] SQL
Array
(
    [sql] => UPDATE materiel SET marque = :marque, modele = :modele, type_materiel = :type_materiel, numero_serie = :numero_serie, adresse_ip = :adresse_ip, adresse_mac = :adresse_mac, usage_materiel = :usage_materiel, masque = :masque, passerelle = :passerelle WHERE id = :id
    [params] => Array
        (
            [0] => :marque
            [1] => :modele
            [2] => :type_materiel
            [3] => :numero_serie
            [4] => :adresse_ip
            [5] => :adresse_mac
            [6] => :usage_materiel
            [7] => :masque
            [8] => :passerelle
            [9] => :id
        )

)

--------------------------------------------------------------------------------
[2026-07-27 13:30:50] Mise à jour réussie ID: 3363
--------------------------------------------------------------------------------
[2026-07-27 13:30:50] Traitement ID: 3364
--------------------------------------------------------------------------------
[2026-07-27 13:30:50] SQL
Array
(
    [sql] => UPDATE materiel SET marque = :marque, modele = :modele, type_materiel = :type_materiel, numero_serie = :numero_serie, version_firmware = :version_firmware, adresse_ip = :adresse_ip, adresse_mac = :adresse_mac, usage_materiel = :usage_materiel, masque = :masque, passerelle = :passerelle, password = :password WHERE id = :id
    [params] => Array
        (
            [0] => :marque
            [1] => :modele
            [2] => :type_materiel
            [3] => :numero_serie
            [4] => :version_firmware
            [5] => :adresse_ip
            [6] => :adresse_mac
            [7] => :usage_materiel
            [8] => :masque
            [9] => :passerelle
            [10] => :password
            [11] => :id
        )

)

--------------------------------------------------------------------------------
[2026-07-27 13:30:50] Mise à jour réussie ID: 3364
--------------------------------------------------------------------------------
[2026-07-27 13:30:50] Réponse
Array
(
    [status] => success
    [message] => 3 ligne(s) mise(s) à jour
    [updated] => 3
    [total_rows] => 3
    [errors] => Array
        (
        )

)

--------------------------------------------------------------------------------
[2026-07-27 13:30:50] === FIN ===
--------------------------------------------------------------------------------
[2026-07-27 13:30:50] === DÉBUT ===
--------------------------------------------------------------------------------
[2026-07-27 13:30:50] Input reçu
Array
(
    [raw_length] => 19178
    [has_data] => 1
)

--------------------------------------------------------------------------------
[2026-07-27 13:30:50] Connexion BDD OK
--------------------------------------------------------------------------------
[2026-07-27 13:30:50] Traitement ID: 3212
--------------------------------------------------------------------------------
[2026-07-27 13:30:50] SQL
Array
(
    [sql] => UPDATE materiel SET marque = :marque, modele = :modele, type_materiel = :type_materiel, numero_serie = :numero_serie, version_firmware = :version_firmware, adresse_ip = :adresse_ip, adresse_mac = :adresse_mac, usage_materiel = :usage_materiel, masque = :masque, passerelle = :passerelle, login = :login, password = :password WHERE id = :id
    [params] => Array
        (
            [0] => :marque
            [1] => :modele
            [2] => :type_materiel
            [3] => :numero_serie
            [4] => :version_firmware
            [5] => :adresse_ip
            [6] => :adresse_mac
            [7] => :usage_materiel
            [8] => :masque
            [9] => :passerelle
            [10] => :login
            [11] => :password
            [12] => :id
        )

)

--------------------------------------------------------------------------------
[2026-07-27 13:30:50] Mise à jour réussie ID: 3212
--------------------------------------------------------------------------------
[2026-07-27 13:30:50] Traitement ID: 3213
--------------------------------------------------------------------------------
[2026-07-27 13:30:50] SQL
Array
(
    [sql] => UPDATE materiel SET marque = :marque, modele = :modele, type_materiel = :type_materiel, numero_serie = :numero_serie, version_firmware = :version_firmware, adresse_ip = :adresse_ip, adresse_mac = :adresse_mac, usage_materiel = :usage_materiel, masque = :masque, passerelle = :passerelle, login = :login, password = :password, stream_aes67_recu = :stream_aes67_recu WHERE id = :id
    [params] => Array
        (
            [0] => :marque
            [1] => :modele
            [2] => :type_materiel
            [3] => :numero_serie
            [4] => :version_firmware
            [5] => :adresse_ip
            [6] => :adresse_mac
            [7] => :usage_materiel
            [8] => :masque
            [9] => :passerelle
            [10] => :login
            [11] => :password
            [12] => :stream_aes67_recu
            [13] => :id
        )

)

--------------------------------------------------------------------------------
[2026-07-27 13:30:50] Mise à jour réussie ID: 3213
--------------------------------------------------------------------------------
[2026-07-27 13:30:50] Traitement ID: 3214
--------------------------------------------------------------------------------
[2026-07-27 13:30:50] SQL
Array
(
    [sql] => UPDATE materiel SET marque = :marque, modele = :modele, type_materiel = :type_materiel, numero_serie = :numero_serie, version_firmware = :version_firmware, adresse_ip = :adresse_ip, adresse_mac = :adresse_mac, usage_materiel = :usage_materiel, masque = :masque, passerelle = :passerelle, login = :login, password = :password, stream_aes67_recu = :stream_aes67_recu WHERE id = :id
    [params] => Array
        (
            [0] => :marque
            [1] => :modele
            [2] => :type_materiel
            [3] => :numero_serie
            [4] => :version_firmware
            [5] => :adresse_ip
            [6] => :adresse_mac
            [7] => :usage_materiel
            [8] => :masque
            [9] => :passerelle
            [10] => :login
            [11] => :password
            [12] => :stream_aes67_recu
            [13] => :id
        )

)

--------------------------------------------------------------------------------
[2026-07-27 13:30:50] Mise à jour réussie ID: 3214
--------------------------------------------------------------------------------
[2026-07-27 13:30:50] Traitement ID: 3215
--------------------------------------------------------------------------------
[2026-07-27 13:30:50] SQL
Array
(
    [sql] => UPDATE materiel SET marque = :marque, modele = :modele, type_materiel = :type_materiel, numero_serie = :numero_serie, version_firmware = :version_firmware, adresse_ip = :adresse_ip, adresse_mac = :adresse_mac, usage_materiel = :usage_materiel, masque = :masque, passerelle = :passerelle, login = :login, password = :password WHERE id = :id
    [params] => Array
        (
            [0] => :marque
            [1] => :modele
            [2] => :type_materiel
            [3] => :numero_serie
            [4] => :version_firmware
            [5] => :adresse_ip
            [6] => :adresse_mac
            [7] => :usage_materiel
            [8] => :masque
            [9] => :passerelle
            [10] => :login
            [11] => :password
            [12] => :id
        )

)

--------------------------------------------------------------------------------
[2026-07-27 13:30:50] Mise à jour réussie ID: 3215
--------------------------------------------------------------------------------
[2026-07-27 13:30:50] Traitement ID: 3210
--------------------------------------------------------------------------------
[2026-07-27 13:30:50] SQL
Array
(
    [sql] => UPDATE materiel SET marque = :marque, modele = :modele, type_materiel = :type_materiel, numero_serie = :numero_serie, version_firmware = :version_firmware, adresse_ip = :adresse_ip, adresse_mac = :adresse_mac, usage_materiel = :usage_materiel, masque = :masque, passerelle = :passerelle, login = :login, password = :password, stream_aes67_transmis = :stream_aes67_transmis WHERE id = :id
    [params] => Array
        (
            [0] => :marque
            [1] => :modele
            [2] => :type_materiel
            [3] => :numero_serie
            [4] => :version_firmware
            [5] => :adresse_ip
            [6] => :adresse_mac
            [7] => :usage_materiel
            [8] => :masque
            [9] => :passerelle
            [10] => :login
            [11] => :password
            [12] => :stream_aes67_transmis
            [13] => :id
        )

)

--------------------------------------------------------------------------------
[2026-07-27 13:30:50] Mise à jour réussie ID: 3210
--------------------------------------------------------------------------------
[2026-07-27 13:30:50] Traitement ID: 3211
--------------------------------------------------------------------------------
[2026-07-27 13:30:50] SQL
Array
(
    [sql] => UPDATE materiel SET marque = :marque, modele = :modele, type_materiel = :type_materiel, numero_serie = :numero_serie, version_firmware = :version_firmware, adresse_ip = :adresse_ip, adresse_mac = :adresse_mac, usage_materiel = :usage_materiel, masque = :masque, passerelle = :passerelle, login = :login, password = :password, stream_aes67_transmis = :stream_aes67_transmis WHERE id = :id
    [params] => Array
        (
            [0] => :marque
            [1] => :modele
            [2] => :type_materiel
            [3] => :numero_serie
            [4] => :version_firmware
            [5] => :adresse_ip
            [6] => :adresse_mac
            [7] => :usage_materiel
            [8] => :masque
            [9] => :passerelle
            [10] => :login
            [11] => :password
            [12] => :stream_aes67_transmis
            [13] => :id
        )

)

--------------------------------------------------------------------------------
[2026-07-27 13:30:50] Mise à jour réussie ID: 3211
--------------------------------------------------------------------------------
[2026-07-27 13:30:50] Traitement ID: 3217
--------------------------------------------------------------------------------
[2026-07-27 13:30:50] SQL
Array
(
    [sql] => UPDATE materiel SET marque = :marque, modele = :modele, type_materiel = :type_materiel, numero_serie = :numero_serie, version_firmware = :version_firmware, adresse_ip = :adresse_ip, adresse_mac = :adresse_mac, usage_materiel = :usage_materiel, masque = :masque, passerelle = :passerelle, stream_aes67_recu = :stream_aes67_recu, stream_aes67_transmis = :stream_aes67_transmis WHERE id = :id
    [params] => Array
        (
            [0] => :marque
            [1] => :modele
            [2] => :type_materiel
            [3] => :numero_serie
            [4] => :version_firmware
            [5] => :adresse_ip
            [6] => :adresse_mac
            [7] => :usage_materiel
            [8] => :masque
            [9] => :passerelle
            [10] => :stream_aes67_recu
            [11] => :stream_aes67_transmis
            [12] => :id
        )

)

--------------------------------------------------------------------------------
[2026-07-27 13:30:50] Mise à jour réussie ID: 3217
--------------------------------------------------------------------------------
[2026-07-27 13:30:50] Traitement ID: 3205
--------------------------------------------------------------------------------
[2026-07-27 13:30:50] SQL
Array
(
    [sql] => UPDATE materiel SET marque = :marque, modele = :modele, type_materiel = :type_materiel, numero_serie = :numero_serie, version_firmware = :version_firmware, adresse_ip = :adresse_ip, adresse_mac = :adresse_mac, usage_materiel = :usage_materiel, ancien_firmware = :ancien_firmware, masque = :masque, passerelle = :passerelle WHERE id = :id
    [params] => Array
        (
            [0] => :marque
            [1] => :modele
            [2] => :type_materiel
            [3] => :numero_serie
            [4] => :version_firmware
            [5] => :adresse_ip
            [6] => :adresse_mac
            [7] => :usage_materiel
            [8] => :ancien_firmware
            [9] => :masque
            [10] => :passerelle
            [11] => :id
        )

)

--------------------------------------------------------------------------------
[2026-07-27 13:30:50] Mise à jour réussie ID: 3205
--------------------------------------------------------------------------------
[2026-07-27 13:30:50] Traitement ID: 3220
--------------------------------------------------------------------------------
[2026-07-27 13:30:50] SQL
Array
(
    [sql] => UPDATE materiel SET marque = :marque, modele = :modele, type_materiel = :type_materiel, numero_serie = :numero_serie, version_firmware = :version_firmware, adresse_ip = :adresse_ip, adresse_mac = :adresse_mac, masque = :masque, passerelle = :passerelle, login = :login, password = :password WHERE id = :id
    [params] => Array
        (
            [0] => :marque
            [1] => :modele
            [2] => :type_materiel
            [3] => :numero_serie
            [4] => :version_firmware
            [5] => :adresse_ip
            [6] => :adresse_mac
            [7] => :masque
            [8] => :passerelle
            [9] => :login
            [10] => :password
            [11] => :id
        )

)

--------------------------------------------------------------------------------
[2026-07-27 13:30:50] Mise à jour réussie ID: 3220
--------------------------------------------------------------------------------
[2026-07-27 13:30:50] Traitement ID: 3219
--------------------------------------------------------------------------------
[2026-07-27 13:30:50] SQL
Array
(
    [sql] => UPDATE materiel SET marque = :marque, modele = :modele, type_materiel = :type_materiel, numero_serie = :numero_serie, version_firmware = :version_firmware, adresse_ip = :adresse_ip, adresse_mac = :adresse_mac, masque = :masque, passerelle = :passerelle, login = :login, password = :password WHERE id = :id
    [params] => Array
        (
            [0] => :marque
            [1] => :modele
            [2] => :type_materiel
            [3] => :numero_serie
            [4] => :version_firmware
            [5] => :adresse_ip
            [6] => :adresse_mac
            [7] => :masque
            [8] => :passerelle
            [9] => :login
            [10] => :password
            [11] => :id
        )

)

--------------------------------------------------------------------------------
[2026-07-27 13:30:50] Mise à jour réussie ID: 3219
--------------------------------------------------------------------------------
[2026-07-27 13:30:50] Traitement ID: 3196
--------------------------------------------------------------------------------
[2026-07-27 13:30:50] SQL
Array
(
    [sql] => UPDATE materiel SET marque = :marque, modele = :modele, type_materiel = :type_materiel, numero_serie = :numero_serie, version_firmware = :version_firmware, adresse_ip = :adresse_ip, adresse_mac = :adresse_mac, usage_materiel = :usage_materiel, ancien_firmware = :ancien_firmware, masque = :masque, passerelle = :passerelle, login = :login, password = :password WHERE id = :id
    [params] => Array
        (
            [0] => :marque
            [1] => :modele
            [2] => :type_materiel
            [3] => :numero_serie
            [4] => :version_firmware
            [5] => :adresse_ip
            [6] => :adresse_mac
            [7] => :usage_materiel
            [8] => :ancien_firmware
            [9] => :masque
            [10] => :passerelle
            [11] => :login
            [12] => :password
            [13] => :id
        )

)

--------------------------------------------------------------------------------
[2026-07-27 13:30:50] Mise à jour réussie ID: 3196
--------------------------------------------------------------------------------
[2026-07-27 13:30:50] Traitement ID: 3195
--------------------------------------------------------------------------------
[2026-07-27 13:30:50] SQL
Array
(
    [sql] => UPDATE materiel SET marque = :marque, modele = :modele, type_materiel = :type_materiel, numero_serie = :numero_serie, version_firmware = :version_firmware, adresse_ip = :adresse_ip, adresse_mac = :adresse_mac, usage_materiel = :usage_materiel, masque = :masque, passerelle = :passerelle, login = :login, password = :password WHERE id = :id
    [params] => Array
        (
            [0] => :marque
            [1] => :modele
            [2] => :type_materiel
            [3] => :numero_serie
            [4] => :version_firmware
            [5] => :adresse_ip
            [6] => :adresse_mac
            [7] => :usage_materiel
            [8] => :masque
            [9] => :passerelle
            [10] => :login
            [11] => :password
            [12] => :id
        )

)

--------------------------------------------------------------------------------
[2026-07-27 13:30:50] Mise à jour réussie ID: 3195
--------------------------------------------------------------------------------
[2026-07-27 13:30:50] Traitement ID: 3216
--------------------------------------------------------------------------------
[2026-07-27 13:30:50] SQL
Array
(
    [sql] => UPDATE materiel SET marque = :marque, modele = :modele, type_materiel = :type_materiel, numero_serie = :numero_serie, version_firmware = :version_firmware, adresse_ip = :adresse_ip, adresse_mac = :adresse_mac, masque = :masque, passerelle = :passerelle, login = :login, password = :password WHERE id = :id
    [params] => Array
        (
            [0] => :marque
            [1] => :modele
            [2] => :type_materiel
            [3] => :numero_serie
            [4] => :version_firmware
            [5] => :adresse_ip
            [6] => :adresse_mac
            [7] => :masque
            [8] => :passerelle
            [9] => :login
            [10] => :password
            [11] => :id
        )

)

--------------------------------------------------------------------------------
[2026-07-27 13:30:50] Mise à jour réussie ID: 3216
--------------------------------------------------------------------------------
[2026-07-27 13:30:50] Traitement ID: 3218
--------------------------------------------------------------------------------
[2026-07-27 13:30:50] SQL
Array
(
    [sql] => UPDATE materiel SET marque = :marque, modele = :modele, type_materiel = :type_materiel, version_firmware = :version_firmware, adresse_ip = :adresse_ip, adresse_mac = :adresse_mac, ancien_firmware = :ancien_firmware, masque = :masque, passerelle = :passerelle WHERE id = :id
    [params] => Array
        (
            [0] => :marque
            [1] => :modele
            [2] => :type_materiel
            [3] => :version_firmware
            [4] => :adresse_ip
            [5] => :adresse_mac
            [6] => :ancien_firmware
            [7] => :masque
            [8] => :passerelle
            [9] => :id
        )

)

--------------------------------------------------------------------------------
[2026-07-27 13:30:50] Mise à jour réussie ID: 3218
--------------------------------------------------------------------------------
[2026-07-27 13:30:50] Traitement ID: 3209
--------------------------------------------------------------------------------
[2026-07-27 13:30:50] SQL
Array
(
    [sql] => UPDATE materiel SET marque = :marque, modele = :modele, type_materiel = :type_materiel, numero_serie = :numero_serie, adresse_ip = :adresse_ip, adresse_mac = :adresse_mac, usage_materiel = :usage_materiel, masque = :masque, passerelle = :passerelle WHERE id = :id
    [params] => Array
        (
            [0] => :marque
            [1] => :modele
            [2] => :type_materiel
            [3] => :numero_serie
            [4] => :adresse_ip
            [5] => :adresse_mac
            [6] => :usage_materiel
            [7] => :masque
            [8] => :passerelle
            [9] => :id
        )

)

--------------------------------------------------------------------------------
[2026-07-27 13:30:50] Mise à jour réussie ID: 3209
--------------------------------------------------------------------------------
[2026-07-27 13:30:50] Traitement ID: 3208
--------------------------------------------------------------------------------
[2026-07-27 13:30:50] SQL
Array
(
    [sql] => UPDATE materiel SET marque = :marque, modele = :modele, type_materiel = :type_materiel, version_firmware = :version_firmware, adresse_ip = :adresse_ip, adresse_mac = :adresse_mac, usage_materiel = :usage_materiel, ancien_firmware = :ancien_firmware, masque = :masque, passerelle = :passerelle WHERE id = :id
    [params] => Array
        (
            [0] => :marque
            [1] => :modele
            [2] => :type_materiel
            [3] => :version_firmware
            [4] => :adresse_ip
            [5] => :adresse_mac
            [6] => :usage_materiel
            [7] => :ancien_firmware
            [8] => :masque
            [9] => :passerelle
            [10] => :id
        )

)

--------------------------------------------------------------------------------
[2026-07-27 13:30:50] Mise à jour réussie ID: 3208
--------------------------------------------------------------------------------
[2026-07-27 13:30:50] Traitement ID: 3206
--------------------------------------------------------------------------------
[2026-07-27 13:30:50] SQL
Array
(
    [sql] => UPDATE materiel SET marque = :marque, modele = :modele, type_materiel = :type_materiel, numero_serie = :numero_serie, version_firmware = :version_firmware, adresse_ip = :adresse_ip, adresse_mac = :adresse_mac, usage_materiel = :usage_materiel, masque = :masque, passerelle = :passerelle, login = :login, password = :password WHERE id = :id
    [params] => Array
        (
            [0] => :marque
            [1] => :modele
            [2] => :type_materiel
            [3] => :numero_serie
            [4] => :version_firmware
            [5] => :adresse_ip
            [6] => :adresse_mac
            [7] => :usage_materiel
            [8] => :masque
            [9] => :passerelle
            [10] => :login
            [11] => :password
            [12] => :id
        )

)

--------------------------------------------------------------------------------
[2026-07-27 13:30:50] Mise à jour réussie ID: 3206
--------------------------------------------------------------------------------
[2026-07-27 13:30:50] Traitement ID: 3207
--------------------------------------------------------------------------------
[2026-07-27 13:30:50] SQL
Array
(
    [sql] => UPDATE materiel SET marque = :marque, modele = :modele, type_materiel = :type_materiel, numero_serie = :numero_serie, version_firmware = :version_firmware, adresse_ip = :adresse_ip, adresse_mac = :adresse_mac, usage_materiel = :usage_materiel, masque = :masque, passerelle = :passerelle, login = :login, password = :password WHERE id = :id
    [params] => Array
        (
            [0] => :marque
            [1] => :modele
            [2] => :type_materiel
            [3] => :numero_serie
            [4] => :version_firmware
            [5] => :adresse_ip
            [6] => :adresse_mac
            [7] => :usage_materiel
            [8] => :masque
            [9] => :passerelle
            [10] => :login
            [11] => :password
            [12] => :id
        )

)

--------------------------------------------------------------------------------
[2026-07-27 13:30:50] Mise à jour réussie ID: 3207
--------------------------------------------------------------------------------
[2026-07-27 13:30:50] Traitement ID: 3197
--------------------------------------------------------------------------------
[2026-07-27 13:30:50] SQL
Array
(
    [sql] => UPDATE materiel SET marque = :marque, modele = :modele, type_materiel = :type_materiel, numero_serie = :numero_serie, version_firmware = :version_firmware, adresse_ip = :adresse_ip, adresse_mac = :adresse_mac, usage_materiel = :usage_materiel, masque = :masque, passerelle = :passerelle, login = :login, password = :password WHERE id = :id
    [params] => Array
        (
            [0] => :marque
            [1] => :modele
            [2] => :type_materiel
            [3] => :numero_serie
            [4] => :version_firmware
            [5] => :adresse_ip
            [6] => :adresse_mac
            [7] => :usage_materiel
            [8] => :masque
            [9] => :passerelle
            [10] => :login
            [11] => :password
            [12] => :id
        )

)

--------------------------------------------------------------------------------
[2026-07-27 13:30:50] Mise à jour réussie ID: 3197
--------------------------------------------------------------------------------
[2026-07-27 13:30:50] Traitement ID: 3204
--------------------------------------------------------------------------------
[2026-07-27 13:30:50] SQL
Array
(
    [sql] => UPDATE materiel SET marque = :marque, modele = :modele, type_materiel = :type_materiel, numero_serie = :numero_serie WHERE id = :id
    [params] => Array
        (
            [0] => :marque
            [1] => :modele
            [2] => :type_materiel
            [3] => :numero_serie
            [4] => :id
        )

)

--------------------------------------------------------------------------------
[2026-07-27 13:30:50] Mise à jour réussie ID: 3204
--------------------------------------------------------------------------------
[2026-07-27 13:30:50] Traitement ID: 3198
--------------------------------------------------------------------------------
[2026-07-27 13:30:50] SQL
Array
(
    [sql] => UPDATE materiel SET marque = :marque, modele = :modele, type_materiel = :type_materiel, numero_serie = :numero_serie, version_firmware = :version_firmware, adresse_ip = :adresse_ip, adresse_mac = :adresse_mac, usage_materiel = :usage_materiel, masque = :masque, passerelle = :passerelle, login = :login, password = :password, ip_primaire = :ip_primaire, mac_primaire = :mac_primaire WHERE id = :id
    [params] => Array
        (
            [0] => :marque
            [1] => :modele
            [2] => :type_materiel
            [3] => :numero_serie
            [4] => :version_firmware
            [5] => :adresse_ip
            [6] => :adresse_mac
            [7] => :usage_materiel
            [8] => :masque
            [9] => :passerelle
            [10] => :login
            [11] => :password
            [12] => :ip_primaire
            [13] => :mac_primaire
            [14] => :id
        )

)

--------------------------------------------------------------------------------
[2026-07-27 13:30:50] Mise à jour réussie ID: 3198
--------------------------------------------------------------------------------
[2026-07-27 13:30:50] Traitement ID: 3199
--------------------------------------------------------------------------------
[2026-07-27 13:30:50] SQL
Array
(
    [sql] => UPDATE materiel SET marque = :marque, modele = :modele, type_materiel = :type_materiel, numero_serie = :numero_serie, version_firmware = :version_firmware, adresse_ip = :adresse_ip, adresse_mac = :adresse_mac, usage_materiel = :usage_materiel, masque = :masque, passerelle = :passerelle, login = :login, password = :password, ip_primaire = :ip_primaire, mac_primaire = :mac_primaire, stream_aes67_transmis = :stream_aes67_transmis WHERE id = :id
    [params] => Array
        (
            [0] => :marque
            [1] => :modele
            [2] => :type_materiel
            [3] => :numero_serie
            [4] => :version_firmware
            [5] => :adresse_ip
            [6] => :adresse_mac
            [7] => :usage_materiel
            [8] => :masque
            [9] => :passerelle
            [10] => :login
            [11] => :password
            [12] => :ip_primaire
            [13] => :mac_primaire
            [14] => :stream_aes67_transmis
            [15] => :id
        )

)

--------------------------------------------------------------------------------
[2026-07-27 13:30:50] Mise à jour réussie ID: 3199
--------------------------------------------------------------------------------
[2026-07-27 13:30:50] Traitement ID: 3200
--------------------------------------------------------------------------------
[2026-07-27 13:30:50] SQL
Array
(
    [sql] => UPDATE materiel SET marque = :marque, modele = :modele, type_materiel = :type_materiel, numero_serie = :numero_serie, version_firmware = :version_firmware, usage_materiel = :usage_materiel WHERE id = :id
    [params] => Array
        (
            [0] => :marque
            [1] => :modele
            [2] => :type_materiel
            [3] => :numero_serie
            [4] => :version_firmware
            [5] => :usage_materiel
            [6] => :id
        )

)

--------------------------------------------------------------------------------
[2026-07-27 13:30:50] Mise à jour réussie ID: 3200
--------------------------------------------------------------------------------
[2026-07-27 13:30:50] Traitement ID: 3201
--------------------------------------------------------------------------------
[2026-07-27 13:30:50] SQL
Array
(
    [sql] => UPDATE materiel SET marque = :marque, modele = :modele, type_materiel = :type_materiel, numero_serie = :numero_serie, version_firmware = :version_firmware, usage_materiel = :usage_materiel WHERE id = :id
    [params] => Array
        (
            [0] => :marque
            [1] => :modele
            [2] => :type_materiel
            [3] => :numero_serie
            [4] => :version_firmware
            [5] => :usage_materiel
            [6] => :id
        )

)

--------------------------------------------------------------------------------
[2026-07-27 13:30:50] Mise à jour réussie ID: 3201
--------------------------------------------------------------------------------
[2026-07-27 13:30:50] Traitement ID: 3202
--------------------------------------------------------------------------------
[2026-07-27 13:30:50] SQL
Array
(
    [sql] => UPDATE materiel SET marque = :marque, modele = :modele, type_materiel = :type_materiel, numero_serie = :numero_serie, version_firmware = :version_firmware, usage_materiel = :usage_materiel WHERE id = :id
    [params] => Array
        (
            [0] => :marque
            [1] => :modele
            [2] => :type_materiel
            [3] => :numero_serie
            [4] => :version_firmware
            [5] => :usage_materiel
            [6] => :id
        )

)

--------------------------------------------------------------------------------
[2026-07-27 13:30:50] Mise à jour réussie ID: 3202
--------------------------------------------------------------------------------
[2026-07-27 13:30:50] Traitement ID: 3203
--------------------------------------------------------------------------------
[2026-07-27 13:30:50] SQL
Array
(
    [sql] => UPDATE materiel SET marque = :marque, modele = :modele, type_materiel = :type_materiel, numero_serie = :numero_serie, version_firmware = :version_firmware, usage_materiel = :usage_materiel WHERE id = :id
    [params] => Array
        (
            [0] => :marque
            [1] => :modele
            [2] => :type_materiel
            [3] => :numero_serie
            [4] => :version_firmware
            [5] => :usage_materiel
            [6] => :id
        )

)

--------------------------------------------------------------------------------
[2026-07-27 13:30:50] Mise à jour réussie ID: 3203
--------------------------------------------------------------------------------
[2026-07-27 13:30:50] Réponse
Array
(
    [status] => success
    [message] => 26 ligne(s) mise(s) à jour
    [updated] => 26
    [total_rows] => 26
    [errors] => Array
        (
        )

)

--------------------------------------------------------------------------------
[2026-07-27 13:30:50] === FIN ===
--------------------------------------------------------------------------------
[2026-07-27 13:30:50] === DÉBUT ===
--------------------------------------------------------------------------------
[2026-07-27 13:30:50] Input reçu
Array
(
    [raw_length] => 28093
    [has_data] => 1
)

--------------------------------------------------------------------------------
[2026-07-27 13:30:50] Connexion BDD OK
--------------------------------------------------------------------------------
[2026-07-27 13:30:50] Traitement ID: 3247
--------------------------------------------------------------------------------
[2026-07-27 13:30:50] SQL
Array
(
    [sql] => UPDATE materiel SET marque = :marque, modele = :modele, type_materiel = :type_materiel, numero_serie = :numero_serie, version_firmware = :version_firmware, adresse_ip = :adresse_ip, adresse_mac = :adresse_mac, usage_materiel = :usage_materiel, masque = :masque, passerelle = :passerelle WHERE id = :id
    [params] => Array
        (
            [0] => :marque
            [1] => :modele
            [2] => :type_materiel
            [3] => :numero_serie
            [4] => :version_firmware
            [5] => :adresse_ip
            [6] => :adresse_mac
            [7] => :usage_materiel
            [8] => :masque
            [9] => :passerelle
            [10] => :id
        )

)

--------------------------------------------------------------------------------
[2026-07-27 13:30:50] Mise à jour réussie ID: 3247
--------------------------------------------------------------------------------
[2026-07-27 13:30:50] Traitement ID: 3248
--------------------------------------------------------------------------------
[2026-07-27 13:30:50] SQL
Array
(
    [sql] => UPDATE materiel SET marque = :marque, modele = :modele, type_materiel = :type_materiel, numero_serie = :numero_serie, version_firmware = :version_firmware, adresse_ip = :adresse_ip, adresse_mac = :adresse_mac, usage_materiel = :usage_materiel, ancien_firmware = :ancien_firmware, masque = :masque, passerelle = :passerelle WHERE id = :id
    [params] => Array
        (
            [0] => :marque
            [1] => :modele
            [2] => :type_materiel
            [3] => :numero_serie
            [4] => :version_firmware
            [5] => :adresse_ip
            [6] => :adresse_mac
            [7] => :usage_materiel
            [8] => :ancien_firmware
            [9] => :masque
            [10] => :passerelle
            [11] => :id
        )

)

--------------------------------------------------------------------------------
[2026-07-27 13:30:50] Mise à jour réussie ID: 3248
--------------------------------------------------------------------------------
[2026-07-27 13:30:50] Traitement ID: 3249
--------------------------------------------------------------------------------
[2026-07-27 13:30:50] SQL
Array
(
    [sql] => UPDATE materiel SET marque = :marque, modele = :modele, type_materiel = :type_materiel, numero_serie = :numero_serie, version_firmware = :version_firmware, adresse_ip = :adresse_ip, adresse_mac = :adresse_mac, usage_materiel = :usage_materiel, ancien_firmware = :ancien_firmware, masque = :masque, passerelle = :passerelle WHERE id = :id
    [params] => Array
        (
            [0] => :marque
            [1] => :modele
            [2] => :type_materiel
            [3] => :numero_serie
            [4] => :version_firmware
            [5] => :adresse_ip
            [6] => :adresse_mac
            [7] => :usage_materiel
            [8] => :ancien_firmware
            [9] => :masque
            [10] => :passerelle
            [11] => :id
        )

)

--------------------------------------------------------------------------------
[2026-07-27 13:30:50] Mise à jour réussie ID: 3249
--------------------------------------------------------------------------------
[2026-07-27 13:30:50] Traitement ID: 3250
--------------------------------------------------------------------------------
[2026-07-27 13:30:50] SQL
Array
(
    [sql] => UPDATE materiel SET marque = :marque, modele = :modele, type_materiel = :type_materiel, numero_serie = :numero_serie, version_firmware = :version_firmware, adresse_ip = :adresse_ip, adresse_mac = :adresse_mac, usage_materiel = :usage_materiel, ancien_firmware = :ancien_firmware, masque = :masque, passerelle = :passerelle WHERE id = :id
    [params] => Array
        (
            [0] => :marque
            [1] => :modele
            [2] => :type_materiel
            [3] => :numero_serie
            [4] => :version_firmware
            [5] => :adresse_ip
            [6] => :adresse_mac
            [7] => :usage_materiel
            [8] => :ancien_firmware
            [9] => :masque
            [10] => :passerelle
            [11] => :id
        )

)

--------------------------------------------------------------------------------
[2026-07-27 13:30:50] Mise à jour réussie ID: 3250
--------------------------------------------------------------------------------
[2026-07-27 13:30:50] Traitement ID: 3251
--------------------------------------------------------------------------------
[2026-07-27 13:30:50] SQL
Array
(
    [sql] => UPDATE materiel SET marque = :marque, modele = :modele, type_materiel = :type_materiel, numero_serie = :numero_serie, version_firmware = :version_firmware, adresse_ip = :adresse_ip, adresse_mac = :adresse_mac, usage_materiel = :usage_materiel, ancien_firmware = :ancien_firmware, masque = :masque, passerelle = :passerelle WHERE id = :id
    [params] => Array
        (
            [0] => :marque
            [1] => :modele
            [2] => :type_materiel
            [3] => :numero_serie
            [4] => :version_firmware
            [5] => :adresse_ip
            [6] => :adresse_mac
            [7] => :usage_materiel
            [8] => :ancien_firmware
            [9] => :masque
            [10] => :passerelle
            [11] => :id
        )

)

--------------------------------------------------------------------------------
[2026-07-27 13:30:50] Mise à jour réussie ID: 3251
--------------------------------------------------------------------------------
[2026-07-27 13:30:50] Traitement ID: 3252
--------------------------------------------------------------------------------
[2026-07-27 13:30:50] SQL
Array
(
    [sql] => UPDATE materiel SET marque = :marque, modele = :modele, type_materiel = :type_materiel, numero_serie = :numero_serie, version_firmware = :version_firmware, adresse_ip = :adresse_ip, adresse_mac = :adresse_mac, usage_materiel = :usage_materiel, ancien_firmware = :ancien_firmware, masque = :masque, passerelle = :passerelle, stream_aes67_recu = :stream_aes67_recu WHERE id = :id
    [params] => Array
        (
            [0] => :marque
            [1] => :modele
            [2] => :type_materiel
            [3] => :numero_serie
            [4] => :version_firmware
            [5] => :adresse_ip
            [6] => :adresse_mac
            [7] => :usage_materiel
            [8] => :ancien_firmware
            [9] => :masque
            [10] => :passerelle
            [11] => :stream_aes67_recu
            [12] => :id
        )

)

--------------------------------------------------------------------------------
[2026-07-27 13:30:50] Mise à jour réussie ID: 3252
--------------------------------------------------------------------------------
[2026-07-27 13:30:50] Traitement ID: 3253
--------------------------------------------------------------------------------
[2026-07-27 13:30:50] SQL
Array
(
    [sql] => UPDATE materiel SET marque = :marque, modele = :modele, type_materiel = :type_materiel, numero_serie = :numero_serie, version_firmware = :version_firmware, adresse_ip = :adresse_ip, adresse_mac = :adresse_mac, usage_materiel = :usage_materiel, masque = :masque, passerelle = :passerelle, stream_aes67_recu = :stream_aes67_recu WHERE id = :id
    [params] => Array
        (
            [0] => :marque
            [1] => :modele
            [2] => :type_materiel
            [3] => :numero_serie
            [4] => :version_firmware
            [5] => :adresse_ip
            [6] => :adresse_mac
            [7] => :usage_materiel
            [8] => :masque
            [9] => :passerelle
            [10] => :stream_aes67_recu
            [11] => :id
        )

)

--------------------------------------------------------------------------------
[2026-07-27 13:30:50] Mise à jour réussie ID: 3253
--------------------------------------------------------------------------------
[2026-07-27 13:30:50] Traitement ID: 3254
--------------------------------------------------------------------------------
[2026-07-27 13:30:50] SQL
Array
(
    [sql] => UPDATE materiel SET marque = :marque, modele = :modele, type_materiel = :type_materiel, numero_serie = :numero_serie, version_firmware = :version_firmware, adresse_ip = :adresse_ip, adresse_mac = :adresse_mac, usage_materiel = :usage_materiel, masque = :masque, passerelle = :passerelle WHERE id = :id
    [params] => Array
        (
            [0] => :marque
            [1] => :modele
            [2] => :type_materiel
            [3] => :numero_serie
            [4] => :version_firmware
            [5] => :adresse_ip
            [6] => :adresse_mac
            [7] => :usage_materiel
            [8] => :masque
            [9] => :passerelle
            [10] => :id
        )

)

--------------------------------------------------------------------------------
[2026-07-27 13:30:50] Mise à jour réussie ID: 3254
--------------------------------------------------------------------------------
[2026-07-27 13:30:50] Traitement ID: 3244
--------------------------------------------------------------------------------
[2026-07-27 13:30:50] SQL
Array
(
    [sql] => UPDATE materiel SET marque = :marque, modele = :modele, type_materiel = :type_materiel, numero_serie = :numero_serie, version_firmware = :version_firmware, adresse_ip = :adresse_ip, adresse_mac = :adresse_mac, usage_materiel = :usage_materiel, ancien_firmware = :ancien_firmware, masque = :masque, passerelle = :passerelle, stream_aes67_transmis = :stream_aes67_transmis WHERE id = :id
    [params] => Array
        (
            [0] => :marque
            [1] => :modele
            [2] => :type_materiel
            [3] => :numero_serie
            [4] => :version_firmware
            [5] => :adresse_ip
            [6] => :adresse_mac
            [7] => :usage_materiel
            [8] => :ancien_firmware
            [9] => :masque
            [10] => :passerelle
            [11] => :stream_aes67_transmis
            [12] => :id
        )

)

--------------------------------------------------------------------------------
[2026-07-27 13:30:50] Mise à jour réussie ID: 3244
--------------------------------------------------------------------------------
[2026-07-27 13:30:50] Traitement ID: 3245
--------------------------------------------------------------------------------
[2026-07-27 13:30:50] SQL
Array
(
    [sql] => UPDATE materiel SET marque = :marque, modele = :modele, type_materiel = :type_materiel, numero_serie = :numero_serie, version_firmware = :version_firmware, adresse_ip = :adresse_ip, adresse_mac = :adresse_mac, usage_materiel = :usage_materiel, ancien_firmware = :ancien_firmware, masque = :masque, passerelle = :passerelle, stream_aes67_transmis = :stream_aes67_transmis WHERE id = :id
    [params] => Array
        (
            [0] => :marque
            [1] => :modele
            [2] => :type_materiel
            [3] => :numero_serie
            [4] => :version_firmware
            [5] => :adresse_ip
            [6] => :adresse_mac
            [7] => :usage_materiel
            [8] => :ancien_firmware
            [9] => :masque
            [10] => :passerelle
            [11] => :stream_aes67_transmis
            [12] => :id
        )

)

--------------------------------------------------------------------------------
[2026-07-27 13:30:50] Mise à jour réussie ID: 3245
--------------------------------------------------------------------------------
[2026-07-27 13:30:50] Traitement ID: 3246
--------------------------------------------------------------------------------
[2026-07-27 13:30:50] SQL
Array
(
    [sql] => UPDATE materiel SET marque = :marque, modele = :modele, type_materiel = :type_materiel, numero_serie = :numero_serie, adresse_ip = :adresse_ip, usage_materiel = :usage_materiel, masque = :masque, passerelle = :passerelle, stream_aes67_transmis = :stream_aes67_transmis WHERE id = :id
    [params] => Array
        (
            [0] => :marque
            [1] => :modele
            [2] => :type_materiel
            [3] => :numero_serie
            [4] => :adresse_ip
            [5] => :usage_materiel
            [6] => :masque
            [7] => :passerelle
            [8] => :stream_aes67_transmis
            [9] => :id
        )

)

--------------------------------------------------------------------------------
[2026-07-27 13:30:50] Mise à jour réussie ID: 3246
--------------------------------------------------------------------------------
[2026-07-27 13:30:50] Traitement ID: 3223
--------------------------------------------------------------------------------
[2026-07-27 13:30:50] SQL
Array
(
    [sql] => UPDATE materiel SET marque = :marque, modele = :modele, type_materiel = :type_materiel, numero_serie = :numero_serie, adresse_ip = :adresse_ip, adresse_mac = :adresse_mac, usage_materiel = :usage_materiel, masque = :masque, passerelle = :passerelle WHERE id = :id
    [params] => Array
        (
            [0] => :marque
            [1] => :modele
            [2] => :type_materiel
            [3] => :numero_serie
            [4] => :adresse_ip
            [5] => :adresse_mac
            [6] => :usage_materiel
            [7] => :masque
            [8] => :passerelle
            [9] => :id
        )

)

--------------------------------------------------------------------------------
[2026-07-27 13:30:50] Mise à jour réussie ID: 3223
--------------------------------------------------------------------------------
[2026-07-27 13:30:50] Traitement ID: 3259
--------------------------------------------------------------------------------
[2026-07-27 13:30:50] SQL
Array
(
    [sql] => UPDATE materiel SET marque = :marque, modele = :modele, type_materiel = :type_materiel, numero_serie = :numero_serie, adresse_ip = :adresse_ip, adresse_mac = :adresse_mac, masque = :masque, passerelle = :passerelle, login = :login, password = :password WHERE id = :id
    [params] => Array
        (
            [0] => :marque
            [1] => :modele
            [2] => :type_materiel
            [3] => :numero_serie
            [4] => :adresse_ip
            [5] => :adresse_mac
            [6] => :masque
            [7] => :passerelle
            [8] => :login
            [9] => :password
            [10] => :id
        )

)

--------------------------------------------------------------------------------
[2026-07-27 13:30:50] Mise à jour réussie ID: 3259
--------------------------------------------------------------------------------
[2026-07-27 13:30:50] Traitement ID: 3258
--------------------------------------------------------------------------------
[2026-07-27 13:30:50] SQL
Array
(
    [sql] => UPDATE materiel SET marque = :marque, modele = :modele, type_materiel = :type_materiel, numero_serie = :numero_serie, version_firmware = :version_firmware, adresse_ip = :adresse_ip, adresse_mac = :adresse_mac, masque = :masque, passerelle = :passerelle, login = :login, password = :password WHERE id = :id
    [params] => Array
        (
            [0] => :marque
            [1] => :modele
            [2] => :type_materiel
            [3] => :numero_serie
            [4] => :version_firmware
            [5] => :adresse_ip
            [6] => :adresse_mac
            [7] => :masque
            [8] => :passerelle
            [9] => :login
            [10] => :password
            [11] => :id
        )

)

--------------------------------------------------------------------------------
[2026-07-27 13:30:50] Mise à jour réussie ID: 3258
--------------------------------------------------------------------------------
[2026-07-27 13:30:50] Traitement ID: 3221
--------------------------------------------------------------------------------
[2026-07-27 13:30:50] SQL
Array
(
    [sql] => UPDATE materiel SET marque = :marque, modele = :modele, type_materiel = :type_materiel, numero_serie = :numero_serie, version_firmware = :version_firmware, adresse_ip = :adresse_ip, adresse_mac = :adresse_mac, usage_materiel = :usage_materiel, ancien_firmware = :ancien_firmware, masque = :masque, passerelle = :passerelle, login = :login, password = :password WHERE id = :id
    [params] => Array
        (
            [0] => :marque
            [1] => :modele
            [2] => :type_materiel
            [3] => :numero_serie
            [4] => :version_firmware
            [5] => :adresse_ip
            [6] => :adresse_mac
            [7] => :usage_materiel
            [8] => :ancien_firmware
            [9] => :masque
            [10] => :passerelle
            [11] => :login
            [12] => :password
            [13] => :id
        )

)

--------------------------------------------------------------------------------
[2026-07-27 13:30:50] Mise à jour réussie ID: 3221
--------------------------------------------------------------------------------
[2026-07-27 13:30:50] Traitement ID: 3222
--------------------------------------------------------------------------------
[2026-07-27 13:30:50] SQL
Array
(
    [sql] => UPDATE materiel SET marque = :marque, modele = :modele, type_materiel = :type_materiel, numero_serie = :numero_serie, version_firmware = :version_firmware, adresse_ip = :adresse_ip, adresse_mac = :adresse_mac, usage_materiel = :usage_materiel, ancien_firmware = :ancien_firmware, masque = :masque, passerelle = :passerelle, login = :login, password = :password WHERE id = :id
    [params] => Array
        (
            [0] => :marque
            [1] => :modele
            [2] => :type_materiel
            [3] => :numero_serie
            [4] => :version_firmware
            [5] => :adresse_ip
            [6] => :adresse_mac
            [7] => :usage_materiel
            [8] => :ancien_firmware
            [9] => :masque
            [10] => :passerelle
            [11] => :login
            [12] => :password
            [13] => :id
        )

)

--------------------------------------------------------------------------------
[2026-07-27 13:30:50] Mise à jour réussie ID: 3222
--------------------------------------------------------------------------------
[2026-07-27 13:30:50] Traitement ID: 3255
--------------------------------------------------------------------------------
[2026-07-27 13:30:50] SQL
Array
(
    [sql] => UPDATE materiel SET marque = :marque, modele = :modele, type_materiel = :type_materiel, adresse_ip = :adresse_ip, adresse_mac = :adresse_mac, masque = :masque, passerelle = :passerelle, login = :login, password = :password WHERE id = :id
    [params] => Array
        (
            [0] => :marque
            [1] => :modele
            [2] => :type_materiel
            [3] => :adresse_ip
            [4] => :adresse_mac
            [5] => :masque
            [6] => :passerelle
            [7] => :login
            [8] => :password
            [9] => :id
        )

)

--------------------------------------------------------------------------------
[2026-07-27 13:30:50] Mise à jour réussie ID: 3255
--------------------------------------------------------------------------------
[2026-07-27 13:30:50] Traitement ID: 3256
--------------------------------------------------------------------------------
[2026-07-27 13:30:50] SQL
Array
(
    [sql] => UPDATE materiel SET marque = :marque, modele = :modele, type_materiel = :type_materiel, numero_serie = :numero_serie, version_firmware = :version_firmware, adresse_ip = :adresse_ip, adresse_mac = :adresse_mac, usage_materiel = :usage_materiel, masque = :masque, passerelle = :passerelle WHERE id = :id
    [params] => Array
        (
            [0] => :marque
            [1] => :modele
            [2] => :type_materiel
            [3] => :numero_serie
            [4] => :version_firmware
            [5] => :adresse_ip
            [6] => :adresse_mac
            [7] => :usage_materiel
            [8] => :masque
            [9] => :passerelle
            [10] => :id
        )

)

--------------------------------------------------------------------------------
[2026-07-27 13:30:50] Mise à jour réussie ID: 3256
--------------------------------------------------------------------------------
[2026-07-27 13:30:50] Traitement ID: 3234
--------------------------------------------------------------------------------
[2026-07-27 13:30:50] SQL
Array
(
    [sql] => UPDATE materiel SET marque = :marque, modele = :modele, type_materiel = :type_materiel, numero_serie = :numero_serie, version_firmware = :version_firmware, adresse_ip = :adresse_ip, adresse_mac = :adresse_mac, masque = :masque, passerelle = :passerelle WHERE id = :id
    [params] => Array
        (
            [0] => :marque
            [1] => :modele
            [2] => :type_materiel
            [3] => :numero_serie
            [4] => :version_firmware
            [5] => :adresse_ip
            [6] => :adresse_mac
            [7] => :masque
            [8] => :passerelle
            [9] => :id
        )

)

--------------------------------------------------------------------------------
[2026-07-27 13:30:50] Mise à jour réussie ID: 3234
--------------------------------------------------------------------------------
[2026-07-27 13:30:50] Traitement ID: 3233
--------------------------------------------------------------------------------
[2026-07-27 13:30:50] SQL
Array
(
    [sql] => UPDATE materiel SET marque = :marque, modele = :modele, type_materiel = :type_materiel, numero_serie = :numero_serie, version_firmware = :version_firmware, adresse_ip = :adresse_ip, adresse_mac = :adresse_mac, usage_materiel = :usage_materiel, masque = :masque, passerelle = :passerelle WHERE id = :id
    [params] => Array
        (
            [0] => :marque
            [1] => :modele
            [2] => :type_materiel
            [3] => :numero_serie
            [4] => :version_firmware
            [5] => :adresse_ip
            [6] => :adresse_mac
            [7] => :usage_materiel
            [8] => :masque
            [9] => :passerelle
            [10] => :id
        )

)

--------------------------------------------------------------------------------
[2026-07-27 13:30:50] Mise à jour réussie ID: 3233
--------------------------------------------------------------------------------
[2026-07-27 13:30:50] Traitement ID: 3224
--------------------------------------------------------------------------------
[2026-07-27 13:30:50] SQL
Array
(
    [sql] => UPDATE materiel SET marque = :marque, modele = :modele, type_materiel = :type_materiel, version_firmware = :version_firmware, adresse_ip = :adresse_ip, adresse_mac = :adresse_mac, usage_materiel = :usage_materiel, masque = :masque, passerelle = :passerelle WHERE id = :id
    [params] => Array
        (
            [0] => :marque
            [1] => :modele
            [2] => :type_materiel
            [3] => :version_firmware
            [4] => :adresse_ip
            [5] => :adresse_mac
            [6] => :usage_materiel
            [7] => :masque
            [8] => :passerelle
            [9] => :id
        )

)

--------------------------------------------------------------------------------
[2026-07-27 13:30:50] Mise à jour réussie ID: 3224
--------------------------------------------------------------------------------
[2026-07-27 13:30:50] Traitement ID: 3240
--------------------------------------------------------------------------------
[2026-07-27 13:30:50] SQL
Array
(
    [sql] => UPDATE materiel SET marque = :marque, modele = :modele, type_materiel = :type_materiel, version_firmware = :version_firmware, adresse_ip = :adresse_ip, adresse_mac = :adresse_mac, masque = :masque, passerelle = :passerelle WHERE id = :id
    [params] => Array
        (
            [0] => :marque
            [1] => :modele
            [2] => :type_materiel
            [3] => :version_firmware
            [4] => :adresse_ip
            [5] => :adresse_mac
            [6] => :masque
            [7] => :passerelle
            [8] => :id
        )

)

--------------------------------------------------------------------------------
[2026-07-27 13:30:50] Mise à jour réussie ID: 3240
--------------------------------------------------------------------------------
[2026-07-27 13:30:50] Traitement ID: 3241
--------------------------------------------------------------------------------
[2026-07-27 13:30:50] SQL
Array
(
    [sql] => UPDATE materiel SET marque = :marque, modele = :modele, type_materiel = :type_materiel, numero_serie = :numero_serie, version_firmware = :version_firmware, adresse_ip = :adresse_ip, adresse_mac = :adresse_mac, masque = :masque, passerelle = :passerelle WHERE id = :id
    [params] => Array
        (
            [0] => :marque
            [1] => :modele
            [2] => :type_materiel
            [3] => :numero_serie
            [4] => :version_firmware
            [5] => :adresse_ip
            [6] => :adresse_mac
            [7] => :masque
            [8] => :passerelle
            [9] => :id
        )

)

--------------------------------------------------------------------------------
[2026-07-27 13:30:50] Mise à jour réussie ID: 3241
--------------------------------------------------------------------------------
[2026-07-27 13:30:50] Traitement ID: 3242
--------------------------------------------------------------------------------
[2026-07-27 13:30:50] SQL
Array
(
    [sql] => UPDATE materiel SET marque = :marque, modele = :modele, type_materiel = :type_materiel, adresse_ip = :adresse_ip, masque = :masque, passerelle = :passerelle WHERE id = :id
    [params] => Array
        (
            [0] => :marque
            [1] => :modele
            [2] => :type_materiel
            [3] => :adresse_ip
            [4] => :masque
            [5] => :passerelle
            [6] => :id
        )

)

--------------------------------------------------------------------------------
[2026-07-27 13:30:50] Mise à jour réussie ID: 3242
--------------------------------------------------------------------------------
[2026-07-27 13:30:50] Traitement ID: 3243
--------------------------------------------------------------------------------
[2026-07-27 13:30:50] SQL
Array
(
    [sql] => UPDATE materiel SET marque = :marque, modele = :modele, type_materiel = :type_materiel, version_firmware = :version_firmware, adresse_ip = :adresse_ip, adresse_mac = :adresse_mac, masque = :masque, passerelle = :passerelle WHERE id = :id
    [params] => Array
        (
            [0] => :marque
            [1] => :modele
            [2] => :type_materiel
            [3] => :version_firmware
            [4] => :adresse_ip
            [5] => :adresse_mac
            [6] => :masque
            [7] => :passerelle
            [8] => :id
        )

)

--------------------------------------------------------------------------------
[2026-07-27 13:30:50] Mise à jour réussie ID: 3243
--------------------------------------------------------------------------------
[2026-07-27 13:30:50] Traitement ID: 3235
--------------------------------------------------------------------------------
[2026-07-27 13:30:50] SQL
Array
(
    [sql] => UPDATE materiel SET marque = :marque, modele = :modele, type_materiel = :type_materiel, numero_serie = :numero_serie, version_firmware = :version_firmware, adresse_ip = :adresse_ip, adresse_mac = :adresse_mac, masque = :masque, passerelle = :passerelle WHERE id = :id
    [params] => Array
        (
            [0] => :marque
            [1] => :modele
            [2] => :type_materiel
            [3] => :numero_serie
            [4] => :version_firmware
            [5] => :adresse_ip
            [6] => :adresse_mac
            [7] => :masque
            [8] => :passerelle
            [9] => :id
        )

)

--------------------------------------------------------------------------------
[2026-07-27 13:30:50] Mise à jour réussie ID: 3235
--------------------------------------------------------------------------------
[2026-07-27 13:30:50] Traitement ID: 3236
--------------------------------------------------------------------------------
[2026-07-27 13:30:50] SQL
Array
(
    [sql] => UPDATE materiel SET marque = :marque, modele = :modele, type_materiel = :type_materiel, numero_serie = :numero_serie, version_firmware = :version_firmware, adresse_ip = :adresse_ip, adresse_mac = :adresse_mac, masque = :masque, passerelle = :passerelle WHERE id = :id
    [params] => Array
        (
            [0] => :marque
            [1] => :modele
            [2] => :type_materiel
            [3] => :numero_serie
            [4] => :version_firmware
            [5] => :adresse_ip
            [6] => :adresse_mac
            [7] => :masque
            [8] => :passerelle
            [9] => :id
        )

)

--------------------------------------------------------------------------------
[2026-07-27 13:30:50] Mise à jour réussie ID: 3236
--------------------------------------------------------------------------------
[2026-07-27 13:30:50] Traitement ID: 3237
--------------------------------------------------------------------------------
[2026-07-27 13:30:50] SQL
Array
(
    [sql] => UPDATE materiel SET marque = :marque, modele = :modele, type_materiel = :type_materiel, numero_serie = :numero_serie, version_firmware = :version_firmware, adresse_ip = :adresse_ip, adresse_mac = :adresse_mac, masque = :masque, passerelle = :passerelle WHERE id = :id
    [params] => Array
        (
            [0] => :marque
            [1] => :modele
            [2] => :type_materiel
            [3] => :numero_serie
            [4] => :version_firmware
            [5] => :adresse_ip
            [6] => :adresse_mac
            [7] => :masque
            [8] => :passerelle
            [9] => :id
        )

)

--------------------------------------------------------------------------------
[2026-07-27 13:30:50] Mise à jour réussie ID: 3237
--------------------------------------------------------------------------------
[2026-07-27 13:30:50] Traitement ID: 3238
--------------------------------------------------------------------------------
[2026-07-27 13:30:50] SQL
Array
(
    [sql] => UPDATE materiel SET marque = :marque, modele = :modele, type_materiel = :type_materiel, numero_serie = :numero_serie, version_firmware = :version_firmware, adresse_ip = :adresse_ip, adresse_mac = :adresse_mac, masque = :masque, passerelle = :passerelle WHERE id = :id
    [params] => Array
        (
            [0] => :marque
            [1] => :modele
            [2] => :type_materiel
            [3] => :numero_serie
            [4] => :version_firmware
            [5] => :adresse_ip
            [6] => :adresse_mac
            [7] => :masque
            [8] => :passerelle
            [9] => :id
        )

)

--------------------------------------------------------------------------------
[2026-07-27 13:30:50] Mise à jour réussie ID: 3238
--------------------------------------------------------------------------------
[2026-07-27 13:30:50] Traitement ID: 3239
--------------------------------------------------------------------------------
[2026-07-27 13:30:50] SQL
Array
(
    [sql] => UPDATE materiel SET marque = :marque, modele = :modele, type_materiel = :type_materiel, numero_serie = :numero_serie, version_firmware = :version_firmware, adresse_ip = :adresse_ip, adresse_mac = :adresse_mac, masque = :masque, passerelle = :passerelle WHERE id = :id
    [params] => Array
        (
            [0] => :marque
            [1] => :modele
            [2] => :type_materiel
            [3] => :numero_serie
            [4] => :version_firmware
            [5] => :adresse_ip
            [6] => :adresse_mac
            [7] => :masque
            [8] => :passerelle
            [9] => :id
        )

)

--------------------------------------------------------------------------------
[2026-07-27 13:30:50] Mise à jour réussie ID: 3239
--------------------------------------------------------------------------------
[2026-07-27 13:30:50] Traitement ID: 3257
--------------------------------------------------------------------------------
[2026-07-27 13:30:50] SQL
Array
(
    [sql] => UPDATE materiel SET marque = :marque, modele = :modele, type_materiel = :type_materiel, numero_serie = :numero_serie, version_firmware = :version_firmware, adresse_ip = :adresse_ip, adresse_mac = :adresse_mac, masque = :masque, passerelle = :passerelle, login = :login, password = :password, ssid = :ssid, type_cryptage = :type_cryptage, password_wifi = :password_wifi WHERE id = :id
    [params] => Array
        (
            [0] => :marque
            [1] => :modele
            [2] => :type_materiel
            [3] => :numero_serie
            [4] => :version_firmware
            [5] => :adresse_ip
            [6] => :adresse_mac
            [7] => :masque
            [8] => :passerelle
            [9] => :login
            [10] => :password
            [11] => :ssid
            [12] => :type_cryptage
            [13] => :password_wifi
            [14] => :id
        )

)

--------------------------------------------------------------------------------
[2026-07-27 13:30:50] Mise à jour réussie ID: 3257
--------------------------------------------------------------------------------
[2026-07-27 13:30:50] Traitement ID: 3225
--------------------------------------------------------------------------------
[2026-07-27 13:30:50] SQL
Array
(
    [sql] => UPDATE materiel SET marque = :marque, modele = :modele, type_materiel = :type_materiel, adresse_ip = :adresse_ip, adresse_mac = :adresse_mac, usage_materiel = :usage_materiel, masque = :masque, passerelle = :passerelle, login = :login, password = :password, ip_primaire = :ip_primaire, mac_primaire = :mac_primaire, stream_aes67_transmis = :stream_aes67_transmis WHERE id = :id
    [params] => Array
        (
            [0] => :marque
            [1] => :modele
            [2] => :type_materiel
            [3] => :adresse_ip
            [4] => :adresse_mac
            [5] => :usage_materiel
            [6] => :masque
            [7] => :passerelle
            [8] => :login
            [9] => :password
            [10] => :ip_primaire
            [11] => :mac_primaire
            [12] => :stream_aes67_transmis
            [13] => :id
        )

)

--------------------------------------------------------------------------------
[2026-07-27 13:30:50] Mise à jour réussie ID: 3225
--------------------------------------------------------------------------------
[2026-07-27 13:30:50] Traitement ID: 3226
--------------------------------------------------------------------------------
[2026-07-27 13:30:50] SQL
Array
(
    [sql] => UPDATE materiel SET marque = :marque, modele = :modele, type_materiel = :type_materiel, adresse_ip = :adresse_ip, adresse_mac = :adresse_mac, usage_materiel = :usage_materiel, masque = :masque, passerelle = :passerelle, login = :login, password = :password, ip_primaire = :ip_primaire, mac_primaire = :mac_primaire, stream_aes67_transmis = :stream_aes67_transmis WHERE id = :id
    [params] => Array
        (
            [0] => :marque
            [1] => :modele
            [2] => :type_materiel
            [3] => :adresse_ip
            [4] => :adresse_mac
            [5] => :usage_materiel
            [6] => :masque
            [7] => :passerelle
            [8] => :login
            [9] => :password
            [10] => :ip_primaire
            [11] => :mac_primaire
            [12] => :stream_aes67_transmis
            [13] => :id
        )

)

--------------------------------------------------------------------------------
[2026-07-27 13:30:50] Mise à jour réussie ID: 3226
--------------------------------------------------------------------------------
[2026-07-27 13:30:50] Traitement ID: 3227
--------------------------------------------------------------------------------
[2026-07-27 13:30:50] SQL
Array
(
    [sql] => UPDATE materiel SET marque = :marque, modele = :modele, type_materiel = :type_materiel, adresse_ip = :adresse_ip, adresse_mac = :adresse_mac, usage_materiel = :usage_materiel, masque = :masque, passerelle = :passerelle WHERE id = :id
    [params] => Array
        (
            [0] => :marque
            [1] => :modele
            [2] => :type_materiel
            [3] => :adresse_ip
            [4] => :adresse_mac
            [5] => :usage_materiel
            [6] => :masque
            [7] => :passerelle
            [8] => :id
        )

)

--------------------------------------------------------------------------------
[2026-07-27 13:30:50] Mise à jour réussie ID: 3227
--------------------------------------------------------------------------------
[2026-07-27 13:30:50] Traitement ID: 3228
--------------------------------------------------------------------------------
[2026-07-27 13:30:50] SQL
Array
(
    [sql] => UPDATE materiel SET marque = :marque, modele = :modele, type_materiel = :type_materiel, usage_materiel = :usage_materiel WHERE id = :id
    [params] => Array
        (
            [0] => :marque
            [1] => :modele
            [2] => :type_materiel
            [3] => :usage_materiel
            [4] => :id
        )

)

--------------------------------------------------------------------------------
[2026-07-27 13:30:50] Mise à jour réussie ID: 3228
--------------------------------------------------------------------------------
[2026-07-27 13:30:50] Traitement ID: 3229
--------------------------------------------------------------------------------
[2026-07-27 13:30:50] SQL
Array
(
    [sql] => UPDATE materiel SET marque = :marque, modele = :modele, type_materiel = :type_materiel, usage_materiel = :usage_materiel WHERE id = :id
    [params] => Array
        (
            [0] => :marque
            [1] => :modele
            [2] => :type_materiel
            [3] => :usage_materiel
            [4] => :id
        )

)

--------------------------------------------------------------------------------
[2026-07-27 13:30:50] Mise à jour réussie ID: 3229
--------------------------------------------------------------------------------
[2026-07-27 13:30:50] Traitement ID: 3230
--------------------------------------------------------------------------------
[2026-07-27 13:30:50] SQL
Array
(
    [sql] => UPDATE materiel SET marque = :marque, modele = :modele, type_materiel = :type_materiel, usage_materiel = :usage_materiel WHERE id = :id
    [params] => Array
        (
            [0] => :marque
            [1] => :modele
            [2] => :type_materiel
            [3] => :usage_materiel
            [4] => :id
        )

)

--------------------------------------------------------------------------------
[2026-07-27 13:30:50] Mise à jour réussie ID: 3230
--------------------------------------------------------------------------------
[2026-07-27 13:30:50] Traitement ID: 3231
--------------------------------------------------------------------------------
[2026-07-27 13:30:50] SQL
Array
(
    [sql] => UPDATE materiel SET marque = :marque, modele = :modele, type_materiel = :type_materiel, usage_materiel = :usage_materiel WHERE id = :id
    [params] => Array
        (
            [0] => :marque
            [1] => :modele
            [2] => :type_materiel
            [3] => :usage_materiel
            [4] => :id
        )

)

--------------------------------------------------------------------------------
[2026-07-27 13:30:50] Mise à jour réussie ID: 3231
--------------------------------------------------------------------------------
[2026-07-27 13:30:50] Traitement ID: 3232
--------------------------------------------------------------------------------
[2026-07-27 13:30:50] SQL
Array
(
    [sql] => UPDATE materiel SET marque = :marque, modele = :modele, type_materiel = :type_materiel, usage_materiel = :usage_materiel WHERE id = :id
    [params] => Array
        (
            [0] => :marque
            [1] => :modele
            [2] => :type_materiel
            [3] => :usage_materiel
            [4] => :id
        )

)

--------------------------------------------------------------------------------
[2026-07-27 13:30:50] Mise à jour réussie ID: 3232
--------------------------------------------------------------------------------
[2026-07-27 13:30:50] Réponse
Array
(
    [status] => success
    [message] => 39 ligne(s) mise(s) à jour
    [updated] => 39
    [total_rows] => 39
    [errors] => Array
        (
        )

)

--------------------------------------------------------------------------------
[2026-07-27 13:30:50] === FIN ===
--------------------------------------------------------------------------------
[2026-07-27 13:30:50] === DÉBUT ===
--------------------------------------------------------------------------------
[2026-07-27 13:30:50] Input reçu
Array
(
    [raw_length] => 26259
    [has_data] => 1
)

--------------------------------------------------------------------------------
[2026-07-27 13:30:50] Connexion BDD OK
--------------------------------------------------------------------------------
[2026-07-27 13:30:50] Traitement ID: 3283
--------------------------------------------------------------------------------
[2026-07-27 13:30:50] SQL
Array
(
    [sql] => UPDATE materiel SET marque = :marque, modele = :modele, type_materiel = :type_materiel, numero_serie = :numero_serie, version_firmware = :version_firmware, adresse_ip = :adresse_ip, adresse_mac = :adresse_mac, usage_materiel = :usage_materiel, masque = :masque, passerelle = :passerelle WHERE id = :id
    [params] => Array
        (
            [0] => :marque
            [1] => :modele
            [2] => :type_materiel
            [3] => :numero_serie
            [4] => :version_firmware
            [5] => :adresse_ip
            [6] => :adresse_mac
            [7] => :usage_materiel
            [8] => :masque
            [9] => :passerelle
            [10] => :id
        )

)

--------------------------------------------------------------------------------
[2026-07-27 13:30:50] Mise à jour réussie ID: 3283
--------------------------------------------------------------------------------
[2026-07-27 13:30:50] Traitement ID: 3284
--------------------------------------------------------------------------------
[2026-07-27 13:30:50] SQL
Array
(
    [sql] => UPDATE materiel SET marque = :marque, modele = :modele, type_materiel = :type_materiel, numero_serie = :numero_serie, version_firmware = :version_firmware, adresse_ip = :adresse_ip, adresse_mac = :adresse_mac, usage_materiel = :usage_materiel, masque = :masque, passerelle = :passerelle WHERE id = :id
    [params] => Array
        (
            [0] => :marque
            [1] => :modele
            [2] => :type_materiel
            [3] => :numero_serie
            [4] => :version_firmware
            [5] => :adresse_ip
            [6] => :adresse_mac
            [7] => :usage_materiel
            [8] => :masque
            [9] => :passerelle
            [10] => :id
        )

)

--------------------------------------------------------------------------------
[2026-07-27 13:30:50] Mise à jour réussie ID: 3284
--------------------------------------------------------------------------------
[2026-07-27 13:30:50] Traitement ID: 3285
--------------------------------------------------------------------------------
[2026-07-27 13:30:50] SQL
Array
(
    [sql] => UPDATE materiel SET marque = :marque, modele = :modele, type_materiel = :type_materiel, numero_serie = :numero_serie, version_firmware = :version_firmware, adresse_ip = :adresse_ip, adresse_mac = :adresse_mac, usage_materiel = :usage_materiel, masque = :masque, passerelle = :passerelle WHERE id = :id
    [params] => Array
        (
            [0] => :marque
            [1] => :modele
            [2] => :type_materiel
            [3] => :numero_serie
            [4] => :version_firmware
            [5] => :adresse_ip
            [6] => :adresse_mac
            [7] => :usage_materiel
            [8] => :masque
            [9] => :passerelle
            [10] => :id
        )

)

--------------------------------------------------------------------------------
[2026-07-27 13:30:50] Mise à jour réussie ID: 3285
--------------------------------------------------------------------------------
[2026-07-27 13:30:50] Traitement ID: 3286
--------------------------------------------------------------------------------
[2026-07-27 13:30:50] SQL
Array
(
    [sql] => UPDATE materiel SET marque = :marque, modele = :modele, type_materiel = :type_materiel, numero_serie = :numero_serie, version_firmware = :version_firmware, adresse_ip = :adresse_ip, adresse_mac = :adresse_mac, usage_materiel = :usage_materiel, masque = :masque, passerelle = :passerelle WHERE id = :id
    [params] => Array
        (
            [0] => :marque
            [1] => :modele
            [2] => :type_materiel
            [3] => :numero_serie
            [4] => :version_firmware
            [5] => :adresse_ip
            [6] => :adresse_mac
            [7] => :usage_materiel
            [8] => :masque
            [9] => :passerelle
            [10] => :id
        )

)

--------------------------------------------------------------------------------
[2026-07-27 13:30:50] Mise à jour réussie ID: 3286
--------------------------------------------------------------------------------
[2026-07-27 13:30:50] Traitement ID: 3287
--------------------------------------------------------------------------------
[2026-07-27 13:30:50] SQL
Array
(
    [sql] => UPDATE materiel SET marque = :marque, modele = :modele, type_materiel = :type_materiel, numero_serie = :numero_serie, version_firmware = :version_firmware, adresse_ip = :adresse_ip, adresse_mac = :adresse_mac, usage_materiel = :usage_materiel, masque = :masque, passerelle = :passerelle, stream_aes67_recu = :stream_aes67_recu WHERE id = :id
    [params] => Array
        (
            [0] => :marque
            [1] => :modele
            [2] => :type_materiel
            [3] => :numero_serie
            [4] => :version_firmware
            [5] => :adresse_ip
            [6] => :adresse_mac
            [7] => :usage_materiel
            [8] => :masque
            [9] => :passerelle
            [10] => :stream_aes67_recu
            [11] => :id
        )

)

--------------------------------------------------------------------------------
[2026-07-27 13:30:50] Mise à jour réussie ID: 3287
--------------------------------------------------------------------------------
[2026-07-27 13:30:50] Traitement ID: 3288
--------------------------------------------------------------------------------
[2026-07-27 13:30:50] SQL
Array
(
    [sql] => UPDATE materiel SET marque = :marque, modele = :modele, type_materiel = :type_materiel, numero_serie = :numero_serie, version_firmware = :version_firmware, adresse_ip = :adresse_ip, adresse_mac = :adresse_mac, usage_materiel = :usage_materiel, masque = :masque, passerelle = :passerelle, stream_aes67_recu = :stream_aes67_recu WHERE id = :id
    [params] => Array
        (
            [0] => :marque
            [1] => :modele
            [2] => :type_materiel
            [3] => :numero_serie
            [4] => :version_firmware
            [5] => :adresse_ip
            [6] => :adresse_mac
            [7] => :usage_materiel
            [8] => :masque
            [9] => :passerelle
            [10] => :stream_aes67_recu
            [11] => :id
        )

)

--------------------------------------------------------------------------------
[2026-07-27 13:30:50] Mise à jour réussie ID: 3288
--------------------------------------------------------------------------------
[2026-07-27 13:30:50] Traitement ID: 3289
--------------------------------------------------------------------------------
[2026-07-27 13:30:50] SQL
Array
(
    [sql] => UPDATE materiel SET marque = :marque, modele = :modele, type_materiel = :type_materiel, numero_serie = :numero_serie, version_firmware = :version_firmware, adresse_ip = :adresse_ip, adresse_mac = :adresse_mac, usage_materiel = :usage_materiel, masque = :masque, passerelle = :passerelle WHERE id = :id
    [params] => Array
        (
            [0] => :marque
            [1] => :modele
            [2] => :type_materiel
            [3] => :numero_serie
            [4] => :version_firmware
            [5] => :adresse_ip
            [6] => :adresse_mac
            [7] => :usage_materiel
            [8] => :masque
            [9] => :passerelle
            [10] => :id
        )

)

--------------------------------------------------------------------------------
[2026-07-27 13:30:50] Mise à jour réussie ID: 3289
--------------------------------------------------------------------------------
[2026-07-27 13:30:50] Traitement ID: 3281
--------------------------------------------------------------------------------
[2026-07-27 13:30:50] SQL
Array
(
    [sql] => UPDATE materiel SET marque = :marque, modele = :modele, type_materiel = :type_materiel, numero_serie = :numero_serie, version_firmware = :version_firmware, adresse_ip = :adresse_ip, adresse_mac = :adresse_mac, usage_materiel = :usage_materiel, masque = :masque, passerelle = :passerelle, stream_aes67_transmis = :stream_aes67_transmis WHERE id = :id
    [params] => Array
        (
            [0] => :marque
            [1] => :modele
            [2] => :type_materiel
            [3] => :numero_serie
            [4] => :version_firmware
            [5] => :adresse_ip
            [6] => :adresse_mac
            [7] => :usage_materiel
            [8] => :masque
            [9] => :passerelle
            [10] => :stream_aes67_transmis
            [11] => :id
        )

)

--------------------------------------------------------------------------------
[2026-07-27 13:30:50] Mise à jour réussie ID: 3281
--------------------------------------------------------------------------------
[2026-07-27 13:30:50] Traitement ID: 3282
--------------------------------------------------------------------------------
[2026-07-27 13:30:50] SQL
Array
(
    [sql] => UPDATE materiel SET marque = :marque, modele = :modele, type_materiel = :type_materiel, numero_serie = :numero_serie, version_firmware = :version_firmware, adresse_ip = :adresse_ip, adresse_mac = :adresse_mac, usage_materiel = :usage_materiel, masque = :masque, passerelle = :passerelle, stream_aes67_transmis = :stream_aes67_transmis WHERE id = :id
    [params] => Array
        (
            [0] => :marque
            [1] => :modele
            [2] => :type_materiel
            [3] => :numero_serie
            [4] => :version_firmware
            [5] => :adresse_ip
            [6] => :adresse_mac
            [7] => :usage_materiel
            [8] => :masque
            [9] => :passerelle
            [10] => :stream_aes67_transmis
            [11] => :id
        )

)

--------------------------------------------------------------------------------
[2026-07-27 13:30:50] Mise à jour réussie ID: 3282
--------------------------------------------------------------------------------
[2026-07-27 13:30:50] Traitement ID: 3262
--------------------------------------------------------------------------------
[2026-07-27 13:30:50] SQL
Array
(
    [sql] => UPDATE materiel SET marque = :marque, modele = :modele, type_materiel = :type_materiel, numero_serie = :numero_serie, adresse_ip = :adresse_ip, usage_materiel = :usage_materiel, masque = :masque, passerelle = :passerelle WHERE id = :id
    [params] => Array
        (
            [0] => :marque
            [1] => :modele
            [2] => :type_materiel
            [3] => :numero_serie
            [4] => :adresse_ip
            [5] => :usage_materiel
            [6] => :masque
            [7] => :passerelle
            [8] => :id
        )

)

--------------------------------------------------------------------------------
[2026-07-27 13:30:50] Mise à jour réussie ID: 3262
--------------------------------------------------------------------------------
[2026-07-27 13:30:50] Traitement ID: 3263
--------------------------------------------------------------------------------
[2026-07-27 13:30:50] SQL
Array
(
    [sql] => UPDATE materiel SET marque = :marque, modele = :modele, type_materiel = :type_materiel, numero_serie = :numero_serie, adresse_ip = :adresse_ip, adresse_mac = :adresse_mac, usage_materiel = :usage_materiel, masque = :masque, passerelle = :passerelle, stream_aes67_recu = :stream_aes67_recu, stream_aes67_transmis = :stream_aes67_transmis WHERE id = :id
    [params] => Array
        (
            [0] => :marque
            [1] => :modele
            [2] => :type_materiel
            [3] => :numero_serie
            [4] => :adresse_ip
            [5] => :adresse_mac
            [6] => :usage_materiel
            [7] => :masque
            [8] => :passerelle
            [9] => :stream_aes67_recu
            [10] => :stream_aes67_transmis
            [11] => :id
        )

)

--------------------------------------------------------------------------------
[2026-07-27 13:30:50] Mise à jour réussie ID: 3263
--------------------------------------------------------------------------------
[2026-07-27 13:30:50] Traitement ID: 3291
--------------------------------------------------------------------------------
[2026-07-27 13:30:50] SQL
Array
(
    [sql] => UPDATE materiel SET marque = :marque, modele = :modele, type_materiel = :type_materiel, numero_serie = :numero_serie, adresse_ip = :adresse_ip, adresse_mac = :adresse_mac, usage_materiel = :usage_materiel, masque = :masque, passerelle = :passerelle, stream_aes67_recu = :stream_aes67_recu, stream_aes67_transmis = :stream_aes67_transmis WHERE id = :id
    [params] => Array
        (
            [0] => :marque
            [1] => :modele
            [2] => :type_materiel
            [3] => :numero_serie
            [4] => :adresse_ip
            [5] => :adresse_mac
            [6] => :usage_materiel
            [7] => :masque
            [8] => :passerelle
            [9] => :stream_aes67_recu
            [10] => :stream_aes67_transmis
            [11] => :id
        )

)

--------------------------------------------------------------------------------
[2026-07-27 13:30:50] Mise à jour réussie ID: 3291
--------------------------------------------------------------------------------
[2026-07-27 13:30:50] Traitement ID: 3274
--------------------------------------------------------------------------------
[2026-07-27 13:30:50] SQL
Array
(
    [sql] => UPDATE materiel SET marque = :marque, modele = :modele, type_materiel = :type_materiel, numero_serie = :numero_serie, version_firmware = :version_firmware, adresse_ip = :adresse_ip, adresse_mac = :adresse_mac, usage_materiel = :usage_materiel, masque = :masque, passerelle = :passerelle WHERE id = :id
    [params] => Array
        (
            [0] => :marque
            [1] => :modele
            [2] => :type_materiel
            [3] => :numero_serie
            [4] => :version_firmware
            [5] => :adresse_ip
            [6] => :adresse_mac
            [7] => :usage_materiel
            [8] => :masque
            [9] => :passerelle
            [10] => :id
        )

)

--------------------------------------------------------------------------------
[2026-07-27 13:30:50] Mise à jour réussie ID: 3274
--------------------------------------------------------------------------------
[2026-07-27 13:30:50] Traitement ID: 3295
--------------------------------------------------------------------------------
[2026-07-27 13:30:50] SQL
Array
(
    [sql] => UPDATE materiel SET marque = :marque, modele = :modele, type_materiel = :type_materiel, numero_serie = :numero_serie, version_firmware = :version_firmware, adresse_ip = :adresse_ip, adresse_mac = :adresse_mac, masque = :masque, passerelle = :passerelle, login = :login, password = :password WHERE id = :id
    [params] => Array
        (
            [0] => :marque
            [1] => :modele
            [2] => :type_materiel
            [3] => :numero_serie
            [4] => :version_firmware
            [5] => :adresse_ip
            [6] => :adresse_mac
            [7] => :masque
            [8] => :passerelle
            [9] => :login
            [10] => :password
            [11] => :id
        )

)

--------------------------------------------------------------------------------
[2026-07-27 13:30:50] Mise à jour réussie ID: 3295
--------------------------------------------------------------------------------
[2026-07-27 13:30:50] Traitement ID: 3294
--------------------------------------------------------------------------------
[2026-07-27 13:30:50] SQL
Array
(
    [sql] => UPDATE materiel SET marque = :marque, modele = :modele, type_materiel = :type_materiel, numero_serie = :numero_serie, version_firmware = :version_firmware, adresse_ip = :adresse_ip, adresse_mac = :adresse_mac, masque = :masque, passerelle = :passerelle, login = :login, password = :password WHERE id = :id
    [params] => Array
        (
            [0] => :marque
            [1] => :modele
            [2] => :type_materiel
            [3] => :numero_serie
            [4] => :version_firmware
            [5] => :adresse_ip
            [6] => :adresse_mac
            [7] => :masque
            [8] => :passerelle
            [9] => :login
            [10] => :password
            [11] => :id
        )

)

--------------------------------------------------------------------------------
[2026-07-27 13:30:50] Mise à jour réussie ID: 3294
--------------------------------------------------------------------------------
[2026-07-27 13:30:50] Traitement ID: 3261
--------------------------------------------------------------------------------
[2026-07-27 13:30:50] SQL
Array
(
    [sql] => UPDATE materiel SET marque = :marque, modele = :modele, type_materiel = :type_materiel, numero_serie = :numero_serie, version_firmware = :version_firmware, adresse_ip = :adresse_ip, adresse_mac = :adresse_mac, usage_materiel = :usage_materiel, ancien_firmware = :ancien_firmware, masque = :masque, passerelle = :passerelle, login = :login, password = :password WHERE id = :id
    [params] => Array
        (
            [0] => :marque
            [1] => :modele
            [2] => :type_materiel
            [3] => :numero_serie
            [4] => :version_firmware
            [5] => :adresse_ip
            [6] => :adresse_mac
            [7] => :usage_materiel
            [8] => :ancien_firmware
            [9] => :masque
            [10] => :passerelle
            [11] => :login
            [12] => :password
            [13] => :id
        )

)

--------------------------------------------------------------------------------
[2026-07-27 13:30:50] Mise à jour réussie ID: 3261
--------------------------------------------------------------------------------
[2026-07-27 13:30:50] Traitement ID: 3260
--------------------------------------------------------------------------------
[2026-07-27 13:30:50] SQL
Array
(
    [sql] => UPDATE materiel SET marque = :marque, modele = :modele, type_materiel = :type_materiel, numero_serie = :numero_serie, version_firmware = :version_firmware, adresse_ip = :adresse_ip, adresse_mac = :adresse_mac, usage_materiel = :usage_materiel, ancien_firmware = :ancien_firmware, masque = :masque, passerelle = :passerelle, login = :login, password = :password WHERE id = :id
    [params] => Array
        (
            [0] => :marque
            [1] => :modele
            [2] => :type_materiel
            [3] => :numero_serie
            [4] => :version_firmware
            [5] => :adresse_ip
            [6] => :adresse_mac
            [7] => :usage_materiel
            [8] => :ancien_firmware
            [9] => :masque
            [10] => :passerelle
            [11] => :login
            [12] => :password
            [13] => :id
        )

)

--------------------------------------------------------------------------------
[2026-07-27 13:30:50] Mise à jour réussie ID: 3260
--------------------------------------------------------------------------------
[2026-07-27 13:30:50] Traitement ID: 3290
--------------------------------------------------------------------------------
[2026-07-27 13:30:50] SQL
Array
(
    [sql] => UPDATE materiel SET marque = :marque, modele = :modele, type_materiel = :type_materiel, adresse_ip = :adresse_ip, adresse_mac = :adresse_mac, masque = :masque, passerelle = :passerelle, login = :login, password = :password WHERE id = :id
    [params] => Array
        (
            [0] => :marque
            [1] => :modele
            [2] => :type_materiel
            [3] => :adresse_ip
            [4] => :adresse_mac
            [5] => :masque
            [6] => :passerelle
            [7] => :login
            [8] => :password
            [9] => :id
        )

)

--------------------------------------------------------------------------------
[2026-07-27 13:30:50] Mise à jour réussie ID: 3290
--------------------------------------------------------------------------------
[2026-07-27 13:30:50] Traitement ID: 3292
--------------------------------------------------------------------------------
[2026-07-27 13:30:50] SQL
Array
(
    [sql] => UPDATE materiel SET marque = :marque, modele = :modele, type_materiel = :type_materiel, numero_serie = :numero_serie, version_firmware = :version_firmware, adresse_ip = :adresse_ip, adresse_mac = :adresse_mac, usage_materiel = :usage_materiel, masque = :masque, passerelle = :passerelle WHERE id = :id
    [params] => Array
        (
            [0] => :marque
            [1] => :modele
            [2] => :type_materiel
            [3] => :numero_serie
            [4] => :version_firmware
            [5] => :adresse_ip
            [6] => :adresse_mac
            [7] => :usage_materiel
            [8] => :masque
            [9] => :passerelle
            [10] => :id
        )

)

--------------------------------------------------------------------------------
[2026-07-27 13:30:50] Mise à jour réussie ID: 3292
--------------------------------------------------------------------------------
[2026-07-27 13:30:50] Traitement ID: 3280
--------------------------------------------------------------------------------
[2026-07-27 13:30:50] SQL
Array
(
    [sql] => UPDATE materiel SET marque = :marque, modele = :modele, type_materiel = :type_materiel, numero_serie = :numero_serie, version_firmware = :version_firmware, adresse_ip = :adresse_ip, adresse_mac = :adresse_mac, usage_materiel = :usage_materiel, masque = :masque, passerelle = :passerelle WHERE id = :id
    [params] => Array
        (
            [0] => :marque
            [1] => :modele
            [2] => :type_materiel
            [3] => :numero_serie
            [4] => :version_firmware
            [5] => :adresse_ip
            [6] => :adresse_mac
            [7] => :usage_materiel
            [8] => :masque
            [9] => :passerelle
            [10] => :id
        )

)

--------------------------------------------------------------------------------
[2026-07-27 13:30:50] Mise à jour réussie ID: 3280
--------------------------------------------------------------------------------
[2026-07-27 13:30:50] Traitement ID: 3279
--------------------------------------------------------------------------------
[2026-07-27 13:30:50] SQL
Array
(
    [sql] => UPDATE materiel SET marque = :marque, modele = :modele, type_materiel = :type_materiel, numero_serie = :numero_serie, version_firmware = :version_firmware, adresse_ip = :adresse_ip, adresse_mac = :adresse_mac, usage_materiel = :usage_materiel, masque = :masque, passerelle = :passerelle WHERE id = :id
    [params] => Array
        (
            [0] => :marque
            [1] => :modele
            [2] => :type_materiel
            [3] => :numero_serie
            [4] => :version_firmware
            [5] => :adresse_ip
            [6] => :adresse_mac
            [7] => :usage_materiel
            [8] => :masque
            [9] => :passerelle
            [10] => :id
        )

)

--------------------------------------------------------------------------------
[2026-07-27 13:30:50] Mise à jour réussie ID: 3279
--------------------------------------------------------------------------------
[2026-07-27 13:30:50] Traitement ID: 3275
--------------------------------------------------------------------------------
[2026-07-27 13:30:50] SQL
Array
(
    [sql] => UPDATE materiel SET marque = :marque, modele = :modele, type_materiel = :type_materiel, numero_serie = :numero_serie, version_firmware = :version_firmware, adresse_ip = :adresse_ip, adresse_mac = :adresse_mac, usage_materiel = :usage_materiel, masque = :masque, passerelle = :passerelle, login = :login, password = :password WHERE id = :id
    [params] => Array
        (
            [0] => :marque
            [1] => :modele
            [2] => :type_materiel
            [3] => :numero_serie
            [4] => :version_firmware
            [5] => :adresse_ip
            [6] => :adresse_mac
            [7] => :usage_materiel
            [8] => :masque
            [9] => :passerelle
            [10] => :login
            [11] => :password
            [12] => :id
        )

)

--------------------------------------------------------------------------------
[2026-07-27 13:30:50] Mise à jour réussie ID: 3275
--------------------------------------------------------------------------------
[2026-07-27 13:30:50] Traitement ID: 3276
--------------------------------------------------------------------------------
[2026-07-27 13:30:50] SQL
Array
(
    [sql] => UPDATE materiel SET marque = :marque, modele = :modele, type_materiel = :type_materiel, numero_serie = :numero_serie, version_firmware = :version_firmware, adresse_ip = :adresse_ip, adresse_mac = :adresse_mac, usage_materiel = :usage_materiel, masque = :masque, passerelle = :passerelle, login = :login, password = :password WHERE id = :id
    [params] => Array
        (
            [0] => :marque
            [1] => :modele
            [2] => :type_materiel
            [3] => :numero_serie
            [4] => :version_firmware
            [5] => :adresse_ip
            [6] => :adresse_mac
            [7] => :usage_materiel
            [8] => :masque
            [9] => :passerelle
            [10] => :login
            [11] => :password
            [12] => :id
        )

)

--------------------------------------------------------------------------------
[2026-07-27 13:30:50] Mise à jour réussie ID: 3276
--------------------------------------------------------------------------------
[2026-07-27 13:30:50] Traitement ID: 3277
--------------------------------------------------------------------------------
[2026-07-27 13:30:50] SQL
Array
(
    [sql] => UPDATE materiel SET marque = :marque, modele = :modele, type_materiel = :type_materiel, numero_serie = :numero_serie, version_firmware = :version_firmware, adresse_ip = :adresse_ip, adresse_mac = :adresse_mac, usage_materiel = :usage_materiel, masque = :masque, passerelle = :passerelle, login = :login, password = :password WHERE id = :id
    [params] => Array
        (
            [0] => :marque
            [1] => :modele
            [2] => :type_materiel
            [3] => :numero_serie
            [4] => :version_firmware
            [5] => :adresse_ip
            [6] => :adresse_mac
            [7] => :usage_materiel
            [8] => :masque
            [9] => :passerelle
            [10] => :login
            [11] => :password
            [12] => :id
        )

)

--------------------------------------------------------------------------------
[2026-07-27 13:30:50] Mise à jour réussie ID: 3277
--------------------------------------------------------------------------------
[2026-07-27 13:30:50] Traitement ID: 3278
--------------------------------------------------------------------------------
[2026-07-27 13:30:50] SQL
Array
(
    [sql] => UPDATE materiel SET marque = :marque, modele = :modele, type_materiel = :type_materiel, numero_serie = :numero_serie, version_firmware = :version_firmware, adresse_ip = :adresse_ip, adresse_mac = :adresse_mac, usage_materiel = :usage_materiel, masque = :masque, passerelle = :passerelle, login = :login, password = :password WHERE id = :id
    [params] => Array
        (
            [0] => :marque
            [1] => :modele
            [2] => :type_materiel
            [3] => :numero_serie
            [4] => :version_firmware
            [5] => :adresse_ip
            [6] => :adresse_mac
            [7] => :usage_materiel
            [8] => :masque
            [9] => :passerelle
            [10] => :login
            [11] => :password
            [12] => :id
        )

)

--------------------------------------------------------------------------------
[2026-07-27 13:30:50] Mise à jour réussie ID: 3278
--------------------------------------------------------------------------------
[2026-07-27 13:30:50] Traitement ID: 3264
--------------------------------------------------------------------------------
[2026-07-27 13:30:50] SQL
Array
(
    [sql] => UPDATE materiel SET marque = :marque, modele = :modele, type_materiel = :type_materiel, numero_serie = :numero_serie, version_firmware = :version_firmware, adresse_ip = :adresse_ip, adresse_mac = :adresse_mac, usage_materiel = :usage_materiel, masque = :masque, passerelle = :passerelle, login = :login, password = :password WHERE id = :id
    [params] => Array
        (
            [0] => :marque
            [1] => :modele
            [2] => :type_materiel
            [3] => :numero_serie
            [4] => :version_firmware
            [5] => :adresse_ip
            [6] => :adresse_mac
            [7] => :usage_materiel
            [8] => :masque
            [9] => :passerelle
            [10] => :login
            [11] => :password
            [12] => :id
        )

)

--------------------------------------------------------------------------------
[2026-07-27 13:30:50] Mise à jour réussie ID: 3264
--------------------------------------------------------------------------------
[2026-07-27 13:30:50] Traitement ID: 3273
--------------------------------------------------------------------------------
[2026-07-27 13:30:50] SQL
Array
(
    [sql] => UPDATE materiel SET marque = :marque, modele = :modele, type_materiel = :type_materiel, numero_serie = :numero_serie WHERE id = :id
    [params] => Array
        (
            [0] => :marque
            [1] => :modele
            [2] => :type_materiel
            [3] => :numero_serie
            [4] => :id
        )

)

--------------------------------------------------------------------------------
[2026-07-27 13:30:50] Mise à jour réussie ID: 3273
--------------------------------------------------------------------------------
[2026-07-27 13:30:50] Traitement ID: 3293
--------------------------------------------------------------------------------
[2026-07-27 13:30:50] SQL
Array
(
    [sql] => UPDATE materiel SET marque = :marque, modele = :modele, type_materiel = :type_materiel, numero_serie = :numero_serie, version_firmware = :version_firmware, adresse_ip = :adresse_ip, adresse_mac = :adresse_mac, masque = :masque, passerelle = :passerelle, login = :login, password = :password, ssid = :ssid, type_cryptage = :type_cryptage, password_wifi = :password_wifi WHERE id = :id
    [params] => Array
        (
            [0] => :marque
            [1] => :modele
            [2] => :type_materiel
            [3] => :numero_serie
            [4] => :version_firmware
            [5] => :adresse_ip
            [6] => :adresse_mac
            [7] => :masque
            [8] => :passerelle
            [9] => :login
            [10] => :password
            [11] => :ssid
            [12] => :type_cryptage
            [13] => :password_wifi
            [14] => :id
        )

)

--------------------------------------------------------------------------------
[2026-07-27 13:30:50] Mise à jour réussie ID: 3293
--------------------------------------------------------------------------------
[2026-07-27 13:30:50] Traitement ID: 3265
--------------------------------------------------------------------------------
[2026-07-27 13:30:50] SQL
Array
(
    [sql] => UPDATE materiel SET marque = :marque, modele = :modele, type_materiel = :type_materiel, numero_serie = :numero_serie, version_firmware = :version_firmware, adresse_ip = :adresse_ip, adresse_mac = :adresse_mac, usage_materiel = :usage_materiel, masque = :masque, passerelle = :passerelle, login = :login, password = :password, ip_primaire = :ip_primaire, mac_primaire = :mac_primaire WHERE id = :id
    [params] => Array
        (
            [0] => :marque
            [1] => :modele
            [2] => :type_materiel
            [3] => :numero_serie
            [4] => :version_firmware
            [5] => :adresse_ip
            [6] => :adresse_mac
            [7] => :usage_materiel
            [8] => :masque
            [9] => :passerelle
            [10] => :login
            [11] => :password
            [12] => :ip_primaire
            [13] => :mac_primaire
            [14] => :id
        )

)

--------------------------------------------------------------------------------
[2026-07-27 13:30:50] Mise à jour réussie ID: 3265
--------------------------------------------------------------------------------
[2026-07-27 13:30:50] Traitement ID: 3266
--------------------------------------------------------------------------------
[2026-07-27 13:30:50] SQL
Array
(
    [sql] => UPDATE materiel SET marque = :marque, modele = :modele, type_materiel = :type_materiel, numero_serie = :numero_serie, version_firmware = :version_firmware, adresse_ip = :adresse_ip, adresse_mac = :adresse_mac, usage_materiel = :usage_materiel, masque = :masque, passerelle = :passerelle, login = :login, password = :password, ip_primaire = :ip_primaire, mac_primaire = :mac_primaire, ip_secondaire = :ip_secondaire, stream_aes67_transmis = :stream_aes67_transmis WHERE id = :id
    [params] => Array
        (
            [0] => :marque
            [1] => :modele
            [2] => :type_materiel
            [3] => :numero_serie
            [4] => :version_firmware
            [5] => :adresse_ip
            [6] => :adresse_mac
            [7] => :usage_materiel
            [8] => :masque
            [9] => :passerelle
            [10] => :login
            [11] => :password
            [12] => :ip_primaire
            [13] => :mac_primaire
            [14] => :ip_secondaire
            [15] => :stream_aes67_transmis
            [16] => :id
        )

)

--------------------------------------------------------------------------------
[2026-07-27 13:30:50] Mise à jour réussie ID: 3266
--------------------------------------------------------------------------------
[2026-07-27 13:30:50] Traitement ID: 3267
--------------------------------------------------------------------------------
[2026-07-27 13:30:50] SQL
Array
(
    [sql] => UPDATE materiel SET marque = :marque, modele = :modele, type_materiel = :type_materiel, numero_serie = :numero_serie, version_firmware = :version_firmware, adresse_ip = :adresse_ip, adresse_mac = :adresse_mac, usage_materiel = :usage_materiel, masque = :masque, passerelle = :passerelle WHERE id = :id
    [params] => Array
        (
            [0] => :marque
            [1] => :modele
            [2] => :type_materiel
            [3] => :numero_serie
            [4] => :version_firmware
            [5] => :adresse_ip
            [6] => :adresse_mac
            [7] => :usage_materiel
            [8] => :masque
            [9] => :passerelle
            [10] => :id
        )

)

--------------------------------------------------------------------------------
[2026-07-27 13:30:50] Mise à jour réussie ID: 3267
--------------------------------------------------------------------------------
[2026-07-27 13:30:50] Traitement ID: 3268
--------------------------------------------------------------------------------
[2026-07-27 13:30:50] SQL
Array
(
    [sql] => UPDATE materiel SET marque = :marque, modele = :modele, type_materiel = :type_materiel, numero_serie = :numero_serie, version_firmware = :version_firmware, usage_materiel = :usage_materiel WHERE id = :id
    [params] => Array
        (
            [0] => :marque
            [1] => :modele
            [2] => :type_materiel
            [3] => :numero_serie
            [4] => :version_firmware
            [5] => :usage_materiel
            [6] => :id
        )

)

--------------------------------------------------------------------------------
[2026-07-27 13:30:50] Mise à jour réussie ID: 3268
--------------------------------------------------------------------------------
[2026-07-27 13:30:50] Traitement ID: 3269
--------------------------------------------------------------------------------
[2026-07-27 13:30:50] SQL
Array
(
    [sql] => UPDATE materiel SET marque = :marque, modele = :modele, type_materiel = :type_materiel, numero_serie = :numero_serie, version_firmware = :version_firmware, usage_materiel = :usage_materiel WHERE id = :id
    [params] => Array
        (
            [0] => :marque
            [1] => :modele
            [2] => :type_materiel
            [3] => :numero_serie
            [4] => :version_firmware
            [5] => :usage_materiel
            [6] => :id
        )

)

--------------------------------------------------------------------------------
[2026-07-27 13:30:50] Mise à jour réussie ID: 3269
--------------------------------------------------------------------------------
[2026-07-27 13:30:50] Traitement ID: 3270
--------------------------------------------------------------------------------
[2026-07-27 13:30:50] SQL
Array
(
    [sql] => UPDATE materiel SET marque = :marque, modele = :modele, type_materiel = :type_materiel, numero_serie = :numero_serie, version_firmware = :version_firmware, usage_materiel = :usage_materiel WHERE id = :id
    [params] => Array
        (
            [0] => :marque
            [1] => :modele
            [2] => :type_materiel
            [3] => :numero_serie
            [4] => :version_firmware
            [5] => :usage_materiel
            [6] => :id
        )

)

--------------------------------------------------------------------------------
[2026-07-27 13:30:50] Mise à jour réussie ID: 3270
--------------------------------------------------------------------------------
[2026-07-27 13:30:50] Traitement ID: 3271
--------------------------------------------------------------------------------
[2026-07-27 13:30:50] SQL
Array
(
    [sql] => UPDATE materiel SET marque = :marque, modele = :modele, type_materiel = :type_materiel, numero_serie = :numero_serie, version_firmware = :version_firmware, usage_materiel = :usage_materiel WHERE id = :id
    [params] => Array
        (
            [0] => :marque
            [1] => :modele
            [2] => :type_materiel
            [3] => :numero_serie
            [4] => :version_firmware
            [5] => :usage_materiel
            [6] => :id
        )

)

--------------------------------------------------------------------------------
[2026-07-27 13:30:50] Mise à jour réussie ID: 3271
--------------------------------------------------------------------------------
[2026-07-27 13:30:50] Traitement ID: 3272
--------------------------------------------------------------------------------
[2026-07-27 13:30:50] SQL
Array
(
    [sql] => UPDATE materiel SET marque = :marque, modele = :modele, type_materiel = :type_materiel, numero_serie = :numero_serie, version_firmware = :version_firmware, usage_materiel = :usage_materiel WHERE id = :id
    [params] => Array
        (
            [0] => :marque
            [1] => :modele
            [2] => :type_materiel
            [3] => :numero_serie
            [4] => :version_firmware
            [5] => :usage_materiel
            [6] => :id
        )

)

--------------------------------------------------------------------------------
[2026-07-27 13:30:50] Mise à jour réussie ID: 3272
--------------------------------------------------------------------------------
[2026-07-27 13:30:50] Réponse
Array
(
    [status] => success
    [message] => 36 ligne(s) mise(s) à jour
    [updated] => 36
    [total_rows] => 36
    [errors] => Array
        (
        )

)

--------------------------------------------------------------------------------
[2026-07-27 13:30:50] === FIN ===
--------------------------------------------------------------------------------
[2026-07-27 13:30:50] === DÉBUT ===
--------------------------------------------------------------------------------
[2026-07-27 13:30:50] Input reçu
Array
(
    [raw_length] => 26945
    [has_data] => 1
)

--------------------------------------------------------------------------------
[2026-07-27 13:30:50] Connexion BDD OK
--------------------------------------------------------------------------------
[2026-07-27 13:30:50] Traitement ID: 3320
--------------------------------------------------------------------------------
[2026-07-27 13:30:50] SQL
Array
(
    [sql] => UPDATE materiel SET marque = :marque, modele = :modele, type_materiel = :type_materiel, numero_serie = :numero_serie, version_firmware = :version_firmware, adresse_ip = :adresse_ip, adresse_mac = :adresse_mac, usage_materiel = :usage_materiel, masque = :masque, passerelle = :passerelle WHERE id = :id
    [params] => Array
        (
            [0] => :marque
            [1] => :modele
            [2] => :type_materiel
            [3] => :numero_serie
            [4] => :version_firmware
            [5] => :adresse_ip
            [6] => :adresse_mac
            [7] => :usage_materiel
            [8] => :masque
            [9] => :passerelle
            [10] => :id
        )

)

--------------------------------------------------------------------------------
[2026-07-27 13:30:50] Mise à jour réussie ID: 3320
--------------------------------------------------------------------------------
[2026-07-27 13:30:50] Traitement ID: 3321
--------------------------------------------------------------------------------
[2026-07-27 13:30:50] SQL
Array
(
    [sql] => UPDATE materiel SET marque = :marque, modele = :modele, type_materiel = :type_materiel, numero_serie = :numero_serie, version_firmware = :version_firmware, adresse_ip = :adresse_ip, adresse_mac = :adresse_mac, usage_materiel = :usage_materiel, masque = :masque, passerelle = :passerelle WHERE id = :id
    [params] => Array
        (
            [0] => :marque
            [1] => :modele
            [2] => :type_materiel
            [3] => :numero_serie
            [4] => :version_firmware
            [5] => :adresse_ip
            [6] => :adresse_mac
            [7] => :usage_materiel
            [8] => :masque
            [9] => :passerelle
            [10] => :id
        )

)

--------------------------------------------------------------------------------
[2026-07-27 13:30:50] Mise à jour réussie ID: 3321
--------------------------------------------------------------------------------
[2026-07-27 13:30:50] Traitement ID: 3322
--------------------------------------------------------------------------------
[2026-07-27 13:30:50] SQL
Array
(
    [sql] => UPDATE materiel SET marque = :marque, modele = :modele, type_materiel = :type_materiel, numero_serie = :numero_serie, version_firmware = :version_firmware, adresse_ip = :adresse_ip, adresse_mac = :adresse_mac, usage_materiel = :usage_materiel, masque = :masque, passerelle = :passerelle WHERE id = :id
    [params] => Array
        (
            [0] => :marque
            [1] => :modele
            [2] => :type_materiel
            [3] => :numero_serie
            [4] => :version_firmware
            [5] => :adresse_ip
            [6] => :adresse_mac
            [7] => :usage_materiel
            [8] => :masque
            [9] => :passerelle
            [10] => :id
        )

)

--------------------------------------------------------------------------------
[2026-07-27 13:30:50] Mise à jour réussie ID: 3322
--------------------------------------------------------------------------------
[2026-07-27 13:30:50] Traitement ID: 3323
--------------------------------------------------------------------------------
[2026-07-27 13:30:50] SQL
Array
(
    [sql] => UPDATE materiel SET marque = :marque, modele = :modele, type_materiel = :type_materiel, numero_serie = :numero_serie, version_firmware = :version_firmware, adresse_ip = :adresse_ip, adresse_mac = :adresse_mac, usage_materiel = :usage_materiel, masque = :masque, passerelle = :passerelle, stream_aes67_recu = :stream_aes67_recu WHERE id = :id
    [params] => Array
        (
            [0] => :marque
            [1] => :modele
            [2] => :type_materiel
            [3] => :numero_serie
            [4] => :version_firmware
            [5] => :adresse_ip
            [6] => :adresse_mac
            [7] => :usage_materiel
            [8] => :masque
            [9] => :passerelle
            [10] => :stream_aes67_recu
            [11] => :id
        )

)

--------------------------------------------------------------------------------
[2026-07-27 13:30:50] Mise à jour réussie ID: 3323
--------------------------------------------------------------------------------
[2026-07-27 13:30:50] Traitement ID: 3324
--------------------------------------------------------------------------------
[2026-07-27 13:30:50] SQL
Array
(
    [sql] => UPDATE materiel SET marque = :marque, modele = :modele, type_materiel = :type_materiel, numero_serie = :numero_serie, version_firmware = :version_firmware, adresse_ip = :adresse_ip, adresse_mac = :adresse_mac, usage_materiel = :usage_materiel, masque = :masque, passerelle = :passerelle, stream_aes67_recu = :stream_aes67_recu WHERE id = :id
    [params] => Array
        (
            [0] => :marque
            [1] => :modele
            [2] => :type_materiel
            [3] => :numero_serie
            [4] => :version_firmware
            [5] => :adresse_ip
            [6] => :adresse_mac
            [7] => :usage_materiel
            [8] => :masque
            [9] => :passerelle
            [10] => :stream_aes67_recu
            [11] => :id
        )

)

--------------------------------------------------------------------------------
[2026-07-27 13:30:50] Mise à jour réussie ID: 3324
--------------------------------------------------------------------------------
[2026-07-27 13:30:50] Traitement ID: 3325
--------------------------------------------------------------------------------
[2026-07-27 13:30:50] SQL
Array
(
    [sql] => UPDATE materiel SET marque = :marque, modele = :modele, type_materiel = :type_materiel, numero_serie = :numero_serie, version_firmware = :version_firmware, adresse_ip = :adresse_ip, adresse_mac = :adresse_mac, usage_materiel = :usage_materiel, masque = :masque, passerelle = :passerelle WHERE id = :id
    [params] => Array
        (
            [0] => :marque
            [1] => :modele
            [2] => :type_materiel
            [3] => :numero_serie
            [4] => :version_firmware
            [5] => :adresse_ip
            [6] => :adresse_mac
            [7] => :usage_materiel
            [8] => :masque
            [9] => :passerelle
            [10] => :id
        )

)

--------------------------------------------------------------------------------
[2026-07-27 13:30:50] Mise à jour réussie ID: 3325
--------------------------------------------------------------------------------
[2026-07-27 13:30:50] Traitement ID: 3318
--------------------------------------------------------------------------------
[2026-07-27 13:30:50] SQL
Array
(
    [sql] => UPDATE materiel SET marque = :marque, modele = :modele, type_materiel = :type_materiel, numero_serie = :numero_serie, version_firmware = :version_firmware, adresse_ip = :adresse_ip, adresse_mac = :adresse_mac, usage_materiel = :usage_materiel, masque = :masque, passerelle = :passerelle, stream_aes67_transmis = :stream_aes67_transmis WHERE id = :id
    [params] => Array
        (
            [0] => :marque
            [1] => :modele
            [2] => :type_materiel
            [3] => :numero_serie
            [4] => :version_firmware
            [5] => :adresse_ip
            [6] => :adresse_mac
            [7] => :usage_materiel
            [8] => :masque
            [9] => :passerelle
            [10] => :stream_aes67_transmis
            [11] => :id
        )

)

--------------------------------------------------------------------------------
[2026-07-27 13:30:50] Mise à jour réussie ID: 3318
--------------------------------------------------------------------------------
[2026-07-27 13:30:50] Traitement ID: 3319
--------------------------------------------------------------------------------
[2026-07-27 13:30:50] SQL
Array
(
    [sql] => UPDATE materiel SET marque = :marque, modele = :modele, type_materiel = :type_materiel, numero_serie = :numero_serie, version_firmware = :version_firmware, adresse_ip = :adresse_ip, adresse_mac = :adresse_mac, usage_materiel = :usage_materiel, masque = :masque, passerelle = :passerelle, stream_aes67_transmis = :stream_aes67_transmis WHERE id = :id
    [params] => Array
        (
            [0] => :marque
            [1] => :modele
            [2] => :type_materiel
            [3] => :numero_serie
            [4] => :version_firmware
            [5] => :adresse_ip
            [6] => :adresse_mac
            [7] => :usage_materiel
            [8] => :masque
            [9] => :passerelle
            [10] => :stream_aes67_transmis
            [11] => :id
        )

)

--------------------------------------------------------------------------------
[2026-07-27 13:30:50] Mise à jour réussie ID: 3319
--------------------------------------------------------------------------------
[2026-07-27 13:30:50] Traitement ID: 3298
--------------------------------------------------------------------------------
[2026-07-27 13:30:50] SQL
Array
(
    [sql] => UPDATE materiel SET marque = :marque, modele = :modele, type_materiel = :type_materiel, numero_serie = :numero_serie, adresse_ip = :adresse_ip, adresse_mac = :adresse_mac, usage_materiel = :usage_materiel, masque = :masque, passerelle = :passerelle WHERE id = :id
    [params] => Array
        (
            [0] => :marque
            [1] => :modele
            [2] => :type_materiel
            [3] => :numero_serie
            [4] => :adresse_ip
            [5] => :adresse_mac
            [6] => :usage_materiel
            [7] => :masque
            [8] => :passerelle
            [9] => :id
        )

)

--------------------------------------------------------------------------------
[2026-07-27 13:30:50] Mise à jour réussie ID: 3298
--------------------------------------------------------------------------------
[2026-07-27 13:30:50] Traitement ID: 3299
--------------------------------------------------------------------------------
[2026-07-27 13:30:50] SQL
Array
(
    [sql] => UPDATE materiel SET marque = :marque, modele = :modele, type_materiel = :type_materiel, numero_serie = :numero_serie, version_firmware = :version_firmware, adresse_ip = :adresse_ip, adresse_mac = :adresse_mac, usage_materiel = :usage_materiel, masque = :masque, passerelle = :passerelle, stream_aes67_recu = :stream_aes67_recu WHERE id = :id
    [params] => Array
        (
            [0] => :marque
            [1] => :modele
            [2] => :type_materiel
            [3] => :numero_serie
            [4] => :version_firmware
            [5] => :adresse_ip
            [6] => :adresse_mac
            [7] => :usage_materiel
            [8] => :masque
            [9] => :passerelle
            [10] => :stream_aes67_recu
            [11] => :id
        )

)

--------------------------------------------------------------------------------
[2026-07-27 13:30:50] Mise à jour réussie ID: 3299
--------------------------------------------------------------------------------
[2026-07-27 13:30:50] Traitement ID: 3328
--------------------------------------------------------------------------------
[2026-07-27 13:30:50] SQL
Array
(
    [sql] => UPDATE materiel SET marque = :marque, modele = :modele, type_materiel = :type_materiel, numero_serie = :numero_serie, version_firmware = :version_firmware, adresse_ip = :adresse_ip, adresse_mac = :adresse_mac, usage_materiel = :usage_materiel, masque = :masque, passerelle = :passerelle, stream_aes67_transmis = :stream_aes67_transmis WHERE id = :id
    [params] => Array
        (
            [0] => :marque
            [1] => :modele
            [2] => :type_materiel
            [3] => :numero_serie
            [4] => :version_firmware
            [5] => :adresse_ip
            [6] => :adresse_mac
            [7] => :usage_materiel
            [8] => :masque
            [9] => :passerelle
            [10] => :stream_aes67_transmis
            [11] => :id
        )

)

--------------------------------------------------------------------------------
[2026-07-27 13:30:50] Mise à jour réussie ID: 3328
--------------------------------------------------------------------------------
[2026-07-27 13:30:50] Traitement ID: 3327
--------------------------------------------------------------------------------
[2026-07-27 13:30:50] SQL
Array
(
    [sql] => UPDATE materiel SET marque = :marque, modele = :modele, type_materiel = :type_materiel, numero_serie = :numero_serie, version_firmware = :version_firmware, adresse_ip = :adresse_ip, adresse_mac = :adresse_mac, usage_materiel = :usage_materiel, masque = :masque, passerelle = :passerelle, stream_aes67_recu = :stream_aes67_recu, stream_aes67_transmis = :stream_aes67_transmis WHERE id = :id
    [params] => Array
        (
            [0] => :marque
            [1] => :modele
            [2] => :type_materiel
            [3] => :numero_serie
            [4] => :version_firmware
            [5] => :adresse_ip
            [6] => :adresse_mac
            [7] => :usage_materiel
            [8] => :masque
            [9] => :passerelle
            [10] => :stream_aes67_recu
            [11] => :stream_aes67_transmis
            [12] => :id
        )

)

--------------------------------------------------------------------------------
[2026-07-27 13:30:50] Mise à jour réussie ID: 3327
--------------------------------------------------------------------------------
[2026-07-27 13:30:50] Traitement ID: 3313
--------------------------------------------------------------------------------
[2026-07-27 13:30:50] SQL
Array
(
    [sql] => UPDATE materiel SET marque = :marque, modele = :modele, type_materiel = :type_materiel, numero_serie = :numero_serie, version_firmware = :version_firmware, adresse_ip = :adresse_ip, adresse_mac = :adresse_mac, usage_materiel = :usage_materiel, masque = :masque, passerelle = :passerelle WHERE id = :id
    [params] => Array
        (
            [0] => :marque
            [1] => :modele
            [2] => :type_materiel
            [3] => :numero_serie
            [4] => :version_firmware
            [5] => :adresse_ip
            [6] => :adresse_mac
            [7] => :usage_materiel
            [8] => :masque
            [9] => :passerelle
            [10] => :id
        )

)

--------------------------------------------------------------------------------
[2026-07-27 13:30:50] Mise à jour réussie ID: 3313
--------------------------------------------------------------------------------
[2026-07-27 13:30:50] Traitement ID: 3332
--------------------------------------------------------------------------------
[2026-07-27 13:30:50] SQL
Array
(
    [sql] => UPDATE materiel SET marque = :marque, modele = :modele, type_materiel = :type_materiel, numero_serie = :numero_serie, version_firmware = :version_firmware, adresse_ip = :adresse_ip, adresse_mac = :adresse_mac, masque = :masque, passerelle = :passerelle, login = :login, password = :password WHERE id = :id
    [params] => Array
        (
            [0] => :marque
            [1] => :modele
            [2] => :type_materiel
            [3] => :numero_serie
            [4] => :version_firmware
            [5] => :adresse_ip
            [6] => :adresse_mac
            [7] => :masque
            [8] => :passerelle
            [9] => :login
            [10] => :password
            [11] => :id
        )

)

--------------------------------------------------------------------------------
[2026-07-27 13:30:50] Mise à jour réussie ID: 3332
--------------------------------------------------------------------------------
[2026-07-27 13:30:50] Traitement ID: 3331
--------------------------------------------------------------------------------
[2026-07-27 13:30:50] SQL
Array
(
    [sql] => UPDATE materiel SET marque = :marque, modele = :modele, type_materiel = :type_materiel, numero_serie = :numero_serie, version_firmware = :version_firmware, adresse_ip = :adresse_ip, adresse_mac = :adresse_mac, masque = :masque, passerelle = :passerelle, login = :login, password = :password WHERE id = :id
    [params] => Array
        (
            [0] => :marque
            [1] => :modele
            [2] => :type_materiel
            [3] => :numero_serie
            [4] => :version_firmware
            [5] => :adresse_ip
            [6] => :adresse_mac
            [7] => :masque
            [8] => :passerelle
            [9] => :login
            [10] => :password
            [11] => :id
        )

)

--------------------------------------------------------------------------------
[2026-07-27 13:30:50] Mise à jour réussie ID: 3331
--------------------------------------------------------------------------------
[2026-07-27 13:30:50] Traitement ID: 3297
--------------------------------------------------------------------------------
[2026-07-27 13:30:50] SQL
Array
(
    [sql] => UPDATE materiel SET marque = :marque, modele = :modele, type_materiel = :type_materiel, numero_serie = :numero_serie, version_firmware = :version_firmware, adresse_ip = :adresse_ip, adresse_mac = :adresse_mac, usage_materiel = :usage_materiel, ancien_firmware = :ancien_firmware, masque = :masque, passerelle = :passerelle, login = :login, password = :password WHERE id = :id
    [params] => Array
        (
            [0] => :marque
            [1] => :modele
            [2] => :type_materiel
            [3] => :numero_serie
            [4] => :version_firmware
            [5] => :adresse_ip
            [6] => :adresse_mac
            [7] => :usage_materiel
            [8] => :ancien_firmware
            [9] => :masque
            [10] => :passerelle
            [11] => :login
            [12] => :password
            [13] => :id
        )

)

--------------------------------------------------------------------------------
[2026-07-27 13:30:50] Mise à jour réussie ID: 3297
--------------------------------------------------------------------------------
[2026-07-27 13:30:50] Traitement ID: 3296
--------------------------------------------------------------------------------
[2026-07-27 13:30:50] SQL
Array
(
    [sql] => UPDATE materiel SET marque = :marque, modele = :modele, type_materiel = :type_materiel, numero_serie = :numero_serie, version_firmware = :version_firmware, adresse_ip = :adresse_ip, adresse_mac = :adresse_mac, usage_materiel = :usage_materiel, ancien_firmware = :ancien_firmware, masque = :masque, passerelle = :passerelle, login = :login, password = :password WHERE id = :id
    [params] => Array
        (
            [0] => :marque
            [1] => :modele
            [2] => :type_materiel
            [3] => :numero_serie
            [4] => :version_firmware
            [5] => :adresse_ip
            [6] => :adresse_mac
            [7] => :usage_materiel
            [8] => :ancien_firmware
            [9] => :masque
            [10] => :passerelle
            [11] => :login
            [12] => :password
            [13] => :id
        )

)

--------------------------------------------------------------------------------
[2026-07-27 13:30:50] Mise à jour réussie ID: 3296
--------------------------------------------------------------------------------
[2026-07-27 13:30:50] Traitement ID: 3326
--------------------------------------------------------------------------------
[2026-07-27 13:30:50] SQL
Array
(
    [sql] => UPDATE materiel SET marque = :marque, modele = :modele, type_materiel = :type_materiel, adresse_ip = :adresse_ip, adresse_mac = :adresse_mac, masque = :masque, passerelle = :passerelle, login = :login, password = :password WHERE id = :id
    [params] => Array
        (
            [0] => :marque
            [1] => :modele
            [2] => :type_materiel
            [3] => :adresse_ip
            [4] => :adresse_mac
            [5] => :masque
            [6] => :passerelle
            [7] => :login
            [8] => :password
            [9] => :id
        )

)

--------------------------------------------------------------------------------
[2026-07-27 13:30:50] Mise à jour réussie ID: 3326
--------------------------------------------------------------------------------
[2026-07-27 13:30:50] Traitement ID: 3329
--------------------------------------------------------------------------------
[2026-07-27 13:30:50] SQL
Array
(
    [sql] => UPDATE materiel SET marque = :marque, modele = :modele, type_materiel = :type_materiel, numero_serie = :numero_serie, version_firmware = :version_firmware, adresse_ip = :adresse_ip, adresse_mac = :adresse_mac, usage_materiel = :usage_materiel, masque = :masque, passerelle = :passerelle WHERE id = :id
    [params] => Array
        (
            [0] => :marque
            [1] => :modele
            [2] => :type_materiel
            [3] => :numero_serie
            [4] => :version_firmware
            [5] => :adresse_ip
            [6] => :adresse_mac
            [7] => :usage_materiel
            [8] => :masque
            [9] => :passerelle
            [10] => :id
        )

)

--------------------------------------------------------------------------------
[2026-07-27 13:30:50] Mise à jour réussie ID: 3329
--------------------------------------------------------------------------------
[2026-07-27 13:30:50] Traitement ID: 3317
--------------------------------------------------------------------------------
[2026-07-27 13:30:50] SQL
Array
(
    [sql] => UPDATE materiel SET marque = :marque, modele = :modele, type_materiel = :type_materiel, numero_serie = :numero_serie, version_firmware = :version_firmware, adresse_ip = :adresse_ip, adresse_mac = :adresse_mac, usage_materiel = :usage_materiel, masque = :masque, passerelle = :passerelle WHERE id = :id
    [params] => Array
        (
            [0] => :marque
            [1] => :modele
            [2] => :type_materiel
            [3] => :numero_serie
            [4] => :version_firmware
            [5] => :adresse_ip
            [6] => :adresse_mac
            [7] => :usage_materiel
            [8] => :masque
            [9] => :passerelle
            [10] => :id
        )

)

--------------------------------------------------------------------------------
[2026-07-27 13:30:50] Mise à jour réussie ID: 3317
--------------------------------------------------------------------------------
[2026-07-27 13:30:50] Traitement ID: 3316
--------------------------------------------------------------------------------
[2026-07-27 13:30:50] SQL
Array
(
    [sql] => UPDATE materiel SET marque = :marque, modele = :modele, type_materiel = :type_materiel, numero_serie = :numero_serie, version_firmware = :version_firmware, adresse_ip = :adresse_ip, adresse_mac = :adresse_mac, usage_materiel = :usage_materiel, masque = :masque, passerelle = :passerelle WHERE id = :id
    [params] => Array
        (
            [0] => :marque
            [1] => :modele
            [2] => :type_materiel
            [3] => :numero_serie
            [4] => :version_firmware
            [5] => :adresse_ip
            [6] => :adresse_mac
            [7] => :usage_materiel
            [8] => :masque
            [9] => :passerelle
            [10] => :id
        )

)

--------------------------------------------------------------------------------
[2026-07-27 13:30:50] Mise à jour réussie ID: 3316
--------------------------------------------------------------------------------
[2026-07-27 13:30:50] Traitement ID: 3314
--------------------------------------------------------------------------------
[2026-07-27 13:30:50] SQL
Array
(
    [sql] => UPDATE materiel SET marque = :marque, modele = :modele, type_materiel = :type_materiel, numero_serie = :numero_serie, version_firmware = :version_firmware, adresse_ip = :adresse_ip, adresse_mac = :adresse_mac, usage_materiel = :usage_materiel, ancien_firmware = :ancien_firmware, masque = :masque, passerelle = :passerelle, login = :login, password = :password WHERE id = :id
    [params] => Array
        (
            [0] => :marque
            [1] => :modele
            [2] => :type_materiel
            [3] => :numero_serie
            [4] => :version_firmware
            [5] => :adresse_ip
            [6] => :adresse_mac
            [7] => :usage_materiel
            [8] => :ancien_firmware
            [9] => :masque
            [10] => :passerelle
            [11] => :login
            [12] => :password
            [13] => :id
        )

)

--------------------------------------------------------------------------------
[2026-07-27 13:30:50] Mise à jour réussie ID: 3314
--------------------------------------------------------------------------------
[2026-07-27 13:30:50] Traitement ID: 3315
--------------------------------------------------------------------------------
[2026-07-27 13:30:50] SQL
Array
(
    [sql] => UPDATE materiel SET marque = :marque, modele = :modele, type_materiel = :type_materiel, numero_serie = :numero_serie, version_firmware = :version_firmware, adresse_ip = :adresse_ip, adresse_mac = :adresse_mac, usage_materiel = :usage_materiel, ancien_firmware = :ancien_firmware, masque = :masque, passerelle = :passerelle, login = :login, password = :password WHERE id = :id
    [params] => Array
        (
            [0] => :marque
            [1] => :modele
            [2] => :type_materiel
            [3] => :numero_serie
            [4] => :version_firmware
            [5] => :adresse_ip
            [6] => :adresse_mac
            [7] => :usage_materiel
            [8] => :ancien_firmware
            [9] => :masque
            [10] => :passerelle
            [11] => :login
            [12] => :password
            [13] => :id
        )

)

--------------------------------------------------------------------------------
[2026-07-27 13:30:50] Mise à jour réussie ID: 3315
--------------------------------------------------------------------------------
[2026-07-27 13:30:50] Traitement ID: 3300
--------------------------------------------------------------------------------
[2026-07-27 13:30:50] SQL
Array
(
    [sql] => UPDATE materiel SET marque = :marque, modele = :modele, type_materiel = :type_materiel, numero_serie = :numero_serie, version_firmware = :version_firmware, adresse_ip = :adresse_ip, adresse_mac = :adresse_mac, usage_materiel = :usage_materiel, masque = :masque, passerelle = :passerelle, login = :login, password = :password WHERE id = :id
    [params] => Array
        (
            [0] => :marque
            [1] => :modele
            [2] => :type_materiel
            [3] => :numero_serie
            [4] => :version_firmware
            [5] => :adresse_ip
            [6] => :adresse_mac
            [7] => :usage_materiel
            [8] => :masque
            [9] => :passerelle
            [10] => :login
            [11] => :password
            [12] => :id
        )

)

--------------------------------------------------------------------------------
[2026-07-27 13:30:50] Mise à jour réussie ID: 3300
--------------------------------------------------------------------------------
[2026-07-27 13:30:50] Traitement ID: 3312
--------------------------------------------------------------------------------
[2026-07-27 13:30:50] SQL
Array
(
    [sql] => UPDATE materiel SET marque = :marque, modele = :modele, type_materiel = :type_materiel WHERE id = :id
    [params] => Array
        (
            [0] => :marque
            [1] => :modele
            [2] => :type_materiel
            [3] => :id
        )

)

--------------------------------------------------------------------------------
[2026-07-27 13:30:50] Mise à jour réussie ID: 3312
--------------------------------------------------------------------------------
[2026-07-27 13:30:50] Traitement ID: 3330
--------------------------------------------------------------------------------
[2026-07-27 13:30:50] SQL
Array
(
    [sql] => UPDATE materiel SET marque = :marque, modele = :modele, type_materiel = :type_materiel, numero_serie = :numero_serie, version_firmware = :version_firmware, adresse_ip = :adresse_ip, adresse_mac = :adresse_mac, ancien_firmware = :ancien_firmware, masque = :masque, passerelle = :passerelle, login = :login, password = :password, ssid = :ssid, type_cryptage = :type_cryptage, password_wifi = :password_wifi WHERE id = :id
    [params] => Array
        (
            [0] => :marque
            [1] => :modele
            [2] => :type_materiel
            [3] => :numero_serie
            [4] => :version_firmware
            [5] => :adresse_ip
            [6] => :adresse_mac
            [7] => :ancien_firmware
            [8] => :masque
            [9] => :passerelle
            [10] => :login
            [11] => :password
            [12] => :ssid
            [13] => :type_cryptage
            [14] => :password_wifi
            [15] => :id
        )

)

--------------------------------------------------------------------------------
[2026-07-27 13:30:50] Mise à jour réussie ID: 3330
--------------------------------------------------------------------------------
[2026-07-27 13:30:50] Traitement ID: 3301
--------------------------------------------------------------------------------
[2026-07-27 13:30:50] SQL
Array
(
    [sql] => UPDATE materiel SET marque = :marque, modele = :modele, type_materiel = :type_materiel, numero_serie = :numero_serie, version_firmware = :version_firmware, adresse_ip = :adresse_ip, adresse_mac = :adresse_mac, usage_materiel = :usage_materiel, masque = :masque, passerelle = :passerelle, password = :password, ip_primaire = :ip_primaire, mac_primaire = :mac_primaire WHERE id = :id
    [params] => Array
        (
            [0] => :marque
            [1] => :modele
            [2] => :type_materiel
            [3] => :numero_serie
            [4] => :version_firmware
            [5] => :adresse_ip
            [6] => :adresse_mac
            [7] => :usage_materiel
            [8] => :masque
            [9] => :passerelle
            [10] => :password
            [11] => :ip_primaire
            [12] => :mac_primaire
            [13] => :id
        )

)

--------------------------------------------------------------------------------
[2026-07-27 13:30:50] Mise à jour réussie ID: 3301
--------------------------------------------------------------------------------
[2026-07-27 13:30:50] Traitement ID: 3303
--------------------------------------------------------------------------------
[2026-07-27 13:30:50] SQL
Array
(
    [sql] => UPDATE materiel SET marque = :marque, modele = :modele, type_materiel = :type_materiel, version_firmware = :version_firmware, adresse_ip = :adresse_ip, usage_materiel = :usage_materiel, masque = :masque, passerelle = :passerelle WHERE id = :id
    [params] => Array
        (
            [0] => :marque
            [1] => :modele
            [2] => :type_materiel
            [3] => :version_firmware
            [4] => :adresse_ip
            [5] => :usage_materiel
            [6] => :masque
            [7] => :passerelle
            [8] => :id
        )

)

--------------------------------------------------------------------------------
[2026-07-27 13:30:50] Mise à jour réussie ID: 3303
--------------------------------------------------------------------------------
[2026-07-27 13:30:50] Traitement ID: 3304
--------------------------------------------------------------------------------
[2026-07-27 13:30:50] SQL
Array
(
    [sql] => UPDATE materiel SET marque = :marque, modele = :modele, type_materiel = :type_materiel, version_firmware = :version_firmware, adresse_ip = :adresse_ip, usage_materiel = :usage_materiel, masque = :masque, passerelle = :passerelle WHERE id = :id
    [params] => Array
        (
            [0] => :marque
            [1] => :modele
            [2] => :type_materiel
            [3] => :version_firmware
            [4] => :adresse_ip
            [5] => :usage_materiel
            [6] => :masque
            [7] => :passerelle
            [8] => :id
        )

)

--------------------------------------------------------------------------------
[2026-07-27 13:30:50] Mise à jour réussie ID: 3304
--------------------------------------------------------------------------------
[2026-07-27 13:30:50] Traitement ID: 3305
--------------------------------------------------------------------------------
[2026-07-27 13:30:50] SQL
Array
(
    [sql] => UPDATE materiel SET marque = :marque, modele = :modele, type_materiel = :type_materiel, version_firmware = :version_firmware, adresse_ip = :adresse_ip, usage_materiel = :usage_materiel, masque = :masque, passerelle = :passerelle WHERE id = :id
    [params] => Array
        (
            [0] => :marque
            [1] => :modele
            [2] => :type_materiel
            [3] => :version_firmware
            [4] => :adresse_ip
            [5] => :usage_materiel
            [6] => :masque
            [7] => :passerelle
            [8] => :id
        )

)

--------------------------------------------------------------------------------
[2026-07-27 13:30:50] Mise à jour réussie ID: 3305
--------------------------------------------------------------------------------
[2026-07-27 13:30:50] Traitement ID: 3302
--------------------------------------------------------------------------------
[2026-07-27 13:30:50] SQL
Array
(
    [sql] => UPDATE materiel SET marque = :marque, modele = :modele, type_materiel = :type_materiel, numero_serie = :numero_serie, version_firmware = :version_firmware, adresse_ip = :adresse_ip, adresse_mac = :adresse_mac, usage_materiel = :usage_materiel, masque = :masque, passerelle = :passerelle, ip_primaire = :ip_primaire, mac_primaire = :mac_primaire, stream_aes67_transmis = :stream_aes67_transmis WHERE id = :id
    [params] => Array
        (
            [0] => :marque
            [1] => :modele
            [2] => :type_materiel
            [3] => :numero_serie
            [4] => :version_firmware
            [5] => :adresse_ip
            [6] => :adresse_mac
            [7] => :usage_materiel
            [8] => :masque
            [9] => :passerelle
            [10] => :ip_primaire
            [11] => :mac_primaire
            [12] => :stream_aes67_transmis
            [13] => :id
        )

)

--------------------------------------------------------------------------------
[2026-07-27 13:30:50] Mise à jour réussie ID: 3302
--------------------------------------------------------------------------------
[2026-07-27 13:30:50] Traitement ID: 3306
--------------------------------------------------------------------------------
[2026-07-27 13:30:50] SQL
Array
(
    [sql] => UPDATE materiel SET marque = :marque, modele = :modele, type_materiel = :type_materiel, numero_serie = :numero_serie, version_firmware = :version_firmware, adresse_ip = :adresse_ip, adresse_mac = :adresse_mac, usage_materiel = :usage_materiel, masque = :masque, passerelle = :passerelle WHERE id = :id
    [params] => Array
        (
            [0] => :marque
            [1] => :modele
            [2] => :type_materiel
            [3] => :numero_serie
            [4] => :version_firmware
            [5] => :adresse_ip
            [6] => :adresse_mac
            [7] => :usage_materiel
            [8] => :masque
            [9] => :passerelle
            [10] => :id
        )

)

--------------------------------------------------------------------------------
[2026-07-27 13:30:50] Mise à jour réussie ID: 3306
--------------------------------------------------------------------------------
[2026-07-27 13:30:50] Traitement ID: 3307
--------------------------------------------------------------------------------
[2026-07-27 13:30:50] SQL
Array
(
    [sql] => UPDATE materiel SET marque = :marque, modele = :modele, type_materiel = :type_materiel, numero_serie = :numero_serie, version_firmware = :version_firmware, usage_materiel = :usage_materiel WHERE id = :id
    [params] => Array
        (
            [0] => :marque
            [1] => :modele
            [2] => :type_materiel
            [3] => :numero_serie
            [4] => :version_firmware
            [5] => :usage_materiel
            [6] => :id
        )

)

--------------------------------------------------------------------------------
[2026-07-27 13:30:50] Mise à jour réussie ID: 3307
--------------------------------------------------------------------------------
[2026-07-27 13:30:50] Traitement ID: 3308
--------------------------------------------------------------------------------
[2026-07-27 13:30:50] SQL
Array
(
    [sql] => UPDATE materiel SET marque = :marque, modele = :modele, type_materiel = :type_materiel, numero_serie = :numero_serie, version_firmware = :version_firmware, usage_materiel = :usage_materiel WHERE id = :id
    [params] => Array
        (
            [0] => :marque
            [1] => :modele
            [2] => :type_materiel
            [3] => :numero_serie
            [4] => :version_firmware
            [5] => :usage_materiel
            [6] => :id
        )

)

--------------------------------------------------------------------------------
[2026-07-27 13:30:50] Mise à jour réussie ID: 3308
--------------------------------------------------------------------------------
[2026-07-27 13:30:50] Traitement ID: 3309
--------------------------------------------------------------------------------
[2026-07-27 13:30:50] SQL
Array
(
    [sql] => UPDATE materiel SET marque = :marque, modele = :modele, type_materiel = :type_materiel, numero_serie = :numero_serie, version_firmware = :version_firmware, usage_materiel = :usage_materiel WHERE id = :id
    [params] => Array
        (
            [0] => :marque
            [1] => :modele
            [2] => :type_materiel
            [3] => :numero_serie
            [4] => :version_firmware
            [5] => :usage_materiel
            [6] => :id
        )

)

--------------------------------------------------------------------------------
[2026-07-27 13:30:50] Mise à jour réussie ID: 3309
--------------------------------------------------------------------------------
[2026-07-27 13:30:50] Traitement ID: 3310
--------------------------------------------------------------------------------
[2026-07-27 13:30:50] SQL
Array
(
    [sql] => UPDATE materiel SET marque = :marque, modele = :modele, type_materiel = :type_materiel, numero_serie = :numero_serie, version_firmware = :version_firmware, usage_materiel = :usage_materiel WHERE id = :id
    [params] => Array
        (
            [0] => :marque
            [1] => :modele
            [2] => :type_materiel
            [3] => :numero_serie
            [4] => :version_firmware
            [5] => :usage_materiel
            [6] => :id
        )

)

--------------------------------------------------------------------------------
[2026-07-27 13:30:50] Mise à jour réussie ID: 3310
--------------------------------------------------------------------------------
[2026-07-27 13:30:50] Traitement ID: 3311
--------------------------------------------------------------------------------
[2026-07-27 13:30:50] SQL
Array
(
    [sql] => UPDATE materiel SET marque = :marque, modele = :modele, type_materiel = :type_materiel, numero_serie = :numero_serie, version_firmware = :version_firmware, usage_materiel = :usage_materiel WHERE id = :id
    [params] => Array
        (
            [0] => :marque
            [1] => :modele
            [2] => :type_materiel
            [3] => :numero_serie
            [4] => :version_firmware
            [5] => :usage_materiel
            [6] => :id
        )

)

--------------------------------------------------------------------------------
[2026-07-27 13:30:50] Mise à jour réussie ID: 3311
--------------------------------------------------------------------------------
[2026-07-27 13:30:50] Réponse
Array
(
    [status] => success
    [message] => 37 ligne(s) mise(s) à jour
    [updated] => 37
    [total_rows] => 37
    [errors] => Array
        (
        )

)

--------------------------------------------------------------------------------
[2026-07-27 13:30:50] === FIN ===
--------------------------------------------------------------------------------
