[2026-09-24 14:41:40] === DÉBUT ===
--------------------------------------------------------------------------------
[2026-09-24 14:41:40] Input reçu
Array
(
    [raw_length] => 24271
    [has_data] => 1
)

--------------------------------------------------------------------------------
[2026-09-24 14:41:40] Connexion BDD OK
--------------------------------------------------------------------------------
[2026-09-24 14:41:40] Traitement ID: 1660
--------------------------------------------------------------------------------
[2026-09-24 14:41:40] SQL
Array
(
    [sql] => UPDATE materiel SET marque = :marque, modele = :modele, type_materiel = :type_materiel, numero_serie = :numero_serie, version_firmware = :version_firmware, adresse_ip = :adresse_ip, masque = :masque, passerelle = :passerelle, login = :login, password = :password, commentaire = :commentaire WHERE id = :id
    [params] => Array
        (
            [0] => :marque
            [1] => :modele
            [2] => :type_materiel
            [3] => :numero_serie
            [4] => :version_firmware
            [5] => :adresse_ip
            [6] => :masque
            [7] => :passerelle
            [8] => :login
            [9] => :password
            [10] => :commentaire
            [11] => :id
        )

)

--------------------------------------------------------------------------------
[2026-09-24 14:41:40] Mise à jour réussie ID: 1660
--------------------------------------------------------------------------------
[2026-09-24 14:41:40] Traitement ID: 1661
--------------------------------------------------------------------------------
[2026-09-24 14:41:40] SQL
Array
(
    [sql] => UPDATE materiel SET marque = :marque, modele = :modele, type_materiel = :type_materiel, adresse_ip = :adresse_ip, masque = :masque, passerelle = :passerelle, login = :login, password = :password, date_fin_garantie = :date_fin_garantie, date_fin_maintenance = :date_fin_maintenance, date_derniere_inter = :date_derniere_inter, commentaire = :commentaire WHERE id = :id
    [params] => Array
        (
            [0] => :marque
            [1] => :modele
            [2] => :type_materiel
            [3] => :adresse_ip
            [4] => :masque
            [5] => :passerelle
            [6] => :login
            [7] => :password
            [8] => :date_fin_garantie
            [9] => :date_fin_maintenance
            [10] => :date_derniere_inter
            [11] => :commentaire
            [12] => :id
        )

)

--------------------------------------------------------------------------------
[2026-09-24 14:41:40] Mise à jour réussie ID: 1661
--------------------------------------------------------------------------------
[2026-09-24 14:41:40] Traitement ID: 1662
--------------------------------------------------------------------------------
[2026-09-24 14:41:40] SQL
Array
(
    [sql] => UPDATE materiel SET marque = :marque, modele = :modele, type_materiel = :type_materiel, adresse_ip = :adresse_ip, usage_materiel = :usage_materiel, masque = :masque, passerelle = :passerelle WHERE id = :id
    [params] => Array
        (
            [0] => :marque
            [1] => :modele
            [2] => :type_materiel
            [3] => :adresse_ip
            [4] => :usage_materiel
            [5] => :masque
            [6] => :passerelle
            [7] => :id
        )

)

--------------------------------------------------------------------------------
[2026-09-24 14:41:40] Mise à jour réussie ID: 1662
--------------------------------------------------------------------------------
[2026-09-24 14:41:40] Traitement ID: 1663
--------------------------------------------------------------------------------
[2026-09-24 14:41:40] SQL
Array
(
    [sql] => UPDATE materiel SET marque = :marque, modele = :modele, type_materiel = :type_materiel, numero_serie = :numero_serie, version_firmware = :version_firmware, adresse_ip = :adresse_ip, adresse_mac = :adresse_mac, usage_materiel = :usage_materiel, masque = :masque, passerelle = :passerelle WHERE id = :id
    [params] => Array
        (
            [0] => :marque
            [1] => :modele
            [2] => :type_materiel
            [3] => :numero_serie
            [4] => :version_firmware
            [5] => :adresse_ip
            [6] => :adresse_mac
            [7] => :usage_materiel
            [8] => :masque
            [9] => :passerelle
            [10] => :id
        )

)

--------------------------------------------------------------------------------
[2026-09-24 14:41:40] Mise à jour réussie ID: 1663
--------------------------------------------------------------------------------
[2026-09-24 14:41:40] Traitement ID: 1664
--------------------------------------------------------------------------------
[2026-09-24 14:41:40] SQL
Array
(
    [sql] => UPDATE materiel SET marque = :marque, modele = :modele, type_materiel = :type_materiel, numero_serie = :numero_serie, adresse_ip = :adresse_ip, adresse_mac = :adresse_mac, usage_materiel = :usage_materiel, masque = :masque, passerelle = :passerelle, login = :login, password = :password WHERE id = :id
    [params] => Array
        (
            [0] => :marque
            [1] => :modele
            [2] => :type_materiel
            [3] => :numero_serie
            [4] => :adresse_ip
            [5] => :adresse_mac
            [6] => :usage_materiel
            [7] => :masque
            [8] => :passerelle
            [9] => :login
            [10] => :password
            [11] => :id
        )

)

--------------------------------------------------------------------------------
[2026-09-24 14:41:40] Mise à jour réussie ID: 1664
--------------------------------------------------------------------------------
[2026-09-24 14:41:40] Traitement ID: 1665
--------------------------------------------------------------------------------
[2026-09-24 14:41:40] SQL
Array
(
    [sql] => UPDATE materiel SET marque = :marque, modele = :modele, type_materiel = :type_materiel, adresse_ip = :adresse_ip, usage_materiel = :usage_materiel, masque = :masque, passerelle = :passerelle WHERE id = :id
    [params] => Array
        (
            [0] => :marque
            [1] => :modele
            [2] => :type_materiel
            [3] => :adresse_ip
            [4] => :usage_materiel
            [5] => :masque
            [6] => :passerelle
            [7] => :id
        )

)

--------------------------------------------------------------------------------
[2026-09-24 14:41:40] Mise à jour réussie ID: 1665
--------------------------------------------------------------------------------
[2026-09-24 14:41:40] Traitement ID: 1666
--------------------------------------------------------------------------------
[2026-09-24 14:41:40] SQL
Array
(
    [sql] => UPDATE materiel SET marque = :marque, modele = :modele, type_materiel = :type_materiel, adresse_ip = :adresse_ip, usage_materiel = :usage_materiel, masque = :masque, passerelle = :passerelle WHERE id = :id
    [params] => Array
        (
            [0] => :marque
            [1] => :modele
            [2] => :type_materiel
            [3] => :adresse_ip
            [4] => :usage_materiel
            [5] => :masque
            [6] => :passerelle
            [7] => :id
        )

)

--------------------------------------------------------------------------------
[2026-09-24 14:41:40] Mise à jour réussie ID: 1666
--------------------------------------------------------------------------------
[2026-09-24 14:41:40] Traitement ID: 1667
--------------------------------------------------------------------------------
[2026-09-24 14:41:40] SQL
Array
(
    [sql] => UPDATE materiel SET marque = :marque, modele = :modele, type_materiel = :type_materiel, numero_serie = :numero_serie, version_firmware = :version_firmware, adresse_ip = :adresse_ip, adresse_mac = :adresse_mac, ancien_firmware = :ancien_firmware, masque = :masque, login = :login, password = :password, commentaire = :commentaire WHERE id = :id
    [params] => Array
        (
            [0] => :marque
            [1] => :modele
            [2] => :type_materiel
            [3] => :numero_serie
            [4] => :version_firmware
            [5] => :adresse_ip
            [6] => :adresse_mac
            [7] => :ancien_firmware
            [8] => :masque
            [9] => :login
            [10] => :password
            [11] => :commentaire
            [12] => :id
        )

)

--------------------------------------------------------------------------------
[2026-09-24 14:41:40] Mise à jour réussie ID: 1667
--------------------------------------------------------------------------------
[2026-09-24 14:41:40] Traitement ID: 1668
--------------------------------------------------------------------------------
[2026-09-24 14:41:40] SQL
Array
(
    [sql] => UPDATE materiel SET marque = :marque, modele = :modele, numero_serie = :numero_serie, date_fin_garantie = :date_fin_garantie, date_fin_maintenance = :date_fin_maintenance, date_derniere_inter = :date_derniere_inter, commentaire = :commentaire WHERE id = :id
    [params] => Array
        (
            [0] => :marque
            [1] => :modele
            [2] => :numero_serie
            [3] => :date_fin_garantie
            [4] => :date_fin_maintenance
            [5] => :date_derniere_inter
            [6] => :commentaire
            [7] => :id
        )

)

--------------------------------------------------------------------------------
[2026-09-24 14:41:40] Mise à jour réussie ID: 1668
--------------------------------------------------------------------------------
[2026-09-24 14:41:40] Traitement ID: 1669
--------------------------------------------------------------------------------
[2026-09-24 14:41:40] SQL
Array
(
    [sql] => UPDATE materiel SET marque = :marque, modele = :modele, numero_serie = :numero_serie, date_fin_garantie = :date_fin_garantie, date_fin_maintenance = :date_fin_maintenance, date_derniere_inter = :date_derniere_inter, commentaire = :commentaire WHERE id = :id
    [params] => Array
        (
            [0] => :marque
            [1] => :modele
            [2] => :numero_serie
            [3] => :date_fin_garantie
            [4] => :date_fin_maintenance
            [5] => :date_derniere_inter
            [6] => :commentaire
            [7] => :id
        )

)

--------------------------------------------------------------------------------
[2026-09-24 14:41:40] Mise à jour réussie ID: 1669
--------------------------------------------------------------------------------
[2026-09-24 14:41:40] Traitement ID: 1670
--------------------------------------------------------------------------------
[2026-09-24 14:41:40] SQL
Array
(
    [sql] => UPDATE materiel SET marque = :marque, modele = :modele, type_materiel = :type_materiel, numero_serie = :numero_serie, adresse_ip = :adresse_ip, adresse_mac = :adresse_mac, usage_materiel = :usage_materiel, masque = :masque, passerelle = :passerelle WHERE id = :id
    [params] => Array
        (
            [0] => :marque
            [1] => :modele
            [2] => :type_materiel
            [3] => :numero_serie
            [4] => :adresse_ip
            [5] => :adresse_mac
            [6] => :usage_materiel
            [7] => :masque
            [8] => :passerelle
            [9] => :id
        )

)

--------------------------------------------------------------------------------
[2026-09-24 14:41:40] Mise à jour réussie ID: 1670
--------------------------------------------------------------------------------
[2026-09-24 14:41:40] Traitement ID: 1671
--------------------------------------------------------------------------------
[2026-09-24 14:41:40] SQL
Array
(
    [sql] => UPDATE materiel SET marque = :marque, modele = :modele, type_materiel = :type_materiel, numero_serie = :numero_serie, adresse_ip = :adresse_ip, adresse_mac = :adresse_mac, usage_materiel = :usage_materiel, masque = :masque, passerelle = :passerelle WHERE id = :id
    [params] => Array
        (
            [0] => :marque
            [1] => :modele
            [2] => :type_materiel
            [3] => :numero_serie
            [4] => :adresse_ip
            [5] => :adresse_mac
            [6] => :usage_materiel
            [7] => :masque
            [8] => :passerelle
            [9] => :id
        )

)

--------------------------------------------------------------------------------
[2026-09-24 14:41:40] Mise à jour réussie ID: 1671
--------------------------------------------------------------------------------
[2026-09-24 14:41:40] Traitement ID: 1672
--------------------------------------------------------------------------------
[2026-09-24 14:41:40] SQL
Array
(
    [sql] => UPDATE materiel SET marque = :marque, modele = :modele, type_materiel = :type_materiel, numero_serie = :numero_serie, adresse_ip = :adresse_ip, adresse_mac = :adresse_mac, usage_materiel = :usage_materiel, masque = :masque, passerelle = :passerelle WHERE id = :id
    [params] => Array
        (
            [0] => :marque
            [1] => :modele
            [2] => :type_materiel
            [3] => :numero_serie
            [4] => :adresse_ip
            [5] => :adresse_mac
            [6] => :usage_materiel
            [7] => :masque
            [8] => :passerelle
            [9] => :id
        )

)

--------------------------------------------------------------------------------
[2026-09-24 14:41:40] Mise à jour réussie ID: 1672
--------------------------------------------------------------------------------
[2026-09-24 14:41:40] Traitement ID: 1673
--------------------------------------------------------------------------------
[2026-09-24 14:41:40] SQL
Array
(
    [sql] => UPDATE materiel SET marque = :marque, modele = :modele, type_materiel = :type_materiel, numero_serie = :numero_serie, adresse_ip = :adresse_ip, adresse_mac = :adresse_mac, usage_materiel = :usage_materiel, masque = :masque, passerelle = :passerelle WHERE id = :id
    [params] => Array
        (
            [0] => :marque
            [1] => :modele
            [2] => :type_materiel
            [3] => :numero_serie
            [4] => :adresse_ip
            [5] => :adresse_mac
            [6] => :usage_materiel
            [7] => :masque
            [8] => :passerelle
            [9] => :id
        )

)

--------------------------------------------------------------------------------
[2026-09-24 14:41:40] Mise à jour réussie ID: 1673
--------------------------------------------------------------------------------
[2026-09-24 14:41:40] Traitement ID: 1674
--------------------------------------------------------------------------------
[2026-09-24 14:41:40] SQL
Array
(
    [sql] => UPDATE materiel SET marque = :marque, modele = :modele, type_materiel = :type_materiel, numero_serie = :numero_serie, adresse_ip = :adresse_ip, adresse_mac = :adresse_mac, usage_materiel = :usage_materiel, masque = :masque, passerelle = :passerelle WHERE id = :id
    [params] => Array
        (
            [0] => :marque
            [1] => :modele
            [2] => :type_materiel
            [3] => :numero_serie
            [4] => :adresse_ip
            [5] => :adresse_mac
            [6] => :usage_materiel
            [7] => :masque
            [8] => :passerelle
            [9] => :id
        )

)

--------------------------------------------------------------------------------
[2026-09-24 14:41:40] Mise à jour réussie ID: 1674
--------------------------------------------------------------------------------
[2026-09-24 14:41:40] Traitement ID: 1675
--------------------------------------------------------------------------------
[2026-09-24 14:41:40] SQL
Array
(
    [sql] => UPDATE materiel SET marque = :marque, modele = :modele, type_materiel = :type_materiel, numero_serie = :numero_serie, adresse_ip = :adresse_ip, adresse_mac = :adresse_mac, usage_materiel = :usage_materiel, masque = :masque, passerelle = :passerelle WHERE id = :id
    [params] => Array
        (
            [0] => :marque
            [1] => :modele
            [2] => :type_materiel
            [3] => :numero_serie
            [4] => :adresse_ip
            [5] => :adresse_mac
            [6] => :usage_materiel
            [7] => :masque
            [8] => :passerelle
            [9] => :id
        )

)

--------------------------------------------------------------------------------
[2026-09-24 14:41:40] Mise à jour réussie ID: 1675
--------------------------------------------------------------------------------
[2026-09-24 14:41:40] Traitement ID: 1676
--------------------------------------------------------------------------------
[2026-09-24 14:41:40] SQL
Array
(
    [sql] => UPDATE materiel SET marque = :marque, modele = :modele, type_materiel = :type_materiel, numero_serie = :numero_serie, adresse_ip = :adresse_ip, adresse_mac = :adresse_mac, usage_materiel = :usage_materiel, masque = :masque, passerelle = :passerelle WHERE id = :id
    [params] => Array
        (
            [0] => :marque
            [1] => :modele
            [2] => :type_materiel
            [3] => :numero_serie
            [4] => :adresse_ip
            [5] => :adresse_mac
            [6] => :usage_materiel
            [7] => :masque
            [8] => :passerelle
            [9] => :id
        )

)

--------------------------------------------------------------------------------
[2026-09-24 14:41:40] Mise à jour réussie ID: 1676
--------------------------------------------------------------------------------
[2026-09-24 14:41:40] Traitement ID: 1677
--------------------------------------------------------------------------------
[2026-09-24 14:41:40] SQL
Array
(
    [sql] => UPDATE materiel SET marque = :marque, modele = :modele, type_materiel = :type_materiel, numero_serie = :numero_serie, adresse_ip = :adresse_ip, adresse_mac = :adresse_mac, usage_materiel = :usage_materiel, masque = :masque, passerelle = :passerelle WHERE id = :id
    [params] => Array
        (
            [0] => :marque
            [1] => :modele
            [2] => :type_materiel
            [3] => :numero_serie
            [4] => :adresse_ip
            [5] => :adresse_mac
            [6] => :usage_materiel
            [7] => :masque
            [8] => :passerelle
            [9] => :id
        )

)

--------------------------------------------------------------------------------
[2026-09-24 14:41:40] Mise à jour réussie ID: 1677
--------------------------------------------------------------------------------
[2026-09-24 14:41:40] Traitement ID: 1678
--------------------------------------------------------------------------------
[2026-09-24 14:41:40] SQL
Array
(
    [sql] => UPDATE materiel SET marque = :marque, modele = :modele, type_materiel = :type_materiel, numero_serie = :numero_serie, adresse_ip = :adresse_ip, adresse_mac = :adresse_mac, usage_materiel = :usage_materiel, masque = :masque, passerelle = :passerelle WHERE id = :id
    [params] => Array
        (
            [0] => :marque
            [1] => :modele
            [2] => :type_materiel
            [3] => :numero_serie
            [4] => :adresse_ip
            [5] => :adresse_mac
            [6] => :usage_materiel
            [7] => :masque
            [8] => :passerelle
            [9] => :id
        )

)

--------------------------------------------------------------------------------
[2026-09-24 14:41:40] Mise à jour réussie ID: 1678
--------------------------------------------------------------------------------
[2026-09-24 14:41:40] Traitement ID: 1679
--------------------------------------------------------------------------------
[2026-09-24 14:41:40] SQL
Array
(
    [sql] => UPDATE materiel SET marque = :marque, modele = :modele, type_materiel = :type_materiel, numero_serie = :numero_serie, adresse_ip = :adresse_ip, adresse_mac = :adresse_mac, usage_materiel = :usage_materiel, masque = :masque, passerelle = :passerelle WHERE id = :id
    [params] => Array
        (
            [0] => :marque
            [1] => :modele
            [2] => :type_materiel
            [3] => :numero_serie
            [4] => :adresse_ip
            [5] => :adresse_mac
            [6] => :usage_materiel
            [7] => :masque
            [8] => :passerelle
            [9] => :id
        )

)

--------------------------------------------------------------------------------
[2026-09-24 14:41:40] Mise à jour réussie ID: 1679
--------------------------------------------------------------------------------
[2026-09-24 14:41:40] Traitement ID: 1680
--------------------------------------------------------------------------------
[2026-09-24 14:41:40] SQL
Array
(
    [sql] => UPDATE materiel SET marque = :marque, modele = :modele, type_materiel = :type_materiel, numero_serie = :numero_serie, adresse_ip = :adresse_ip, adresse_mac = :adresse_mac, usage_materiel = :usage_materiel, masque = :masque, passerelle = :passerelle WHERE id = :id
    [params] => Array
        (
            [0] => :marque
            [1] => :modele
            [2] => :type_materiel
            [3] => :numero_serie
            [4] => :adresse_ip
            [5] => :adresse_mac
            [6] => :usage_materiel
            [7] => :masque
            [8] => :passerelle
            [9] => :id
        )

)

--------------------------------------------------------------------------------
[2026-09-24 14:41:40] Mise à jour réussie ID: 1680
--------------------------------------------------------------------------------
[2026-09-24 14:41:40] Traitement ID: 1681
--------------------------------------------------------------------------------
[2026-09-24 14:41:40] SQL
Array
(
    [sql] => UPDATE materiel SET marque = :marque, modele = :modele, type_materiel = :type_materiel, numero_serie = :numero_serie, adresse_ip = :adresse_ip, adresse_mac = :adresse_mac, usage_materiel = :usage_materiel, masque = :masque, passerelle = :passerelle WHERE id = :id
    [params] => Array
        (
            [0] => :marque
            [1] => :modele
            [2] => :type_materiel
            [3] => :numero_serie
            [4] => :adresse_ip
            [5] => :adresse_mac
            [6] => :usage_materiel
            [7] => :masque
            [8] => :passerelle
            [9] => :id
        )

)

--------------------------------------------------------------------------------
[2026-09-24 14:41:40] Mise à jour réussie ID: 1681
--------------------------------------------------------------------------------
[2026-09-24 14:41:40] Traitement ID: 1682
--------------------------------------------------------------------------------
[2026-09-24 14:41:40] SQL
Array
(
    [sql] => UPDATE materiel SET marque = :marque, modele = :modele, type_materiel = :type_materiel, numero_serie = :numero_serie, adresse_ip = :adresse_ip, adresse_mac = :adresse_mac, usage_materiel = :usage_materiel, masque = :masque, passerelle = :passerelle WHERE id = :id
    [params] => Array
        (
            [0] => :marque
            [1] => :modele
            [2] => :type_materiel
            [3] => :numero_serie
            [4] => :adresse_ip
            [5] => :adresse_mac
            [6] => :usage_materiel
            [7] => :masque
            [8] => :passerelle
            [9] => :id
        )

)

--------------------------------------------------------------------------------
[2026-09-24 14:41:40] Mise à jour réussie ID: 1682
--------------------------------------------------------------------------------
[2026-09-24 14:41:40] Traitement ID: 1692
--------------------------------------------------------------------------------
[2026-09-24 14:41:40] SQL
Array
(
    [sql] => UPDATE materiel SET marque = :marque, modele = :modele, type_materiel = :type_materiel, version_firmware = :version_firmware, adresse_ip = :adresse_ip, adresse_mac = :adresse_mac, usage_materiel = :usage_materiel, masque = :masque, passerelle = :passerelle WHERE id = :id
    [params] => Array
        (
            [0] => :marque
            [1] => :modele
            [2] => :type_materiel
            [3] => :version_firmware
            [4] => :adresse_ip
            [5] => :adresse_mac
            [6] => :usage_materiel
            [7] => :masque
            [8] => :passerelle
            [9] => :id
        )

)

--------------------------------------------------------------------------------
[2026-09-24 14:41:40] Mise à jour réussie ID: 1692
--------------------------------------------------------------------------------
[2026-09-24 14:41:40] Traitement ID: 1683
--------------------------------------------------------------------------------
[2026-09-24 14:41:40] SQL
Array
(
    [sql] => UPDATE materiel SET marque = :marque, modele = :modele, type_materiel = :type_materiel, numero_serie = :numero_serie, adresse_ip = :adresse_ip, adresse_mac = :adresse_mac, usage_materiel = :usage_materiel, masque = :masque, passerelle = :passerelle WHERE id = :id
    [params] => Array
        (
            [0] => :marque
            [1] => :modele
            [2] => :type_materiel
            [3] => :numero_serie
            [4] => :adresse_ip
            [5] => :adresse_mac
            [6] => :usage_materiel
            [7] => :masque
            [8] => :passerelle
            [9] => :id
        )

)

--------------------------------------------------------------------------------
[2026-09-24 14:41:40] Mise à jour réussie ID: 1683
--------------------------------------------------------------------------------
[2026-09-24 14:41:40] Traitement ID: 1684
--------------------------------------------------------------------------------
[2026-09-24 14:41:40] SQL
Array
(
    [sql] => UPDATE materiel SET marque = :marque, modele = :modele, type_materiel = :type_materiel, numero_serie = :numero_serie, adresse_ip = :adresse_ip, adresse_mac = :adresse_mac, usage_materiel = :usage_materiel, masque = :masque, passerelle = :passerelle WHERE id = :id
    [params] => Array
        (
            [0] => :marque
            [1] => :modele
            [2] => :type_materiel
            [3] => :numero_serie
            [4] => :adresse_ip
            [5] => :adresse_mac
            [6] => :usage_materiel
            [7] => :masque
            [8] => :passerelle
            [9] => :id
        )

)

--------------------------------------------------------------------------------
[2026-09-24 14:41:40] Mise à jour réussie ID: 1684
--------------------------------------------------------------------------------
[2026-09-24 14:41:40] Traitement ID: 1685
--------------------------------------------------------------------------------
[2026-09-24 14:41:40] SQL
Array
(
    [sql] => UPDATE materiel SET marque = :marque, modele = :modele, type_materiel = :type_materiel, adresse_ip = :adresse_ip, usage_materiel = :usage_materiel, masque = :masque, passerelle = :passerelle WHERE id = :id
    [params] => Array
        (
            [0] => :marque
            [1] => :modele
            [2] => :type_materiel
            [3] => :adresse_ip
            [4] => :usage_materiel
            [5] => :masque
            [6] => :passerelle
            [7] => :id
        )

)

--------------------------------------------------------------------------------
[2026-09-24 14:41:40] Mise à jour réussie ID: 1685
--------------------------------------------------------------------------------
[2026-09-24 14:41:40] Traitement ID: 1686
--------------------------------------------------------------------------------
[2026-09-24 14:41:40] SQL
Array
(
    [sql] => UPDATE materiel SET marque = :marque, modele = :modele, type_materiel = :type_materiel, adresse_ip = :adresse_ip, usage_materiel = :usage_materiel, masque = :masque, passerelle = :passerelle WHERE id = :id
    [params] => Array
        (
            [0] => :marque
            [1] => :modele
            [2] => :type_materiel
            [3] => :adresse_ip
            [4] => :usage_materiel
            [5] => :masque
            [6] => :passerelle
            [7] => :id
        )

)

--------------------------------------------------------------------------------
[2026-09-24 14:41:40] Mise à jour réussie ID: 1686
--------------------------------------------------------------------------------
[2026-09-24 14:41:40] Traitement ID: 1687
--------------------------------------------------------------------------------
[2026-09-24 14:41:40] SQL
Array
(
    [sql] => UPDATE materiel SET marque = :marque, modele = :modele, type_materiel = :type_materiel, adresse_ip = :adresse_ip, adresse_mac = :adresse_mac, usage_materiel = :usage_materiel WHERE id = :id
    [params] => Array
        (
            [0] => :marque
            [1] => :modele
            [2] => :type_materiel
            [3] => :adresse_ip
            [4] => :adresse_mac
            [5] => :usage_materiel
            [6] => :id
        )

)

--------------------------------------------------------------------------------
[2026-09-24 14:41:40] Mise à jour réussie ID: 1687
--------------------------------------------------------------------------------
[2026-09-24 14:41:40] Traitement ID: 1688
--------------------------------------------------------------------------------
[2026-09-24 14:41:40] SQL
Array
(
    [sql] => UPDATE materiel SET marque = :marque, modele = :modele, type_materiel = :type_materiel, adresse_ip = :adresse_ip, adresse_mac = :adresse_mac, usage_materiel = :usage_materiel WHERE id = :id
    [params] => Array
        (
            [0] => :marque
            [1] => :modele
            [2] => :type_materiel
            [3] => :adresse_ip
            [4] => :adresse_mac
            [5] => :usage_materiel
            [6] => :id
        )

)

--------------------------------------------------------------------------------
[2026-09-24 14:41:40] Mise à jour réussie ID: 1688
--------------------------------------------------------------------------------
[2026-09-24 14:41:40] Traitement ID: 1689
--------------------------------------------------------------------------------
[2026-09-24 14:41:40] SQL
Array
(
    [sql] => UPDATE materiel SET marque = :marque, modele = :modele, type_materiel = :type_materiel, numero_serie = :numero_serie, version_firmware = :version_firmware, adresse_ip = :adresse_ip, adresse_mac = :adresse_mac, usage_materiel = :usage_materiel, masque = :masque, passerelle = :passerelle WHERE id = :id
    [params] => Array
        (
            [0] => :marque
            [1] => :modele
            [2] => :type_materiel
            [3] => :numero_serie
            [4] => :version_firmware
            [5] => :adresse_ip
            [6] => :adresse_mac
            [7] => :usage_materiel
            [8] => :masque
            [9] => :passerelle
            [10] => :id
        )

)

--------------------------------------------------------------------------------
[2026-09-24 14:41:40] Mise à jour réussie ID: 1689
--------------------------------------------------------------------------------
[2026-09-24 14:41:40] Traitement ID: 1690
--------------------------------------------------------------------------------
[2026-09-24 14:41:40] SQL
Array
(
    [sql] => UPDATE materiel SET marque = :marque, modele = :modele, type_materiel = :type_materiel, numero_serie = :numero_serie, version_firmware = :version_firmware, adresse_ip = :adresse_ip, adresse_mac = :adresse_mac, usage_materiel = :usage_materiel, masque = :masque, passerelle = :passerelle WHERE id = :id
    [params] => Array
        (
            [0] => :marque
            [1] => :modele
            [2] => :type_materiel
            [3] => :numero_serie
            [4] => :version_firmware
            [5] => :adresse_ip
            [6] => :adresse_mac
            [7] => :usage_materiel
            [8] => :masque
            [9] => :passerelle
            [10] => :id
        )

)

--------------------------------------------------------------------------------
[2026-09-24 14:41:40] Mise à jour réussie ID: 1690
--------------------------------------------------------------------------------
[2026-09-24 14:41:40] Traitement ID: 1691
--------------------------------------------------------------------------------
[2026-09-24 14:41:40] SQL
Array
(
    [sql] => UPDATE materiel SET marque = :marque, modele = :modele, type_materiel = :type_materiel, numero_serie = :numero_serie, version_firmware = :version_firmware, adresse_ip = :adresse_ip, usage_materiel = :usage_materiel, masque = :masque, passerelle = :passerelle WHERE id = :id
    [params] => Array
        (
            [0] => :marque
            [1] => :modele
            [2] => :type_materiel
            [3] => :numero_serie
            [4] => :version_firmware
            [5] => :adresse_ip
            [6] => :usage_materiel
            [7] => :masque
            [8] => :passerelle
            [9] => :id
        )

)

--------------------------------------------------------------------------------
[2026-09-24 14:41:40] Mise à jour réussie ID: 1691
--------------------------------------------------------------------------------
[2026-09-24 14:41:40] Traitement ID: 3834
--------------------------------------------------------------------------------
[2026-09-24 14:41:40] SQL
Array
(
    [sql] => UPDATE materiel SET marque = :marque, modele = :modele WHERE id = :id
    [params] => Array
        (
            [0] => :marque
            [1] => :modele
            [2] => :id
        )

)

--------------------------------------------------------------------------------
[2026-09-24 14:41:40] Mise à jour réussie ID: 3834
--------------------------------------------------------------------------------
[2026-09-24 14:41:40] Réponse
Array
(
    [status] => success
    [message] => 34 ligne(s) mise(s) à jour
    [updated] => 34
    [total_rows] => 34
    [errors] => Array
        (
        )

)

--------------------------------------------------------------------------------
[2026-09-24 14:41:40] === FIN ===
--------------------------------------------------------------------------------
[2026-09-24 14:46:36] === DÉBUT ===
--------------------------------------------------------------------------------
[2026-09-24 14:46:37] Input reçu
Array
(
    [raw_length] => 13554
    [has_data] => 1
)

--------------------------------------------------------------------------------
[2026-09-24 14:46:37] Connexion BDD OK
--------------------------------------------------------------------------------
[2026-09-24 14:46:37] Traitement ID: 72
--------------------------------------------------------------------------------
[2026-09-24 14:46:37] SQL
Array
(
    [sql] => UPDATE materiel SET marque = :marque, modele = :modele, type_materiel = :type_materiel, numero_serie = :numero_serie, adresse_ip = :adresse_ip, adresse_mac = :adresse_mac, masque = :masque, passerelle = :passerelle WHERE id = :id
    [params] => Array
        (
            [0] => :marque
            [1] => :modele
            [2] => :type_materiel
            [3] => :numero_serie
            [4] => :adresse_ip
            [5] => :adresse_mac
            [6] => :masque
            [7] => :passerelle
            [8] => :id
        )

)

--------------------------------------------------------------------------------
[2026-09-24 14:46:37] Mise à jour réussie ID: 72
--------------------------------------------------------------------------------
[2026-09-24 14:46:37] Traitement ID: 62
--------------------------------------------------------------------------------
[2026-09-24 14:46:37] SQL
Array
(
    [sql] => UPDATE materiel SET marque = :marque, modele = :modele, type_materiel = :type_materiel, numero_serie = :numero_serie, adresse_ip = :adresse_ip, masque = :masque, passerelle = :passerelle WHERE id = :id
    [params] => Array
        (
            [0] => :marque
            [1] => :modele
            [2] => :type_materiel
            [3] => :numero_serie
            [4] => :adresse_ip
            [5] => :masque
            [6] => :passerelle
            [7] => :id
        )

)

--------------------------------------------------------------------------------
[2026-09-24 14:46:37] Mise à jour réussie ID: 62
--------------------------------------------------------------------------------
[2026-09-24 14:46:37] Traitement ID: 66
--------------------------------------------------------------------------------
[2026-09-24 14:46:37] SQL
Array
(
    [sql] => UPDATE materiel SET marque = :marque, modele = :modele, type_materiel = :type_materiel, numero_serie = :numero_serie, version_firmware = :version_firmware, adresse_ip = :adresse_ip, adresse_mac = :adresse_mac, masque = :masque, passerelle = :passerelle WHERE id = :id
    [params] => Array
        (
            [0] => :marque
            [1] => :modele
            [2] => :type_materiel
            [3] => :numero_serie
            [4] => :version_firmware
            [5] => :adresse_ip
            [6] => :adresse_mac
            [7] => :masque
            [8] => :passerelle
            [9] => :id
        )

)

--------------------------------------------------------------------------------
[2026-09-24 14:46:37] Mise à jour réussie ID: 66
--------------------------------------------------------------------------------
[2026-09-24 14:46:37] Traitement ID: 67
--------------------------------------------------------------------------------
[2026-09-24 14:46:37] SQL
Array
(
    [sql] => UPDATE materiel SET marque = :marque, modele = :modele, numero_serie = :numero_serie, version_firmware = :version_firmware, adresse_ip = :adresse_ip, adresse_mac = :adresse_mac, masque = :masque, passerelle = :passerelle, login = :login, password = :password WHERE id = :id
    [params] => Array
        (
            [0] => :marque
            [1] => :modele
            [2] => :numero_serie
            [3] => :version_firmware
            [4] => :adresse_ip
            [5] => :adresse_mac
            [6] => :masque
            [7] => :passerelle
            [8] => :login
            [9] => :password
            [10] => :id
        )

)

--------------------------------------------------------------------------------
[2026-09-24 14:46:37] Mise à jour réussie ID: 67
--------------------------------------------------------------------------------
[2026-09-24 14:46:37] Traitement ID: 76
--------------------------------------------------------------------------------
[2026-09-24 14:46:37] SQL
Array
(
    [sql] => UPDATE materiel SET marque = :marque, modele = :modele, type_materiel = :type_materiel, numero_serie = :numero_serie, version_firmware = :version_firmware, adresse_ip = :adresse_ip, adresse_mac = :adresse_mac, ancien_firmware = :ancien_firmware, masque = :masque, passerelle = :passerelle, password_wifi = :password_wifi WHERE id = :id
    [params] => Array
        (
            [0] => :marque
            [1] => :modele
            [2] => :type_materiel
            [3] => :numero_serie
            [4] => :version_firmware
            [5] => :adresse_ip
            [6] => :adresse_mac
            [7] => :ancien_firmware
            [8] => :masque
            [9] => :passerelle
            [10] => :password_wifi
            [11] => :id
        )

)

--------------------------------------------------------------------------------
[2026-09-24 14:46:37] Mise à jour réussie ID: 76
--------------------------------------------------------------------------------
[2026-09-24 14:46:37] Traitement ID: 308
--------------------------------------------------------------------------------
[2026-09-24 14:46:37] SQL
Array
(
    [sql] => UPDATE materiel SET marque = :marque, modele = :modele, type_materiel = :type_materiel, numero_serie = :numero_serie, version_firmware = :version_firmware, adresse_ip = :adresse_ip, adresse_mac = :adresse_mac, masque = :masque, passerelle = :passerelle, password = :password, ssid = :ssid, password_wifi = :password_wifi WHERE id = :id
    [params] => Array
        (
            [0] => :marque
            [1] => :modele
            [2] => :type_materiel
            [3] => :numero_serie
            [4] => :version_firmware
            [5] => :adresse_ip
            [6] => :adresse_mac
            [7] => :masque
            [8] => :passerelle
            [9] => :password
            [10] => :ssid
            [11] => :password_wifi
            [12] => :id
        )

)

--------------------------------------------------------------------------------
[2026-09-24 14:46:37] Mise à jour réussie ID: 308
--------------------------------------------------------------------------------
[2026-09-24 14:46:37] Traitement ID: 63
--------------------------------------------------------------------------------
[2026-09-24 14:46:37] SQL
Array
(
    [sql] => UPDATE materiel SET marque = :marque, modele = :modele, type_materiel = :type_materiel, numero_serie = :numero_serie, version_firmware = :version_firmware, adresse_ip = :adresse_ip, adresse_mac = :adresse_mac, masque = :masque, passerelle = :passerelle, login = :login, password = :password, password_wifi = :password_wifi WHERE id = :id
    [params] => Array
        (
            [0] => :marque
            [1] => :modele
            [2] => :type_materiel
            [3] => :numero_serie
            [4] => :version_firmware
            [5] => :adresse_ip
            [6] => :adresse_mac
            [7] => :masque
            [8] => :passerelle
            [9] => :login
            [10] => :password
            [11] => :password_wifi
            [12] => :id
        )

)

--------------------------------------------------------------------------------
[2026-09-24 14:46:37] Mise à jour réussie ID: 63
--------------------------------------------------------------------------------
[2026-09-24 14:46:37] Traitement ID: 75
--------------------------------------------------------------------------------
[2026-09-24 14:46:37] SQL
Array
(
    [sql] => UPDATE materiel SET marque = :marque, modele = :modele, type_materiel = :type_materiel, numero_serie = :numero_serie, version_firmware = :version_firmware, adresse_ip = :adresse_ip, adresse_mac = :adresse_mac, masque = :masque, passerelle = :passerelle WHERE id = :id
    [params] => Array
        (
            [0] => :marque
            [1] => :modele
            [2] => :type_materiel
            [3] => :numero_serie
            [4] => :version_firmware
            [5] => :adresse_ip
            [6] => :adresse_mac
            [7] => :masque
            [8] => :passerelle
            [9] => :id
        )

)

--------------------------------------------------------------------------------
[2026-09-24 14:46:37] Mise à jour réussie ID: 75
--------------------------------------------------------------------------------
[2026-09-24 14:46:37] Traitement ID: 60
--------------------------------------------------------------------------------
[2026-09-24 14:46:37] SQL
Array
(
    [sql] => UPDATE materiel SET marque = :marque, modele = :modele, type_materiel = :type_materiel, numero_serie = :numero_serie, version_firmware = :version_firmware, adresse_ip = :adresse_ip, adresse_mac = :adresse_mac, masque = :masque, passerelle = :passerelle WHERE id = :id
    [params] => Array
        (
            [0] => :marque
            [1] => :modele
            [2] => :type_materiel
            [3] => :numero_serie
            [4] => :version_firmware
            [5] => :adresse_ip
            [6] => :adresse_mac
            [7] => :masque
            [8] => :passerelle
            [9] => :id
        )

)

--------------------------------------------------------------------------------
[2026-09-24 14:46:37] Mise à jour réussie ID: 60
--------------------------------------------------------------------------------
[2026-09-24 14:46:37] Traitement ID: 61
--------------------------------------------------------------------------------
[2026-09-24 14:46:37] SQL
Array
(
    [sql] => UPDATE materiel SET marque = :marque, modele = :modele, type_materiel = :type_materiel, numero_serie = :numero_serie, adresse_ip = :adresse_ip, adresse_mac = :adresse_mac, masque = :masque, passerelle = :passerelle WHERE id = :id
    [params] => Array
        (
            [0] => :marque
            [1] => :modele
            [2] => :type_materiel
            [3] => :numero_serie
            [4] => :adresse_ip
            [5] => :adresse_mac
            [6] => :masque
            [7] => :passerelle
            [8] => :id
        )

)

--------------------------------------------------------------------------------
[2026-09-24 14:46:37] Mise à jour réussie ID: 61
--------------------------------------------------------------------------------
[2026-09-24 14:46:37] Traitement ID: 71
--------------------------------------------------------------------------------
[2026-09-24 14:46:37] SQL
Array
(
    [sql] => UPDATE materiel SET marque = :marque, modele = :modele, type_materiel = :type_materiel, adresse_ip = :adresse_ip, adresse_mac = :adresse_mac, masque = :masque, passerelle = :passerelle WHERE id = :id
    [params] => Array
        (
            [0] => :marque
            [1] => :modele
            [2] => :type_materiel
            [3] => :adresse_ip
            [4] => :adresse_mac
            [5] => :masque
            [6] => :passerelle
            [7] => :id
        )

)

--------------------------------------------------------------------------------
[2026-09-24 14:46:37] Mise à jour réussie ID: 71
--------------------------------------------------------------------------------
[2026-09-24 14:46:37] Traitement ID: 68
--------------------------------------------------------------------------------
[2026-09-24 14:46:37] SQL
Array
(
    [sql] => UPDATE materiel SET marque = :marque, modele = :modele, type_materiel = :type_materiel, numero_serie = :numero_serie, adresse_ip = :adresse_ip, adresse_mac = :adresse_mac, masque = :masque, passerelle = :passerelle WHERE id = :id
    [params] => Array
        (
            [0] => :marque
            [1] => :modele
            [2] => :type_materiel
            [3] => :numero_serie
            [4] => :adresse_ip
            [5] => :adresse_mac
            [6] => :masque
            [7] => :passerelle
            [8] => :id
        )

)

--------------------------------------------------------------------------------
[2026-09-24 14:46:37] Mise à jour réussie ID: 68
--------------------------------------------------------------------------------
[2026-09-24 14:46:37] Traitement ID: 69
--------------------------------------------------------------------------------
[2026-09-24 14:46:37] SQL
Array
(
    [sql] => UPDATE materiel SET marque = :marque, modele = :modele, type_materiel = :type_materiel, numero_serie = :numero_serie, adresse_ip = :adresse_ip, adresse_mac = :adresse_mac, masque = :masque, passerelle = :passerelle WHERE id = :id
    [params] => Array
        (
            [0] => :marque
            [1] => :modele
            [2] => :type_materiel
            [3] => :numero_serie
            [4] => :adresse_ip
            [5] => :adresse_mac
            [6] => :masque
            [7] => :passerelle
            [8] => :id
        )

)

--------------------------------------------------------------------------------
[2026-09-24 14:46:37] Mise à jour réussie ID: 69
--------------------------------------------------------------------------------
[2026-09-24 14:46:37] Traitement ID: 70
--------------------------------------------------------------------------------
[2026-09-24 14:46:37] SQL
Array
(
    [sql] => UPDATE materiel SET marque = :marque, modele = :modele, type_materiel = :type_materiel, numero_serie = :numero_serie, adresse_ip = :adresse_ip, adresse_mac = :adresse_mac, masque = :masque, passerelle = :passerelle WHERE id = :id
    [params] => Array
        (
            [0] => :marque
            [1] => :modele
            [2] => :type_materiel
            [3] => :numero_serie
            [4] => :adresse_ip
            [5] => :adresse_mac
            [6] => :masque
            [7] => :passerelle
            [8] => :id
        )

)

--------------------------------------------------------------------------------
[2026-09-24 14:46:37] Mise à jour réussie ID: 70
--------------------------------------------------------------------------------
[2026-09-24 14:46:37] Traitement ID: 74
--------------------------------------------------------------------------------
[2026-09-24 14:46:37] SQL
Array
(
    [sql] => UPDATE materiel SET marque = :marque, modele = :modele, type_materiel = :type_materiel, numero_serie = :numero_serie, adresse_ip = :adresse_ip, masque = :masque, passerelle = :passerelle WHERE id = :id
    [params] => Array
        (
            [0] => :marque
            [1] => :modele
            [2] => :type_materiel
            [3] => :numero_serie
            [4] => :adresse_ip
            [5] => :masque
            [6] => :passerelle
            [7] => :id
        )

)

--------------------------------------------------------------------------------
[2026-09-24 14:46:37] Mise à jour réussie ID: 74
--------------------------------------------------------------------------------
[2026-09-24 14:46:37] Traitement ID: 73
--------------------------------------------------------------------------------
[2026-09-24 14:46:37] SQL
Array
(
    [sql] => UPDATE materiel SET marque = :marque, modele = :modele, type_materiel = :type_materiel, adresse_ip = :adresse_ip, masque = :masque, passerelle = :passerelle WHERE id = :id
    [params] => Array
        (
            [0] => :marque
            [1] => :modele
            [2] => :type_materiel
            [3] => :adresse_ip
            [4] => :masque
            [5] => :passerelle
            [6] => :id
        )

)

--------------------------------------------------------------------------------
[2026-09-24 14:46:37] Mise à jour réussie ID: 73
--------------------------------------------------------------------------------
[2026-09-24 14:46:37] Traitement ID: 64
--------------------------------------------------------------------------------
[2026-09-24 14:46:37] SQL
Array
(
    [sql] => UPDATE materiel SET marque = :marque, modele = :modele, type_materiel = :type_materiel, numero_serie = :numero_serie, version_firmware = :version_firmware, adresse_ip = :adresse_ip, adresse_mac = :adresse_mac, masque = :masque, passerelle = :passerelle, login = :login, password = :password WHERE id = :id
    [params] => Array
        (
            [0] => :marque
            [1] => :modele
            [2] => :type_materiel
            [3] => :numero_serie
            [4] => :version_firmware
            [5] => :adresse_ip
            [6] => :adresse_mac
            [7] => :masque
            [8] => :passerelle
            [9] => :login
            [10] => :password
            [11] => :id
        )

)

--------------------------------------------------------------------------------
[2026-09-24 14:46:37] Mise à jour réussie ID: 64
--------------------------------------------------------------------------------
[2026-09-24 14:46:37] Traitement ID: 202
--------------------------------------------------------------------------------
[2026-09-24 14:46:37] SQL
Array
(
    [sql] => UPDATE materiel SET marque = :marque, modele = :modele, numero_serie = :numero_serie WHERE id = :id
    [params] => Array
        (
            [0] => :marque
            [1] => :modele
            [2] => :numero_serie
            [3] => :id
        )

)

--------------------------------------------------------------------------------
[2026-09-24 14:46:37] Mise à jour réussie ID: 202
--------------------------------------------------------------------------------
[2026-09-24 14:46:37] Traitement ID: 65
--------------------------------------------------------------------------------
[2026-09-24 14:46:37] SQL
Array
(
    [sql] => UPDATE materiel SET marque = :marque, modele = :modele, type_materiel = :type_materiel, numero_serie = :numero_serie, adresse_ip = :adresse_ip, adresse_mac = :adresse_mac, masque = :masque, passerelle = :passerelle, login = :login, password = :password WHERE id = :id
    [params] => Array
        (
            [0] => :marque
            [1] => :modele
            [2] => :type_materiel
            [3] => :numero_serie
            [4] => :adresse_ip
            [5] => :adresse_mac
            [6] => :masque
            [7] => :passerelle
            [8] => :login
            [9] => :password
            [10] => :id
        )

)

--------------------------------------------------------------------------------
[2026-09-24 14:46:37] Mise à jour réussie ID: 65
--------------------------------------------------------------------------------
[2026-09-24 14:46:37] Réponse
Array
(
    [status] => success
    [message] => 19 ligne(s) mise(s) à jour
    [updated] => 19
    [total_rows] => 19
    [errors] => Array
        (
        )

)

--------------------------------------------------------------------------------
[2026-09-24 14:46:37] === FIN ===
--------------------------------------------------------------------------------
[2026-09-24 14:46:37] === DÉBUT ===
--------------------------------------------------------------------------------
[2026-09-24 14:46:37] Input reçu
Array
(
    [raw_length] => 8140
    [has_data] => 1
)

--------------------------------------------------------------------------------
[2026-09-24 14:46:37] Connexion BDD OK
--------------------------------------------------------------------------------
[2026-09-24 14:46:37] Traitement ID: 2706
--------------------------------------------------------------------------------
[2026-09-24 14:46:37] SQL
Array
(
    [sql] => UPDATE materiel SET marque = :marque, modele = :modele, type_materiel = :type_materiel, adresse_ip = :adresse_ip WHERE id = :id
    [params] => Array
        (
            [0] => :marque
            [1] => :modele
            [2] => :type_materiel
            [3] => :adresse_ip
            [4] => :id
        )

)

--------------------------------------------------------------------------------
[2026-09-24 14:46:37] Mise à jour réussie ID: 2706
--------------------------------------------------------------------------------
[2026-09-24 14:46:37] Traitement ID: 2697
--------------------------------------------------------------------------------
[2026-09-24 14:46:37] SQL
Array
(
    [sql] => UPDATE materiel SET marque = :marque, modele = :modele, type_materiel = :type_materiel, adresse_ip = :adresse_ip, login = :login, password = :password WHERE id = :id
    [params] => Array
        (
            [0] => :marque
            [1] => :modele
            [2] => :type_materiel
            [3] => :adresse_ip
            [4] => :login
            [5] => :password
            [6] => :id
        )

)

--------------------------------------------------------------------------------
[2026-09-24 14:46:37] Mise à jour réussie ID: 2697
--------------------------------------------------------------------------------
[2026-09-24 14:46:37] Traitement ID: 2700
--------------------------------------------------------------------------------
[2026-09-24 14:46:37] SQL
Array
(
    [sql] => UPDATE materiel SET marque = :marque, modele = :modele, type_materiel = :type_materiel, adresse_ip = :adresse_ip, login = :login, password = :password WHERE id = :id
    [params] => Array
        (
            [0] => :marque
            [1] => :modele
            [2] => :type_materiel
            [3] => :adresse_ip
            [4] => :login
            [5] => :password
            [6] => :id
        )

)

--------------------------------------------------------------------------------
[2026-09-24 14:46:37] Mise à jour réussie ID: 2700
--------------------------------------------------------------------------------
[2026-09-24 14:46:37] Traitement ID: 2698
--------------------------------------------------------------------------------
[2026-09-24 14:46:37] SQL
Array
(
    [sql] => UPDATE materiel SET marque = :marque, modele = :modele, type_materiel = :type_materiel, adresse_ip = :adresse_ip, login = :login, password = :password WHERE id = :id
    [params] => Array
        (
            [0] => :marque
            [1] => :modele
            [2] => :type_materiel
            [3] => :adresse_ip
            [4] => :login
            [5] => :password
            [6] => :id
        )

)

--------------------------------------------------------------------------------
[2026-09-24 14:46:37] Mise à jour réussie ID: 2698
--------------------------------------------------------------------------------
[2026-09-24 14:46:37] Traitement ID: 2699
--------------------------------------------------------------------------------
[2026-09-24 14:46:37] SQL
Array
(
    [sql] => UPDATE materiel SET marque = :marque, modele = :modele, type_materiel = :type_materiel, adresse_ip = :adresse_ip WHERE id = :id
    [params] => Array
        (
            [0] => :marque
            [1] => :modele
            [2] => :type_materiel
            [3] => :adresse_ip
            [4] => :id
        )

)

--------------------------------------------------------------------------------
[2026-09-24 14:46:37] Mise à jour réussie ID: 2699
--------------------------------------------------------------------------------
[2026-09-24 14:46:37] Traitement ID: 2707
--------------------------------------------------------------------------------
[2026-09-24 14:46:37] SQL
Array
(
    [sql] => UPDATE materiel SET marque = :marque, modele = :modele, type_materiel = :type_materiel, adresse_ip = :adresse_ip, login = :login, password = :password WHERE id = :id
    [params] => Array
        (
            [0] => :marque
            [1] => :modele
            [2] => :type_materiel
            [3] => :adresse_ip
            [4] => :login
            [5] => :password
            [6] => :id
        )

)

--------------------------------------------------------------------------------
[2026-09-24 14:46:37] Mise à jour réussie ID: 2707
--------------------------------------------------------------------------------
[2026-09-24 14:46:37] Traitement ID: 2708
--------------------------------------------------------------------------------
[2026-09-24 14:46:37] SQL
Array
(
    [sql] => UPDATE materiel SET marque = :marque, modele = :modele, type_materiel = :type_materiel, adresse_ip = :adresse_ip WHERE id = :id
    [params] => Array
        (
            [0] => :marque
            [1] => :modele
            [2] => :type_materiel
            [3] => :adresse_ip
            [4] => :id
        )

)

--------------------------------------------------------------------------------
[2026-09-24 14:46:37] Mise à jour réussie ID: 2708
--------------------------------------------------------------------------------
[2026-09-24 14:46:37] Traitement ID: 2701
--------------------------------------------------------------------------------
[2026-09-24 14:46:37] SQL
Array
(
    [sql] => UPDATE materiel SET marque = :marque, modele = :modele, type_materiel = :type_materiel, adresse_ip = :adresse_ip, login = :login, password = :password WHERE id = :id
    [params] => Array
        (
            [0] => :marque
            [1] => :modele
            [2] => :type_materiel
            [3] => :adresse_ip
            [4] => :login
            [5] => :password
            [6] => :id
        )

)

--------------------------------------------------------------------------------
[2026-09-24 14:46:37] Mise à jour réussie ID: 2701
--------------------------------------------------------------------------------
[2026-09-24 14:46:37] Traitement ID: 2702
--------------------------------------------------------------------------------
[2026-09-24 14:46:37] SQL
Array
(
    [sql] => UPDATE materiel SET marque = :marque, modele = :modele, type_materiel = :type_materiel, adresse_ip = :adresse_ip, login = :login, password = :password WHERE id = :id
    [params] => Array
        (
            [0] => :marque
            [1] => :modele
            [2] => :type_materiel
            [3] => :adresse_ip
            [4] => :login
            [5] => :password
            [6] => :id
        )

)

--------------------------------------------------------------------------------
[2026-09-24 14:46:37] Mise à jour réussie ID: 2702
--------------------------------------------------------------------------------
[2026-09-24 14:46:37] Traitement ID: 2704
--------------------------------------------------------------------------------
[2026-09-24 14:46:37] SQL
Array
(
    [sql] => UPDATE materiel SET marque = :marque, modele = :modele, type_materiel = :type_materiel, adresse_ip = :adresse_ip WHERE id = :id
    [params] => Array
        (
            [0] => :marque
            [1] => :modele
            [2] => :type_materiel
            [3] => :adresse_ip
            [4] => :id
        )

)

--------------------------------------------------------------------------------
[2026-09-24 14:46:37] Mise à jour réussie ID: 2704
--------------------------------------------------------------------------------
[2026-09-24 14:46:37] Traitement ID: 2705
--------------------------------------------------------------------------------
[2026-09-24 14:46:37] SQL
Array
(
    [sql] => UPDATE materiel SET marque = :marque, modele = :modele, type_materiel = :type_materiel, adresse_ip = :adresse_ip WHERE id = :id
    [params] => Array
        (
            [0] => :marque
            [1] => :modele
            [2] => :type_materiel
            [3] => :adresse_ip
            [4] => :id
        )

)

--------------------------------------------------------------------------------
[2026-09-24 14:46:37] Mise à jour réussie ID: 2705
--------------------------------------------------------------------------------
[2026-09-24 14:46:37] Traitement ID: 2703
--------------------------------------------------------------------------------
[2026-09-24 14:46:37] SQL
Array
(
    [sql] => UPDATE materiel SET marque = :marque, modele = :modele, type_materiel = :type_materiel, adresse_ip = :adresse_ip WHERE id = :id
    [params] => Array
        (
            [0] => :marque
            [1] => :modele
            [2] => :type_materiel
            [3] => :adresse_ip
            [4] => :id
        )

)

--------------------------------------------------------------------------------
[2026-09-24 14:46:37] Mise à jour réussie ID: 2703
--------------------------------------------------------------------------------
[2026-09-24 14:46:37] Réponse
Array
(
    [status] => success
    [message] => 12 ligne(s) mise(s) à jour
    [updated] => 12
    [total_rows] => 12
    [errors] => Array
        (
        )

)

--------------------------------------------------------------------------------
[2026-09-24 14:46:37] === FIN ===
--------------------------------------------------------------------------------
[2026-09-24 14:49:51] === DÉBUT ===
--------------------------------------------------------------------------------
[2026-09-24 14:49:51] Input reçu
Array
(
    [raw_length] => 13554
    [has_data] => 1
)

--------------------------------------------------------------------------------
[2026-09-24 14:49:51] Connexion BDD OK
--------------------------------------------------------------------------------
[2026-09-24 14:49:51] Traitement ID: 72
--------------------------------------------------------------------------------
[2026-09-24 14:49:51] SQL
Array
(
    [sql] => UPDATE materiel SET marque = :marque, modele = :modele, type_materiel = :type_materiel, numero_serie = :numero_serie, adresse_ip = :adresse_ip, adresse_mac = :adresse_mac, masque = :masque, passerelle = :passerelle WHERE id = :id
    [params] => Array
        (
            [0] => :marque
            [1] => :modele
            [2] => :type_materiel
            [3] => :numero_serie
            [4] => :adresse_ip
            [5] => :adresse_mac
            [6] => :masque
            [7] => :passerelle
            [8] => :id
        )

)

--------------------------------------------------------------------------------
[2026-09-24 14:49:51] Mise à jour réussie ID: 72
--------------------------------------------------------------------------------
[2026-09-24 14:49:51] Traitement ID: 62
--------------------------------------------------------------------------------
[2026-09-24 14:49:51] SQL
Array
(
    [sql] => UPDATE materiel SET marque = :marque, modele = :modele, type_materiel = :type_materiel, numero_serie = :numero_serie, adresse_ip = :adresse_ip, masque = :masque, passerelle = :passerelle WHERE id = :id
    [params] => Array
        (
            [0] => :marque
            [1] => :modele
            [2] => :type_materiel
            [3] => :numero_serie
            [4] => :adresse_ip
            [5] => :masque
            [6] => :passerelle
            [7] => :id
        )

)

--------------------------------------------------------------------------------
[2026-09-24 14:49:51] Mise à jour réussie ID: 62
--------------------------------------------------------------------------------
[2026-09-24 14:49:51] Traitement ID: 66
--------------------------------------------------------------------------------
[2026-09-24 14:49:51] SQL
Array
(
    [sql] => UPDATE materiel SET marque = :marque, modele = :modele, type_materiel = :type_materiel, numero_serie = :numero_serie, version_firmware = :version_firmware, adresse_ip = :adresse_ip, adresse_mac = :adresse_mac, masque = :masque, passerelle = :passerelle WHERE id = :id
    [params] => Array
        (
            [0] => :marque
            [1] => :modele
            [2] => :type_materiel
            [3] => :numero_serie
            [4] => :version_firmware
            [5] => :adresse_ip
            [6] => :adresse_mac
            [7] => :masque
            [8] => :passerelle
            [9] => :id
        )

)

--------------------------------------------------------------------------------
[2026-09-24 14:49:51] Mise à jour réussie ID: 66
--------------------------------------------------------------------------------
[2026-09-24 14:49:51] Traitement ID: 67
--------------------------------------------------------------------------------
[2026-09-24 14:49:51] SQL
Array
(
    [sql] => UPDATE materiel SET marque = :marque, modele = :modele, numero_serie = :numero_serie, version_firmware = :version_firmware, adresse_ip = :adresse_ip, adresse_mac = :adresse_mac, masque = :masque, passerelle = :passerelle, login = :login, password = :password WHERE id = :id
    [params] => Array
        (
            [0] => :marque
            [1] => :modele
            [2] => :numero_serie
            [3] => :version_firmware
            [4] => :adresse_ip
            [5] => :adresse_mac
            [6] => :masque
            [7] => :passerelle
            [8] => :login
            [9] => :password
            [10] => :id
        )

)

--------------------------------------------------------------------------------
[2026-09-24 14:49:51] Mise à jour réussie ID: 67
--------------------------------------------------------------------------------
[2026-09-24 14:49:51] Traitement ID: 76
--------------------------------------------------------------------------------
[2026-09-24 14:49:51] SQL
Array
(
    [sql] => UPDATE materiel SET marque = :marque, modele = :modele, type_materiel = :type_materiel, numero_serie = :numero_serie, version_firmware = :version_firmware, adresse_ip = :adresse_ip, adresse_mac = :adresse_mac, ancien_firmware = :ancien_firmware, masque = :masque, passerelle = :passerelle, password_wifi = :password_wifi WHERE id = :id
    [params] => Array
        (
            [0] => :marque
            [1] => :modele
            [2] => :type_materiel
            [3] => :numero_serie
            [4] => :version_firmware
            [5] => :adresse_ip
            [6] => :adresse_mac
            [7] => :ancien_firmware
            [8] => :masque
            [9] => :passerelle
            [10] => :password_wifi
            [11] => :id
        )

)

--------------------------------------------------------------------------------
[2026-09-24 14:49:51] Mise à jour réussie ID: 76
--------------------------------------------------------------------------------
[2026-09-24 14:49:51] Traitement ID: 308
--------------------------------------------------------------------------------
[2026-09-24 14:49:51] SQL
Array
(
    [sql] => UPDATE materiel SET marque = :marque, modele = :modele, type_materiel = :type_materiel, numero_serie = :numero_serie, version_firmware = :version_firmware, adresse_ip = :adresse_ip, adresse_mac = :adresse_mac, masque = :masque, passerelle = :passerelle, password = :password, ssid = :ssid, password_wifi = :password_wifi WHERE id = :id
    [params] => Array
        (
            [0] => :marque
            [1] => :modele
            [2] => :type_materiel
            [3] => :numero_serie
            [4] => :version_firmware
            [5] => :adresse_ip
            [6] => :adresse_mac
            [7] => :masque
            [8] => :passerelle
            [9] => :password
            [10] => :ssid
            [11] => :password_wifi
            [12] => :id
        )

)

--------------------------------------------------------------------------------
[2026-09-24 14:49:51] Mise à jour réussie ID: 308
--------------------------------------------------------------------------------
[2026-09-24 14:49:51] Traitement ID: 63
--------------------------------------------------------------------------------
[2026-09-24 14:49:51] SQL
Array
(
    [sql] => UPDATE materiel SET marque = :marque, modele = :modele, type_materiel = :type_materiel, numero_serie = :numero_serie, version_firmware = :version_firmware, adresse_ip = :adresse_ip, adresse_mac = :adresse_mac, masque = :masque, passerelle = :passerelle, login = :login, password = :password, password_wifi = :password_wifi WHERE id = :id
    [params] => Array
        (
            [0] => :marque
            [1] => :modele
            [2] => :type_materiel
            [3] => :numero_serie
            [4] => :version_firmware
            [5] => :adresse_ip
            [6] => :adresse_mac
            [7] => :masque
            [8] => :passerelle
            [9] => :login
            [10] => :password
            [11] => :password_wifi
            [12] => :id
        )

)

--------------------------------------------------------------------------------
[2026-09-24 14:49:51] Mise à jour réussie ID: 63
--------------------------------------------------------------------------------
[2026-09-24 14:49:51] Traitement ID: 75
--------------------------------------------------------------------------------
[2026-09-24 14:49:51] SQL
Array
(
    [sql] => UPDATE materiel SET marque = :marque, modele = :modele, type_materiel = :type_materiel, numero_serie = :numero_serie, version_firmware = :version_firmware, adresse_ip = :adresse_ip, adresse_mac = :adresse_mac, masque = :masque, passerelle = :passerelle WHERE id = :id
    [params] => Array
        (
            [0] => :marque
            [1] => :modele
            [2] => :type_materiel
            [3] => :numero_serie
            [4] => :version_firmware
            [5] => :adresse_ip
            [6] => :adresse_mac
            [7] => :masque
            [8] => :passerelle
            [9] => :id
        )

)

--------------------------------------------------------------------------------
[2026-09-24 14:49:51] Mise à jour réussie ID: 75
--------------------------------------------------------------------------------
[2026-09-24 14:49:51] Traitement ID: 60
--------------------------------------------------------------------------------
[2026-09-24 14:49:51] SQL
Array
(
    [sql] => UPDATE materiel SET marque = :marque, modele = :modele, type_materiel = :type_materiel, numero_serie = :numero_serie, version_firmware = :version_firmware, adresse_ip = :adresse_ip, adresse_mac = :adresse_mac, masque = :masque, passerelle = :passerelle WHERE id = :id
    [params] => Array
        (
            [0] => :marque
            [1] => :modele
            [2] => :type_materiel
            [3] => :numero_serie
            [4] => :version_firmware
            [5] => :adresse_ip
            [6] => :adresse_mac
            [7] => :masque
            [8] => :passerelle
            [9] => :id
        )

)

--------------------------------------------------------------------------------
[2026-09-24 14:49:51] Mise à jour réussie ID: 60
--------------------------------------------------------------------------------
[2026-09-24 14:49:51] Traitement ID: 61
--------------------------------------------------------------------------------
[2026-09-24 14:49:51] SQL
Array
(
    [sql] => UPDATE materiel SET marque = :marque, modele = :modele, type_materiel = :type_materiel, numero_serie = :numero_serie, adresse_ip = :adresse_ip, adresse_mac = :adresse_mac, masque = :masque, passerelle = :passerelle WHERE id = :id
    [params] => Array
        (
            [0] => :marque
            [1] => :modele
            [2] => :type_materiel
            [3] => :numero_serie
            [4] => :adresse_ip
            [5] => :adresse_mac
            [6] => :masque
            [7] => :passerelle
            [8] => :id
        )

)

--------------------------------------------------------------------------------
[2026-09-24 14:49:51] Mise à jour réussie ID: 61
--------------------------------------------------------------------------------
[2026-09-24 14:49:51] Traitement ID: 71
--------------------------------------------------------------------------------
[2026-09-24 14:49:51] SQL
Array
(
    [sql] => UPDATE materiel SET marque = :marque, modele = :modele, type_materiel = :type_materiel, adresse_ip = :adresse_ip, adresse_mac = :adresse_mac, masque = :masque, passerelle = :passerelle WHERE id = :id
    [params] => Array
        (
            [0] => :marque
            [1] => :modele
            [2] => :type_materiel
            [3] => :adresse_ip
            [4] => :adresse_mac
            [5] => :masque
            [6] => :passerelle
            [7] => :id
        )

)

--------------------------------------------------------------------------------
[2026-09-24 14:49:51] Mise à jour réussie ID: 71
--------------------------------------------------------------------------------
[2026-09-24 14:49:51] Traitement ID: 68
--------------------------------------------------------------------------------
[2026-09-24 14:49:51] SQL
Array
(
    [sql] => UPDATE materiel SET marque = :marque, modele = :modele, type_materiel = :type_materiel, numero_serie = :numero_serie, adresse_ip = :adresse_ip, adresse_mac = :adresse_mac, masque = :masque, passerelle = :passerelle WHERE id = :id
    [params] => Array
        (
            [0] => :marque
            [1] => :modele
            [2] => :type_materiel
            [3] => :numero_serie
            [4] => :adresse_ip
            [5] => :adresse_mac
            [6] => :masque
            [7] => :passerelle
            [8] => :id
        )

)

--------------------------------------------------------------------------------
[2026-09-24 14:49:51] Mise à jour réussie ID: 68
--------------------------------------------------------------------------------
[2026-09-24 14:49:51] Traitement ID: 69
--------------------------------------------------------------------------------
[2026-09-24 14:49:51] SQL
Array
(
    [sql] => UPDATE materiel SET marque = :marque, modele = :modele, type_materiel = :type_materiel, numero_serie = :numero_serie, adresse_ip = :adresse_ip, adresse_mac = :adresse_mac, masque = :masque, passerelle = :passerelle WHERE id = :id
    [params] => Array
        (
            [0] => :marque
            [1] => :modele
            [2] => :type_materiel
            [3] => :numero_serie
            [4] => :adresse_ip
            [5] => :adresse_mac
            [6] => :masque
            [7] => :passerelle
            [8] => :id
        )

)

--------------------------------------------------------------------------------
[2026-09-24 14:49:51] Mise à jour réussie ID: 69
--------------------------------------------------------------------------------
[2026-09-24 14:49:51] Traitement ID: 70
--------------------------------------------------------------------------------
[2026-09-24 14:49:51] SQL
Array
(
    [sql] => UPDATE materiel SET marque = :marque, modele = :modele, type_materiel = :type_materiel, numero_serie = :numero_serie, adresse_ip = :adresse_ip, adresse_mac = :adresse_mac, masque = :masque, passerelle = :passerelle WHERE id = :id
    [params] => Array
        (
            [0] => :marque
            [1] => :modele
            [2] => :type_materiel
            [3] => :numero_serie
            [4] => :adresse_ip
            [5] => :adresse_mac
            [6] => :masque
            [7] => :passerelle
            [8] => :id
        )

)

--------------------------------------------------------------------------------
[2026-09-24 14:49:51] Mise à jour réussie ID: 70
--------------------------------------------------------------------------------
[2026-09-24 14:49:51] Traitement ID: 74
--------------------------------------------------------------------------------
[2026-09-24 14:49:51] SQL
Array
(
    [sql] => UPDATE materiel SET marque = :marque, modele = :modele, type_materiel = :type_materiel, numero_serie = :numero_serie, adresse_ip = :adresse_ip, masque = :masque, passerelle = :passerelle WHERE id = :id
    [params] => Array
        (
            [0] => :marque
            [1] => :modele
            [2] => :type_materiel
            [3] => :numero_serie
            [4] => :adresse_ip
            [5] => :masque
            [6] => :passerelle
            [7] => :id
        )

)

--------------------------------------------------------------------------------
[2026-09-24 14:49:51] Mise à jour réussie ID: 74
--------------------------------------------------------------------------------
[2026-09-24 14:49:51] Traitement ID: 73
--------------------------------------------------------------------------------
[2026-09-24 14:49:51] SQL
Array
(
    [sql] => UPDATE materiel SET marque = :marque, modele = :modele, type_materiel = :type_materiel, adresse_ip = :adresse_ip, masque = :masque, passerelle = :passerelle WHERE id = :id
    [params] => Array
        (
            [0] => :marque
            [1] => :modele
            [2] => :type_materiel
            [3] => :adresse_ip
            [4] => :masque
            [5] => :passerelle
            [6] => :id
        )

)

--------------------------------------------------------------------------------
[2026-09-24 14:49:51] Mise à jour réussie ID: 73
--------------------------------------------------------------------------------
[2026-09-24 14:49:51] Traitement ID: 64
--------------------------------------------------------------------------------
[2026-09-24 14:49:51] SQL
Array
(
    [sql] => UPDATE materiel SET marque = :marque, modele = :modele, type_materiel = :type_materiel, numero_serie = :numero_serie, version_firmware = :version_firmware, adresse_ip = :adresse_ip, adresse_mac = :adresse_mac, masque = :masque, passerelle = :passerelle, login = :login, password = :password WHERE id = :id
    [params] => Array
        (
            [0] => :marque
            [1] => :modele
            [2] => :type_materiel
            [3] => :numero_serie
            [4] => :version_firmware
            [5] => :adresse_ip
            [6] => :adresse_mac
            [7] => :masque
            [8] => :passerelle
            [9] => :login
            [10] => :password
            [11] => :id
        )

)

--------------------------------------------------------------------------------
[2026-09-24 14:49:51] Mise à jour réussie ID: 64
--------------------------------------------------------------------------------
[2026-09-24 14:49:51] Traitement ID: 202
--------------------------------------------------------------------------------
[2026-09-24 14:49:51] SQL
Array
(
    [sql] => UPDATE materiel SET marque = :marque, modele = :modele, numero_serie = :numero_serie WHERE id = :id
    [params] => Array
        (
            [0] => :marque
            [1] => :modele
            [2] => :numero_serie
            [3] => :id
        )

)

--------------------------------------------------------------------------------
[2026-09-24 14:49:51] Mise à jour réussie ID: 202
--------------------------------------------------------------------------------
[2026-09-24 14:49:51] Traitement ID: 65
--------------------------------------------------------------------------------
[2026-09-24 14:49:51] SQL
Array
(
    [sql] => UPDATE materiel SET marque = :marque, modele = :modele, type_materiel = :type_materiel, numero_serie = :numero_serie, adresse_ip = :adresse_ip, adresse_mac = :adresse_mac, masque = :masque, passerelle = :passerelle, login = :login, password = :password WHERE id = :id
    [params] => Array
        (
            [0] => :marque
            [1] => :modele
            [2] => :type_materiel
            [3] => :numero_serie
            [4] => :adresse_ip
            [5] => :adresse_mac
            [6] => :masque
            [7] => :passerelle
            [8] => :login
            [9] => :password
            [10] => :id
        )

)

--------------------------------------------------------------------------------
[2026-09-24 14:49:51] Mise à jour réussie ID: 65
--------------------------------------------------------------------------------
[2026-09-24 14:49:51] Réponse
Array
(
    [status] => success
    [message] => 19 ligne(s) mise(s) à jour
    [updated] => 19
    [total_rows] => 19
    [errors] => Array
        (
        )

)

--------------------------------------------------------------------------------
[2026-09-24 14:49:51] === FIN ===
--------------------------------------------------------------------------------
[2026-09-24 14:50:57] === DÉBUT ===
--------------------------------------------------------------------------------
[2026-09-24 14:50:57] Input reçu
Array
(
    [raw_length] => 14204
    [has_data] => 1
)

--------------------------------------------------------------------------------
[2026-09-24 14:50:57] Connexion BDD OK
--------------------------------------------------------------------------------
[2026-09-24 14:50:57] Traitement ID: 72
--------------------------------------------------------------------------------
[2026-09-24 14:50:57] SQL
Array
(
    [sql] => UPDATE materiel SET marque = :marque, modele = :modele, type_materiel = :type_materiel, numero_serie = :numero_serie, adresse_ip = :adresse_ip, adresse_mac = :adresse_mac, masque = :masque, passerelle = :passerelle WHERE id = :id
    [params] => Array
        (
            [0] => :marque
            [1] => :modele
            [2] => :type_materiel
            [3] => :numero_serie
            [4] => :adresse_ip
            [5] => :adresse_mac
            [6] => :masque
            [7] => :passerelle
            [8] => :id
        )

)

--------------------------------------------------------------------------------
[2026-09-24 14:50:57] Mise à jour réussie ID: 72
--------------------------------------------------------------------------------
[2026-09-24 14:50:57] Traitement ID: 62
--------------------------------------------------------------------------------
[2026-09-24 14:50:57] SQL
Array
(
    [sql] => UPDATE materiel SET marque = :marque, modele = :modele, type_materiel = :type_materiel, numero_serie = :numero_serie, adresse_ip = :adresse_ip, masque = :masque, passerelle = :passerelle WHERE id = :id
    [params] => Array
        (
            [0] => :marque
            [1] => :modele
            [2] => :type_materiel
            [3] => :numero_serie
            [4] => :adresse_ip
            [5] => :masque
            [6] => :passerelle
            [7] => :id
        )

)

--------------------------------------------------------------------------------
[2026-09-24 14:50:57] Mise à jour réussie ID: 62
--------------------------------------------------------------------------------
[2026-09-24 14:50:57] Traitement ID: 66
--------------------------------------------------------------------------------
[2026-09-24 14:50:57] SQL
Array
(
    [sql] => UPDATE materiel SET marque = :marque, modele = :modele, type_materiel = :type_materiel, numero_serie = :numero_serie, version_firmware = :version_firmware, adresse_ip = :adresse_ip, adresse_mac = :adresse_mac, masque = :masque, passerelle = :passerelle WHERE id = :id
    [params] => Array
        (
            [0] => :marque
            [1] => :modele
            [2] => :type_materiel
            [3] => :numero_serie
            [4] => :version_firmware
            [5] => :adresse_ip
            [6] => :adresse_mac
            [7] => :masque
            [8] => :passerelle
            [9] => :id
        )

)

--------------------------------------------------------------------------------
[2026-09-24 14:50:57] Mise à jour réussie ID: 66
--------------------------------------------------------------------------------
[2026-09-24 14:50:57] Traitement ID: 67
--------------------------------------------------------------------------------
[2026-09-24 14:50:57] SQL
Array
(
    [sql] => UPDATE materiel SET marque = :marque, modele = :modele, numero_serie = :numero_serie, version_firmware = :version_firmware, adresse_ip = :adresse_ip, adresse_mac = :adresse_mac, masque = :masque, passerelle = :passerelle, login = :login, password = :password WHERE id = :id
    [params] => Array
        (
            [0] => :marque
            [1] => :modele
            [2] => :numero_serie
            [3] => :version_firmware
            [4] => :adresse_ip
            [5] => :adresse_mac
            [6] => :masque
            [7] => :passerelle
            [8] => :login
            [9] => :password
            [10] => :id
        )

)

--------------------------------------------------------------------------------
[2026-09-24 14:50:57] Mise à jour réussie ID: 67
--------------------------------------------------------------------------------
[2026-09-24 14:50:57] Traitement ID: 76
--------------------------------------------------------------------------------
[2026-09-24 14:50:57] SQL
Array
(
    [sql] => UPDATE materiel SET marque = :marque, modele = :modele, type_materiel = :type_materiel, numero_serie = :numero_serie, version_firmware = :version_firmware, adresse_ip = :adresse_ip, adresse_mac = :adresse_mac, ancien_firmware = :ancien_firmware, masque = :masque, passerelle = :passerelle, password_wifi = :password_wifi WHERE id = :id
    [params] => Array
        (
            [0] => :marque
            [1] => :modele
            [2] => :type_materiel
            [3] => :numero_serie
            [4] => :version_firmware
            [5] => :adresse_ip
            [6] => :adresse_mac
            [7] => :ancien_firmware
            [8] => :masque
            [9] => :passerelle
            [10] => :password_wifi
            [11] => :id
        )

)

--------------------------------------------------------------------------------
[2026-09-24 14:50:57] Mise à jour réussie ID: 76
--------------------------------------------------------------------------------
[2026-09-24 14:50:57] Traitement ID: 308
--------------------------------------------------------------------------------
[2026-09-24 14:50:57] SQL
Array
(
    [sql] => UPDATE materiel SET marque = :marque, modele = :modele, type_materiel = :type_materiel, numero_serie = :numero_serie, version_firmware = :version_firmware, adresse_ip = :adresse_ip, adresse_mac = :adresse_mac, masque = :masque, passerelle = :passerelle, password = :password, ssid = :ssid, password_wifi = :password_wifi WHERE id = :id
    [params] => Array
        (
            [0] => :marque
            [1] => :modele
            [2] => :type_materiel
            [3] => :numero_serie
            [4] => :version_firmware
            [5] => :adresse_ip
            [6] => :adresse_mac
            [7] => :masque
            [8] => :passerelle
            [9] => :password
            [10] => :ssid
            [11] => :password_wifi
            [12] => :id
        )

)

--------------------------------------------------------------------------------
[2026-09-24 14:50:57] Mise à jour réussie ID: 308
--------------------------------------------------------------------------------
[2026-09-24 14:50:57] Traitement ID: 63
--------------------------------------------------------------------------------
[2026-09-24 14:50:57] SQL
Array
(
    [sql] => UPDATE materiel SET marque = :marque, modele = :modele, type_materiel = :type_materiel, numero_serie = :numero_serie, version_firmware = :version_firmware, adresse_ip = :adresse_ip, adresse_mac = :adresse_mac, masque = :masque, passerelle = :passerelle, login = :login, password = :password, password_wifi = :password_wifi WHERE id = :id
    [params] => Array
        (
            [0] => :marque
            [1] => :modele
            [2] => :type_materiel
            [3] => :numero_serie
            [4] => :version_firmware
            [5] => :adresse_ip
            [6] => :adresse_mac
            [7] => :masque
            [8] => :passerelle
            [9] => :login
            [10] => :password
            [11] => :password_wifi
            [12] => :id
        )

)

--------------------------------------------------------------------------------
[2026-09-24 14:50:57] Mise à jour réussie ID: 63
--------------------------------------------------------------------------------
[2026-09-24 14:50:57] Traitement ID: 75
--------------------------------------------------------------------------------
[2026-09-24 14:50:57] SQL
Array
(
    [sql] => UPDATE materiel SET marque = :marque, modele = :modele, type_materiel = :type_materiel, numero_serie = :numero_serie, version_firmware = :version_firmware, adresse_ip = :adresse_ip, adresse_mac = :adresse_mac, masque = :masque, passerelle = :passerelle WHERE id = :id
    [params] => Array
        (
            [0] => :marque
            [1] => :modele
            [2] => :type_materiel
            [3] => :numero_serie
            [4] => :version_firmware
            [5] => :adresse_ip
            [6] => :adresse_mac
            [7] => :masque
            [8] => :passerelle
            [9] => :id
        )

)

--------------------------------------------------------------------------------
[2026-09-24 14:50:57] Mise à jour réussie ID: 75
--------------------------------------------------------------------------------
[2026-09-24 14:50:57] Traitement ID: 60
--------------------------------------------------------------------------------
[2026-09-24 14:50:57] SQL
Array
(
    [sql] => UPDATE materiel SET marque = :marque, modele = :modele, type_materiel = :type_materiel, numero_serie = :numero_serie, version_firmware = :version_firmware, adresse_ip = :adresse_ip, adresse_mac = :adresse_mac, masque = :masque, passerelle = :passerelle WHERE id = :id
    [params] => Array
        (
            [0] => :marque
            [1] => :modele
            [2] => :type_materiel
            [3] => :numero_serie
            [4] => :version_firmware
            [5] => :adresse_ip
            [6] => :adresse_mac
            [7] => :masque
            [8] => :passerelle
            [9] => :id
        )

)

--------------------------------------------------------------------------------
[2026-09-24 14:50:57] Mise à jour réussie ID: 60
--------------------------------------------------------------------------------
[2026-09-24 14:50:57] Traitement ID: 61
--------------------------------------------------------------------------------
[2026-09-24 14:50:57] SQL
Array
(
    [sql] => UPDATE materiel SET marque = :marque, modele = :modele, type_materiel = :type_materiel, numero_serie = :numero_serie, adresse_ip = :adresse_ip, adresse_mac = :adresse_mac, masque = :masque, passerelle = :passerelle WHERE id = :id
    [params] => Array
        (
            [0] => :marque
            [1] => :modele
            [2] => :type_materiel
            [3] => :numero_serie
            [4] => :adresse_ip
            [5] => :adresse_mac
            [6] => :masque
            [7] => :passerelle
            [8] => :id
        )

)

--------------------------------------------------------------------------------
[2026-09-24 14:50:57] Mise à jour réussie ID: 61
--------------------------------------------------------------------------------
[2026-09-24 14:50:57] Traitement ID: 71
--------------------------------------------------------------------------------
[2026-09-24 14:50:57] SQL
Array
(
    [sql] => UPDATE materiel SET marque = :marque, modele = :modele, type_materiel = :type_materiel, adresse_ip = :adresse_ip, adresse_mac = :adresse_mac, masque = :masque, passerelle = :passerelle WHERE id = :id
    [params] => Array
        (
            [0] => :marque
            [1] => :modele
            [2] => :type_materiel
            [3] => :adresse_ip
            [4] => :adresse_mac
            [5] => :masque
            [6] => :passerelle
            [7] => :id
        )

)

--------------------------------------------------------------------------------
[2026-09-24 14:50:57] Mise à jour réussie ID: 71
--------------------------------------------------------------------------------
[2026-09-24 14:50:57] Traitement ID: 68
--------------------------------------------------------------------------------
[2026-09-24 14:50:57] SQL
Array
(
    [sql] => UPDATE materiel SET marque = :marque, modele = :modele, type_materiel = :type_materiel, numero_serie = :numero_serie, adresse_ip = :adresse_ip, adresse_mac = :adresse_mac, masque = :masque, passerelle = :passerelle WHERE id = :id
    [params] => Array
        (
            [0] => :marque
            [1] => :modele
            [2] => :type_materiel
            [3] => :numero_serie
            [4] => :adresse_ip
            [5] => :adresse_mac
            [6] => :masque
            [7] => :passerelle
            [8] => :id
        )

)

--------------------------------------------------------------------------------
[2026-09-24 14:50:57] Mise à jour réussie ID: 68
--------------------------------------------------------------------------------
[2026-09-24 14:50:57] Traitement ID: 69
--------------------------------------------------------------------------------
[2026-09-24 14:50:57] SQL
Array
(
    [sql] => UPDATE materiel SET marque = :marque, modele = :modele, type_materiel = :type_materiel, numero_serie = :numero_serie, adresse_ip = :adresse_ip, adresse_mac = :adresse_mac, masque = :masque, passerelle = :passerelle WHERE id = :id
    [params] => Array
        (
            [0] => :marque
            [1] => :modele
            [2] => :type_materiel
            [3] => :numero_serie
            [4] => :adresse_ip
            [5] => :adresse_mac
            [6] => :masque
            [7] => :passerelle
            [8] => :id
        )

)

--------------------------------------------------------------------------------
[2026-09-24 14:50:57] Mise à jour réussie ID: 69
--------------------------------------------------------------------------------
[2026-09-24 14:50:57] Traitement ID: 70
--------------------------------------------------------------------------------
[2026-09-24 14:50:57] SQL
Array
(
    [sql] => UPDATE materiel SET marque = :marque, modele = :modele, type_materiel = :type_materiel, numero_serie = :numero_serie, adresse_ip = :adresse_ip, adresse_mac = :adresse_mac, masque = :masque, passerelle = :passerelle WHERE id = :id
    [params] => Array
        (
            [0] => :marque
            [1] => :modele
            [2] => :type_materiel
            [3] => :numero_serie
            [4] => :adresse_ip
            [5] => :adresse_mac
            [6] => :masque
            [7] => :passerelle
            [8] => :id
        )

)

--------------------------------------------------------------------------------
[2026-09-24 14:50:57] Mise à jour réussie ID: 70
--------------------------------------------------------------------------------
[2026-09-24 14:50:57] Traitement ID: 74
--------------------------------------------------------------------------------
[2026-09-24 14:50:57] SQL
Array
(
    [sql] => UPDATE materiel SET marque = :marque, modele = :modele, type_materiel = :type_materiel, numero_serie = :numero_serie, adresse_ip = :adresse_ip, masque = :masque, passerelle = :passerelle WHERE id = :id
    [params] => Array
        (
            [0] => :marque
            [1] => :modele
            [2] => :type_materiel
            [3] => :numero_serie
            [4] => :adresse_ip
            [5] => :masque
            [6] => :passerelle
            [7] => :id
        )

)

--------------------------------------------------------------------------------
[2026-09-24 14:50:57] Mise à jour réussie ID: 74
--------------------------------------------------------------------------------
[2026-09-24 14:50:57] Traitement ID: 73
--------------------------------------------------------------------------------
[2026-09-24 14:50:57] SQL
Array
(
    [sql] => UPDATE materiel SET marque = :marque, modele = :modele, type_materiel = :type_materiel, adresse_ip = :adresse_ip, masque = :masque, passerelle = :passerelle WHERE id = :id
    [params] => Array
        (
            [0] => :marque
            [1] => :modele
            [2] => :type_materiel
            [3] => :adresse_ip
            [4] => :masque
            [5] => :passerelle
            [6] => :id
        )

)

--------------------------------------------------------------------------------
[2026-09-24 14:50:57] Mise à jour réussie ID: 73
--------------------------------------------------------------------------------
[2026-09-24 14:50:57] Traitement ID: 3838
--------------------------------------------------------------------------------
[2026-09-24 14:50:57] SQL
Array
(
    [sql] => UPDATE materiel SET marque = :marque, modele = :modele, numero_serie = :numero_serie WHERE id = :id
    [params] => Array
        (
            [0] => :marque
            [1] => :modele
            [2] => :numero_serie
            [3] => :id
        )

)

--------------------------------------------------------------------------------
[2026-09-24 14:50:57] Mise à jour réussie ID: 3838
--------------------------------------------------------------------------------
[2026-09-24 14:50:57] Traitement ID: 64
--------------------------------------------------------------------------------
[2026-09-24 14:50:57] SQL
Array
(
    [sql] => UPDATE materiel SET marque = :marque, modele = :modele, type_materiel = :type_materiel, numero_serie = :numero_serie, version_firmware = :version_firmware, adresse_ip = :adresse_ip, adresse_mac = :adresse_mac, masque = :masque, passerelle = :passerelle, login = :login, password = :password WHERE id = :id
    [params] => Array
        (
            [0] => :marque
            [1] => :modele
            [2] => :type_materiel
            [3] => :numero_serie
            [4] => :version_firmware
            [5] => :adresse_ip
            [6] => :adresse_mac
            [7] => :masque
            [8] => :passerelle
            [9] => :login
            [10] => :password
            [11] => :id
        )

)

--------------------------------------------------------------------------------
[2026-09-24 14:50:57] Mise à jour réussie ID: 64
--------------------------------------------------------------------------------
[2026-09-24 14:50:57] Traitement ID: 202
--------------------------------------------------------------------------------
[2026-09-24 14:50:57] SQL
Array
(
    [sql] => UPDATE materiel SET marque = :marque, modele = :modele, numero_serie = :numero_serie WHERE id = :id
    [params] => Array
        (
            [0] => :marque
            [1] => :modele
            [2] => :numero_serie
            [3] => :id
        )

)

--------------------------------------------------------------------------------
[2026-09-24 14:50:57] Mise à jour réussie ID: 202
--------------------------------------------------------------------------------
[2026-09-24 14:50:57] Traitement ID: 65
--------------------------------------------------------------------------------
[2026-09-24 14:50:57] SQL
Array
(
    [sql] => UPDATE materiel SET marque = :marque, modele = :modele, type_materiel = :type_materiel, numero_serie = :numero_serie, adresse_ip = :adresse_ip, adresse_mac = :adresse_mac, masque = :masque, passerelle = :passerelle, login = :login, password = :password WHERE id = :id
    [params] => Array
        (
            [0] => :marque
            [1] => :modele
            [2] => :type_materiel
            [3] => :numero_serie
            [4] => :adresse_ip
            [5] => :adresse_mac
            [6] => :masque
            [7] => :passerelle
            [8] => :login
            [9] => :password
            [10] => :id
        )

)

--------------------------------------------------------------------------------
[2026-09-24 14:50:57] Mise à jour réussie ID: 65
--------------------------------------------------------------------------------
[2026-09-24 14:50:57] Réponse
Array
(
    [status] => success
    [message] => 20 ligne(s) mise(s) à jour
    [updated] => 20
    [total_rows] => 20
    [errors] => Array
        (
        )

)

--------------------------------------------------------------------------------
[2026-09-24 14:50:57] === FIN ===
--------------------------------------------------------------------------------
[2026-09-24 14:53:59] === DÉBUT ===
--------------------------------------------------------------------------------
[2026-09-24 14:53:59] Input reçu
Array
(
    [raw_length] => 14854
    [has_data] => 1
)

--------------------------------------------------------------------------------
[2026-09-24 14:53:59] Connexion BDD OK
--------------------------------------------------------------------------------
[2026-09-24 14:53:59] Traitement ID: 72
--------------------------------------------------------------------------------
[2026-09-24 14:53:59] SQL
Array
(
    [sql] => UPDATE materiel SET marque = :marque, modele = :modele, type_materiel = :type_materiel, numero_serie = :numero_serie, adresse_ip = :adresse_ip, adresse_mac = :adresse_mac, masque = :masque, passerelle = :passerelle WHERE id = :id
    [params] => Array
        (
            [0] => :marque
            [1] => :modele
            [2] => :type_materiel
            [3] => :numero_serie
            [4] => :adresse_ip
            [5] => :adresse_mac
            [6] => :masque
            [7] => :passerelle
            [8] => :id
        )

)

--------------------------------------------------------------------------------
[2026-09-24 14:53:59] Mise à jour réussie ID: 72
--------------------------------------------------------------------------------
[2026-09-24 14:53:59] Traitement ID: 62
--------------------------------------------------------------------------------
[2026-09-24 14:53:59] SQL
Array
(
    [sql] => UPDATE materiel SET marque = :marque, modele = :modele, type_materiel = :type_materiel, numero_serie = :numero_serie, adresse_ip = :adresse_ip, masque = :masque, passerelle = :passerelle WHERE id = :id
    [params] => Array
        (
            [0] => :marque
            [1] => :modele
            [2] => :type_materiel
            [3] => :numero_serie
            [4] => :adresse_ip
            [5] => :masque
            [6] => :passerelle
            [7] => :id
        )

)

--------------------------------------------------------------------------------
[2026-09-24 14:53:59] Mise à jour réussie ID: 62
--------------------------------------------------------------------------------
[2026-09-24 14:53:59] Traitement ID: 66
--------------------------------------------------------------------------------
[2026-09-24 14:53:59] SQL
Array
(
    [sql] => UPDATE materiel SET marque = :marque, modele = :modele, type_materiel = :type_materiel, numero_serie = :numero_serie, version_firmware = :version_firmware, adresse_ip = :adresse_ip, adresse_mac = :adresse_mac, masque = :masque, passerelle = :passerelle WHERE id = :id
    [params] => Array
        (
            [0] => :marque
            [1] => :modele
            [2] => :type_materiel
            [3] => :numero_serie
            [4] => :version_firmware
            [5] => :adresse_ip
            [6] => :adresse_mac
            [7] => :masque
            [8] => :passerelle
            [9] => :id
        )

)

--------------------------------------------------------------------------------
[2026-09-24 14:53:59] Mise à jour réussie ID: 66
--------------------------------------------------------------------------------
[2026-09-24 14:53:59] Traitement ID: 67
--------------------------------------------------------------------------------
[2026-09-24 14:53:59] SQL
Array
(
    [sql] => UPDATE materiel SET marque = :marque, modele = :modele, numero_serie = :numero_serie, version_firmware = :version_firmware, adresse_ip = :adresse_ip, adresse_mac = :adresse_mac, masque = :masque, passerelle = :passerelle, login = :login, password = :password WHERE id = :id
    [params] => Array
        (
            [0] => :marque
            [1] => :modele
            [2] => :numero_serie
            [3] => :version_firmware
            [4] => :adresse_ip
            [5] => :adresse_mac
            [6] => :masque
            [7] => :passerelle
            [8] => :login
            [9] => :password
            [10] => :id
        )

)

--------------------------------------------------------------------------------
[2026-09-24 14:53:59] Mise à jour réussie ID: 67
--------------------------------------------------------------------------------
[2026-09-24 14:53:59] Traitement ID: 76
--------------------------------------------------------------------------------
[2026-09-24 14:53:59] SQL
Array
(
    [sql] => UPDATE materiel SET marque = :marque, modele = :modele, type_materiel = :type_materiel, numero_serie = :numero_serie, version_firmware = :version_firmware, adresse_ip = :adresse_ip, adresse_mac = :adresse_mac, ancien_firmware = :ancien_firmware, masque = :masque, passerelle = :passerelle, password_wifi = :password_wifi WHERE id = :id
    [params] => Array
        (
            [0] => :marque
            [1] => :modele
            [2] => :type_materiel
            [3] => :numero_serie
            [4] => :version_firmware
            [5] => :adresse_ip
            [6] => :adresse_mac
            [7] => :ancien_firmware
            [8] => :masque
            [9] => :passerelle
            [10] => :password_wifi
            [11] => :id
        )

)

--------------------------------------------------------------------------------
[2026-09-24 14:53:59] Mise à jour réussie ID: 76
--------------------------------------------------------------------------------
[2026-09-24 14:53:59] Traitement ID: 308
--------------------------------------------------------------------------------
[2026-09-24 14:53:59] SQL
Array
(
    [sql] => UPDATE materiel SET marque = :marque, modele = :modele, type_materiel = :type_materiel, numero_serie = :numero_serie, version_firmware = :version_firmware, adresse_ip = :adresse_ip, adresse_mac = :adresse_mac, masque = :masque, passerelle = :passerelle, password = :password, ssid = :ssid, password_wifi = :password_wifi WHERE id = :id
    [params] => Array
        (
            [0] => :marque
            [1] => :modele
            [2] => :type_materiel
            [3] => :numero_serie
            [4] => :version_firmware
            [5] => :adresse_ip
            [6] => :adresse_mac
            [7] => :masque
            [8] => :passerelle
            [9] => :password
            [10] => :ssid
            [11] => :password_wifi
            [12] => :id
        )

)

--------------------------------------------------------------------------------
[2026-09-24 14:53:59] Mise à jour réussie ID: 308
--------------------------------------------------------------------------------
[2026-09-24 14:53:59] Traitement ID: 63
--------------------------------------------------------------------------------
[2026-09-24 14:53:59] SQL
Array
(
    [sql] => UPDATE materiel SET marque = :marque, modele = :modele, type_materiel = :type_materiel, numero_serie = :numero_serie, version_firmware = :version_firmware, adresse_ip = :adresse_ip, adresse_mac = :adresse_mac, masque = :masque, passerelle = :passerelle, login = :login, password = :password, password_wifi = :password_wifi WHERE id = :id
    [params] => Array
        (
            [0] => :marque
            [1] => :modele
            [2] => :type_materiel
            [3] => :numero_serie
            [4] => :version_firmware
            [5] => :adresse_ip
            [6] => :adresse_mac
            [7] => :masque
            [8] => :passerelle
            [9] => :login
            [10] => :password
            [11] => :password_wifi
            [12] => :id
        )

)

--------------------------------------------------------------------------------
[2026-09-24 14:53:59] Mise à jour réussie ID: 63
--------------------------------------------------------------------------------
[2026-09-24 14:53:59] Traitement ID: 75
--------------------------------------------------------------------------------
[2026-09-24 14:53:59] SQL
Array
(
    [sql] => UPDATE materiel SET marque = :marque, modele = :modele, type_materiel = :type_materiel, numero_serie = :numero_serie, version_firmware = :version_firmware, adresse_ip = :adresse_ip, adresse_mac = :adresse_mac, masque = :masque, passerelle = :passerelle WHERE id = :id
    [params] => Array
        (
            [0] => :marque
            [1] => :modele
            [2] => :type_materiel
            [3] => :numero_serie
            [4] => :version_firmware
            [5] => :adresse_ip
            [6] => :adresse_mac
            [7] => :masque
            [8] => :passerelle
            [9] => :id
        )

)

--------------------------------------------------------------------------------
[2026-09-24 14:53:59] Mise à jour réussie ID: 75
--------------------------------------------------------------------------------
[2026-09-24 14:53:59] Traitement ID: 60
--------------------------------------------------------------------------------
[2026-09-24 14:53:59] SQL
Array
(
    [sql] => UPDATE materiel SET marque = :marque, modele = :modele, type_materiel = :type_materiel, numero_serie = :numero_serie, version_firmware = :version_firmware, adresse_ip = :adresse_ip, adresse_mac = :adresse_mac, masque = :masque, passerelle = :passerelle WHERE id = :id
    [params] => Array
        (
            [0] => :marque
            [1] => :modele
            [2] => :type_materiel
            [3] => :numero_serie
            [4] => :version_firmware
            [5] => :adresse_ip
            [6] => :adresse_mac
            [7] => :masque
            [8] => :passerelle
            [9] => :id
        )

)

--------------------------------------------------------------------------------
[2026-09-24 14:53:59] Mise à jour réussie ID: 60
--------------------------------------------------------------------------------
[2026-09-24 14:53:59] Traitement ID: 61
--------------------------------------------------------------------------------
[2026-09-24 14:53:59] SQL
Array
(
    [sql] => UPDATE materiel SET marque = :marque, modele = :modele, type_materiel = :type_materiel, numero_serie = :numero_serie, adresse_ip = :adresse_ip, adresse_mac = :adresse_mac, masque = :masque, passerelle = :passerelle WHERE id = :id
    [params] => Array
        (
            [0] => :marque
            [1] => :modele
            [2] => :type_materiel
            [3] => :numero_serie
            [4] => :adresse_ip
            [5] => :adresse_mac
            [6] => :masque
            [7] => :passerelle
            [8] => :id
        )

)

--------------------------------------------------------------------------------
[2026-09-24 14:53:59] Mise à jour réussie ID: 61
--------------------------------------------------------------------------------
[2026-09-24 14:53:59] Traitement ID: 71
--------------------------------------------------------------------------------
[2026-09-24 14:53:59] SQL
Array
(
    [sql] => UPDATE materiel SET marque = :marque, modele = :modele, type_materiel = :type_materiel, adresse_ip = :adresse_ip, adresse_mac = :adresse_mac, masque = :masque, passerelle = :passerelle WHERE id = :id
    [params] => Array
        (
            [0] => :marque
            [1] => :modele
            [2] => :type_materiel
            [3] => :adresse_ip
            [4] => :adresse_mac
            [5] => :masque
            [6] => :passerelle
            [7] => :id
        )

)

--------------------------------------------------------------------------------
[2026-09-24 14:53:59] Mise à jour réussie ID: 71
--------------------------------------------------------------------------------
[2026-09-24 14:53:59] Traitement ID: 68
--------------------------------------------------------------------------------
[2026-09-24 14:53:59] SQL
Array
(
    [sql] => UPDATE materiel SET marque = :marque, modele = :modele, type_materiel = :type_materiel, numero_serie = :numero_serie, adresse_ip = :adresse_ip, adresse_mac = :adresse_mac, masque = :masque, passerelle = :passerelle WHERE id = :id
    [params] => Array
        (
            [0] => :marque
            [1] => :modele
            [2] => :type_materiel
            [3] => :numero_serie
            [4] => :adresse_ip
            [5] => :adresse_mac
            [6] => :masque
            [7] => :passerelle
            [8] => :id
        )

)

--------------------------------------------------------------------------------
[2026-09-24 14:53:59] Mise à jour réussie ID: 68
--------------------------------------------------------------------------------
[2026-09-24 14:53:59] Traitement ID: 69
--------------------------------------------------------------------------------
[2026-09-24 14:53:59] SQL
Array
(
    [sql] => UPDATE materiel SET marque = :marque, modele = :modele, type_materiel = :type_materiel, numero_serie = :numero_serie, adresse_ip = :adresse_ip, adresse_mac = :adresse_mac, masque = :masque, passerelle = :passerelle WHERE id = :id
    [params] => Array
        (
            [0] => :marque
            [1] => :modele
            [2] => :type_materiel
            [3] => :numero_serie
            [4] => :adresse_ip
            [5] => :adresse_mac
            [6] => :masque
            [7] => :passerelle
            [8] => :id
        )

)

--------------------------------------------------------------------------------
[2026-09-24 14:53:59] Mise à jour réussie ID: 69
--------------------------------------------------------------------------------
[2026-09-24 14:53:59] Traitement ID: 70
--------------------------------------------------------------------------------
[2026-09-24 14:53:59] SQL
Array
(
    [sql] => UPDATE materiel SET marque = :marque, modele = :modele, type_materiel = :type_materiel, numero_serie = :numero_serie, adresse_ip = :adresse_ip, adresse_mac = :adresse_mac, masque = :masque, passerelle = :passerelle WHERE id = :id
    [params] => Array
        (
            [0] => :marque
            [1] => :modele
            [2] => :type_materiel
            [3] => :numero_serie
            [4] => :adresse_ip
            [5] => :adresse_mac
            [6] => :masque
            [7] => :passerelle
            [8] => :id
        )

)

--------------------------------------------------------------------------------
[2026-09-24 14:53:59] Mise à jour réussie ID: 70
--------------------------------------------------------------------------------
[2026-09-24 14:53:59] Traitement ID: 74
--------------------------------------------------------------------------------
[2026-09-24 14:53:59] SQL
Array
(
    [sql] => UPDATE materiel SET marque = :marque, modele = :modele, type_materiel = :type_materiel, numero_serie = :numero_serie, adresse_ip = :adresse_ip, masque = :masque, passerelle = :passerelle WHERE id = :id
    [params] => Array
        (
            [0] => :marque
            [1] => :modele
            [2] => :type_materiel
            [3] => :numero_serie
            [4] => :adresse_ip
            [5] => :masque
            [6] => :passerelle
            [7] => :id
        )

)

--------------------------------------------------------------------------------
[2026-09-24 14:53:59] Mise à jour réussie ID: 74
--------------------------------------------------------------------------------
[2026-09-24 14:53:59] Traitement ID: 73
--------------------------------------------------------------------------------
[2026-09-24 14:53:59] SQL
Array
(
    [sql] => UPDATE materiel SET marque = :marque, modele = :modele, type_materiel = :type_materiel, adresse_ip = :adresse_ip, masque = :masque, passerelle = :passerelle WHERE id = :id
    [params] => Array
        (
            [0] => :marque
            [1] => :modele
            [2] => :type_materiel
            [3] => :adresse_ip
            [4] => :masque
            [5] => :passerelle
            [6] => :id
        )

)

--------------------------------------------------------------------------------
[2026-09-24 14:53:59] Mise à jour réussie ID: 73
--------------------------------------------------------------------------------
[2026-09-24 14:53:59] Traitement ID: 3838
--------------------------------------------------------------------------------
[2026-09-24 14:53:59] SQL
Array
(
    [sql] => UPDATE materiel SET marque = :marque, modele = :modele, numero_serie = :numero_serie WHERE id = :id
    [params] => Array
        (
            [0] => :marque
            [1] => :modele
            [2] => :numero_serie
            [3] => :id
        )

)

--------------------------------------------------------------------------------
[2026-09-24 14:53:59] Mise à jour réussie ID: 3838
--------------------------------------------------------------------------------
[2026-09-24 14:53:59] Traitement ID: 3839
--------------------------------------------------------------------------------
[2026-09-24 14:53:59] SQL
Array
(
    [sql] => UPDATE materiel SET marque = :marque, modele = :modele, numero_serie = :numero_serie WHERE id = :id
    [params] => Array
        (
            [0] => :marque
            [1] => :modele
            [2] => :numero_serie
            [3] => :id
        )

)

--------------------------------------------------------------------------------
[2026-09-24 14:53:59] Mise à jour réussie ID: 3839
--------------------------------------------------------------------------------
[2026-09-24 14:53:59] Traitement ID: 64
--------------------------------------------------------------------------------
[2026-09-24 14:53:59] SQL
Array
(
    [sql] => UPDATE materiel SET marque = :marque, modele = :modele, type_materiel = :type_materiel, numero_serie = :numero_serie, version_firmware = :version_firmware, adresse_ip = :adresse_ip, adresse_mac = :adresse_mac, masque = :masque, passerelle = :passerelle, login = :login, password = :password WHERE id = :id
    [params] => Array
        (
            [0] => :marque
            [1] => :modele
            [2] => :type_materiel
            [3] => :numero_serie
            [4] => :version_firmware
            [5] => :adresse_ip
            [6] => :adresse_mac
            [7] => :masque
            [8] => :passerelle
            [9] => :login
            [10] => :password
            [11] => :id
        )

)

--------------------------------------------------------------------------------
[2026-09-24 14:53:59] Mise à jour réussie ID: 64
--------------------------------------------------------------------------------
[2026-09-24 14:53:59] Traitement ID: 202
--------------------------------------------------------------------------------
[2026-09-24 14:53:59] SQL
Array
(
    [sql] => UPDATE materiel SET marque = :marque, modele = :modele, numero_serie = :numero_serie WHERE id = :id
    [params] => Array
        (
            [0] => :marque
            [1] => :modele
            [2] => :numero_serie
            [3] => :id
        )

)

--------------------------------------------------------------------------------
[2026-09-24 14:53:59] Mise à jour réussie ID: 202
--------------------------------------------------------------------------------
[2026-09-24 14:53:59] Traitement ID: 65
--------------------------------------------------------------------------------
[2026-09-24 14:53:59] SQL
Array
(
    [sql] => UPDATE materiel SET marque = :marque, modele = :modele, type_materiel = :type_materiel, numero_serie = :numero_serie, adresse_ip = :adresse_ip, adresse_mac = :adresse_mac, masque = :masque, passerelle = :passerelle, login = :login, password = :password WHERE id = :id
    [params] => Array
        (
            [0] => :marque
            [1] => :modele
            [2] => :type_materiel
            [3] => :numero_serie
            [4] => :adresse_ip
            [5] => :adresse_mac
            [6] => :masque
            [7] => :passerelle
            [8] => :login
            [9] => :password
            [10] => :id
        )

)

--------------------------------------------------------------------------------
[2026-09-24 14:53:59] Mise à jour réussie ID: 65
--------------------------------------------------------------------------------
[2026-09-24 14:53:59] Réponse
Array
(
    [status] => success
    [message] => 21 ligne(s) mise(s) à jour
    [updated] => 21
    [total_rows] => 21
    [errors] => Array
        (
        )

)

--------------------------------------------------------------------------------
[2026-09-24 14:53:59] === FIN ===
--------------------------------------------------------------------------------
[2026-09-24 14:54:01] === DÉBUT ===
--------------------------------------------------------------------------------
[2026-09-24 14:54:01] Input reçu
Array
(
    [raw_length] => 14854
    [has_data] => 1
)

--------------------------------------------------------------------------------
[2026-09-24 14:54:01] Connexion BDD OK
--------------------------------------------------------------------------------
[2026-09-24 14:54:01] Traitement ID: 72
--------------------------------------------------------------------------------
[2026-09-24 14:54:01] SQL
Array
(
    [sql] => UPDATE materiel SET marque = :marque, modele = :modele, type_materiel = :type_materiel, numero_serie = :numero_serie, adresse_ip = :adresse_ip, adresse_mac = :adresse_mac, masque = :masque, passerelle = :passerelle WHERE id = :id
    [params] => Array
        (
            [0] => :marque
            [1] => :modele
            [2] => :type_materiel
            [3] => :numero_serie
            [4] => :adresse_ip
            [5] => :adresse_mac
            [6] => :masque
            [7] => :passerelle
            [8] => :id
        )

)

--------------------------------------------------------------------------------
[2026-09-24 14:54:01] Mise à jour réussie ID: 72
--------------------------------------------------------------------------------
[2026-09-24 14:54:01] Traitement ID: 62
--------------------------------------------------------------------------------
[2026-09-24 14:54:01] SQL
Array
(
    [sql] => UPDATE materiel SET marque = :marque, modele = :modele, type_materiel = :type_materiel, numero_serie = :numero_serie, adresse_ip = :adresse_ip, masque = :masque, passerelle = :passerelle WHERE id = :id
    [params] => Array
        (
            [0] => :marque
            [1] => :modele
            [2] => :type_materiel
            [3] => :numero_serie
            [4] => :adresse_ip
            [5] => :masque
            [6] => :passerelle
            [7] => :id
        )

)

--------------------------------------------------------------------------------
[2026-09-24 14:54:01] Mise à jour réussie ID: 62
--------------------------------------------------------------------------------
[2026-09-24 14:54:01] Traitement ID: 66
--------------------------------------------------------------------------------
[2026-09-24 14:54:01] SQL
Array
(
    [sql] => UPDATE materiel SET marque = :marque, modele = :modele, type_materiel = :type_materiel, numero_serie = :numero_serie, version_firmware = :version_firmware, adresse_ip = :adresse_ip, adresse_mac = :adresse_mac, masque = :masque, passerelle = :passerelle WHERE id = :id
    [params] => Array
        (
            [0] => :marque
            [1] => :modele
            [2] => :type_materiel
            [3] => :numero_serie
            [4] => :version_firmware
            [5] => :adresse_ip
            [6] => :adresse_mac
            [7] => :masque
            [8] => :passerelle
            [9] => :id
        )

)

--------------------------------------------------------------------------------
[2026-09-24 14:54:01] Mise à jour réussie ID: 66
--------------------------------------------------------------------------------
[2026-09-24 14:54:01] Traitement ID: 67
--------------------------------------------------------------------------------
[2026-09-24 14:54:01] SQL
Array
(
    [sql] => UPDATE materiel SET marque = :marque, modele = :modele, numero_serie = :numero_serie, version_firmware = :version_firmware, adresse_ip = :adresse_ip, adresse_mac = :adresse_mac, masque = :masque, passerelle = :passerelle, login = :login, password = :password WHERE id = :id
    [params] => Array
        (
            [0] => :marque
            [1] => :modele
            [2] => :numero_serie
            [3] => :version_firmware
            [4] => :adresse_ip
            [5] => :adresse_mac
            [6] => :masque
            [7] => :passerelle
            [8] => :login
            [9] => :password
            [10] => :id
        )

)

--------------------------------------------------------------------------------
[2026-09-24 14:54:01] Mise à jour réussie ID: 67
--------------------------------------------------------------------------------
[2026-09-24 14:54:01] Traitement ID: 76
--------------------------------------------------------------------------------
[2026-09-24 14:54:01] SQL
Array
(
    [sql] => UPDATE materiel SET marque = :marque, modele = :modele, type_materiel = :type_materiel, numero_serie = :numero_serie, version_firmware = :version_firmware, adresse_ip = :adresse_ip, adresse_mac = :adresse_mac, ancien_firmware = :ancien_firmware, masque = :masque, passerelle = :passerelle, password_wifi = :password_wifi WHERE id = :id
    [params] => Array
        (
            [0] => :marque
            [1] => :modele
            [2] => :type_materiel
            [3] => :numero_serie
            [4] => :version_firmware
            [5] => :adresse_ip
            [6] => :adresse_mac
            [7] => :ancien_firmware
            [8] => :masque
            [9] => :passerelle
            [10] => :password_wifi
            [11] => :id
        )

)

--------------------------------------------------------------------------------
[2026-09-24 14:54:01] Mise à jour réussie ID: 76
--------------------------------------------------------------------------------
[2026-09-24 14:54:01] Traitement ID: 308
--------------------------------------------------------------------------------
[2026-09-24 14:54:01] SQL
Array
(
    [sql] => UPDATE materiel SET marque = :marque, modele = :modele, type_materiel = :type_materiel, numero_serie = :numero_serie, version_firmware = :version_firmware, adresse_ip = :adresse_ip, adresse_mac = :adresse_mac, masque = :masque, passerelle = :passerelle, password = :password, ssid = :ssid, password_wifi = :password_wifi WHERE id = :id
    [params] => Array
        (
            [0] => :marque
            [1] => :modele
            [2] => :type_materiel
            [3] => :numero_serie
            [4] => :version_firmware
            [5] => :adresse_ip
            [6] => :adresse_mac
            [7] => :masque
            [8] => :passerelle
            [9] => :password
            [10] => :ssid
            [11] => :password_wifi
            [12] => :id
        )

)

--------------------------------------------------------------------------------
[2026-09-24 14:54:01] Mise à jour réussie ID: 308
--------------------------------------------------------------------------------
[2026-09-24 14:54:01] Traitement ID: 63
--------------------------------------------------------------------------------
[2026-09-24 14:54:01] SQL
Array
(
    [sql] => UPDATE materiel SET marque = :marque, modele = :modele, type_materiel = :type_materiel, numero_serie = :numero_serie, version_firmware = :version_firmware, adresse_ip = :adresse_ip, adresse_mac = :adresse_mac, masque = :masque, passerelle = :passerelle, login = :login, password = :password, password_wifi = :password_wifi WHERE id = :id
    [params] => Array
        (
            [0] => :marque
            [1] => :modele
            [2] => :type_materiel
            [3] => :numero_serie
            [4] => :version_firmware
            [5] => :adresse_ip
            [6] => :adresse_mac
            [7] => :masque
            [8] => :passerelle
            [9] => :login
            [10] => :password
            [11] => :password_wifi
            [12] => :id
        )

)

--------------------------------------------------------------------------------
[2026-09-24 14:54:01] Mise à jour réussie ID: 63
--------------------------------------------------------------------------------
[2026-09-24 14:54:01] Traitement ID: 75
--------------------------------------------------------------------------------
[2026-09-24 14:54:01] SQL
Array
(
    [sql] => UPDATE materiel SET marque = :marque, modele = :modele, type_materiel = :type_materiel, numero_serie = :numero_serie, version_firmware = :version_firmware, adresse_ip = :adresse_ip, adresse_mac = :adresse_mac, masque = :masque, passerelle = :passerelle WHERE id = :id
    [params] => Array
        (
            [0] => :marque
            [1] => :modele
            [2] => :type_materiel
            [3] => :numero_serie
            [4] => :version_firmware
            [5] => :adresse_ip
            [6] => :adresse_mac
            [7] => :masque
            [8] => :passerelle
            [9] => :id
        )

)

--------------------------------------------------------------------------------
[2026-09-24 14:54:01] Mise à jour réussie ID: 75
--------------------------------------------------------------------------------
[2026-09-24 14:54:01] Traitement ID: 60
--------------------------------------------------------------------------------
[2026-09-24 14:54:01] SQL
Array
(
    [sql] => UPDATE materiel SET marque = :marque, modele = :modele, type_materiel = :type_materiel, numero_serie = :numero_serie, version_firmware = :version_firmware, adresse_ip = :adresse_ip, adresse_mac = :adresse_mac, masque = :masque, passerelle = :passerelle WHERE id = :id
    [params] => Array
        (
            [0] => :marque
            [1] => :modele
            [2] => :type_materiel
            [3] => :numero_serie
            [4] => :version_firmware
            [5] => :adresse_ip
            [6] => :adresse_mac
            [7] => :masque
            [8] => :passerelle
            [9] => :id
        )

)

--------------------------------------------------------------------------------
[2026-09-24 14:54:01] Mise à jour réussie ID: 60
--------------------------------------------------------------------------------
[2026-09-24 14:54:01] Traitement ID: 61
--------------------------------------------------------------------------------
[2026-09-24 14:54:01] SQL
Array
(
    [sql] => UPDATE materiel SET marque = :marque, modele = :modele, type_materiel = :type_materiel, numero_serie = :numero_serie, adresse_ip = :adresse_ip, adresse_mac = :adresse_mac, masque = :masque, passerelle = :passerelle WHERE id = :id
    [params] => Array
        (
            [0] => :marque
            [1] => :modele
            [2] => :type_materiel
            [3] => :numero_serie
            [4] => :adresse_ip
            [5] => :adresse_mac
            [6] => :masque
            [7] => :passerelle
            [8] => :id
        )

)

--------------------------------------------------------------------------------
[2026-09-24 14:54:01] Mise à jour réussie ID: 61
--------------------------------------------------------------------------------
[2026-09-24 14:54:01] Traitement ID: 71
--------------------------------------------------------------------------------
[2026-09-24 14:54:01] SQL
Array
(
    [sql] => UPDATE materiel SET marque = :marque, modele = :modele, type_materiel = :type_materiel, adresse_ip = :adresse_ip, adresse_mac = :adresse_mac, masque = :masque, passerelle = :passerelle WHERE id = :id
    [params] => Array
        (
            [0] => :marque
            [1] => :modele
            [2] => :type_materiel
            [3] => :adresse_ip
            [4] => :adresse_mac
            [5] => :masque
            [6] => :passerelle
            [7] => :id
        )

)

--------------------------------------------------------------------------------
[2026-09-24 14:54:01] Mise à jour réussie ID: 71
--------------------------------------------------------------------------------
[2026-09-24 14:54:01] Traitement ID: 68
--------------------------------------------------------------------------------
[2026-09-24 14:54:01] SQL
Array
(
    [sql] => UPDATE materiel SET marque = :marque, modele = :modele, type_materiel = :type_materiel, numero_serie = :numero_serie, adresse_ip = :adresse_ip, adresse_mac = :adresse_mac, masque = :masque, passerelle = :passerelle WHERE id = :id
    [params] => Array
        (
            [0] => :marque
            [1] => :modele
            [2] => :type_materiel
            [3] => :numero_serie
            [4] => :adresse_ip
            [5] => :adresse_mac
            [6] => :masque
            [7] => :passerelle
            [8] => :id
        )

)

--------------------------------------------------------------------------------
[2026-09-24 14:54:01] Mise à jour réussie ID: 68
--------------------------------------------------------------------------------
[2026-09-24 14:54:01] Traitement ID: 69
--------------------------------------------------------------------------------
[2026-09-24 14:54:01] SQL
Array
(
    [sql] => UPDATE materiel SET marque = :marque, modele = :modele, type_materiel = :type_materiel, numero_serie = :numero_serie, adresse_ip = :adresse_ip, adresse_mac = :adresse_mac, masque = :masque, passerelle = :passerelle WHERE id = :id
    [params] => Array
        (
            [0] => :marque
            [1] => :modele
            [2] => :type_materiel
            [3] => :numero_serie
            [4] => :adresse_ip
            [5] => :adresse_mac
            [6] => :masque
            [7] => :passerelle
            [8] => :id
        )

)

--------------------------------------------------------------------------------
[2026-09-24 14:54:01] Mise à jour réussie ID: 69
--------------------------------------------------------------------------------
[2026-09-24 14:54:01] Traitement ID: 70
--------------------------------------------------------------------------------
[2026-09-24 14:54:01] SQL
Array
(
    [sql] => UPDATE materiel SET marque = :marque, modele = :modele, type_materiel = :type_materiel, numero_serie = :numero_serie, adresse_ip = :adresse_ip, adresse_mac = :adresse_mac, masque = :masque, passerelle = :passerelle WHERE id = :id
    [params] => Array
        (
            [0] => :marque
            [1] => :modele
            [2] => :type_materiel
            [3] => :numero_serie
            [4] => :adresse_ip
            [5] => :adresse_mac
            [6] => :masque
            [7] => :passerelle
            [8] => :id
        )

)

--------------------------------------------------------------------------------
[2026-09-24 14:54:01] Mise à jour réussie ID: 70
--------------------------------------------------------------------------------
[2026-09-24 14:54:01] Traitement ID: 74
--------------------------------------------------------------------------------
[2026-09-24 14:54:01] SQL
Array
(
    [sql] => UPDATE materiel SET marque = :marque, modele = :modele, type_materiel = :type_materiel, numero_serie = :numero_serie, adresse_ip = :adresse_ip, masque = :masque, passerelle = :passerelle WHERE id = :id
    [params] => Array
        (
            [0] => :marque
            [1] => :modele
            [2] => :type_materiel
            [3] => :numero_serie
            [4] => :adresse_ip
            [5] => :masque
            [6] => :passerelle
            [7] => :id
        )

)

--------------------------------------------------------------------------------
[2026-09-24 14:54:01] Mise à jour réussie ID: 74
--------------------------------------------------------------------------------
[2026-09-24 14:54:01] Traitement ID: 73
--------------------------------------------------------------------------------
[2026-09-24 14:54:01] SQL
Array
(
    [sql] => UPDATE materiel SET marque = :marque, modele = :modele, type_materiel = :type_materiel, adresse_ip = :adresse_ip, masque = :masque, passerelle = :passerelle WHERE id = :id
    [params] => Array
        (
            [0] => :marque
            [1] => :modele
            [2] => :type_materiel
            [3] => :adresse_ip
            [4] => :masque
            [5] => :passerelle
            [6] => :id
        )

)

--------------------------------------------------------------------------------
[2026-09-24 14:54:01] Mise à jour réussie ID: 73
--------------------------------------------------------------------------------
[2026-09-24 14:54:01] Traitement ID: 3838
--------------------------------------------------------------------------------
[2026-09-24 14:54:01] SQL
Array
(
    [sql] => UPDATE materiel SET marque = :marque, modele = :modele, numero_serie = :numero_serie WHERE id = :id
    [params] => Array
        (
            [0] => :marque
            [1] => :modele
            [2] => :numero_serie
            [3] => :id
        )

)

--------------------------------------------------------------------------------
[2026-09-24 14:54:01] Mise à jour réussie ID: 3838
--------------------------------------------------------------------------------
[2026-09-24 14:54:01] Traitement ID: 3839
--------------------------------------------------------------------------------
[2026-09-24 14:54:01] SQL
Array
(
    [sql] => UPDATE materiel SET marque = :marque, modele = :modele, numero_serie = :numero_serie WHERE id = :id
    [params] => Array
        (
            [0] => :marque
            [1] => :modele
            [2] => :numero_serie
            [3] => :id
        )

)

--------------------------------------------------------------------------------
[2026-09-24 14:54:01] Mise à jour réussie ID: 3839
--------------------------------------------------------------------------------
[2026-09-24 14:54:01] Traitement ID: 64
--------------------------------------------------------------------------------
[2026-09-24 14:54:01] SQL
Array
(
    [sql] => UPDATE materiel SET marque = :marque, modele = :modele, type_materiel = :type_materiel, numero_serie = :numero_serie, version_firmware = :version_firmware, adresse_ip = :adresse_ip, adresse_mac = :adresse_mac, masque = :masque, passerelle = :passerelle, login = :login, password = :password WHERE id = :id
    [params] => Array
        (
            [0] => :marque
            [1] => :modele
            [2] => :type_materiel
            [3] => :numero_serie
            [4] => :version_firmware
            [5] => :adresse_ip
            [6] => :adresse_mac
            [7] => :masque
            [8] => :passerelle
            [9] => :login
            [10] => :password
            [11] => :id
        )

)

--------------------------------------------------------------------------------
[2026-09-24 14:54:01] Mise à jour réussie ID: 64
--------------------------------------------------------------------------------
[2026-09-24 14:54:01] Traitement ID: 202
--------------------------------------------------------------------------------
[2026-09-24 14:54:01] SQL
Array
(
    [sql] => UPDATE materiel SET marque = :marque, modele = :modele, numero_serie = :numero_serie WHERE id = :id
    [params] => Array
        (
            [0] => :marque
            [1] => :modele
            [2] => :numero_serie
            [3] => :id
        )

)

--------------------------------------------------------------------------------
[2026-09-24 14:54:01] Mise à jour réussie ID: 202
--------------------------------------------------------------------------------
[2026-09-24 14:54:01] Traitement ID: 65
--------------------------------------------------------------------------------
[2026-09-24 14:54:01] SQL
Array
(
    [sql] => UPDATE materiel SET marque = :marque, modele = :modele, type_materiel = :type_materiel, numero_serie = :numero_serie, adresse_ip = :adresse_ip, adresse_mac = :adresse_mac, masque = :masque, passerelle = :passerelle, login = :login, password = :password WHERE id = :id
    [params] => Array
        (
            [0] => :marque
            [1] => :modele
            [2] => :type_materiel
            [3] => :numero_serie
            [4] => :adresse_ip
            [5] => :adresse_mac
            [6] => :masque
            [7] => :passerelle
            [8] => :login
            [9] => :password
            [10] => :id
        )

)

--------------------------------------------------------------------------------
[2026-09-24 14:54:01] Mise à jour réussie ID: 65
--------------------------------------------------------------------------------
[2026-09-24 14:54:01] Réponse
Array
(
    [status] => success
    [message] => 21 ligne(s) mise(s) à jour
    [updated] => 21
    [total_rows] => 21
    [errors] => Array
        (
        )

)

--------------------------------------------------------------------------------
[2026-09-24 14:54:01] === FIN ===
--------------------------------------------------------------------------------
[2026-09-24 14:54:17] === DÉBUT ===
--------------------------------------------------------------------------------
[2026-09-24 14:54:17] Input reçu
Array
(
    [raw_length] => 15517
    [has_data] => 1
)

--------------------------------------------------------------------------------
[2026-09-24 14:54:17] Connexion BDD OK
--------------------------------------------------------------------------------
[2026-09-24 14:54:17] Traitement ID: 72
--------------------------------------------------------------------------------
[2026-09-24 14:54:17] SQL
Array
(
    [sql] => UPDATE materiel SET marque = :marque, modele = :modele, type_materiel = :type_materiel, numero_serie = :numero_serie, adresse_ip = :adresse_ip, adresse_mac = :adresse_mac, masque = :masque, passerelle = :passerelle WHERE id = :id
    [params] => Array
        (
            [0] => :marque
            [1] => :modele
            [2] => :type_materiel
            [3] => :numero_serie
            [4] => :adresse_ip
            [5] => :adresse_mac
            [6] => :masque
            [7] => :passerelle
            [8] => :id
        )

)

--------------------------------------------------------------------------------
[2026-09-24 14:54:17] Mise à jour réussie ID: 72
--------------------------------------------------------------------------------
[2026-09-24 14:54:17] Traitement ID: 62
--------------------------------------------------------------------------------
[2026-09-24 14:54:17] SQL
Array
(
    [sql] => UPDATE materiel SET marque = :marque, modele = :modele, type_materiel = :type_materiel, numero_serie = :numero_serie, adresse_ip = :adresse_ip, masque = :masque, passerelle = :passerelle WHERE id = :id
    [params] => Array
        (
            [0] => :marque
            [1] => :modele
            [2] => :type_materiel
            [3] => :numero_serie
            [4] => :adresse_ip
            [5] => :masque
            [6] => :passerelle
            [7] => :id
        )

)

--------------------------------------------------------------------------------
[2026-09-24 14:54:17] Mise à jour réussie ID: 62
--------------------------------------------------------------------------------
[2026-09-24 14:54:17] Traitement ID: 66
--------------------------------------------------------------------------------
[2026-09-24 14:54:17] SQL
Array
(
    [sql] => UPDATE materiel SET marque = :marque, modele = :modele, type_materiel = :type_materiel, numero_serie = :numero_serie, version_firmware = :version_firmware, adresse_ip = :adresse_ip, adresse_mac = :adresse_mac, masque = :masque, passerelle = :passerelle WHERE id = :id
    [params] => Array
        (
            [0] => :marque
            [1] => :modele
            [2] => :type_materiel
            [3] => :numero_serie
            [4] => :version_firmware
            [5] => :adresse_ip
            [6] => :adresse_mac
            [7] => :masque
            [8] => :passerelle
            [9] => :id
        )

)

--------------------------------------------------------------------------------
[2026-09-24 14:54:17] Mise à jour réussie ID: 66
--------------------------------------------------------------------------------
[2026-09-24 14:54:17] Traitement ID: 67
--------------------------------------------------------------------------------
[2026-09-24 14:54:17] SQL
Array
(
    [sql] => UPDATE materiel SET marque = :marque, modele = :modele, numero_serie = :numero_serie, version_firmware = :version_firmware, adresse_ip = :adresse_ip, adresse_mac = :adresse_mac, masque = :masque, passerelle = :passerelle, login = :login, password = :password WHERE id = :id
    [params] => Array
        (
            [0] => :marque
            [1] => :modele
            [2] => :numero_serie
            [3] => :version_firmware
            [4] => :adresse_ip
            [5] => :adresse_mac
            [6] => :masque
            [7] => :passerelle
            [8] => :login
            [9] => :password
            [10] => :id
        )

)

--------------------------------------------------------------------------------
[2026-09-24 14:54:17] Mise à jour réussie ID: 67
--------------------------------------------------------------------------------
[2026-09-24 14:54:17] Traitement ID: 76
--------------------------------------------------------------------------------
[2026-09-24 14:54:17] SQL
Array
(
    [sql] => UPDATE materiel SET marque = :marque, modele = :modele, type_materiel = :type_materiel, numero_serie = :numero_serie, version_firmware = :version_firmware, adresse_ip = :adresse_ip, adresse_mac = :adresse_mac, ancien_firmware = :ancien_firmware, masque = :masque, passerelle = :passerelle, password_wifi = :password_wifi WHERE id = :id
    [params] => Array
        (
            [0] => :marque
            [1] => :modele
            [2] => :type_materiel
            [3] => :numero_serie
            [4] => :version_firmware
            [5] => :adresse_ip
            [6] => :adresse_mac
            [7] => :ancien_firmware
            [8] => :masque
            [9] => :passerelle
            [10] => :password_wifi
            [11] => :id
        )

)

--------------------------------------------------------------------------------
[2026-09-24 14:54:17] Mise à jour réussie ID: 76
--------------------------------------------------------------------------------
[2026-09-24 14:54:17] Traitement ID: 308
--------------------------------------------------------------------------------
[2026-09-24 14:54:17] SQL
Array
(
    [sql] => UPDATE materiel SET marque = :marque, modele = :modele, type_materiel = :type_materiel, numero_serie = :numero_serie, version_firmware = :version_firmware, adresse_ip = :adresse_ip, adresse_mac = :adresse_mac, masque = :masque, passerelle = :passerelle, password = :password, ssid = :ssid, password_wifi = :password_wifi WHERE id = :id
    [params] => Array
        (
            [0] => :marque
            [1] => :modele
            [2] => :type_materiel
            [3] => :numero_serie
            [4] => :version_firmware
            [5] => :adresse_ip
            [6] => :adresse_mac
            [7] => :masque
            [8] => :passerelle
            [9] => :password
            [10] => :ssid
            [11] => :password_wifi
            [12] => :id
        )

)

--------------------------------------------------------------------------------
[2026-09-24 14:54:17] Mise à jour réussie ID: 308
--------------------------------------------------------------------------------
[2026-09-24 14:54:17] Traitement ID: 63
--------------------------------------------------------------------------------
[2026-09-24 14:54:17] SQL
Array
(
    [sql] => UPDATE materiel SET marque = :marque, modele = :modele, type_materiel = :type_materiel, numero_serie = :numero_serie, version_firmware = :version_firmware, adresse_ip = :adresse_ip, adresse_mac = :adresse_mac, masque = :masque, passerelle = :passerelle, login = :login, password = :password, password_wifi = :password_wifi WHERE id = :id
    [params] => Array
        (
            [0] => :marque
            [1] => :modele
            [2] => :type_materiel
            [3] => :numero_serie
            [4] => :version_firmware
            [5] => :adresse_ip
            [6] => :adresse_mac
            [7] => :masque
            [8] => :passerelle
            [9] => :login
            [10] => :password
            [11] => :password_wifi
            [12] => :id
        )

)

--------------------------------------------------------------------------------
[2026-09-24 14:54:17] Mise à jour réussie ID: 63
--------------------------------------------------------------------------------
[2026-09-24 14:54:17] Traitement ID: 75
--------------------------------------------------------------------------------
[2026-09-24 14:54:17] SQL
Array
(
    [sql] => UPDATE materiel SET marque = :marque, modele = :modele, type_materiel = :type_materiel, numero_serie = :numero_serie, version_firmware = :version_firmware, adresse_ip = :adresse_ip, adresse_mac = :adresse_mac, masque = :masque, passerelle = :passerelle WHERE id = :id
    [params] => Array
        (
            [0] => :marque
            [1] => :modele
            [2] => :type_materiel
            [3] => :numero_serie
            [4] => :version_firmware
            [5] => :adresse_ip
            [6] => :adresse_mac
            [7] => :masque
            [8] => :passerelle
            [9] => :id
        )

)

--------------------------------------------------------------------------------
[2026-09-24 14:54:17] Mise à jour réussie ID: 75
--------------------------------------------------------------------------------
[2026-09-24 14:54:17] Traitement ID: 60
--------------------------------------------------------------------------------
[2026-09-24 14:54:17] SQL
Array
(
    [sql] => UPDATE materiel SET marque = :marque, modele = :modele, type_materiel = :type_materiel, numero_serie = :numero_serie, version_firmware = :version_firmware, adresse_ip = :adresse_ip, adresse_mac = :adresse_mac, masque = :masque, passerelle = :passerelle WHERE id = :id
    [params] => Array
        (
            [0] => :marque
            [1] => :modele
            [2] => :type_materiel
            [3] => :numero_serie
            [4] => :version_firmware
            [5] => :adresse_ip
            [6] => :adresse_mac
            [7] => :masque
            [8] => :passerelle
            [9] => :id
        )

)

--------------------------------------------------------------------------------
[2026-09-24 14:54:17] Mise à jour réussie ID: 60
--------------------------------------------------------------------------------
[2026-09-24 14:54:17] Traitement ID: 61
--------------------------------------------------------------------------------
[2026-09-24 14:54:17] SQL
Array
(
    [sql] => UPDATE materiel SET marque = :marque, modele = :modele, type_materiel = :type_materiel, numero_serie = :numero_serie, adresse_ip = :adresse_ip, adresse_mac = :adresse_mac, masque = :masque, passerelle = :passerelle WHERE id = :id
    [params] => Array
        (
            [0] => :marque
            [1] => :modele
            [2] => :type_materiel
            [3] => :numero_serie
            [4] => :adresse_ip
            [5] => :adresse_mac
            [6] => :masque
            [7] => :passerelle
            [8] => :id
        )

)

--------------------------------------------------------------------------------
[2026-09-24 14:54:17] Mise à jour réussie ID: 61
--------------------------------------------------------------------------------
[2026-09-24 14:54:17] Traitement ID: 3840
--------------------------------------------------------------------------------
[2026-09-24 14:54:17] SQL
Array
(
    [sql] => UPDATE materiel SET marque = :marque, modele = :modele, numero_serie = :numero_serie WHERE id = :id
    [params] => Array
        (
            [0] => :marque
            [1] => :modele
            [2] => :numero_serie
            [3] => :id
        )

)

--------------------------------------------------------------------------------
[2026-09-24 14:54:17] Mise à jour réussie ID: 3840
--------------------------------------------------------------------------------
[2026-09-24 14:54:17] Traitement ID: 71
--------------------------------------------------------------------------------
[2026-09-24 14:54:17] SQL
Array
(
    [sql] => UPDATE materiel SET marque = :marque, modele = :modele, type_materiel = :type_materiel, adresse_ip = :adresse_ip, adresse_mac = :adresse_mac, masque = :masque, passerelle = :passerelle WHERE id = :id
    [params] => Array
        (
            [0] => :marque
            [1] => :modele
            [2] => :type_materiel
            [3] => :adresse_ip
            [4] => :adresse_mac
            [5] => :masque
            [6] => :passerelle
            [7] => :id
        )

)

--------------------------------------------------------------------------------
[2026-09-24 14:54:17] Mise à jour réussie ID: 71
--------------------------------------------------------------------------------
[2026-09-24 14:54:17] Traitement ID: 68
--------------------------------------------------------------------------------
[2026-09-24 14:54:17] SQL
Array
(
    [sql] => UPDATE materiel SET marque = :marque, modele = :modele, type_materiel = :type_materiel, numero_serie = :numero_serie, adresse_ip = :adresse_ip, adresse_mac = :adresse_mac, masque = :masque, passerelle = :passerelle WHERE id = :id
    [params] => Array
        (
            [0] => :marque
            [1] => :modele
            [2] => :type_materiel
            [3] => :numero_serie
            [4] => :adresse_ip
            [5] => :adresse_mac
            [6] => :masque
            [7] => :passerelle
            [8] => :id
        )

)

--------------------------------------------------------------------------------
[2026-09-24 14:54:17] Mise à jour réussie ID: 68
--------------------------------------------------------------------------------
[2026-09-24 14:54:17] Traitement ID: 69
--------------------------------------------------------------------------------
[2026-09-24 14:54:17] SQL
Array
(
    [sql] => UPDATE materiel SET marque = :marque, modele = :modele, type_materiel = :type_materiel, numero_serie = :numero_serie, adresse_ip = :adresse_ip, adresse_mac = :adresse_mac, masque = :masque, passerelle = :passerelle WHERE id = :id
    [params] => Array
        (
            [0] => :marque
            [1] => :modele
            [2] => :type_materiel
            [3] => :numero_serie
            [4] => :adresse_ip
            [5] => :adresse_mac
            [6] => :masque
            [7] => :passerelle
            [8] => :id
        )

)

--------------------------------------------------------------------------------
[2026-09-24 14:54:17] Mise à jour réussie ID: 69
--------------------------------------------------------------------------------
[2026-09-24 14:54:17] Traitement ID: 70
--------------------------------------------------------------------------------
[2026-09-24 14:54:17] SQL
Array
(
    [sql] => UPDATE materiel SET marque = :marque, modele = :modele, type_materiel = :type_materiel, numero_serie = :numero_serie, adresse_ip = :adresse_ip, adresse_mac = :adresse_mac, masque = :masque, passerelle = :passerelle WHERE id = :id
    [params] => Array
        (
            [0] => :marque
            [1] => :modele
            [2] => :type_materiel
            [3] => :numero_serie
            [4] => :adresse_ip
            [5] => :adresse_mac
            [6] => :masque
            [7] => :passerelle
            [8] => :id
        )

)

--------------------------------------------------------------------------------
[2026-09-24 14:54:17] Mise à jour réussie ID: 70
--------------------------------------------------------------------------------
[2026-09-24 14:54:17] Traitement ID: 74
--------------------------------------------------------------------------------
[2026-09-24 14:54:17] SQL
Array
(
    [sql] => UPDATE materiel SET marque = :marque, modele = :modele, type_materiel = :type_materiel, numero_serie = :numero_serie, adresse_ip = :adresse_ip, masque = :masque, passerelle = :passerelle WHERE id = :id
    [params] => Array
        (
            [0] => :marque
            [1] => :modele
            [2] => :type_materiel
            [3] => :numero_serie
            [4] => :adresse_ip
            [5] => :masque
            [6] => :passerelle
            [7] => :id
        )

)

--------------------------------------------------------------------------------
[2026-09-24 14:54:17] Mise à jour réussie ID: 74
--------------------------------------------------------------------------------
[2026-09-24 14:54:17] Traitement ID: 73
--------------------------------------------------------------------------------
[2026-09-24 14:54:17] SQL
Array
(
    [sql] => UPDATE materiel SET marque = :marque, modele = :modele, type_materiel = :type_materiel, numero_serie = :numero_serie, adresse_ip = :adresse_ip, masque = :masque, passerelle = :passerelle WHERE id = :id
    [params] => Array
        (
            [0] => :marque
            [1] => :modele
            [2] => :type_materiel
            [3] => :numero_serie
            [4] => :adresse_ip
            [5] => :masque
            [6] => :passerelle
            [7] => :id
        )

)

--------------------------------------------------------------------------------
[2026-09-24 14:54:17] Mise à jour réussie ID: 73
--------------------------------------------------------------------------------
[2026-09-24 14:54:17] Traitement ID: 3838
--------------------------------------------------------------------------------
[2026-09-24 14:54:17] SQL
Array
(
    [sql] => UPDATE materiel SET marque = :marque, modele = :modele, numero_serie = :numero_serie WHERE id = :id
    [params] => Array
        (
            [0] => :marque
            [1] => :modele
            [2] => :numero_serie
            [3] => :id
        )

)

--------------------------------------------------------------------------------
[2026-09-24 14:54:17] Mise à jour réussie ID: 3838
--------------------------------------------------------------------------------
[2026-09-24 14:54:17] Traitement ID: 3839
--------------------------------------------------------------------------------
[2026-09-24 14:54:17] SQL
Array
(
    [sql] => UPDATE materiel SET marque = :marque, modele = :modele, numero_serie = :numero_serie WHERE id = :id
    [params] => Array
        (
            [0] => :marque
            [1] => :modele
            [2] => :numero_serie
            [3] => :id
        )

)

--------------------------------------------------------------------------------
[2026-09-24 14:54:17] Mise à jour réussie ID: 3839
--------------------------------------------------------------------------------
[2026-09-24 14:54:17] Traitement ID: 64
--------------------------------------------------------------------------------
[2026-09-24 14:54:17] SQL
Array
(
    [sql] => UPDATE materiel SET marque = :marque, modele = :modele, type_materiel = :type_materiel, numero_serie = :numero_serie, version_firmware = :version_firmware, adresse_ip = :adresse_ip, adresse_mac = :adresse_mac, masque = :masque, passerelle = :passerelle, login = :login, password = :password WHERE id = :id
    [params] => Array
        (
            [0] => :marque
            [1] => :modele
            [2] => :type_materiel
            [3] => :numero_serie
            [4] => :version_firmware
            [5] => :adresse_ip
            [6] => :adresse_mac
            [7] => :masque
            [8] => :passerelle
            [9] => :login
            [10] => :password
            [11] => :id
        )

)

--------------------------------------------------------------------------------
[2026-09-24 14:54:17] Mise à jour réussie ID: 64
--------------------------------------------------------------------------------
[2026-09-24 14:54:17] Traitement ID: 202
--------------------------------------------------------------------------------
[2026-09-24 14:54:17] SQL
Array
(
    [sql] => UPDATE materiel SET marque = :marque, modele = :modele, numero_serie = :numero_serie WHERE id = :id
    [params] => Array
        (
            [0] => :marque
            [1] => :modele
            [2] => :numero_serie
            [3] => :id
        )

)

--------------------------------------------------------------------------------
[2026-09-24 14:54:17] Mise à jour réussie ID: 202
--------------------------------------------------------------------------------
[2026-09-24 14:54:17] Traitement ID: 65
--------------------------------------------------------------------------------
[2026-09-24 14:54:17] SQL
Array
(
    [sql] => UPDATE materiel SET marque = :marque, modele = :modele, type_materiel = :type_materiel, numero_serie = :numero_serie, adresse_ip = :adresse_ip, adresse_mac = :adresse_mac, masque = :masque, passerelle = :passerelle, login = :login, password = :password WHERE id = :id
    [params] => Array
        (
            [0] => :marque
            [1] => :modele
            [2] => :type_materiel
            [3] => :numero_serie
            [4] => :adresse_ip
            [5] => :adresse_mac
            [6] => :masque
            [7] => :passerelle
            [8] => :login
            [9] => :password
            [10] => :id
        )

)

--------------------------------------------------------------------------------
[2026-09-24 14:54:17] Mise à jour réussie ID: 65
--------------------------------------------------------------------------------
[2026-09-24 14:54:17] Réponse
Array
(
    [status] => success
    [message] => 22 ligne(s) mise(s) à jour
    [updated] => 22
    [total_rows] => 22
    [errors] => Array
        (
        )

)

--------------------------------------------------------------------------------
[2026-09-24 14:54:17] === FIN ===
--------------------------------------------------------------------------------
[2026-09-24 14:54:34] === DÉBUT ===
--------------------------------------------------------------------------------
[2026-09-24 14:54:34] Input reçu
Array
(
    [raw_length] => 15517
    [has_data] => 1
)

--------------------------------------------------------------------------------
[2026-09-24 14:54:34] Connexion BDD OK
--------------------------------------------------------------------------------
[2026-09-24 14:54:34] Traitement ID: 72
--------------------------------------------------------------------------------
[2026-09-24 14:54:34] SQL
Array
(
    [sql] => UPDATE materiel SET marque = :marque, modele = :modele, type_materiel = :type_materiel, numero_serie = :numero_serie, adresse_ip = :adresse_ip, adresse_mac = :adresse_mac, masque = :masque, passerelle = :passerelle WHERE id = :id
    [params] => Array
        (
            [0] => :marque
            [1] => :modele
            [2] => :type_materiel
            [3] => :numero_serie
            [4] => :adresse_ip
            [5] => :adresse_mac
            [6] => :masque
            [7] => :passerelle
            [8] => :id
        )

)

--------------------------------------------------------------------------------
[2026-09-24 14:54:34] Mise à jour réussie ID: 72
--------------------------------------------------------------------------------
[2026-09-24 14:54:34] Traitement ID: 62
--------------------------------------------------------------------------------
[2026-09-24 14:54:34] SQL
Array
(
    [sql] => UPDATE materiel SET marque = :marque, modele = :modele, type_materiel = :type_materiel, numero_serie = :numero_serie, adresse_ip = :adresse_ip, masque = :masque, passerelle = :passerelle WHERE id = :id
    [params] => Array
        (
            [0] => :marque
            [1] => :modele
            [2] => :type_materiel
            [3] => :numero_serie
            [4] => :adresse_ip
            [5] => :masque
            [6] => :passerelle
            [7] => :id
        )

)

--------------------------------------------------------------------------------
[2026-09-24 14:54:34] Mise à jour réussie ID: 62
--------------------------------------------------------------------------------
[2026-09-24 14:54:34] Traitement ID: 66
--------------------------------------------------------------------------------
[2026-09-24 14:54:34] SQL
Array
(
    [sql] => UPDATE materiel SET marque = :marque, modele = :modele, type_materiel = :type_materiel, numero_serie = :numero_serie, version_firmware = :version_firmware, adresse_ip = :adresse_ip, adresse_mac = :adresse_mac, masque = :masque, passerelle = :passerelle WHERE id = :id
    [params] => Array
        (
            [0] => :marque
            [1] => :modele
            [2] => :type_materiel
            [3] => :numero_serie
            [4] => :version_firmware
            [5] => :adresse_ip
            [6] => :adresse_mac
            [7] => :masque
            [8] => :passerelle
            [9] => :id
        )

)

--------------------------------------------------------------------------------
[2026-09-24 14:54:34] Mise à jour réussie ID: 66
--------------------------------------------------------------------------------
[2026-09-24 14:54:34] Traitement ID: 67
--------------------------------------------------------------------------------
[2026-09-24 14:54:34] SQL
Array
(
    [sql] => UPDATE materiel SET marque = :marque, modele = :modele, numero_serie = :numero_serie, version_firmware = :version_firmware, adresse_ip = :adresse_ip, adresse_mac = :adresse_mac, masque = :masque, passerelle = :passerelle, login = :login, password = :password WHERE id = :id
    [params] => Array
        (
            [0] => :marque
            [1] => :modele
            [2] => :numero_serie
            [3] => :version_firmware
            [4] => :adresse_ip
            [5] => :adresse_mac
            [6] => :masque
            [7] => :passerelle
            [8] => :login
            [9] => :password
            [10] => :id
        )

)

--------------------------------------------------------------------------------
[2026-09-24 14:54:34] Mise à jour réussie ID: 67
--------------------------------------------------------------------------------
[2026-09-24 14:54:34] Traitement ID: 76
--------------------------------------------------------------------------------
[2026-09-24 14:54:34] SQL
Array
(
    [sql] => UPDATE materiel SET marque = :marque, modele = :modele, type_materiel = :type_materiel, numero_serie = :numero_serie, version_firmware = :version_firmware, adresse_ip = :adresse_ip, adresse_mac = :adresse_mac, ancien_firmware = :ancien_firmware, masque = :masque, passerelle = :passerelle, password_wifi = :password_wifi WHERE id = :id
    [params] => Array
        (
            [0] => :marque
            [1] => :modele
            [2] => :type_materiel
            [3] => :numero_serie
            [4] => :version_firmware
            [5] => :adresse_ip
            [6] => :adresse_mac
            [7] => :ancien_firmware
            [8] => :masque
            [9] => :passerelle
            [10] => :password_wifi
            [11] => :id
        )

)

--------------------------------------------------------------------------------
[2026-09-24 14:54:34] Mise à jour réussie ID: 76
--------------------------------------------------------------------------------
[2026-09-24 14:54:34] Traitement ID: 308
--------------------------------------------------------------------------------
[2026-09-24 14:54:34] SQL
Array
(
    [sql] => UPDATE materiel SET marque = :marque, modele = :modele, type_materiel = :type_materiel, numero_serie = :numero_serie, version_firmware = :version_firmware, adresse_ip = :adresse_ip, adresse_mac = :adresse_mac, masque = :masque, passerelle = :passerelle, password = :password, ssid = :ssid, password_wifi = :password_wifi WHERE id = :id
    [params] => Array
        (
            [0] => :marque
            [1] => :modele
            [2] => :type_materiel
            [3] => :numero_serie
            [4] => :version_firmware
            [5] => :adresse_ip
            [6] => :adresse_mac
            [7] => :masque
            [8] => :passerelle
            [9] => :password
            [10] => :ssid
            [11] => :password_wifi
            [12] => :id
        )

)

--------------------------------------------------------------------------------
[2026-09-24 14:54:34] Mise à jour réussie ID: 308
--------------------------------------------------------------------------------
[2026-09-24 14:54:34] Traitement ID: 63
--------------------------------------------------------------------------------
[2026-09-24 14:54:34] SQL
Array
(
    [sql] => UPDATE materiel SET marque = :marque, modele = :modele, type_materiel = :type_materiel, numero_serie = :numero_serie, version_firmware = :version_firmware, adresse_ip = :adresse_ip, adresse_mac = :adresse_mac, masque = :masque, passerelle = :passerelle, login = :login, password = :password, password_wifi = :password_wifi WHERE id = :id
    [params] => Array
        (
            [0] => :marque
            [1] => :modele
            [2] => :type_materiel
            [3] => :numero_serie
            [4] => :version_firmware
            [5] => :adresse_ip
            [6] => :adresse_mac
            [7] => :masque
            [8] => :passerelle
            [9] => :login
            [10] => :password
            [11] => :password_wifi
            [12] => :id
        )

)

--------------------------------------------------------------------------------
[2026-09-24 14:54:34] Mise à jour réussie ID: 63
--------------------------------------------------------------------------------
[2026-09-24 14:54:34] Traitement ID: 75
--------------------------------------------------------------------------------
[2026-09-24 14:54:34] SQL
Array
(
    [sql] => UPDATE materiel SET marque = :marque, modele = :modele, type_materiel = :type_materiel, numero_serie = :numero_serie, version_firmware = :version_firmware, adresse_ip = :adresse_ip, adresse_mac = :adresse_mac, masque = :masque, passerelle = :passerelle WHERE id = :id
    [params] => Array
        (
            [0] => :marque
            [1] => :modele
            [2] => :type_materiel
            [3] => :numero_serie
            [4] => :version_firmware
            [5] => :adresse_ip
            [6] => :adresse_mac
            [7] => :masque
            [8] => :passerelle
            [9] => :id
        )

)

--------------------------------------------------------------------------------
[2026-09-24 14:54:34] Mise à jour réussie ID: 75
--------------------------------------------------------------------------------
[2026-09-24 14:54:34] Traitement ID: 60
--------------------------------------------------------------------------------
[2026-09-24 14:54:34] SQL
Array
(
    [sql] => UPDATE materiel SET marque = :marque, modele = :modele, type_materiel = :type_materiel, numero_serie = :numero_serie, version_firmware = :version_firmware, adresse_ip = :adresse_ip, adresse_mac = :adresse_mac, masque = :masque, passerelle = :passerelle WHERE id = :id
    [params] => Array
        (
            [0] => :marque
            [1] => :modele
            [2] => :type_materiel
            [3] => :numero_serie
            [4] => :version_firmware
            [5] => :adresse_ip
            [6] => :adresse_mac
            [7] => :masque
            [8] => :passerelle
            [9] => :id
        )

)

--------------------------------------------------------------------------------
[2026-09-24 14:54:34] Mise à jour réussie ID: 60
--------------------------------------------------------------------------------
[2026-09-24 14:54:34] Traitement ID: 61
--------------------------------------------------------------------------------
[2026-09-24 14:54:34] SQL
Array
(
    [sql] => UPDATE materiel SET marque = :marque, modele = :modele, type_materiel = :type_materiel, numero_serie = :numero_serie, adresse_ip = :adresse_ip, adresse_mac = :adresse_mac, masque = :masque, passerelle = :passerelle WHERE id = :id
    [params] => Array
        (
            [0] => :marque
            [1] => :modele
            [2] => :type_materiel
            [3] => :numero_serie
            [4] => :adresse_ip
            [5] => :adresse_mac
            [6] => :masque
            [7] => :passerelle
            [8] => :id
        )

)

--------------------------------------------------------------------------------
[2026-09-24 14:54:34] Mise à jour réussie ID: 61
--------------------------------------------------------------------------------
[2026-09-24 14:54:34] Traitement ID: 3840
--------------------------------------------------------------------------------
[2026-09-24 14:54:34] SQL
Array
(
    [sql] => UPDATE materiel SET marque = :marque, modele = :modele, numero_serie = :numero_serie WHERE id = :id
    [params] => Array
        (
            [0] => :marque
            [1] => :modele
            [2] => :numero_serie
            [3] => :id
        )

)

--------------------------------------------------------------------------------
[2026-09-24 14:54:34] Mise à jour réussie ID: 3840
--------------------------------------------------------------------------------
[2026-09-24 14:54:34] Traitement ID: 71
--------------------------------------------------------------------------------
[2026-09-24 14:54:34] SQL
Array
(
    [sql] => UPDATE materiel SET marque = :marque, modele = :modele, type_materiel = :type_materiel, adresse_ip = :adresse_ip, adresse_mac = :adresse_mac, masque = :masque, passerelle = :passerelle WHERE id = :id
    [params] => Array
        (
            [0] => :marque
            [1] => :modele
            [2] => :type_materiel
            [3] => :adresse_ip
            [4] => :adresse_mac
            [5] => :masque
            [6] => :passerelle
            [7] => :id
        )

)

--------------------------------------------------------------------------------
[2026-09-24 14:54:34] Mise à jour réussie ID: 71
--------------------------------------------------------------------------------
[2026-09-24 14:54:34] Traitement ID: 68
--------------------------------------------------------------------------------
[2026-09-24 14:54:34] SQL
Array
(
    [sql] => UPDATE materiel SET marque = :marque, modele = :modele, type_materiel = :type_materiel, numero_serie = :numero_serie, adresse_ip = :adresse_ip, adresse_mac = :adresse_mac, masque = :masque, passerelle = :passerelle WHERE id = :id
    [params] => Array
        (
            [0] => :marque
            [1] => :modele
            [2] => :type_materiel
            [3] => :numero_serie
            [4] => :adresse_ip
            [5] => :adresse_mac
            [6] => :masque
            [7] => :passerelle
            [8] => :id
        )

)

--------------------------------------------------------------------------------
[2026-09-24 14:54:34] Mise à jour réussie ID: 68
--------------------------------------------------------------------------------
[2026-09-24 14:54:34] Traitement ID: 69
--------------------------------------------------------------------------------
[2026-09-24 14:54:34] SQL
Array
(
    [sql] => UPDATE materiel SET marque = :marque, modele = :modele, type_materiel = :type_materiel, numero_serie = :numero_serie, adresse_ip = :adresse_ip, adresse_mac = :adresse_mac, masque = :masque, passerelle = :passerelle WHERE id = :id
    [params] => Array
        (
            [0] => :marque
            [1] => :modele
            [2] => :type_materiel
            [3] => :numero_serie
            [4] => :adresse_ip
            [5] => :adresse_mac
            [6] => :masque
            [7] => :passerelle
            [8] => :id
        )

)

--------------------------------------------------------------------------------
[2026-09-24 14:54:34] Mise à jour réussie ID: 69
--------------------------------------------------------------------------------
[2026-09-24 14:54:34] Traitement ID: 70
--------------------------------------------------------------------------------
[2026-09-24 14:54:34] SQL
Array
(
    [sql] => UPDATE materiel SET marque = :marque, modele = :modele, type_materiel = :type_materiel, numero_serie = :numero_serie, adresse_ip = :adresse_ip, adresse_mac = :adresse_mac, masque = :masque, passerelle = :passerelle WHERE id = :id
    [params] => Array
        (
            [0] => :marque
            [1] => :modele
            [2] => :type_materiel
            [3] => :numero_serie
            [4] => :adresse_ip
            [5] => :adresse_mac
            [6] => :masque
            [7] => :passerelle
            [8] => :id
        )

)

--------------------------------------------------------------------------------
[2026-09-24 14:54:34] Mise à jour réussie ID: 70
--------------------------------------------------------------------------------
[2026-09-24 14:54:34] Traitement ID: 74
--------------------------------------------------------------------------------
[2026-09-24 14:54:34] SQL
Array
(
    [sql] => UPDATE materiel SET marque = :marque, modele = :modele, type_materiel = :type_materiel, numero_serie = :numero_serie, adresse_ip = :adresse_ip, masque = :masque, passerelle = :passerelle WHERE id = :id
    [params] => Array
        (
            [0] => :marque
            [1] => :modele
            [2] => :type_materiel
            [3] => :numero_serie
            [4] => :adresse_ip
            [5] => :masque
            [6] => :passerelle
            [7] => :id
        )

)

--------------------------------------------------------------------------------
[2026-09-24 14:54:34] Mise à jour réussie ID: 74
--------------------------------------------------------------------------------
[2026-09-24 14:54:34] Traitement ID: 73
--------------------------------------------------------------------------------
[2026-09-24 14:54:34] SQL
Array
(
    [sql] => UPDATE materiel SET marque = :marque, modele = :modele, type_materiel = :type_materiel, numero_serie = :numero_serie, adresse_ip = :adresse_ip, masque = :masque, passerelle = :passerelle WHERE id = :id
    [params] => Array
        (
            [0] => :marque
            [1] => :modele
            [2] => :type_materiel
            [3] => :numero_serie
            [4] => :adresse_ip
            [5] => :masque
            [6] => :passerelle
            [7] => :id
        )

)

--------------------------------------------------------------------------------
[2026-09-24 14:54:34] Mise à jour réussie ID: 73
--------------------------------------------------------------------------------
[2026-09-24 14:54:34] Traitement ID: 3838
--------------------------------------------------------------------------------
[2026-09-24 14:54:34] SQL
Array
(
    [sql] => UPDATE materiel SET marque = :marque, modele = :modele, numero_serie = :numero_serie WHERE id = :id
    [params] => Array
        (
            [0] => :marque
            [1] => :modele
            [2] => :numero_serie
            [3] => :id
        )

)

--------------------------------------------------------------------------------
[2026-09-24 14:54:34] Mise à jour réussie ID: 3838
--------------------------------------------------------------------------------
[2026-09-24 14:54:34] Traitement ID: 3839
--------------------------------------------------------------------------------
[2026-09-24 14:54:34] SQL
Array
(
    [sql] => UPDATE materiel SET marque = :marque, modele = :modele, numero_serie = :numero_serie WHERE id = :id
    [params] => Array
        (
            [0] => :marque
            [1] => :modele
            [2] => :numero_serie
            [3] => :id
        )

)

--------------------------------------------------------------------------------
[2026-09-24 14:54:34] Mise à jour réussie ID: 3839
--------------------------------------------------------------------------------
[2026-09-24 14:54:34] Traitement ID: 64
--------------------------------------------------------------------------------
[2026-09-24 14:54:34] SQL
Array
(
    [sql] => UPDATE materiel SET marque = :marque, modele = :modele, type_materiel = :type_materiel, numero_serie = :numero_serie, version_firmware = :version_firmware, adresse_ip = :adresse_ip, adresse_mac = :adresse_mac, masque = :masque, passerelle = :passerelle, login = :login, password = :password WHERE id = :id
    [params] => Array
        (
            [0] => :marque
            [1] => :modele
            [2] => :type_materiel
            [3] => :numero_serie
            [4] => :version_firmware
            [5] => :adresse_ip
            [6] => :adresse_mac
            [7] => :masque
            [8] => :passerelle
            [9] => :login
            [10] => :password
            [11] => :id
        )

)

--------------------------------------------------------------------------------
[2026-09-24 14:54:34] Mise à jour réussie ID: 64
--------------------------------------------------------------------------------
[2026-09-24 14:54:34] Traitement ID: 202
--------------------------------------------------------------------------------
[2026-09-24 14:54:34] SQL
Array
(
    [sql] => UPDATE materiel SET marque = :marque, modele = :modele, numero_serie = :numero_serie WHERE id = :id
    [params] => Array
        (
            [0] => :marque
            [1] => :modele
            [2] => :numero_serie
            [3] => :id
        )

)

--------------------------------------------------------------------------------
[2026-09-24 14:54:34] Mise à jour réussie ID: 202
--------------------------------------------------------------------------------
[2026-09-24 14:54:34] Traitement ID: 65
--------------------------------------------------------------------------------
[2026-09-24 14:54:34] SQL
Array
(
    [sql] => UPDATE materiel SET marque = :marque, modele = :modele, type_materiel = :type_materiel, numero_serie = :numero_serie, adresse_ip = :adresse_ip, adresse_mac = :adresse_mac, masque = :masque, passerelle = :passerelle, login = :login, password = :password WHERE id = :id
    [params] => Array
        (
            [0] => :marque
            [1] => :modele
            [2] => :type_materiel
            [3] => :numero_serie
            [4] => :adresse_ip
            [5] => :adresse_mac
            [6] => :masque
            [7] => :passerelle
            [8] => :login
            [9] => :password
            [10] => :id
        )

)

--------------------------------------------------------------------------------
[2026-09-24 14:54:34] Mise à jour réussie ID: 65
--------------------------------------------------------------------------------
[2026-09-24 14:54:34] Réponse
Array
(
    [status] => success
    [message] => 22 ligne(s) mise(s) à jour
    [updated] => 22
    [total_rows] => 22
    [errors] => Array
        (
        )

)

--------------------------------------------------------------------------------
[2026-09-24 14:54:34] === FIN ===
--------------------------------------------------------------------------------
[2026-09-24 14:54:51] === DÉBUT ===
--------------------------------------------------------------------------------
[2026-09-24 14:54:51] Input reçu
Array
(
    [raw_length] => 15517
    [has_data] => 1
)

--------------------------------------------------------------------------------
[2026-09-24 14:54:51] Connexion BDD OK
--------------------------------------------------------------------------------
[2026-09-24 14:54:51] Traitement ID: 72
--------------------------------------------------------------------------------
[2026-09-24 14:54:51] SQL
Array
(
    [sql] => UPDATE materiel SET marque = :marque, modele = :modele, type_materiel = :type_materiel, numero_serie = :numero_serie, adresse_ip = :adresse_ip, adresse_mac = :adresse_mac, masque = :masque, passerelle = :passerelle WHERE id = :id
    [params] => Array
        (
            [0] => :marque
            [1] => :modele
            [2] => :type_materiel
            [3] => :numero_serie
            [4] => :adresse_ip
            [5] => :adresse_mac
            [6] => :masque
            [7] => :passerelle
            [8] => :id
        )

)

--------------------------------------------------------------------------------
[2026-09-24 14:54:51] Mise à jour réussie ID: 72
--------------------------------------------------------------------------------
[2026-09-24 14:54:51] Traitement ID: 62
--------------------------------------------------------------------------------
[2026-09-24 14:54:51] SQL
Array
(
    [sql] => UPDATE materiel SET marque = :marque, modele = :modele, type_materiel = :type_materiel, numero_serie = :numero_serie, adresse_ip = :adresse_ip, masque = :masque, passerelle = :passerelle WHERE id = :id
    [params] => Array
        (
            [0] => :marque
            [1] => :modele
            [2] => :type_materiel
            [3] => :numero_serie
            [4] => :adresse_ip
            [5] => :masque
            [6] => :passerelle
            [7] => :id
        )

)

--------------------------------------------------------------------------------
[2026-09-24 14:54:51] Mise à jour réussie ID: 62
--------------------------------------------------------------------------------
[2026-09-24 14:54:51] Traitement ID: 66
--------------------------------------------------------------------------------
[2026-09-24 14:54:51] SQL
Array
(
    [sql] => UPDATE materiel SET marque = :marque, modele = :modele, type_materiel = :type_materiel, numero_serie = :numero_serie, version_firmware = :version_firmware, adresse_ip = :adresse_ip, adresse_mac = :adresse_mac, masque = :masque, passerelle = :passerelle WHERE id = :id
    [params] => Array
        (
            [0] => :marque
            [1] => :modele
            [2] => :type_materiel
            [3] => :numero_serie
            [4] => :version_firmware
            [5] => :adresse_ip
            [6] => :adresse_mac
            [7] => :masque
            [8] => :passerelle
            [9] => :id
        )

)

--------------------------------------------------------------------------------
[2026-09-24 14:54:51] Mise à jour réussie ID: 66
--------------------------------------------------------------------------------
[2026-09-24 14:54:51] Traitement ID: 67
--------------------------------------------------------------------------------
[2026-09-24 14:54:51] SQL
Array
(
    [sql] => UPDATE materiel SET marque = :marque, modele = :modele, numero_serie = :numero_serie, version_firmware = :version_firmware, adresse_ip = :adresse_ip, adresse_mac = :adresse_mac, masque = :masque, passerelle = :passerelle, login = :login, password = :password WHERE id = :id
    [params] => Array
        (
            [0] => :marque
            [1] => :modele
            [2] => :numero_serie
            [3] => :version_firmware
            [4] => :adresse_ip
            [5] => :adresse_mac
            [6] => :masque
            [7] => :passerelle
            [8] => :login
            [9] => :password
            [10] => :id
        )

)

--------------------------------------------------------------------------------
[2026-09-24 14:54:51] Mise à jour réussie ID: 67
--------------------------------------------------------------------------------
[2026-09-24 14:54:51] Traitement ID: 76
--------------------------------------------------------------------------------
[2026-09-24 14:54:51] SQL
Array
(
    [sql] => UPDATE materiel SET marque = :marque, modele = :modele, type_materiel = :type_materiel, numero_serie = :numero_serie, version_firmware = :version_firmware, adresse_ip = :adresse_ip, adresse_mac = :adresse_mac, ancien_firmware = :ancien_firmware, masque = :masque, passerelle = :passerelle, password_wifi = :password_wifi WHERE id = :id
    [params] => Array
        (
            [0] => :marque
            [1] => :modele
            [2] => :type_materiel
            [3] => :numero_serie
            [4] => :version_firmware
            [5] => :adresse_ip
            [6] => :adresse_mac
            [7] => :ancien_firmware
            [8] => :masque
            [9] => :passerelle
            [10] => :password_wifi
            [11] => :id
        )

)

--------------------------------------------------------------------------------
[2026-09-24 14:54:51] Mise à jour réussie ID: 76
--------------------------------------------------------------------------------
[2026-09-24 14:54:51] Traitement ID: 308
--------------------------------------------------------------------------------
[2026-09-24 14:54:51] SQL
Array
(
    [sql] => UPDATE materiel SET marque = :marque, modele = :modele, type_materiel = :type_materiel, numero_serie = :numero_serie, version_firmware = :version_firmware, adresse_ip = :adresse_ip, adresse_mac = :adresse_mac, masque = :masque, passerelle = :passerelle, password = :password, ssid = :ssid, password_wifi = :password_wifi WHERE id = :id
    [params] => Array
        (
            [0] => :marque
            [1] => :modele
            [2] => :type_materiel
            [3] => :numero_serie
            [4] => :version_firmware
            [5] => :adresse_ip
            [6] => :adresse_mac
            [7] => :masque
            [8] => :passerelle
            [9] => :password
            [10] => :ssid
            [11] => :password_wifi
            [12] => :id
        )

)

--------------------------------------------------------------------------------
[2026-09-24 14:54:51] Mise à jour réussie ID: 308
--------------------------------------------------------------------------------
[2026-09-24 14:54:51] Traitement ID: 63
--------------------------------------------------------------------------------
[2026-09-24 14:54:51] SQL
Array
(
    [sql] => UPDATE materiel SET marque = :marque, modele = :modele, type_materiel = :type_materiel, numero_serie = :numero_serie, version_firmware = :version_firmware, adresse_ip = :adresse_ip, adresse_mac = :adresse_mac, masque = :masque, passerelle = :passerelle, login = :login, password = :password, password_wifi = :password_wifi WHERE id = :id
    [params] => Array
        (
            [0] => :marque
            [1] => :modele
            [2] => :type_materiel
            [3] => :numero_serie
            [4] => :version_firmware
            [5] => :adresse_ip
            [6] => :adresse_mac
            [7] => :masque
            [8] => :passerelle
            [9] => :login
            [10] => :password
            [11] => :password_wifi
            [12] => :id
        )

)

--------------------------------------------------------------------------------
[2026-09-24 14:54:51] Mise à jour réussie ID: 63
--------------------------------------------------------------------------------
[2026-09-24 14:54:51] Traitement ID: 75
--------------------------------------------------------------------------------
[2026-09-24 14:54:51] SQL
Array
(
    [sql] => UPDATE materiel SET marque = :marque, modele = :modele, type_materiel = :type_materiel, numero_serie = :numero_serie, version_firmware = :version_firmware, adresse_ip = :adresse_ip, adresse_mac = :adresse_mac, masque = :masque, passerelle = :passerelle WHERE id = :id
    [params] => Array
        (
            [0] => :marque
            [1] => :modele
            [2] => :type_materiel
            [3] => :numero_serie
            [4] => :version_firmware
            [5] => :adresse_ip
            [6] => :adresse_mac
            [7] => :masque
            [8] => :passerelle
            [9] => :id
        )

)

--------------------------------------------------------------------------------
[2026-09-24 14:54:51] Mise à jour réussie ID: 75
--------------------------------------------------------------------------------
[2026-09-24 14:54:51] Traitement ID: 60
--------------------------------------------------------------------------------
[2026-09-24 14:54:51] SQL
Array
(
    [sql] => UPDATE materiel SET marque = :marque, modele = :modele, type_materiel = :type_materiel, numero_serie = :numero_serie, version_firmware = :version_firmware, adresse_ip = :adresse_ip, adresse_mac = :adresse_mac, masque = :masque, passerelle = :passerelle WHERE id = :id
    [params] => Array
        (
            [0] => :marque
            [1] => :modele
            [2] => :type_materiel
            [3] => :numero_serie
            [4] => :version_firmware
            [5] => :adresse_ip
            [6] => :adresse_mac
            [7] => :masque
            [8] => :passerelle
            [9] => :id
        )

)

--------------------------------------------------------------------------------
[2026-09-24 14:54:51] Mise à jour réussie ID: 60
--------------------------------------------------------------------------------
[2026-09-24 14:54:51] Traitement ID: 61
--------------------------------------------------------------------------------
[2026-09-24 14:54:51] SQL
Array
(
    [sql] => UPDATE materiel SET marque = :marque, modele = :modele, type_materiel = :type_materiel, numero_serie = :numero_serie, adresse_ip = :adresse_ip, adresse_mac = :adresse_mac, masque = :masque, passerelle = :passerelle WHERE id = :id
    [params] => Array
        (
            [0] => :marque
            [1] => :modele
            [2] => :type_materiel
            [3] => :numero_serie
            [4] => :adresse_ip
            [5] => :adresse_mac
            [6] => :masque
            [7] => :passerelle
            [8] => :id
        )

)

--------------------------------------------------------------------------------
[2026-09-24 14:54:51] Mise à jour réussie ID: 61
--------------------------------------------------------------------------------
[2026-09-24 14:54:51] Traitement ID: 3840
--------------------------------------------------------------------------------
[2026-09-24 14:54:51] SQL
Array
(
    [sql] => UPDATE materiel SET marque = :marque, modele = :modele, numero_serie = :numero_serie WHERE id = :id
    [params] => Array
        (
            [0] => :marque
            [1] => :modele
            [2] => :numero_serie
            [3] => :id
        )

)

--------------------------------------------------------------------------------
[2026-09-24 14:54:51] Mise à jour réussie ID: 3840
--------------------------------------------------------------------------------
[2026-09-24 14:54:51] Traitement ID: 71
--------------------------------------------------------------------------------
[2026-09-24 14:54:51] SQL
Array
(
    [sql] => UPDATE materiel SET marque = :marque, modele = :modele, type_materiel = :type_materiel, adresse_ip = :adresse_ip, adresse_mac = :adresse_mac, masque = :masque, passerelle = :passerelle WHERE id = :id
    [params] => Array
        (
            [0] => :marque
            [1] => :modele
            [2] => :type_materiel
            [3] => :adresse_ip
            [4] => :adresse_mac
            [5] => :masque
            [6] => :passerelle
            [7] => :id
        )

)

--------------------------------------------------------------------------------
[2026-09-24 14:54:51] Mise à jour réussie ID: 71
--------------------------------------------------------------------------------
[2026-09-24 14:54:51] Traitement ID: 68
--------------------------------------------------------------------------------
[2026-09-24 14:54:51] SQL
Array
(
    [sql] => UPDATE materiel SET marque = :marque, modele = :modele, type_materiel = :type_materiel, numero_serie = :numero_serie, adresse_ip = :adresse_ip, adresse_mac = :adresse_mac, masque = :masque, passerelle = :passerelle WHERE id = :id
    [params] => Array
        (
            [0] => :marque
            [1] => :modele
            [2] => :type_materiel
            [3] => :numero_serie
            [4] => :adresse_ip
            [5] => :adresse_mac
            [6] => :masque
            [7] => :passerelle
            [8] => :id
        )

)

--------------------------------------------------------------------------------
[2026-09-24 14:54:51] Mise à jour réussie ID: 68
--------------------------------------------------------------------------------
[2026-09-24 14:54:51] Traitement ID: 69
--------------------------------------------------------------------------------
[2026-09-24 14:54:51] SQL
Array
(
    [sql] => UPDATE materiel SET marque = :marque, modele = :modele, type_materiel = :type_materiel, numero_serie = :numero_serie, adresse_ip = :adresse_ip, adresse_mac = :adresse_mac, masque = :masque, passerelle = :passerelle WHERE id = :id
    [params] => Array
        (
            [0] => :marque
            [1] => :modele
            [2] => :type_materiel
            [3] => :numero_serie
            [4] => :adresse_ip
            [5] => :adresse_mac
            [6] => :masque
            [7] => :passerelle
            [8] => :id
        )

)

--------------------------------------------------------------------------------
[2026-09-24 14:54:51] Mise à jour réussie ID: 69
--------------------------------------------------------------------------------
[2026-09-24 14:54:51] Traitement ID: 70
--------------------------------------------------------------------------------
[2026-09-24 14:54:51] SQL
Array
(
    [sql] => UPDATE materiel SET marque = :marque, modele = :modele, type_materiel = :type_materiel, numero_serie = :numero_serie, adresse_ip = :adresse_ip, adresse_mac = :adresse_mac, masque = :masque, passerelle = :passerelle WHERE id = :id
    [params] => Array
        (
            [0] => :marque
            [1] => :modele
            [2] => :type_materiel
            [3] => :numero_serie
            [4] => :adresse_ip
            [5] => :adresse_mac
            [6] => :masque
            [7] => :passerelle
            [8] => :id
        )

)

--------------------------------------------------------------------------------
[2026-09-24 14:54:51] Mise à jour réussie ID: 70
--------------------------------------------------------------------------------
[2026-09-24 14:54:51] Traitement ID: 74
--------------------------------------------------------------------------------
[2026-09-24 14:54:51] SQL
Array
(
    [sql] => UPDATE materiel SET marque = :marque, modele = :modele, type_materiel = :type_materiel, numero_serie = :numero_serie, adresse_ip = :adresse_ip, masque = :masque, passerelle = :passerelle WHERE id = :id
    [params] => Array
        (
            [0] => :marque
            [1] => :modele
            [2] => :type_materiel
            [3] => :numero_serie
            [4] => :adresse_ip
            [5] => :masque
            [6] => :passerelle
            [7] => :id
        )

)

--------------------------------------------------------------------------------
[2026-09-24 14:54:51] Mise à jour réussie ID: 74
--------------------------------------------------------------------------------
[2026-09-24 14:54:51] Traitement ID: 73
--------------------------------------------------------------------------------
[2026-09-24 14:54:51] SQL
Array
(
    [sql] => UPDATE materiel SET marque = :marque, modele = :modele, type_materiel = :type_materiel, numero_serie = :numero_serie, adresse_ip = :adresse_ip, masque = :masque, passerelle = :passerelle WHERE id = :id
    [params] => Array
        (
            [0] => :marque
            [1] => :modele
            [2] => :type_materiel
            [3] => :numero_serie
            [4] => :adresse_ip
            [5] => :masque
            [6] => :passerelle
            [7] => :id
        )

)

--------------------------------------------------------------------------------
[2026-09-24 14:54:51] Mise à jour réussie ID: 73
--------------------------------------------------------------------------------
[2026-09-24 14:54:51] Traitement ID: 3838
--------------------------------------------------------------------------------
[2026-09-24 14:54:51] SQL
Array
(
    [sql] => UPDATE materiel SET marque = :marque, modele = :modele, numero_serie = :numero_serie WHERE id = :id
    [params] => Array
        (
            [0] => :marque
            [1] => :modele
            [2] => :numero_serie
            [3] => :id
        )

)

--------------------------------------------------------------------------------
[2026-09-24 14:54:51] Mise à jour réussie ID: 3838
--------------------------------------------------------------------------------
[2026-09-24 14:54:51] Traitement ID: 3839
--------------------------------------------------------------------------------
[2026-09-24 14:54:51] SQL
Array
(
    [sql] => UPDATE materiel SET marque = :marque, modele = :modele, numero_serie = :numero_serie WHERE id = :id
    [params] => Array
        (
            [0] => :marque
            [1] => :modele
            [2] => :numero_serie
            [3] => :id
        )

)

--------------------------------------------------------------------------------
[2026-09-24 14:54:51] Mise à jour réussie ID: 3839
--------------------------------------------------------------------------------
[2026-09-24 14:54:51] Traitement ID: 64
--------------------------------------------------------------------------------
[2026-09-24 14:54:51] SQL
Array
(
    [sql] => UPDATE materiel SET marque = :marque, modele = :modele, type_materiel = :type_materiel, numero_serie = :numero_serie, version_firmware = :version_firmware, adresse_ip = :adresse_ip, adresse_mac = :adresse_mac, masque = :masque, passerelle = :passerelle, login = :login, password = :password WHERE id = :id
    [params] => Array
        (
            [0] => :marque
            [1] => :modele
            [2] => :type_materiel
            [3] => :numero_serie
            [4] => :version_firmware
            [5] => :adresse_ip
            [6] => :adresse_mac
            [7] => :masque
            [8] => :passerelle
            [9] => :login
            [10] => :password
            [11] => :id
        )

)

--------------------------------------------------------------------------------
[2026-09-24 14:54:51] Mise à jour réussie ID: 64
--------------------------------------------------------------------------------
[2026-09-24 14:54:51] Traitement ID: 202
--------------------------------------------------------------------------------
[2026-09-24 14:54:51] SQL
Array
(
    [sql] => UPDATE materiel SET marque = :marque, modele = :modele, numero_serie = :numero_serie WHERE id = :id
    [params] => Array
        (
            [0] => :marque
            [1] => :modele
            [2] => :numero_serie
            [3] => :id
        )

)

--------------------------------------------------------------------------------
[2026-09-24 14:54:51] Mise à jour réussie ID: 202
--------------------------------------------------------------------------------
[2026-09-24 14:54:51] Traitement ID: 65
--------------------------------------------------------------------------------
[2026-09-24 14:54:51] SQL
Array
(
    [sql] => UPDATE materiel SET marque = :marque, modele = :modele, type_materiel = :type_materiel, numero_serie = :numero_serie, adresse_ip = :adresse_ip, adresse_mac = :adresse_mac, masque = :masque, passerelle = :passerelle, login = :login, password = :password WHERE id = :id
    [params] => Array
        (
            [0] => :marque
            [1] => :modele
            [2] => :type_materiel
            [3] => :numero_serie
            [4] => :adresse_ip
            [5] => :adresse_mac
            [6] => :masque
            [7] => :passerelle
            [8] => :login
            [9] => :password
            [10] => :id
        )

)

--------------------------------------------------------------------------------
[2026-09-24 14:54:51] Mise à jour réussie ID: 65
--------------------------------------------------------------------------------
[2026-09-24 14:54:51] Réponse
Array
(
    [status] => success
    [message] => 22 ligne(s) mise(s) à jour
    [updated] => 22
    [total_rows] => 22
    [errors] => Array
        (
        )

)

--------------------------------------------------------------------------------
[2026-09-24 14:54:51] === FIN ===
--------------------------------------------------------------------------------
[2026-09-24 15:21:25] === DÉBUT ===
--------------------------------------------------------------------------------
[2026-09-24 15:21:25] Input reçu
Array
(
    [raw_length] => 9431
    [has_data] => 1
)

--------------------------------------------------------------------------------
[2026-09-24 15:21:25] Connexion BDD OK
--------------------------------------------------------------------------------
[2026-09-24 15:21:25] Traitement ID: 2706
--------------------------------------------------------------------------------
[2026-09-24 15:21:25] SQL
Array
(
    [sql] => UPDATE materiel SET marque = :marque, modele = :modele, type_materiel = :type_materiel, adresse_ip = :adresse_ip WHERE id = :id
    [params] => Array
        (
            [0] => :marque
            [1] => :modele
            [2] => :type_materiel
            [3] => :adresse_ip
            [4] => :id
        )

)

--------------------------------------------------------------------------------
[2026-09-24 15:21:25] Mise à jour réussie ID: 2706
--------------------------------------------------------------------------------
[2026-09-24 15:21:25] Traitement ID: 2697
--------------------------------------------------------------------------------
[2026-09-24 15:21:25] SQL
Array
(
    [sql] => UPDATE materiel SET marque = :marque, modele = :modele, type_materiel = :type_materiel, adresse_ip = :adresse_ip, login = :login, password = :password WHERE id = :id
    [params] => Array
        (
            [0] => :marque
            [1] => :modele
            [2] => :type_materiel
            [3] => :adresse_ip
            [4] => :login
            [5] => :password
            [6] => :id
        )

)

--------------------------------------------------------------------------------
[2026-09-24 15:21:25] Mise à jour réussie ID: 2697
--------------------------------------------------------------------------------
[2026-09-24 15:21:25] Traitement ID: 2700
--------------------------------------------------------------------------------
[2026-09-24 15:21:25] SQL
Array
(
    [sql] => UPDATE materiel SET marque = :marque, modele = :modele, type_materiel = :type_materiel, adresse_ip = :adresse_ip, login = :login, password = :password WHERE id = :id
    [params] => Array
        (
            [0] => :marque
            [1] => :modele
            [2] => :type_materiel
            [3] => :adresse_ip
            [4] => :login
            [5] => :password
            [6] => :id
        )

)

--------------------------------------------------------------------------------
[2026-09-24 15:21:25] Mise à jour réussie ID: 2700
--------------------------------------------------------------------------------
[2026-09-24 15:21:25] Traitement ID: 3836
--------------------------------------------------------------------------------
[2026-09-24 15:21:25] SQL
Array
(
    [sql] => UPDATE materiel SET marque = :marque, modele = :modele, numero_serie = :numero_serie WHERE id = :id
    [params] => Array
        (
            [0] => :marque
            [1] => :modele
            [2] => :numero_serie
            [3] => :id
        )

)

--------------------------------------------------------------------------------
[2026-09-24 15:21:25] Mise à jour réussie ID: 3836
--------------------------------------------------------------------------------
[2026-09-24 15:21:25] Traitement ID: 2698
--------------------------------------------------------------------------------
[2026-09-24 15:21:25] SQL
Array
(
    [sql] => UPDATE materiel SET marque = :marque, modele = :modele, type_materiel = :type_materiel, adresse_ip = :adresse_ip, login = :login, password = :password WHERE id = :id
    [params] => Array
        (
            [0] => :marque
            [1] => :modele
            [2] => :type_materiel
            [3] => :adresse_ip
            [4] => :login
            [5] => :password
            [6] => :id
        )

)

--------------------------------------------------------------------------------
[2026-09-24 15:21:25] Mise à jour réussie ID: 2698
--------------------------------------------------------------------------------
[2026-09-24 15:21:25] Traitement ID: 2699
--------------------------------------------------------------------------------
[2026-09-24 15:21:25] SQL
Array
(
    [sql] => UPDATE materiel SET marque = :marque, modele = :modele, type_materiel = :type_materiel, adresse_ip = :adresse_ip WHERE id = :id
    [params] => Array
        (
            [0] => :marque
            [1] => :modele
            [2] => :type_materiel
            [3] => :adresse_ip
            [4] => :id
        )

)

--------------------------------------------------------------------------------
[2026-09-24 15:21:25] Mise à jour réussie ID: 2699
--------------------------------------------------------------------------------
[2026-09-24 15:21:25] Traitement ID: 2707
--------------------------------------------------------------------------------
[2026-09-24 15:21:25] SQL
Array
(
    [sql] => UPDATE materiel SET marque = :marque, modele = :modele, type_materiel = :type_materiel, adresse_ip = :adresse_ip, login = :login, password = :password WHERE id = :id
    [params] => Array
        (
            [0] => :marque
            [1] => :modele
            [2] => :type_materiel
            [3] => :adresse_ip
            [4] => :login
            [5] => :password
            [6] => :id
        )

)

--------------------------------------------------------------------------------
[2026-09-24 15:21:25] Mise à jour réussie ID: 2707
--------------------------------------------------------------------------------
[2026-09-24 15:21:25] Traitement ID: 2708
--------------------------------------------------------------------------------
[2026-09-24 15:21:25] SQL
Array
(
    [sql] => UPDATE materiel SET marque = :marque, modele = :modele, type_materiel = :type_materiel, adresse_ip = :adresse_ip WHERE id = :id
    [params] => Array
        (
            [0] => :marque
            [1] => :modele
            [2] => :type_materiel
            [3] => :adresse_ip
            [4] => :id
        )

)

--------------------------------------------------------------------------------
[2026-09-24 15:21:25] Mise à jour réussie ID: 2708
--------------------------------------------------------------------------------
[2026-09-24 15:21:25] Traitement ID: 2701
--------------------------------------------------------------------------------
[2026-09-24 15:21:25] SQL
Array
(
    [sql] => UPDATE materiel SET marque = :marque, modele = :modele, type_materiel = :type_materiel, adresse_ip = :adresse_ip, login = :login, password = :password WHERE id = :id
    [params] => Array
        (
            [0] => :marque
            [1] => :modele
            [2] => :type_materiel
            [3] => :adresse_ip
            [4] => :login
            [5] => :password
            [6] => :id
        )

)

--------------------------------------------------------------------------------
[2026-09-24 15:21:25] Mise à jour réussie ID: 2701
--------------------------------------------------------------------------------
[2026-09-24 15:21:25] Traitement ID: 2702
--------------------------------------------------------------------------------
[2026-09-24 15:21:25] SQL
Array
(
    [sql] => UPDATE materiel SET marque = :marque, modele = :modele, type_materiel = :type_materiel, adresse_ip = :adresse_ip, login = :login, password = :password WHERE id = :id
    [params] => Array
        (
            [0] => :marque
            [1] => :modele
            [2] => :type_materiel
            [3] => :adresse_ip
            [4] => :login
            [5] => :password
            [6] => :id
        )

)

--------------------------------------------------------------------------------
[2026-09-24 15:21:25] Mise à jour réussie ID: 2702
--------------------------------------------------------------------------------
[2026-09-24 15:21:25] Traitement ID: 2704
--------------------------------------------------------------------------------
[2026-09-24 15:21:25] SQL
Array
(
    [sql] => UPDATE materiel SET marque = :marque, modele = :modele, type_materiel = :type_materiel, adresse_ip = :adresse_ip WHERE id = :id
    [params] => Array
        (
            [0] => :marque
            [1] => :modele
            [2] => :type_materiel
            [3] => :adresse_ip
            [4] => :id
        )

)

--------------------------------------------------------------------------------
[2026-09-24 15:21:25] Mise à jour réussie ID: 2704
--------------------------------------------------------------------------------
[2026-09-24 15:21:25] Traitement ID: 2705
--------------------------------------------------------------------------------
[2026-09-24 15:21:25] SQL
Array
(
    [sql] => UPDATE materiel SET marque = :marque, modele = :modele, type_materiel = :type_materiel, adresse_ip = :adresse_ip WHERE id = :id
    [params] => Array
        (
            [0] => :marque
            [1] => :modele
            [2] => :type_materiel
            [3] => :adresse_ip
            [4] => :id
        )

)

--------------------------------------------------------------------------------
[2026-09-24 15:21:25] Mise à jour réussie ID: 2705
--------------------------------------------------------------------------------
[2026-09-24 15:21:25] Traitement ID: 2703
--------------------------------------------------------------------------------
[2026-09-24 15:21:25] SQL
Array
(
    [sql] => UPDATE materiel SET marque = :marque, modele = :modele, type_materiel = :type_materiel, adresse_ip = :adresse_ip WHERE id = :id
    [params] => Array
        (
            [0] => :marque
            [1] => :modele
            [2] => :type_materiel
            [3] => :adresse_ip
            [4] => :id
        )

)

--------------------------------------------------------------------------------
[2026-09-24 15:21:25] Mise à jour réussie ID: 2703
--------------------------------------------------------------------------------
[2026-09-24 15:21:25] Traitement ID: 3837
--------------------------------------------------------------------------------
[2026-09-24 15:21:25] SQL
Array
(
    [sql] => UPDATE materiel SET marque = :marque, modele = :modele, numero_serie = :numero_serie WHERE id = :id
    [params] => Array
        (
            [0] => :marque
            [1] => :modele
            [2] => :numero_serie
            [3] => :id
        )

)

--------------------------------------------------------------------------------
[2026-09-24 15:21:25] Mise à jour réussie ID: 3837
--------------------------------------------------------------------------------
[2026-09-24 15:21:25] Réponse
Array
(
    [status] => success
    [message] => 14 ligne(s) mise(s) à jour
    [updated] => 14
    [total_rows] => 14
    [errors] => Array
        (
        )

)

--------------------------------------------------------------------------------
[2026-09-24 15:21:25] === FIN ===
--------------------------------------------------------------------------------
[2026-09-24 15:23:31] === DÉBUT ===
--------------------------------------------------------------------------------
[2026-09-24 15:23:31] Input reçu
Array
(
    [raw_length] => 10081
    [has_data] => 1
)

--------------------------------------------------------------------------------
[2026-09-24 15:23:31] Connexion BDD OK
--------------------------------------------------------------------------------
[2026-09-24 15:23:31] Traitement ID: 2706
--------------------------------------------------------------------------------
[2026-09-24 15:23:31] SQL
Array
(
    [sql] => UPDATE materiel SET marque = :marque, modele = :modele, type_materiel = :type_materiel, adresse_ip = :adresse_ip WHERE id = :id
    [params] => Array
        (
            [0] => :marque
            [1] => :modele
            [2] => :type_materiel
            [3] => :adresse_ip
            [4] => :id
        )

)

--------------------------------------------------------------------------------
[2026-09-24 15:23:31] Mise à jour réussie ID: 2706
--------------------------------------------------------------------------------
[2026-09-24 15:23:31] Traitement ID: 2697
--------------------------------------------------------------------------------
[2026-09-24 15:23:31] SQL
Array
(
    [sql] => UPDATE materiel SET marque = :marque, modele = :modele, type_materiel = :type_materiel, adresse_ip = :adresse_ip, login = :login, password = :password WHERE id = :id
    [params] => Array
        (
            [0] => :marque
            [1] => :modele
            [2] => :type_materiel
            [3] => :adresse_ip
            [4] => :login
            [5] => :password
            [6] => :id
        )

)

--------------------------------------------------------------------------------
[2026-09-24 15:23:31] Mise à jour réussie ID: 2697
--------------------------------------------------------------------------------
[2026-09-24 15:23:31] Traitement ID: 3843
--------------------------------------------------------------------------------
[2026-09-24 15:23:31] SQL
Array
(
    [sql] => UPDATE materiel SET marque = :marque, modele = :modele, numero_serie = :numero_serie WHERE id = :id
    [params] => Array
        (
            [0] => :marque
            [1] => :modele
            [2] => :numero_serie
            [3] => :id
        )

)

--------------------------------------------------------------------------------
[2026-09-24 15:23:31] Mise à jour réussie ID: 3843
--------------------------------------------------------------------------------
[2026-09-24 15:23:31] Traitement ID: 2700
--------------------------------------------------------------------------------
[2026-09-24 15:23:31] SQL
Array
(
    [sql] => UPDATE materiel SET marque = :marque, modele = :modele, type_materiel = :type_materiel, adresse_ip = :adresse_ip, login = :login, password = :password WHERE id = :id
    [params] => Array
        (
            [0] => :marque
            [1] => :modele
            [2] => :type_materiel
            [3] => :adresse_ip
            [4] => :login
            [5] => :password
            [6] => :id
        )

)

--------------------------------------------------------------------------------
[2026-09-24 15:23:31] Mise à jour réussie ID: 2700
--------------------------------------------------------------------------------
[2026-09-24 15:23:31] Traitement ID: 3836
--------------------------------------------------------------------------------
[2026-09-24 15:23:31] SQL
Array
(
    [sql] => UPDATE materiel SET marque = :marque, modele = :modele, numero_serie = :numero_serie WHERE id = :id
    [params] => Array
        (
            [0] => :marque
            [1] => :modele
            [2] => :numero_serie
            [3] => :id
        )

)

--------------------------------------------------------------------------------
[2026-09-24 15:23:31] Mise à jour réussie ID: 3836
--------------------------------------------------------------------------------
[2026-09-24 15:23:31] Traitement ID: 2698
--------------------------------------------------------------------------------
[2026-09-24 15:23:31] SQL
Array
(
    [sql] => UPDATE materiel SET marque = :marque, modele = :modele, type_materiel = :type_materiel, adresse_ip = :adresse_ip, login = :login, password = :password WHERE id = :id
    [params] => Array
        (
            [0] => :marque
            [1] => :modele
            [2] => :type_materiel
            [3] => :adresse_ip
            [4] => :login
            [5] => :password
            [6] => :id
        )

)

--------------------------------------------------------------------------------
[2026-09-24 15:23:31] Mise à jour réussie ID: 2698
--------------------------------------------------------------------------------
[2026-09-24 15:23:31] Traitement ID: 2699
--------------------------------------------------------------------------------
[2026-09-24 15:23:31] SQL
Array
(
    [sql] => UPDATE materiel SET marque = :marque, modele = :modele, type_materiel = :type_materiel, adresse_ip = :adresse_ip WHERE id = :id
    [params] => Array
        (
            [0] => :marque
            [1] => :modele
            [2] => :type_materiel
            [3] => :adresse_ip
            [4] => :id
        )

)

--------------------------------------------------------------------------------
[2026-09-24 15:23:31] Mise à jour réussie ID: 2699
--------------------------------------------------------------------------------
[2026-09-24 15:23:31] Traitement ID: 2707
--------------------------------------------------------------------------------
[2026-09-24 15:23:31] SQL
Array
(
    [sql] => UPDATE materiel SET marque = :marque, modele = :modele, type_materiel = :type_materiel, adresse_ip = :adresse_ip, login = :login, password = :password WHERE id = :id
    [params] => Array
        (
            [0] => :marque
            [1] => :modele
            [2] => :type_materiel
            [3] => :adresse_ip
            [4] => :login
            [5] => :password
            [6] => :id
        )

)

--------------------------------------------------------------------------------
[2026-09-24 15:23:31] Mise à jour réussie ID: 2707
--------------------------------------------------------------------------------
[2026-09-24 15:23:31] Traitement ID: 2708
--------------------------------------------------------------------------------
[2026-09-24 15:23:31] SQL
Array
(
    [sql] => UPDATE materiel SET marque = :marque, modele = :modele, type_materiel = :type_materiel, adresse_ip = :adresse_ip WHERE id = :id
    [params] => Array
        (
            [0] => :marque
            [1] => :modele
            [2] => :type_materiel
            [3] => :adresse_ip
            [4] => :id
        )

)

--------------------------------------------------------------------------------
[2026-09-24 15:23:31] Mise à jour réussie ID: 2708
--------------------------------------------------------------------------------
[2026-09-24 15:23:31] Traitement ID: 2701
--------------------------------------------------------------------------------
[2026-09-24 15:23:31] SQL
Array
(
    [sql] => UPDATE materiel SET marque = :marque, modele = :modele, type_materiel = :type_materiel, adresse_ip = :adresse_ip, login = :login, password = :password WHERE id = :id
    [params] => Array
        (
            [0] => :marque
            [1] => :modele
            [2] => :type_materiel
            [3] => :adresse_ip
            [4] => :login
            [5] => :password
            [6] => :id
        )

)

--------------------------------------------------------------------------------
[2026-09-24 15:23:31] Mise à jour réussie ID: 2701
--------------------------------------------------------------------------------
[2026-09-24 15:23:31] Traitement ID: 2702
--------------------------------------------------------------------------------
[2026-09-24 15:23:31] SQL
Array
(
    [sql] => UPDATE materiel SET marque = :marque, modele = :modele, type_materiel = :type_materiel, adresse_ip = :adresse_ip, login = :login, password = :password WHERE id = :id
    [params] => Array
        (
            [0] => :marque
            [1] => :modele
            [2] => :type_materiel
            [3] => :adresse_ip
            [4] => :login
            [5] => :password
            [6] => :id
        )

)

--------------------------------------------------------------------------------
[2026-09-24 15:23:31] Mise à jour réussie ID: 2702
--------------------------------------------------------------------------------
[2026-09-24 15:23:31] Traitement ID: 2704
--------------------------------------------------------------------------------
[2026-09-24 15:23:31] SQL
Array
(
    [sql] => UPDATE materiel SET marque = :marque, modele = :modele, type_materiel = :type_materiel, adresse_ip = :adresse_ip WHERE id = :id
    [params] => Array
        (
            [0] => :marque
            [1] => :modele
            [2] => :type_materiel
            [3] => :adresse_ip
            [4] => :id
        )

)

--------------------------------------------------------------------------------
[2026-09-24 15:23:31] Mise à jour réussie ID: 2704
--------------------------------------------------------------------------------
[2026-09-24 15:23:31] Traitement ID: 2705
--------------------------------------------------------------------------------
[2026-09-24 15:23:31] SQL
Array
(
    [sql] => UPDATE materiel SET marque = :marque, modele = :modele, type_materiel = :type_materiel, adresse_ip = :adresse_ip WHERE id = :id
    [params] => Array
        (
            [0] => :marque
            [1] => :modele
            [2] => :type_materiel
            [3] => :adresse_ip
            [4] => :id
        )

)

--------------------------------------------------------------------------------
[2026-09-24 15:23:31] Mise à jour réussie ID: 2705
--------------------------------------------------------------------------------
[2026-09-24 15:23:31] Traitement ID: 2703
--------------------------------------------------------------------------------
[2026-09-24 15:23:31] SQL
Array
(
    [sql] => UPDATE materiel SET marque = :marque, modele = :modele, type_materiel = :type_materiel, numero_serie = :numero_serie, adresse_ip = :adresse_ip WHERE id = :id
    [params] => Array
        (
            [0] => :marque
            [1] => :modele
            [2] => :type_materiel
            [3] => :numero_serie
            [4] => :adresse_ip
            [5] => :id
        )

)

--------------------------------------------------------------------------------
[2026-09-24 15:23:31] Mise à jour réussie ID: 2703
--------------------------------------------------------------------------------
[2026-09-24 15:23:31] Traitement ID: 3837
--------------------------------------------------------------------------------
[2026-09-24 15:23:31] SQL
Array
(
    [sql] => UPDATE materiel SET marque = :marque, modele = :modele, numero_serie = :numero_serie WHERE id = :id
    [params] => Array
        (
            [0] => :marque
            [1] => :modele
            [2] => :numero_serie
            [3] => :id
        )

)

--------------------------------------------------------------------------------
[2026-09-24 15:23:31] Mise à jour réussie ID: 3837
--------------------------------------------------------------------------------
[2026-09-24 15:23:31] Réponse
Array
(
    [status] => success
    [message] => 15 ligne(s) mise(s) à jour
    [updated] => 15
    [total_rows] => 15
    [errors] => Array
        (
        )

)

--------------------------------------------------------------------------------
[2026-09-24 15:23:31] === FIN ===
--------------------------------------------------------------------------------
