[2026-06-01 12:55:12] === DÉBUT ===
--------------------------------------------------------------------------------
[2026-06-01 12:55:12] Input reçu
Array
(
    [raw_length] => 748
    [has_data] => 1
)

--------------------------------------------------------------------------------
[2026-06-01 12:55:12] Connexion BDD OK
--------------------------------------------------------------------------------
[2026-06-01 12:55:12] Traitement ID: 2736
--------------------------------------------------------------------------------
[2026-06-01 12:55:12] SQL
Array
(
    [sql] => UPDATE materiel SET marque = :marque, modele = :modele, type_materiel = :type_materiel, numero_serie = :numero_serie, commentaire = :commentaire WHERE id = :id
    [params] => Array
        (
            [0] => :marque
            [1] => :modele
            [2] => :type_materiel
            [3] => :numero_serie
            [4] => :commentaire
            [5] => :id
        )

)

--------------------------------------------------------------------------------
[2026-06-01 12:55:12] Mise à jour réussie ID: 2736
--------------------------------------------------------------------------------
[2026-06-01 12:55:12] Réponse
Array
(
    [status] => success
    [message] => 1 ligne(s) mise(s) à jour
    [updated] => 1
    [total_rows] => 1
    [errors] => Array
        (
        )

)

--------------------------------------------------------------------------------
[2026-06-01 12:55:12] === FIN ===
--------------------------------------------------------------------------------
[2026-06-01 12:55:12] === DÉBUT ===
--------------------------------------------------------------------------------
[2026-06-01 12:55:12] Input reçu
Array
(
    [raw_length] => 14637
    [has_data] => 1
)

--------------------------------------------------------------------------------
[2026-06-01 12:55:12] Connexion BDD OK
--------------------------------------------------------------------------------
[2026-06-01 12:55:12] Traitement ID: 2733
--------------------------------------------------------------------------------
[2026-06-01 12:55:12] SQL
Array
(
    [sql] => UPDATE materiel SET marque = :marque, modele = :modele, type_materiel = :type_materiel, numero_serie = :numero_serie, commentaire = :commentaire WHERE id = :id
    [params] => Array
        (
            [0] => :marque
            [1] => :modele
            [2] => :type_materiel
            [3] => :numero_serie
            [4] => :commentaire
            [5] => :id
        )

)

--------------------------------------------------------------------------------
[2026-06-01 12:55:12] Mise à jour réussie ID: 2733
--------------------------------------------------------------------------------
[2026-06-01 12:55:12] Traitement ID: 2722
--------------------------------------------------------------------------------
[2026-06-01 12:55:12] SQL
Array
(
    [sql] => UPDATE materiel SET marque = :marque, modele = :modele, type_materiel = :type_materiel, numero_serie = :numero_serie, commentaire = :commentaire WHERE id = :id
    [params] => Array
        (
            [0] => :marque
            [1] => :modele
            [2] => :type_materiel
            [3] => :numero_serie
            [4] => :commentaire
            [5] => :id
        )

)

--------------------------------------------------------------------------------
[2026-06-01 12:55:12] Mise à jour réussie ID: 2722
--------------------------------------------------------------------------------
[2026-06-01 12:55:12] Traitement ID: 2725
--------------------------------------------------------------------------------
[2026-06-01 12:55:12] SQL
Array
(
    [sql] => UPDATE materiel SET marque = :marque, modele = :modele, type_materiel = :type_materiel, numero_serie = :numero_serie, commentaire = :commentaire WHERE id = :id
    [params] => Array
        (
            [0] => :marque
            [1] => :modele
            [2] => :type_materiel
            [3] => :numero_serie
            [4] => :commentaire
            [5] => :id
        )

)

--------------------------------------------------------------------------------
[2026-06-01 12:55:12] Mise à jour réussie ID: 2725
--------------------------------------------------------------------------------
[2026-06-01 12:55:12] Traitement ID: 2729
--------------------------------------------------------------------------------
[2026-06-01 12:55:12] SQL
Array
(
    [sql] => UPDATE materiel SET marque = :marque, modele = :modele, type_materiel = :type_materiel, numero_serie = :numero_serie, commentaire = :commentaire WHERE id = :id
    [params] => Array
        (
            [0] => :marque
            [1] => :modele
            [2] => :type_materiel
            [3] => :numero_serie
            [4] => :commentaire
            [5] => :id
        )

)

--------------------------------------------------------------------------------
[2026-06-01 12:55:12] Mise à jour réussie ID: 2729
--------------------------------------------------------------------------------
[2026-06-01 12:55:12] Traitement ID: 2726
--------------------------------------------------------------------------------
[2026-06-01 12:55:12] SQL
Array
(
    [sql] => UPDATE materiel SET marque = :marque, modele = :modele, type_materiel = :type_materiel, numero_serie = :numero_serie, commentaire = :commentaire WHERE id = :id
    [params] => Array
        (
            [0] => :marque
            [1] => :modele
            [2] => :type_materiel
            [3] => :numero_serie
            [4] => :commentaire
            [5] => :id
        )

)

--------------------------------------------------------------------------------
[2026-06-01 12:55:12] Mise à jour réussie ID: 2726
--------------------------------------------------------------------------------
[2026-06-01 12:55:12] Traitement ID: 2728
--------------------------------------------------------------------------------
[2026-06-01 12:55:12] SQL
Array
(
    [sql] => UPDATE materiel SET marque = :marque, modele = :modele, type_materiel = :type_materiel, numero_serie = :numero_serie, commentaire = :commentaire WHERE id = :id
    [params] => Array
        (
            [0] => :marque
            [1] => :modele
            [2] => :type_materiel
            [3] => :numero_serie
            [4] => :commentaire
            [5] => :id
        )

)

--------------------------------------------------------------------------------
[2026-06-01 12:55:12] Mise à jour réussie ID: 2728
--------------------------------------------------------------------------------
[2026-06-01 12:55:12] Traitement ID: 2732
--------------------------------------------------------------------------------
[2026-06-01 12:55:12] SQL
Array
(
    [sql] => UPDATE materiel SET marque = :marque, modele = :modele, type_materiel = :type_materiel, numero_serie = :numero_serie, commentaire = :commentaire WHERE id = :id
    [params] => Array
        (
            [0] => :marque
            [1] => :modele
            [2] => :type_materiel
            [3] => :numero_serie
            [4] => :commentaire
            [5] => :id
        )

)

--------------------------------------------------------------------------------
[2026-06-01 12:55:12] Mise à jour réussie ID: 2732
--------------------------------------------------------------------------------
[2026-06-01 12:55:12] Traitement ID: 2735
--------------------------------------------------------------------------------
[2026-06-01 12:55:12] SQL
Array
(
    [sql] => UPDATE materiel SET marque = :marque, modele = :modele, type_materiel = :type_materiel, numero_serie = :numero_serie, commentaire = :commentaire WHERE id = :id
    [params] => Array
        (
            [0] => :marque
            [1] => :modele
            [2] => :type_materiel
            [3] => :numero_serie
            [4] => :commentaire
            [5] => :id
        )

)

--------------------------------------------------------------------------------
[2026-06-01 12:55:12] Mise à jour réussie ID: 2735
--------------------------------------------------------------------------------
[2026-06-01 12:55:12] Traitement ID: 2714
--------------------------------------------------------------------------------
[2026-06-01 12:55:12] SQL
Array
(
    [sql] => UPDATE materiel SET marque = :marque, modele = :modele WHERE id = :id
    [params] => Array
        (
            [0] => :marque
            [1] => :modele
            [2] => :id
        )

)

--------------------------------------------------------------------------------
[2026-06-01 12:55:12] Mise à jour réussie ID: 2714
--------------------------------------------------------------------------------
[2026-06-01 12:55:12] Traitement ID: 2717
--------------------------------------------------------------------------------
[2026-06-01 12:55:12] SQL
Array
(
    [sql] => UPDATE materiel SET marque = :marque, modele = :modele, type_materiel = :type_materiel, numero_serie = :numero_serie, commentaire = :commentaire WHERE id = :id
    [params] => Array
        (
            [0] => :marque
            [1] => :modele
            [2] => :type_materiel
            [3] => :numero_serie
            [4] => :commentaire
            [5] => :id
        )

)

--------------------------------------------------------------------------------
[2026-06-01 12:55:12] Mise à jour réussie ID: 2717
--------------------------------------------------------------------------------
[2026-06-01 12:55:12] Traitement ID: 2715
--------------------------------------------------------------------------------
[2026-06-01 12:55:12] SQL
Array
(
    [sql] => UPDATE materiel SET marque = :marque, modele = :modele WHERE id = :id
    [params] => Array
        (
            [0] => :marque
            [1] => :modele
            [2] => :id
        )

)

--------------------------------------------------------------------------------
[2026-06-01 12:55:12] Mise à jour réussie ID: 2715
--------------------------------------------------------------------------------
[2026-06-01 12:55:12] Traitement ID: 2718
--------------------------------------------------------------------------------
[2026-06-01 12:55:12] SQL
Array
(
    [sql] => UPDATE materiel SET marque = :marque, modele = :modele, type_materiel = :type_materiel, numero_serie = :numero_serie, commentaire = :commentaire WHERE id = :id
    [params] => Array
        (
            [0] => :marque
            [1] => :modele
            [2] => :type_materiel
            [3] => :numero_serie
            [4] => :commentaire
            [5] => :id
        )

)

--------------------------------------------------------------------------------
[2026-06-01 12:55:12] Mise à jour réussie ID: 2718
--------------------------------------------------------------------------------
[2026-06-01 12:55:12] Traitement ID: 2716
--------------------------------------------------------------------------------
[2026-06-01 12:55:12] SQL
Array
(
    [sql] => UPDATE materiel SET marque = :marque, modele = :modele WHERE id = :id
    [params] => Array
        (
            [0] => :marque
            [1] => :modele
            [2] => :id
        )

)

--------------------------------------------------------------------------------
[2026-06-01 12:55:12] Mise à jour réussie ID: 2716
--------------------------------------------------------------------------------
[2026-06-01 12:55:12] Traitement ID: 2719
--------------------------------------------------------------------------------
[2026-06-01 12:55:12] SQL
Array
(
    [sql] => UPDATE materiel SET marque = :marque, modele = :modele, type_materiel = :type_materiel, numero_serie = :numero_serie, commentaire = :commentaire WHERE id = :id
    [params] => Array
        (
            [0] => :marque
            [1] => :modele
            [2] => :type_materiel
            [3] => :numero_serie
            [4] => :commentaire
            [5] => :id
        )

)

--------------------------------------------------------------------------------
[2026-06-01 12:55:12] Mise à jour réussie ID: 2719
--------------------------------------------------------------------------------
[2026-06-01 12:55:12] Traitement ID: 2720
--------------------------------------------------------------------------------
[2026-06-01 12:55:12] SQL
Array
(
    [sql] => UPDATE materiel SET marque = :marque, modele = :modele, type_materiel = :type_materiel, numero_serie = :numero_serie, commentaire = :commentaire WHERE id = :id
    [params] => Array
        (
            [0] => :marque
            [1] => :modele
            [2] => :type_materiel
            [3] => :numero_serie
            [4] => :commentaire
            [5] => :id
        )

)

--------------------------------------------------------------------------------
[2026-06-01 12:55:12] Mise à jour réussie ID: 2720
--------------------------------------------------------------------------------
[2026-06-01 12:55:12] Traitement ID: 2721
--------------------------------------------------------------------------------
[2026-06-01 12:55:12] SQL
Array
(
    [sql] => UPDATE materiel SET marque = :marque, modele = :modele, type_materiel = :type_materiel, numero_serie = :numero_serie, commentaire = :commentaire WHERE id = :id
    [params] => Array
        (
            [0] => :marque
            [1] => :modele
            [2] => :type_materiel
            [3] => :numero_serie
            [4] => :commentaire
            [5] => :id
        )

)

--------------------------------------------------------------------------------
[2026-06-01 12:55:12] Mise à jour réussie ID: 2721
--------------------------------------------------------------------------------
[2026-06-01 12:55:12] Traitement ID: 2731
--------------------------------------------------------------------------------
[2026-06-01 12:55:12] SQL
Array
(
    [sql] => UPDATE materiel SET marque = :marque, modele = :modele, type_materiel = :type_materiel, numero_serie = :numero_serie, commentaire = :commentaire WHERE id = :id
    [params] => Array
        (
            [0] => :marque
            [1] => :modele
            [2] => :type_materiel
            [3] => :numero_serie
            [4] => :commentaire
            [5] => :id
        )

)

--------------------------------------------------------------------------------
[2026-06-01 12:55:12] Mise à jour réussie ID: 2731
--------------------------------------------------------------------------------
[2026-06-01 12:55:12] Traitement ID: 2727
--------------------------------------------------------------------------------
[2026-06-01 12:55:12] SQL
Array
(
    [sql] => UPDATE materiel SET marque = :marque, modele = :modele, type_materiel = :type_materiel, numero_serie = :numero_serie, commentaire = :commentaire WHERE id = :id
    [params] => Array
        (
            [0] => :marque
            [1] => :modele
            [2] => :type_materiel
            [3] => :numero_serie
            [4] => :commentaire
            [5] => :id
        )

)

--------------------------------------------------------------------------------
[2026-06-01 12:55:12] Mise à jour réussie ID: 2727
--------------------------------------------------------------------------------
[2026-06-01 12:55:12] Traitement ID: 2723
--------------------------------------------------------------------------------
[2026-06-01 12:55:12] SQL
Array
(
    [sql] => UPDATE materiel SET marque = :marque, modele = :modele, type_materiel = :type_materiel, numero_serie = :numero_serie, commentaire = :commentaire WHERE id = :id
    [params] => Array
        (
            [0] => :marque
            [1] => :modele
            [2] => :type_materiel
            [3] => :numero_serie
            [4] => :commentaire
            [5] => :id
        )

)

--------------------------------------------------------------------------------
[2026-06-01 12:55:12] Mise à jour réussie ID: 2723
--------------------------------------------------------------------------------
[2026-06-01 12:55:12] Traitement ID: 2724
--------------------------------------------------------------------------------
[2026-06-01 12:55:12] SQL
Array
(
    [sql] => UPDATE materiel SET marque = :marque, modele = :modele, type_materiel = :type_materiel, numero_serie = :numero_serie, commentaire = :commentaire WHERE id = :id
    [params] => Array
        (
            [0] => :marque
            [1] => :modele
            [2] => :type_materiel
            [3] => :numero_serie
            [4] => :commentaire
            [5] => :id
        )

)

--------------------------------------------------------------------------------
[2026-06-01 12:55:12] Mise à jour réussie ID: 2724
--------------------------------------------------------------------------------
[2026-06-01 12:55:12] Traitement ID: 2730
--------------------------------------------------------------------------------
[2026-06-01 12:55:12] SQL
Array
(
    [sql] => UPDATE materiel SET marque = :marque, modele = :modele, type_materiel = :type_materiel, numero_serie = :numero_serie, commentaire = :commentaire WHERE id = :id
    [params] => Array
        (
            [0] => :marque
            [1] => :modele
            [2] => :type_materiel
            [3] => :numero_serie
            [4] => :commentaire
            [5] => :id
        )

)

--------------------------------------------------------------------------------
[2026-06-01 12:55:12] Mise à jour réussie ID: 2730
--------------------------------------------------------------------------------
[2026-06-01 12:55:12] Traitement ID: 2734
--------------------------------------------------------------------------------
[2026-06-01 12:55:12] SQL
Array
(
    [sql] => UPDATE materiel SET marque = :marque, modele = :modele, type_materiel = :type_materiel, numero_serie = :numero_serie, commentaire = :commentaire WHERE id = :id
    [params] => Array
        (
            [0] => :marque
            [1] => :modele
            [2] => :type_materiel
            [3] => :numero_serie
            [4] => :commentaire
            [5] => :id
        )

)

--------------------------------------------------------------------------------
[2026-06-01 12:55:12] Mise à jour réussie ID: 2734
--------------------------------------------------------------------------------
[2026-06-01 12:55:12] Réponse
Array
(
    [status] => success
    [message] => 22 ligne(s) mise(s) à jour
    [updated] => 22
    [total_rows] => 22
    [errors] => Array
        (
        )

)

--------------------------------------------------------------------------------
[2026-06-01 12:55:12] === FIN ===
--------------------------------------------------------------------------------
[2026-06-01 13:13:01] === DÉBUT ===
--------------------------------------------------------------------------------
[2026-06-01 13:13:01] Input reçu
Array
(
    [raw_length] => 1397
    [has_data] => 1
)

--------------------------------------------------------------------------------
[2026-06-01 13:13:01] Connexion BDD OK
--------------------------------------------------------------------------------
[2026-06-01 13:13:01] Traitement ID: 2736
--------------------------------------------------------------------------------
[2026-06-01 13:13:01] SQL
Array
(
    [sql] => UPDATE materiel SET marque = :marque, modele = :modele, type_materiel = :type_materiel, numero_serie = :numero_serie, commentaire = :commentaire WHERE id = :id
    [params] => Array
        (
            [0] => :marque
            [1] => :modele
            [2] => :type_materiel
            [3] => :numero_serie
            [4] => :commentaire
            [5] => :id
        )

)

--------------------------------------------------------------------------------
[2026-06-01 13:13:01] Mise à jour réussie ID: 2736
--------------------------------------------------------------------------------
[2026-06-01 13:13:01] Traitement ID: 2742
--------------------------------------------------------------------------------
[2026-06-01 13:13:01] SQL
Array
(
    [sql] => UPDATE materiel SET marque = :marque, modele = :modele, type_materiel = :type_materiel, numero_serie = :numero_serie, version_firmware = :version_firmware, adresse_ip = :adresse_ip, adresse_mac = :adresse_mac WHERE id = :id
    [params] => Array
        (
            [0] => :marque
            [1] => :modele
            [2] => :type_materiel
            [3] => :numero_serie
            [4] => :version_firmware
            [5] => :adresse_ip
            [6] => :adresse_mac
            [7] => :id
        )

)

--------------------------------------------------------------------------------
[2026-06-01 13:13:01] Mise à jour réussie ID: 2742
--------------------------------------------------------------------------------
[2026-06-01 13:13:01] Réponse
Array
(
    [status] => success
    [message] => 2 ligne(s) mise(s) à jour
    [updated] => 2
    [total_rows] => 2
    [errors] => Array
        (
        )

)

--------------------------------------------------------------------------------
[2026-06-01 13:13:01] === FIN ===
--------------------------------------------------------------------------------
[2026-06-01 13:13:28] === DÉBUT ===
--------------------------------------------------------------------------------
[2026-06-01 13:13:28] Input reçu
Array
(
    [raw_length] => 2046
    [has_data] => 1
)

--------------------------------------------------------------------------------
[2026-06-01 13:13:28] Connexion BDD OK
--------------------------------------------------------------------------------
[2026-06-01 13:13:28] Traitement ID: 2736
--------------------------------------------------------------------------------
[2026-06-01 13:13:28] SQL
Array
(
    [sql] => UPDATE materiel SET marque = :marque, modele = :modele, type_materiel = :type_materiel, numero_serie = :numero_serie, commentaire = :commentaire WHERE id = :id
    [params] => Array
        (
            [0] => :marque
            [1] => :modele
            [2] => :type_materiel
            [3] => :numero_serie
            [4] => :commentaire
            [5] => :id
        )

)

--------------------------------------------------------------------------------
[2026-06-01 13:13:28] Mise à jour réussie ID: 2736
--------------------------------------------------------------------------------
[2026-06-01 13:13:28] Traitement ID: 2743
--------------------------------------------------------------------------------
[2026-06-01 13:13:28] SQL
Array
(
    [sql] => UPDATE materiel SET marque = :marque, modele = :modele, type_materiel = :type_materiel, numero_serie = :numero_serie, version_firmware = :version_firmware, adresse_ip = :adresse_ip WHERE id = :id
    [params] => Array
        (
            [0] => :marque
            [1] => :modele
            [2] => :type_materiel
            [3] => :numero_serie
            [4] => :version_firmware
            [5] => :adresse_ip
            [6] => :id
        )

)

--------------------------------------------------------------------------------
[2026-06-01 13:13:28] Mise à jour réussie ID: 2743
--------------------------------------------------------------------------------
[2026-06-01 13:13:28] Traitement ID: 2742
--------------------------------------------------------------------------------
[2026-06-01 13:13:28] SQL
Array
(
    [sql] => UPDATE materiel SET marque = :marque, modele = :modele, type_materiel = :type_materiel, numero_serie = :numero_serie, version_firmware = :version_firmware, adresse_ip = :adresse_ip, adresse_mac = :adresse_mac WHERE id = :id
    [params] => Array
        (
            [0] => :marque
            [1] => :modele
            [2] => :type_materiel
            [3] => :numero_serie
            [4] => :version_firmware
            [5] => :adresse_ip
            [6] => :adresse_mac
            [7] => :id
        )

)

--------------------------------------------------------------------------------
[2026-06-01 13:13:28] Mise à jour réussie ID: 2742
--------------------------------------------------------------------------------
[2026-06-01 13:13:28] Réponse
Array
(
    [status] => success
    [message] => 3 ligne(s) mise(s) à jour
    [updated] => 3
    [total_rows] => 3
    [errors] => Array
        (
        )

)

--------------------------------------------------------------------------------
[2026-06-01 13:13:28] === FIN ===
--------------------------------------------------------------------------------
[2026-06-01 13:15:23] === DÉBUT ===
--------------------------------------------------------------------------------
[2026-06-01 13:15:23] Input reçu
Array
(
    [raw_length] => 2701
    [has_data] => 1
)

--------------------------------------------------------------------------------
[2026-06-01 13:15:23] Connexion BDD OK
--------------------------------------------------------------------------------
[2026-06-01 13:15:23] Traitement ID: 2736
--------------------------------------------------------------------------------
[2026-06-01 13:15:23] SQL
Array
(
    [sql] => UPDATE materiel SET marque = :marque, modele = :modele, type_materiel = :type_materiel, numero_serie = :numero_serie, commentaire = :commentaire WHERE id = :id
    [params] => Array
        (
            [0] => :marque
            [1] => :modele
            [2] => :type_materiel
            [3] => :numero_serie
            [4] => :commentaire
            [5] => :id
        )

)

--------------------------------------------------------------------------------
[2026-06-01 13:15:23] Mise à jour réussie ID: 2736
--------------------------------------------------------------------------------
[2026-06-01 13:15:23] Traitement ID: 2743
--------------------------------------------------------------------------------
[2026-06-01 13:15:23] SQL
Array
(
    [sql] => UPDATE materiel SET marque = :marque, modele = :modele, type_materiel = :type_materiel, numero_serie = :numero_serie, version_firmware = :version_firmware, adresse_ip = :adresse_ip WHERE id = :id
    [params] => Array
        (
            [0] => :marque
            [1] => :modele
            [2] => :type_materiel
            [3] => :numero_serie
            [4] => :version_firmware
            [5] => :adresse_ip
            [6] => :id
        )

)

--------------------------------------------------------------------------------
[2026-06-01 13:15:23] Mise à jour réussie ID: 2743
--------------------------------------------------------------------------------
[2026-06-01 13:15:23] Traitement ID: 2742
--------------------------------------------------------------------------------
[2026-06-01 13:15:23] SQL
Array
(
    [sql] => UPDATE materiel SET marque = :marque, modele = :modele, type_materiel = :type_materiel, numero_serie = :numero_serie, version_firmware = :version_firmware, adresse_ip = :adresse_ip, adresse_mac = :adresse_mac WHERE id = :id
    [params] => Array
        (
            [0] => :marque
            [1] => :modele
            [2] => :type_materiel
            [3] => :numero_serie
            [4] => :version_firmware
            [5] => :adresse_ip
            [6] => :adresse_mac
            [7] => :id
        )

)

--------------------------------------------------------------------------------
[2026-06-01 13:15:23] Mise à jour réussie ID: 2742
--------------------------------------------------------------------------------
[2026-06-01 13:15:23] Traitement ID: 2744
--------------------------------------------------------------------------------
[2026-06-01 13:15:23] SQL
Array
(
    [sql] => UPDATE materiel SET marque = :marque, modele = :modele, type_materiel = :type_materiel, numero_serie = :numero_serie, version_firmware = :version_firmware, adresse_ip = :adresse_ip, adresse_mac = :adresse_mac WHERE id = :id
    [params] => Array
        (
            [0] => :marque
            [1] => :modele
            [2] => :type_materiel
            [3] => :numero_serie
            [4] => :version_firmware
            [5] => :adresse_ip
            [6] => :adresse_mac
            [7] => :id
        )

)

--------------------------------------------------------------------------------
[2026-06-01 13:15:23] Mise à jour réussie ID: 2744
--------------------------------------------------------------------------------
[2026-06-01 13:15:23] Réponse
Array
(
    [status] => success
    [message] => 4 ligne(s) mise(s) à jour
    [updated] => 4
    [total_rows] => 4
    [errors] => Array
        (
        )

)

--------------------------------------------------------------------------------
[2026-06-01 13:15:23] === FIN ===
--------------------------------------------------------------------------------
[2026-06-01 13:19:01] === DÉBUT ===
--------------------------------------------------------------------------------
[2026-06-01 13:19:01] Input reçu
Array
(
    [raw_length] => 3357
    [has_data] => 1
)

--------------------------------------------------------------------------------
[2026-06-01 13:19:01] Connexion BDD OK
--------------------------------------------------------------------------------
[2026-06-01 13:19:01] Traitement ID: 2736
--------------------------------------------------------------------------------
[2026-06-01 13:19:01] SQL
Array
(
    [sql] => UPDATE materiel SET marque = :marque, modele = :modele, type_materiel = :type_materiel, numero_serie = :numero_serie, commentaire = :commentaire WHERE id = :id
    [params] => Array
        (
            [0] => :marque
            [1] => :modele
            [2] => :type_materiel
            [3] => :numero_serie
            [4] => :commentaire
            [5] => :id
        )

)

--------------------------------------------------------------------------------
[2026-06-01 13:19:01] Mise à jour réussie ID: 2736
--------------------------------------------------------------------------------
[2026-06-01 13:19:01] Traitement ID: 2745
--------------------------------------------------------------------------------
[2026-06-01 13:19:01] SQL
Array
(
    [sql] => UPDATE materiel SET marque = :marque, modele = :modele, type_materiel = :type_materiel, numero_serie = :numero_serie, version_firmware = :version_firmware, adresse_ip = :adresse_ip, adresse_mac = :adresse_mac WHERE id = :id
    [params] => Array
        (
            [0] => :marque
            [1] => :modele
            [2] => :type_materiel
            [3] => :numero_serie
            [4] => :version_firmware
            [5] => :adresse_ip
            [6] => :adresse_mac
            [7] => :id
        )

)

--------------------------------------------------------------------------------
[2026-06-01 13:19:01] Mise à jour réussie ID: 2745
--------------------------------------------------------------------------------
[2026-06-01 13:19:01] Traitement ID: 2743
--------------------------------------------------------------------------------
[2026-06-01 13:19:01] SQL
Array
(
    [sql] => UPDATE materiel SET marque = :marque, modele = :modele, type_materiel = :type_materiel, numero_serie = :numero_serie, version_firmware = :version_firmware, adresse_ip = :adresse_ip WHERE id = :id
    [params] => Array
        (
            [0] => :marque
            [1] => :modele
            [2] => :type_materiel
            [3] => :numero_serie
            [4] => :version_firmware
            [5] => :adresse_ip
            [6] => :id
        )

)

--------------------------------------------------------------------------------
[2026-06-01 13:19:01] Mise à jour réussie ID: 2743
--------------------------------------------------------------------------------
[2026-06-01 13:19:01] Traitement ID: 2742
--------------------------------------------------------------------------------
[2026-06-01 13:19:01] SQL
Array
(
    [sql] => UPDATE materiel SET marque = :marque, modele = :modele, type_materiel = :type_materiel, numero_serie = :numero_serie, version_firmware = :version_firmware, adresse_ip = :adresse_ip, adresse_mac = :adresse_mac WHERE id = :id
    [params] => Array
        (
            [0] => :marque
            [1] => :modele
            [2] => :type_materiel
            [3] => :numero_serie
            [4] => :version_firmware
            [5] => :adresse_ip
            [6] => :adresse_mac
            [7] => :id
        )

)

--------------------------------------------------------------------------------
[2026-06-01 13:19:01] Mise à jour réussie ID: 2742
--------------------------------------------------------------------------------
[2026-06-01 13:19:01] Traitement ID: 2744
--------------------------------------------------------------------------------
[2026-06-01 13:19:01] SQL
Array
(
    [sql] => UPDATE materiel SET marque = :marque, modele = :modele, type_materiel = :type_materiel, numero_serie = :numero_serie, version_firmware = :version_firmware, adresse_ip = :adresse_ip, adresse_mac = :adresse_mac WHERE id = :id
    [params] => Array
        (
            [0] => :marque
            [1] => :modele
            [2] => :type_materiel
            [3] => :numero_serie
            [4] => :version_firmware
            [5] => :adresse_ip
            [6] => :adresse_mac
            [7] => :id
        )

)

--------------------------------------------------------------------------------
[2026-06-01 13:19:01] Mise à jour réussie ID: 2744
--------------------------------------------------------------------------------
[2026-06-01 13:19:01] Réponse
Array
(
    [status] => success
    [message] => 5 ligne(s) mise(s) à jour
    [updated] => 5
    [total_rows] => 5
    [errors] => Array
        (
        )

)

--------------------------------------------------------------------------------
[2026-06-01 13:19:01] === FIN ===
--------------------------------------------------------------------------------
[2026-06-01 13:22:46] === DÉBUT ===
--------------------------------------------------------------------------------
[2026-06-01 13:22:46] Input reçu
Array
(
    [raw_length] => 4013
    [has_data] => 1
)

--------------------------------------------------------------------------------
[2026-06-01 13:22:46] Connexion BDD OK
--------------------------------------------------------------------------------
[2026-06-01 13:22:46] Traitement ID: 2736
--------------------------------------------------------------------------------
[2026-06-01 13:22:46] SQL
Array
(
    [sql] => UPDATE materiel SET marque = :marque, modele = :modele, type_materiel = :type_materiel, numero_serie = :numero_serie, commentaire = :commentaire WHERE id = :id
    [params] => Array
        (
            [0] => :marque
            [1] => :modele
            [2] => :type_materiel
            [3] => :numero_serie
            [4] => :commentaire
            [5] => :id
        )

)

--------------------------------------------------------------------------------
[2026-06-01 13:22:46] Mise à jour réussie ID: 2736
--------------------------------------------------------------------------------
[2026-06-01 13:22:46] Traitement ID: 2745
--------------------------------------------------------------------------------
[2026-06-01 13:22:46] SQL
Array
(
    [sql] => UPDATE materiel SET marque = :marque, modele = :modele, type_materiel = :type_materiel, numero_serie = :numero_serie, version_firmware = :version_firmware, adresse_ip = :adresse_ip, adresse_mac = :adresse_mac WHERE id = :id
    [params] => Array
        (
            [0] => :marque
            [1] => :modele
            [2] => :type_materiel
            [3] => :numero_serie
            [4] => :version_firmware
            [5] => :adresse_ip
            [6] => :adresse_mac
            [7] => :id
        )

)

--------------------------------------------------------------------------------
[2026-06-01 13:22:46] Mise à jour réussie ID: 2745
--------------------------------------------------------------------------------
[2026-06-01 13:22:46] Traitement ID: 2746
--------------------------------------------------------------------------------
[2026-06-01 13:22:46] SQL
Array
(
    [sql] => UPDATE materiel SET marque = :marque, modele = :modele, type_materiel = :type_materiel, numero_serie = :numero_serie, version_firmware = :version_firmware, adresse_ip = :adresse_ip, adresse_mac = :adresse_mac WHERE id = :id
    [params] => Array
        (
            [0] => :marque
            [1] => :modele
            [2] => :type_materiel
            [3] => :numero_serie
            [4] => :version_firmware
            [5] => :adresse_ip
            [6] => :adresse_mac
            [7] => :id
        )

)

--------------------------------------------------------------------------------
[2026-06-01 13:22:46] Mise à jour réussie ID: 2746
--------------------------------------------------------------------------------
[2026-06-01 13:22:46] Traitement ID: 2743
--------------------------------------------------------------------------------
[2026-06-01 13:22:46] SQL
Array
(
    [sql] => UPDATE materiel SET marque = :marque, modele = :modele, type_materiel = :type_materiel, numero_serie = :numero_serie, version_firmware = :version_firmware, adresse_ip = :adresse_ip, adresse_mac = :adresse_mac WHERE id = :id
    [params] => Array
        (
            [0] => :marque
            [1] => :modele
            [2] => :type_materiel
            [3] => :numero_serie
            [4] => :version_firmware
            [5] => :adresse_ip
            [6] => :adresse_mac
            [7] => :id
        )

)

--------------------------------------------------------------------------------
[2026-06-01 13:22:46] Mise à jour réussie ID: 2743
--------------------------------------------------------------------------------
[2026-06-01 13:22:46] Traitement ID: 2742
--------------------------------------------------------------------------------
[2026-06-01 13:22:46] SQL
Array
(
    [sql] => UPDATE materiel SET marque = :marque, modele = :modele, type_materiel = :type_materiel, numero_serie = :numero_serie, version_firmware = :version_firmware, adresse_ip = :adresse_ip, adresse_mac = :adresse_mac WHERE id = :id
    [params] => Array
        (
            [0] => :marque
            [1] => :modele
            [2] => :type_materiel
            [3] => :numero_serie
            [4] => :version_firmware
            [5] => :adresse_ip
            [6] => :adresse_mac
            [7] => :id
        )

)

--------------------------------------------------------------------------------
[2026-06-01 13:22:46] Mise à jour réussie ID: 2742
--------------------------------------------------------------------------------
[2026-06-01 13:22:46] Traitement ID: 2744
--------------------------------------------------------------------------------
[2026-06-01 13:22:46] SQL
Array
(
    [sql] => UPDATE materiel SET marque = :marque, modele = :modele, type_materiel = :type_materiel, numero_serie = :numero_serie, version_firmware = :version_firmware, adresse_ip = :adresse_ip, adresse_mac = :adresse_mac WHERE id = :id
    [params] => Array
        (
            [0] => :marque
            [1] => :modele
            [2] => :type_materiel
            [3] => :numero_serie
            [4] => :version_firmware
            [5] => :adresse_ip
            [6] => :adresse_mac
            [7] => :id
        )

)

--------------------------------------------------------------------------------
[2026-06-01 13:22:46] Mise à jour réussie ID: 2744
--------------------------------------------------------------------------------
[2026-06-01 13:22:46] Réponse
Array
(
    [status] => success
    [message] => 6 ligne(s) mise(s) à jour
    [updated] => 6
    [total_rows] => 6
    [errors] => Array
        (
        )

)

--------------------------------------------------------------------------------
[2026-06-01 13:22:46] === FIN ===
--------------------------------------------------------------------------------
[2026-06-01 13:22:46] === DÉBUT ===
--------------------------------------------------------------------------------
[2026-06-01 13:22:46] Input reçu
Array
(
    [raw_length] => 14637
    [has_data] => 1
)

--------------------------------------------------------------------------------
[2026-06-01 13:22:46] Connexion BDD OK
--------------------------------------------------------------------------------
[2026-06-01 13:22:46] Traitement ID: 2733
--------------------------------------------------------------------------------
[2026-06-01 13:22:46] SQL
Array
(
    [sql] => UPDATE materiel SET marque = :marque, modele = :modele, type_materiel = :type_materiel, numero_serie = :numero_serie, commentaire = :commentaire WHERE id = :id
    [params] => Array
        (
            [0] => :marque
            [1] => :modele
            [2] => :type_materiel
            [3] => :numero_serie
            [4] => :commentaire
            [5] => :id
        )

)

--------------------------------------------------------------------------------
[2026-06-01 13:22:46] Mise à jour réussie ID: 2733
--------------------------------------------------------------------------------
[2026-06-01 13:22:46] Traitement ID: 2722
--------------------------------------------------------------------------------
[2026-06-01 13:22:46] SQL
Array
(
    [sql] => UPDATE materiel SET marque = :marque, modele = :modele, type_materiel = :type_materiel, numero_serie = :numero_serie, commentaire = :commentaire WHERE id = :id
    [params] => Array
        (
            [0] => :marque
            [1] => :modele
            [2] => :type_materiel
            [3] => :numero_serie
            [4] => :commentaire
            [5] => :id
        )

)

--------------------------------------------------------------------------------
[2026-06-01 13:22:46] Mise à jour réussie ID: 2722
--------------------------------------------------------------------------------
[2026-06-01 13:22:46] Traitement ID: 2725
--------------------------------------------------------------------------------
[2026-06-01 13:22:46] SQL
Array
(
    [sql] => UPDATE materiel SET marque = :marque, modele = :modele, type_materiel = :type_materiel, numero_serie = :numero_serie, commentaire = :commentaire WHERE id = :id
    [params] => Array
        (
            [0] => :marque
            [1] => :modele
            [2] => :type_materiel
            [3] => :numero_serie
            [4] => :commentaire
            [5] => :id
        )

)

--------------------------------------------------------------------------------
[2026-06-01 13:22:46] Mise à jour réussie ID: 2725
--------------------------------------------------------------------------------
[2026-06-01 13:22:46] Traitement ID: 2729
--------------------------------------------------------------------------------
[2026-06-01 13:22:46] SQL
Array
(
    [sql] => UPDATE materiel SET marque = :marque, modele = :modele, type_materiel = :type_materiel, numero_serie = :numero_serie, commentaire = :commentaire WHERE id = :id
    [params] => Array
        (
            [0] => :marque
            [1] => :modele
            [2] => :type_materiel
            [3] => :numero_serie
            [4] => :commentaire
            [5] => :id
        )

)

--------------------------------------------------------------------------------
[2026-06-01 13:22:46] Mise à jour réussie ID: 2729
--------------------------------------------------------------------------------
[2026-06-01 13:22:46] Traitement ID: 2726
--------------------------------------------------------------------------------
[2026-06-01 13:22:46] SQL
Array
(
    [sql] => UPDATE materiel SET marque = :marque, modele = :modele, type_materiel = :type_materiel, numero_serie = :numero_serie, commentaire = :commentaire WHERE id = :id
    [params] => Array
        (
            [0] => :marque
            [1] => :modele
            [2] => :type_materiel
            [3] => :numero_serie
            [4] => :commentaire
            [5] => :id
        )

)

--------------------------------------------------------------------------------
[2026-06-01 13:22:46] Mise à jour réussie ID: 2726
--------------------------------------------------------------------------------
[2026-06-01 13:22:46] Traitement ID: 2728
--------------------------------------------------------------------------------
[2026-06-01 13:22:46] SQL
Array
(
    [sql] => UPDATE materiel SET marque = :marque, modele = :modele, type_materiel = :type_materiel, numero_serie = :numero_serie, commentaire = :commentaire WHERE id = :id
    [params] => Array
        (
            [0] => :marque
            [1] => :modele
            [2] => :type_materiel
            [3] => :numero_serie
            [4] => :commentaire
            [5] => :id
        )

)

--------------------------------------------------------------------------------
[2026-06-01 13:22:46] Mise à jour réussie ID: 2728
--------------------------------------------------------------------------------
[2026-06-01 13:22:46] Traitement ID: 2732
--------------------------------------------------------------------------------
[2026-06-01 13:22:46] SQL
Array
(
    [sql] => UPDATE materiel SET marque = :marque, modele = :modele, type_materiel = :type_materiel, numero_serie = :numero_serie, commentaire = :commentaire WHERE id = :id
    [params] => Array
        (
            [0] => :marque
            [1] => :modele
            [2] => :type_materiel
            [3] => :numero_serie
            [4] => :commentaire
            [5] => :id
        )

)

--------------------------------------------------------------------------------
[2026-06-01 13:22:46] Mise à jour réussie ID: 2732
--------------------------------------------------------------------------------
[2026-06-01 13:22:46] Traitement ID: 2735
--------------------------------------------------------------------------------
[2026-06-01 13:22:46] SQL
Array
(
    [sql] => UPDATE materiel SET marque = :marque, modele = :modele, type_materiel = :type_materiel, numero_serie = :numero_serie, commentaire = :commentaire WHERE id = :id
    [params] => Array
        (
            [0] => :marque
            [1] => :modele
            [2] => :type_materiel
            [3] => :numero_serie
            [4] => :commentaire
            [5] => :id
        )

)

--------------------------------------------------------------------------------
[2026-06-01 13:22:46] Mise à jour réussie ID: 2735
--------------------------------------------------------------------------------
[2026-06-01 13:22:46] Traitement ID: 2714
--------------------------------------------------------------------------------
[2026-06-01 13:22:46] SQL
Array
(
    [sql] => UPDATE materiel SET marque = :marque, modele = :modele WHERE id = :id
    [params] => Array
        (
            [0] => :marque
            [1] => :modele
            [2] => :id
        )

)

--------------------------------------------------------------------------------
[2026-06-01 13:22:46] Mise à jour réussie ID: 2714
--------------------------------------------------------------------------------
[2026-06-01 13:22:46] Traitement ID: 2717
--------------------------------------------------------------------------------
[2026-06-01 13:22:46] SQL
Array
(
    [sql] => UPDATE materiel SET marque = :marque, modele = :modele, type_materiel = :type_materiel, numero_serie = :numero_serie, commentaire = :commentaire WHERE id = :id
    [params] => Array
        (
            [0] => :marque
            [1] => :modele
            [2] => :type_materiel
            [3] => :numero_serie
            [4] => :commentaire
            [5] => :id
        )

)

--------------------------------------------------------------------------------
[2026-06-01 13:22:46] Mise à jour réussie ID: 2717
--------------------------------------------------------------------------------
[2026-06-01 13:22:46] Traitement ID: 2715
--------------------------------------------------------------------------------
[2026-06-01 13:22:46] SQL
Array
(
    [sql] => UPDATE materiel SET marque = :marque, modele = :modele WHERE id = :id
    [params] => Array
        (
            [0] => :marque
            [1] => :modele
            [2] => :id
        )

)

--------------------------------------------------------------------------------
[2026-06-01 13:22:46] Mise à jour réussie ID: 2715
--------------------------------------------------------------------------------
[2026-06-01 13:22:46] Traitement ID: 2718
--------------------------------------------------------------------------------
[2026-06-01 13:22:46] SQL
Array
(
    [sql] => UPDATE materiel SET marque = :marque, modele = :modele, type_materiel = :type_materiel, numero_serie = :numero_serie, commentaire = :commentaire WHERE id = :id
    [params] => Array
        (
            [0] => :marque
            [1] => :modele
            [2] => :type_materiel
            [3] => :numero_serie
            [4] => :commentaire
            [5] => :id
        )

)

--------------------------------------------------------------------------------
[2026-06-01 13:22:46] Mise à jour réussie ID: 2718
--------------------------------------------------------------------------------
[2026-06-01 13:22:46] Traitement ID: 2716
--------------------------------------------------------------------------------
[2026-06-01 13:22:46] SQL
Array
(
    [sql] => UPDATE materiel SET marque = :marque, modele = :modele WHERE id = :id
    [params] => Array
        (
            [0] => :marque
            [1] => :modele
            [2] => :id
        )

)

--------------------------------------------------------------------------------
[2026-06-01 13:22:46] Mise à jour réussie ID: 2716
--------------------------------------------------------------------------------
[2026-06-01 13:22:46] Traitement ID: 2719
--------------------------------------------------------------------------------
[2026-06-01 13:22:46] SQL
Array
(
    [sql] => UPDATE materiel SET marque = :marque, modele = :modele, type_materiel = :type_materiel, numero_serie = :numero_serie, commentaire = :commentaire WHERE id = :id
    [params] => Array
        (
            [0] => :marque
            [1] => :modele
            [2] => :type_materiel
            [3] => :numero_serie
            [4] => :commentaire
            [5] => :id
        )

)

--------------------------------------------------------------------------------
[2026-06-01 13:22:46] Mise à jour réussie ID: 2719
--------------------------------------------------------------------------------
[2026-06-01 13:22:46] Traitement ID: 2720
--------------------------------------------------------------------------------
[2026-06-01 13:22:46] SQL
Array
(
    [sql] => UPDATE materiel SET marque = :marque, modele = :modele, type_materiel = :type_materiel, numero_serie = :numero_serie, commentaire = :commentaire WHERE id = :id
    [params] => Array
        (
            [0] => :marque
            [1] => :modele
            [2] => :type_materiel
            [3] => :numero_serie
            [4] => :commentaire
            [5] => :id
        )

)

--------------------------------------------------------------------------------
[2026-06-01 13:22:46] Mise à jour réussie ID: 2720
--------------------------------------------------------------------------------
[2026-06-01 13:22:46] Traitement ID: 2721
--------------------------------------------------------------------------------
[2026-06-01 13:22:46] SQL
Array
(
    [sql] => UPDATE materiel SET marque = :marque, modele = :modele, type_materiel = :type_materiel, numero_serie = :numero_serie, commentaire = :commentaire WHERE id = :id
    [params] => Array
        (
            [0] => :marque
            [1] => :modele
            [2] => :type_materiel
            [3] => :numero_serie
            [4] => :commentaire
            [5] => :id
        )

)

--------------------------------------------------------------------------------
[2026-06-01 13:22:46] Mise à jour réussie ID: 2721
--------------------------------------------------------------------------------
[2026-06-01 13:22:46] Traitement ID: 2731
--------------------------------------------------------------------------------
[2026-06-01 13:22:46] SQL
Array
(
    [sql] => UPDATE materiel SET marque = :marque, modele = :modele, type_materiel = :type_materiel, numero_serie = :numero_serie, commentaire = :commentaire WHERE id = :id
    [params] => Array
        (
            [0] => :marque
            [1] => :modele
            [2] => :type_materiel
            [3] => :numero_serie
            [4] => :commentaire
            [5] => :id
        )

)

--------------------------------------------------------------------------------
[2026-06-01 13:22:46] Mise à jour réussie ID: 2731
--------------------------------------------------------------------------------
[2026-06-01 13:22:46] Traitement ID: 2727
--------------------------------------------------------------------------------
[2026-06-01 13:22:46] SQL
Array
(
    [sql] => UPDATE materiel SET marque = :marque, modele = :modele, type_materiel = :type_materiel, numero_serie = :numero_serie, commentaire = :commentaire WHERE id = :id
    [params] => Array
        (
            [0] => :marque
            [1] => :modele
            [2] => :type_materiel
            [3] => :numero_serie
            [4] => :commentaire
            [5] => :id
        )

)

--------------------------------------------------------------------------------
[2026-06-01 13:22:46] Mise à jour réussie ID: 2727
--------------------------------------------------------------------------------
[2026-06-01 13:22:46] Traitement ID: 2723
--------------------------------------------------------------------------------
[2026-06-01 13:22:46] SQL
Array
(
    [sql] => UPDATE materiel SET marque = :marque, modele = :modele, type_materiel = :type_materiel, numero_serie = :numero_serie, commentaire = :commentaire WHERE id = :id
    [params] => Array
        (
            [0] => :marque
            [1] => :modele
            [2] => :type_materiel
            [3] => :numero_serie
            [4] => :commentaire
            [5] => :id
        )

)

--------------------------------------------------------------------------------
[2026-06-01 13:22:46] Mise à jour réussie ID: 2723
--------------------------------------------------------------------------------
[2026-06-01 13:22:46] Traitement ID: 2724
--------------------------------------------------------------------------------
[2026-06-01 13:22:46] SQL
Array
(
    [sql] => UPDATE materiel SET marque = :marque, modele = :modele, type_materiel = :type_materiel, numero_serie = :numero_serie, commentaire = :commentaire WHERE id = :id
    [params] => Array
        (
            [0] => :marque
            [1] => :modele
            [2] => :type_materiel
            [3] => :numero_serie
            [4] => :commentaire
            [5] => :id
        )

)

--------------------------------------------------------------------------------
[2026-06-01 13:22:46] Mise à jour réussie ID: 2724
--------------------------------------------------------------------------------
[2026-06-01 13:22:46] Traitement ID: 2730
--------------------------------------------------------------------------------
[2026-06-01 13:22:46] SQL
Array
(
    [sql] => UPDATE materiel SET marque = :marque, modele = :modele, type_materiel = :type_materiel, numero_serie = :numero_serie, commentaire = :commentaire WHERE id = :id
    [params] => Array
        (
            [0] => :marque
            [1] => :modele
            [2] => :type_materiel
            [3] => :numero_serie
            [4] => :commentaire
            [5] => :id
        )

)

--------------------------------------------------------------------------------
[2026-06-01 13:22:46] Mise à jour réussie ID: 2730
--------------------------------------------------------------------------------
[2026-06-01 13:22:46] Traitement ID: 2734
--------------------------------------------------------------------------------
[2026-06-01 13:22:46] SQL
Array
(
    [sql] => UPDATE materiel SET marque = :marque, modele = :modele, type_materiel = :type_materiel, numero_serie = :numero_serie, commentaire = :commentaire WHERE id = :id
    [params] => Array
        (
            [0] => :marque
            [1] => :modele
            [2] => :type_materiel
            [3] => :numero_serie
            [4] => :commentaire
            [5] => :id
        )

)

--------------------------------------------------------------------------------
[2026-06-01 13:22:46] Mise à jour réussie ID: 2734
--------------------------------------------------------------------------------
[2026-06-01 13:22:46] Réponse
Array
(
    [status] => success
    [message] => 22 ligne(s) mise(s) à jour
    [updated] => 22
    [total_rows] => 22
    [errors] => Array
        (
        )

)

--------------------------------------------------------------------------------
[2026-06-01 13:22:46] === FIN ===
--------------------------------------------------------------------------------
[2026-06-01 13:23:16] === DÉBUT ===
--------------------------------------------------------------------------------
[2026-06-01 13:23:16] Input reçu
Array
(
    [raw_length] => 4016
    [has_data] => 1
)

--------------------------------------------------------------------------------
[2026-06-01 13:23:16] Connexion BDD OK
--------------------------------------------------------------------------------
[2026-06-01 13:23:16] Traitement ID: 2736
--------------------------------------------------------------------------------
[2026-06-01 13:23:16] SQL
Array
(
    [sql] => UPDATE materiel SET marque = :marque, modele = :modele, type_materiel = :type_materiel, numero_serie = :numero_serie, adresse_mac = :adresse_mac, commentaire = :commentaire WHERE id = :id
    [params] => Array
        (
            [0] => :marque
            [1] => :modele
            [2] => :type_materiel
            [3] => :numero_serie
            [4] => :adresse_mac
            [5] => :commentaire
            [6] => :id
        )

)

--------------------------------------------------------------------------------
[2026-06-01 13:23:16] Mise à jour réussie ID: 2736
--------------------------------------------------------------------------------
[2026-06-01 13:23:16] Traitement ID: 2745
--------------------------------------------------------------------------------
[2026-06-01 13:23:16] SQL
Array
(
    [sql] => UPDATE materiel SET marque = :marque, modele = :modele, type_materiel = :type_materiel, numero_serie = :numero_serie, version_firmware = :version_firmware, adresse_ip = :adresse_ip, adresse_mac = :adresse_mac WHERE id = :id
    [params] => Array
        (
            [0] => :marque
            [1] => :modele
            [2] => :type_materiel
            [3] => :numero_serie
            [4] => :version_firmware
            [5] => :adresse_ip
            [6] => :adresse_mac
            [7] => :id
        )

)

--------------------------------------------------------------------------------
[2026-06-01 13:23:16] Mise à jour réussie ID: 2745
--------------------------------------------------------------------------------
[2026-06-01 13:23:16] Traitement ID: 2746
--------------------------------------------------------------------------------
[2026-06-01 13:23:16] SQL
Array
(
    [sql] => UPDATE materiel SET marque = :marque, modele = :modele, type_materiel = :type_materiel, numero_serie = :numero_serie, version_firmware = :version_firmware, adresse_ip = :adresse_ip, adresse_mac = :adresse_mac WHERE id = :id
    [params] => Array
        (
            [0] => :marque
            [1] => :modele
            [2] => :type_materiel
            [3] => :numero_serie
            [4] => :version_firmware
            [5] => :adresse_ip
            [6] => :adresse_mac
            [7] => :id
        )

)

--------------------------------------------------------------------------------
[2026-06-01 13:23:16] Mise à jour réussie ID: 2746
--------------------------------------------------------------------------------
[2026-06-01 13:23:16] Traitement ID: 2743
--------------------------------------------------------------------------------
[2026-06-01 13:23:16] SQL
Array
(
    [sql] => UPDATE materiel SET marque = :marque, modele = :modele, type_materiel = :type_materiel, numero_serie = :numero_serie, version_firmware = :version_firmware, adresse_ip = :adresse_ip, adresse_mac = :adresse_mac WHERE id = :id
    [params] => Array
        (
            [0] => :marque
            [1] => :modele
            [2] => :type_materiel
            [3] => :numero_serie
            [4] => :version_firmware
            [5] => :adresse_ip
            [6] => :adresse_mac
            [7] => :id
        )

)

--------------------------------------------------------------------------------
[2026-06-01 13:23:16] Mise à jour réussie ID: 2743
--------------------------------------------------------------------------------
[2026-06-01 13:23:16] Traitement ID: 2742
--------------------------------------------------------------------------------
[2026-06-01 13:23:16] SQL
Array
(
    [sql] => UPDATE materiel SET marque = :marque, modele = :modele, type_materiel = :type_materiel, numero_serie = :numero_serie, version_firmware = :version_firmware, adresse_ip = :adresse_ip, adresse_mac = :adresse_mac WHERE id = :id
    [params] => Array
        (
            [0] => :marque
            [1] => :modele
            [2] => :type_materiel
            [3] => :numero_serie
            [4] => :version_firmware
            [5] => :adresse_ip
            [6] => :adresse_mac
            [7] => :id
        )

)

--------------------------------------------------------------------------------
[2026-06-01 13:23:16] Mise à jour réussie ID: 2742
--------------------------------------------------------------------------------
[2026-06-01 13:23:16] Traitement ID: 2744
--------------------------------------------------------------------------------
[2026-06-01 13:23:16] SQL
Array
(
    [sql] => UPDATE materiel SET marque = :marque, modele = :modele, type_materiel = :type_materiel, numero_serie = :numero_serie, version_firmware = :version_firmware, adresse_ip = :adresse_ip, adresse_mac = :adresse_mac WHERE id = :id
    [params] => Array
        (
            [0] => :marque
            [1] => :modele
            [2] => :type_materiel
            [3] => :numero_serie
            [4] => :version_firmware
            [5] => :adresse_ip
            [6] => :adresse_mac
            [7] => :id
        )

)

--------------------------------------------------------------------------------
[2026-06-01 13:23:16] Mise à jour réussie ID: 2744
--------------------------------------------------------------------------------
[2026-06-01 13:23:16] Réponse
Array
(
    [status] => success
    [message] => 6 ligne(s) mise(s) à jour
    [updated] => 6
    [total_rows] => 6
    [errors] => Array
        (
        )

)

--------------------------------------------------------------------------------
[2026-06-01 13:23:16] === FIN ===
--------------------------------------------------------------------------------
[2026-06-01 13:23:16] === DÉBUT ===
--------------------------------------------------------------------------------
[2026-06-01 13:23:16] Input reçu
Array
(
    [raw_length] => 14637
    [has_data] => 1
)

--------------------------------------------------------------------------------
[2026-06-01 13:23:16] Connexion BDD OK
--------------------------------------------------------------------------------
[2026-06-01 13:23:16] Traitement ID: 2733
--------------------------------------------------------------------------------
[2026-06-01 13:23:16] SQL
Array
(
    [sql] => UPDATE materiel SET marque = :marque, modele = :modele, type_materiel = :type_materiel, numero_serie = :numero_serie, commentaire = :commentaire WHERE id = :id
    [params] => Array
        (
            [0] => :marque
            [1] => :modele
            [2] => :type_materiel
            [3] => :numero_serie
            [4] => :commentaire
            [5] => :id
        )

)

--------------------------------------------------------------------------------
[2026-06-01 13:23:16] Mise à jour réussie ID: 2733
--------------------------------------------------------------------------------
[2026-06-01 13:23:16] Traitement ID: 2722
--------------------------------------------------------------------------------
[2026-06-01 13:23:16] SQL
Array
(
    [sql] => UPDATE materiel SET marque = :marque, modele = :modele, type_materiel = :type_materiel, numero_serie = :numero_serie, commentaire = :commentaire WHERE id = :id
    [params] => Array
        (
            [0] => :marque
            [1] => :modele
            [2] => :type_materiel
            [3] => :numero_serie
            [4] => :commentaire
            [5] => :id
        )

)

--------------------------------------------------------------------------------
[2026-06-01 13:23:16] Mise à jour réussie ID: 2722
--------------------------------------------------------------------------------
[2026-06-01 13:23:16] Traitement ID: 2725
--------------------------------------------------------------------------------
[2026-06-01 13:23:16] SQL
Array
(
    [sql] => UPDATE materiel SET marque = :marque, modele = :modele, type_materiel = :type_materiel, numero_serie = :numero_serie, commentaire = :commentaire WHERE id = :id
    [params] => Array
        (
            [0] => :marque
            [1] => :modele
            [2] => :type_materiel
            [3] => :numero_serie
            [4] => :commentaire
            [5] => :id
        )

)

--------------------------------------------------------------------------------
[2026-06-01 13:23:16] Mise à jour réussie ID: 2725
--------------------------------------------------------------------------------
[2026-06-01 13:23:16] Traitement ID: 2729
--------------------------------------------------------------------------------
[2026-06-01 13:23:16] SQL
Array
(
    [sql] => UPDATE materiel SET marque = :marque, modele = :modele, type_materiel = :type_materiel, numero_serie = :numero_serie, commentaire = :commentaire WHERE id = :id
    [params] => Array
        (
            [0] => :marque
            [1] => :modele
            [2] => :type_materiel
            [3] => :numero_serie
            [4] => :commentaire
            [5] => :id
        )

)

--------------------------------------------------------------------------------
[2026-06-01 13:23:16] Mise à jour réussie ID: 2729
--------------------------------------------------------------------------------
[2026-06-01 13:23:17] Traitement ID: 2726
--------------------------------------------------------------------------------
[2026-06-01 13:23:17] SQL
Array
(
    [sql] => UPDATE materiel SET marque = :marque, modele = :modele, type_materiel = :type_materiel, numero_serie = :numero_serie, commentaire = :commentaire WHERE id = :id
    [params] => Array
        (
            [0] => :marque
            [1] => :modele
            [2] => :type_materiel
            [3] => :numero_serie
            [4] => :commentaire
            [5] => :id
        )

)

--------------------------------------------------------------------------------
[2026-06-01 13:23:17] Mise à jour réussie ID: 2726
--------------------------------------------------------------------------------
[2026-06-01 13:23:17] Traitement ID: 2728
--------------------------------------------------------------------------------
[2026-06-01 13:23:17] SQL
Array
(
    [sql] => UPDATE materiel SET marque = :marque, modele = :modele, type_materiel = :type_materiel, numero_serie = :numero_serie, commentaire = :commentaire WHERE id = :id
    [params] => Array
        (
            [0] => :marque
            [1] => :modele
            [2] => :type_materiel
            [3] => :numero_serie
            [4] => :commentaire
            [5] => :id
        )

)

--------------------------------------------------------------------------------
[2026-06-01 13:23:17] Mise à jour réussie ID: 2728
--------------------------------------------------------------------------------
[2026-06-01 13:23:17] Traitement ID: 2732
--------------------------------------------------------------------------------
[2026-06-01 13:23:17] SQL
Array
(
    [sql] => UPDATE materiel SET marque = :marque, modele = :modele, type_materiel = :type_materiel, numero_serie = :numero_serie, commentaire = :commentaire WHERE id = :id
    [params] => Array
        (
            [0] => :marque
            [1] => :modele
            [2] => :type_materiel
            [3] => :numero_serie
            [4] => :commentaire
            [5] => :id
        )

)

--------------------------------------------------------------------------------
[2026-06-01 13:23:17] Mise à jour réussie ID: 2732
--------------------------------------------------------------------------------
[2026-06-01 13:23:17] Traitement ID: 2735
--------------------------------------------------------------------------------
[2026-06-01 13:23:17] SQL
Array
(
    [sql] => UPDATE materiel SET marque = :marque, modele = :modele, type_materiel = :type_materiel, numero_serie = :numero_serie, commentaire = :commentaire WHERE id = :id
    [params] => Array
        (
            [0] => :marque
            [1] => :modele
            [2] => :type_materiel
            [3] => :numero_serie
            [4] => :commentaire
            [5] => :id
        )

)

--------------------------------------------------------------------------------
[2026-06-01 13:23:17] Mise à jour réussie ID: 2735
--------------------------------------------------------------------------------
[2026-06-01 13:23:17] Traitement ID: 2714
--------------------------------------------------------------------------------
[2026-06-01 13:23:17] SQL
Array
(
    [sql] => UPDATE materiel SET marque = :marque, modele = :modele WHERE id = :id
    [params] => Array
        (
            [0] => :marque
            [1] => :modele
            [2] => :id
        )

)

--------------------------------------------------------------------------------
[2026-06-01 13:23:17] Mise à jour réussie ID: 2714
--------------------------------------------------------------------------------
[2026-06-01 13:23:17] Traitement ID: 2717
--------------------------------------------------------------------------------
[2026-06-01 13:23:17] SQL
Array
(
    [sql] => UPDATE materiel SET marque = :marque, modele = :modele, type_materiel = :type_materiel, numero_serie = :numero_serie, commentaire = :commentaire WHERE id = :id
    [params] => Array
        (
            [0] => :marque
            [1] => :modele
            [2] => :type_materiel
            [3] => :numero_serie
            [4] => :commentaire
            [5] => :id
        )

)

--------------------------------------------------------------------------------
[2026-06-01 13:23:17] Mise à jour réussie ID: 2717
--------------------------------------------------------------------------------
[2026-06-01 13:23:17] Traitement ID: 2715
--------------------------------------------------------------------------------
[2026-06-01 13:23:17] SQL
Array
(
    [sql] => UPDATE materiel SET marque = :marque, modele = :modele WHERE id = :id
    [params] => Array
        (
            [0] => :marque
            [1] => :modele
            [2] => :id
        )

)

--------------------------------------------------------------------------------
[2026-06-01 13:23:17] Mise à jour réussie ID: 2715
--------------------------------------------------------------------------------
[2026-06-01 13:23:17] Traitement ID: 2718
--------------------------------------------------------------------------------
[2026-06-01 13:23:17] SQL
Array
(
    [sql] => UPDATE materiel SET marque = :marque, modele = :modele, type_materiel = :type_materiel, numero_serie = :numero_serie, commentaire = :commentaire WHERE id = :id
    [params] => Array
        (
            [0] => :marque
            [1] => :modele
            [2] => :type_materiel
            [3] => :numero_serie
            [4] => :commentaire
            [5] => :id
        )

)

--------------------------------------------------------------------------------
[2026-06-01 13:23:17] Mise à jour réussie ID: 2718
--------------------------------------------------------------------------------
[2026-06-01 13:23:17] Traitement ID: 2716
--------------------------------------------------------------------------------
[2026-06-01 13:23:17] SQL
Array
(
    [sql] => UPDATE materiel SET marque = :marque, modele = :modele WHERE id = :id
    [params] => Array
        (
            [0] => :marque
            [1] => :modele
            [2] => :id
        )

)

--------------------------------------------------------------------------------
[2026-06-01 13:23:17] Mise à jour réussie ID: 2716
--------------------------------------------------------------------------------
[2026-06-01 13:23:17] Traitement ID: 2719
--------------------------------------------------------------------------------
[2026-06-01 13:23:17] SQL
Array
(
    [sql] => UPDATE materiel SET marque = :marque, modele = :modele, type_materiel = :type_materiel, numero_serie = :numero_serie, commentaire = :commentaire WHERE id = :id
    [params] => Array
        (
            [0] => :marque
            [1] => :modele
            [2] => :type_materiel
            [3] => :numero_serie
            [4] => :commentaire
            [5] => :id
        )

)

--------------------------------------------------------------------------------
[2026-06-01 13:23:17] Mise à jour réussie ID: 2719
--------------------------------------------------------------------------------
[2026-06-01 13:23:17] Traitement ID: 2720
--------------------------------------------------------------------------------
[2026-06-01 13:23:17] SQL
Array
(
    [sql] => UPDATE materiel SET marque = :marque, modele = :modele, type_materiel = :type_materiel, numero_serie = :numero_serie, commentaire = :commentaire WHERE id = :id
    [params] => Array
        (
            [0] => :marque
            [1] => :modele
            [2] => :type_materiel
            [3] => :numero_serie
            [4] => :commentaire
            [5] => :id
        )

)

--------------------------------------------------------------------------------
[2026-06-01 13:23:17] Mise à jour réussie ID: 2720
--------------------------------------------------------------------------------
[2026-06-01 13:23:17] Traitement ID: 2721
--------------------------------------------------------------------------------
[2026-06-01 13:23:17] SQL
Array
(
    [sql] => UPDATE materiel SET marque = :marque, modele = :modele, type_materiel = :type_materiel, numero_serie = :numero_serie, commentaire = :commentaire WHERE id = :id
    [params] => Array
        (
            [0] => :marque
            [1] => :modele
            [2] => :type_materiel
            [3] => :numero_serie
            [4] => :commentaire
            [5] => :id
        )

)

--------------------------------------------------------------------------------
[2026-06-01 13:23:17] Mise à jour réussie ID: 2721
--------------------------------------------------------------------------------
[2026-06-01 13:23:17] Traitement ID: 2731
--------------------------------------------------------------------------------
[2026-06-01 13:23:17] SQL
Array
(
    [sql] => UPDATE materiel SET marque = :marque, modele = :modele, type_materiel = :type_materiel, numero_serie = :numero_serie, commentaire = :commentaire WHERE id = :id
    [params] => Array
        (
            [0] => :marque
            [1] => :modele
            [2] => :type_materiel
            [3] => :numero_serie
            [4] => :commentaire
            [5] => :id
        )

)

--------------------------------------------------------------------------------
[2026-06-01 13:23:17] Mise à jour réussie ID: 2731
--------------------------------------------------------------------------------
[2026-06-01 13:23:17] Traitement ID: 2727
--------------------------------------------------------------------------------
[2026-06-01 13:23:17] SQL
Array
(
    [sql] => UPDATE materiel SET marque = :marque, modele = :modele, type_materiel = :type_materiel, numero_serie = :numero_serie, commentaire = :commentaire WHERE id = :id
    [params] => Array
        (
            [0] => :marque
            [1] => :modele
            [2] => :type_materiel
            [3] => :numero_serie
            [4] => :commentaire
            [5] => :id
        )

)

--------------------------------------------------------------------------------
[2026-06-01 13:23:17] Mise à jour réussie ID: 2727
--------------------------------------------------------------------------------
[2026-06-01 13:23:17] Traitement ID: 2723
--------------------------------------------------------------------------------
[2026-06-01 13:23:17] SQL
Array
(
    [sql] => UPDATE materiel SET marque = :marque, modele = :modele, type_materiel = :type_materiel, numero_serie = :numero_serie, commentaire = :commentaire WHERE id = :id
    [params] => Array
        (
            [0] => :marque
            [1] => :modele
            [2] => :type_materiel
            [3] => :numero_serie
            [4] => :commentaire
            [5] => :id
        )

)

--------------------------------------------------------------------------------
[2026-06-01 13:23:17] Mise à jour réussie ID: 2723
--------------------------------------------------------------------------------
[2026-06-01 13:23:17] Traitement ID: 2724
--------------------------------------------------------------------------------
[2026-06-01 13:23:17] SQL
Array
(
    [sql] => UPDATE materiel SET marque = :marque, modele = :modele, type_materiel = :type_materiel, numero_serie = :numero_serie, commentaire = :commentaire WHERE id = :id
    [params] => Array
        (
            [0] => :marque
            [1] => :modele
            [2] => :type_materiel
            [3] => :numero_serie
            [4] => :commentaire
            [5] => :id
        )

)

--------------------------------------------------------------------------------
[2026-06-01 13:23:17] Mise à jour réussie ID: 2724
--------------------------------------------------------------------------------
[2026-06-01 13:23:17] Traitement ID: 2730
--------------------------------------------------------------------------------
[2026-06-01 13:23:17] SQL
Array
(
    [sql] => UPDATE materiel SET marque = :marque, modele = :modele, type_materiel = :type_materiel, numero_serie = :numero_serie, commentaire = :commentaire WHERE id = :id
    [params] => Array
        (
            [0] => :marque
            [1] => :modele
            [2] => :type_materiel
            [3] => :numero_serie
            [4] => :commentaire
            [5] => :id
        )

)

--------------------------------------------------------------------------------
[2026-06-01 13:23:17] Mise à jour réussie ID: 2730
--------------------------------------------------------------------------------
[2026-06-01 13:23:17] Traitement ID: 2734
--------------------------------------------------------------------------------
[2026-06-01 13:23:17] SQL
Array
(
    [sql] => UPDATE materiel SET marque = :marque, modele = :modele, type_materiel = :type_materiel, numero_serie = :numero_serie, commentaire = :commentaire WHERE id = :id
    [params] => Array
        (
            [0] => :marque
            [1] => :modele
            [2] => :type_materiel
            [3] => :numero_serie
            [4] => :commentaire
            [5] => :id
        )

)

--------------------------------------------------------------------------------
[2026-06-01 13:23:17] Mise à jour réussie ID: 2734
--------------------------------------------------------------------------------
[2026-06-01 13:23:17] Réponse
Array
(
    [status] => success
    [message] => 22 ligne(s) mise(s) à jour
    [updated] => 22
    [total_rows] => 22
    [errors] => Array
        (
        )

)

--------------------------------------------------------------------------------
[2026-06-01 13:23:17] === FIN ===
--------------------------------------------------------------------------------
[2026-06-01 13:23:35] === DÉBUT ===
--------------------------------------------------------------------------------
[2026-06-01 13:23:35] Input reçu
Array
(
    [raw_length] => 4679
    [has_data] => 1
)

--------------------------------------------------------------------------------
[2026-06-01 13:23:35] Connexion BDD OK
--------------------------------------------------------------------------------
[2026-06-01 13:23:35] Traitement ID: 2736
--------------------------------------------------------------------------------
[2026-06-01 13:23:35] SQL
Array
(
    [sql] => UPDATE materiel SET marque = :marque, modele = :modele, type_materiel = :type_materiel, numero_serie = :numero_serie, adresse_mac = :adresse_mac, commentaire = :commentaire WHERE id = :id
    [params] => Array
        (
            [0] => :marque
            [1] => :modele
            [2] => :type_materiel
            [3] => :numero_serie
            [4] => :adresse_mac
            [5] => :commentaire
            [6] => :id
        )

)

--------------------------------------------------------------------------------
[2026-06-01 13:23:35] Mise à jour réussie ID: 2736
--------------------------------------------------------------------------------
[2026-06-01 13:23:35] Traitement ID: 2745
--------------------------------------------------------------------------------
[2026-06-01 13:23:35] SQL
Array
(
    [sql] => UPDATE materiel SET marque = :marque, modele = :modele, type_materiel = :type_materiel, numero_serie = :numero_serie, version_firmware = :version_firmware, adresse_ip = :adresse_ip, adresse_mac = :adresse_mac WHERE id = :id
    [params] => Array
        (
            [0] => :marque
            [1] => :modele
            [2] => :type_materiel
            [3] => :numero_serie
            [4] => :version_firmware
            [5] => :adresse_ip
            [6] => :adresse_mac
            [7] => :id
        )

)

--------------------------------------------------------------------------------
[2026-06-01 13:23:35] Mise à jour réussie ID: 2745
--------------------------------------------------------------------------------
[2026-06-01 13:23:35] Traitement ID: 2746
--------------------------------------------------------------------------------
[2026-06-01 13:23:35] SQL
Array
(
    [sql] => UPDATE materiel SET marque = :marque, modele = :modele, type_materiel = :type_materiel, numero_serie = :numero_serie, version_firmware = :version_firmware, adresse_ip = :adresse_ip, adresse_mac = :adresse_mac WHERE id = :id
    [params] => Array
        (
            [0] => :marque
            [1] => :modele
            [2] => :type_materiel
            [3] => :numero_serie
            [4] => :version_firmware
            [5] => :adresse_ip
            [6] => :adresse_mac
            [7] => :id
        )

)

--------------------------------------------------------------------------------
[2026-06-01 13:23:35] Mise à jour réussie ID: 2746
--------------------------------------------------------------------------------
[2026-06-01 13:23:35] Traitement ID: 2747
--------------------------------------------------------------------------------
[2026-06-01 13:23:35] SQL
Array
(
    [sql] => UPDATE materiel SET marque = :marque, modele = :modele, type_materiel = :type_materiel, numero_serie = :numero_serie, version_firmware = :version_firmware, adresse_ip = :adresse_ip, adresse_mac = :adresse_mac WHERE id = :id
    [params] => Array
        (
            [0] => :marque
            [1] => :modele
            [2] => :type_materiel
            [3] => :numero_serie
            [4] => :version_firmware
            [5] => :adresse_ip
            [6] => :adresse_mac
            [7] => :id
        )

)

--------------------------------------------------------------------------------
[2026-06-01 13:23:35] Mise à jour réussie ID: 2747
--------------------------------------------------------------------------------
[2026-06-01 13:23:35] Traitement ID: 2743
--------------------------------------------------------------------------------
[2026-06-01 13:23:35] SQL
Array
(
    [sql] => UPDATE materiel SET marque = :marque, modele = :modele, type_materiel = :type_materiel, numero_serie = :numero_serie, version_firmware = :version_firmware, adresse_ip = :adresse_ip, adresse_mac = :adresse_mac WHERE id = :id
    [params] => Array
        (
            [0] => :marque
            [1] => :modele
            [2] => :type_materiel
            [3] => :numero_serie
            [4] => :version_firmware
            [5] => :adresse_ip
            [6] => :adresse_mac
            [7] => :id
        )

)

--------------------------------------------------------------------------------
[2026-06-01 13:23:35] Mise à jour réussie ID: 2743
--------------------------------------------------------------------------------
[2026-06-01 13:23:35] Traitement ID: 2742
--------------------------------------------------------------------------------
[2026-06-01 13:23:35] SQL
Array
(
    [sql] => UPDATE materiel SET marque = :marque, modele = :modele, type_materiel = :type_materiel, numero_serie = :numero_serie, version_firmware = :version_firmware, adresse_ip = :adresse_ip, adresse_mac = :adresse_mac WHERE id = :id
    [params] => Array
        (
            [0] => :marque
            [1] => :modele
            [2] => :type_materiel
            [3] => :numero_serie
            [4] => :version_firmware
            [5] => :adresse_ip
            [6] => :adresse_mac
            [7] => :id
        )

)

--------------------------------------------------------------------------------
[2026-06-01 13:23:35] Mise à jour réussie ID: 2742
--------------------------------------------------------------------------------
[2026-06-01 13:23:35] Traitement ID: 2744
--------------------------------------------------------------------------------
[2026-06-01 13:23:35] SQL
Array
(
    [sql] => UPDATE materiel SET marque = :marque, modele = :modele, type_materiel = :type_materiel, numero_serie = :numero_serie, version_firmware = :version_firmware, adresse_ip = :adresse_ip, adresse_mac = :adresse_mac WHERE id = :id
    [params] => Array
        (
            [0] => :marque
            [1] => :modele
            [2] => :type_materiel
            [3] => :numero_serie
            [4] => :version_firmware
            [5] => :adresse_ip
            [6] => :adresse_mac
            [7] => :id
        )

)

--------------------------------------------------------------------------------
[2026-06-01 13:23:35] Mise à jour réussie ID: 2744
--------------------------------------------------------------------------------
[2026-06-01 13:23:35] Réponse
Array
(
    [status] => success
    [message] => 7 ligne(s) mise(s) à jour
    [updated] => 7
    [total_rows] => 7
    [errors] => Array
        (
        )

)

--------------------------------------------------------------------------------
[2026-06-01 13:23:35] === FIN ===
--------------------------------------------------------------------------------
[2026-06-01 13:23:35] === DÉBUT ===
--------------------------------------------------------------------------------
[2026-06-01 13:23:35] Input reçu
Array
(
    [raw_length] => 14637
    [has_data] => 1
)

--------------------------------------------------------------------------------
[2026-06-01 13:23:35] Connexion BDD OK
--------------------------------------------------------------------------------
[2026-06-01 13:23:35] Traitement ID: 2733
--------------------------------------------------------------------------------
[2026-06-01 13:23:35] SQL
Array
(
    [sql] => UPDATE materiel SET marque = :marque, modele = :modele, type_materiel = :type_materiel, numero_serie = :numero_serie, commentaire = :commentaire WHERE id = :id
    [params] => Array
        (
            [0] => :marque
            [1] => :modele
            [2] => :type_materiel
            [3] => :numero_serie
            [4] => :commentaire
            [5] => :id
        )

)

--------------------------------------------------------------------------------
[2026-06-01 13:23:35] Mise à jour réussie ID: 2733
--------------------------------------------------------------------------------
[2026-06-01 13:23:35] Traitement ID: 2722
--------------------------------------------------------------------------------
[2026-06-01 13:23:35] SQL
Array
(
    [sql] => UPDATE materiel SET marque = :marque, modele = :modele, type_materiel = :type_materiel, numero_serie = :numero_serie, commentaire = :commentaire WHERE id = :id
    [params] => Array
        (
            [0] => :marque
            [1] => :modele
            [2] => :type_materiel
            [3] => :numero_serie
            [4] => :commentaire
            [5] => :id
        )

)

--------------------------------------------------------------------------------
[2026-06-01 13:23:35] Mise à jour réussie ID: 2722
--------------------------------------------------------------------------------
[2026-06-01 13:23:35] Traitement ID: 2725
--------------------------------------------------------------------------------
[2026-06-01 13:23:35] SQL
Array
(
    [sql] => UPDATE materiel SET marque = :marque, modele = :modele, type_materiel = :type_materiel, numero_serie = :numero_serie, commentaire = :commentaire WHERE id = :id
    [params] => Array
        (
            [0] => :marque
            [1] => :modele
            [2] => :type_materiel
            [3] => :numero_serie
            [4] => :commentaire
            [5] => :id
        )

)

--------------------------------------------------------------------------------
[2026-06-01 13:23:35] Mise à jour réussie ID: 2725
--------------------------------------------------------------------------------
[2026-06-01 13:23:35] Traitement ID: 2729
--------------------------------------------------------------------------------
[2026-06-01 13:23:35] SQL
Array
(
    [sql] => UPDATE materiel SET marque = :marque, modele = :modele, type_materiel = :type_materiel, numero_serie = :numero_serie, commentaire = :commentaire WHERE id = :id
    [params] => Array
        (
            [0] => :marque
            [1] => :modele
            [2] => :type_materiel
            [3] => :numero_serie
            [4] => :commentaire
            [5] => :id
        )

)

--------------------------------------------------------------------------------
[2026-06-01 13:23:36] Mise à jour réussie ID: 2729
--------------------------------------------------------------------------------
[2026-06-01 13:23:36] Traitement ID: 2726
--------------------------------------------------------------------------------
[2026-06-01 13:23:36] SQL
Array
(
    [sql] => UPDATE materiel SET marque = :marque, modele = :modele, type_materiel = :type_materiel, numero_serie = :numero_serie, commentaire = :commentaire WHERE id = :id
    [params] => Array
        (
            [0] => :marque
            [1] => :modele
            [2] => :type_materiel
            [3] => :numero_serie
            [4] => :commentaire
            [5] => :id
        )

)

--------------------------------------------------------------------------------
[2026-06-01 13:23:36] Mise à jour réussie ID: 2726
--------------------------------------------------------------------------------
[2026-06-01 13:23:36] Traitement ID: 2728
--------------------------------------------------------------------------------
[2026-06-01 13:23:36] SQL
Array
(
    [sql] => UPDATE materiel SET marque = :marque, modele = :modele, type_materiel = :type_materiel, numero_serie = :numero_serie, commentaire = :commentaire WHERE id = :id
    [params] => Array
        (
            [0] => :marque
            [1] => :modele
            [2] => :type_materiel
            [3] => :numero_serie
            [4] => :commentaire
            [5] => :id
        )

)

--------------------------------------------------------------------------------
[2026-06-01 13:23:36] Mise à jour réussie ID: 2728
--------------------------------------------------------------------------------
[2026-06-01 13:23:36] Traitement ID: 2732
--------------------------------------------------------------------------------
[2026-06-01 13:23:36] SQL
Array
(
    [sql] => UPDATE materiel SET marque = :marque, modele = :modele, type_materiel = :type_materiel, numero_serie = :numero_serie, commentaire = :commentaire WHERE id = :id
    [params] => Array
        (
            [0] => :marque
            [1] => :modele
            [2] => :type_materiel
            [3] => :numero_serie
            [4] => :commentaire
            [5] => :id
        )

)

--------------------------------------------------------------------------------
[2026-06-01 13:23:36] Mise à jour réussie ID: 2732
--------------------------------------------------------------------------------
[2026-06-01 13:23:36] Traitement ID: 2735
--------------------------------------------------------------------------------
[2026-06-01 13:23:36] SQL
Array
(
    [sql] => UPDATE materiel SET marque = :marque, modele = :modele, type_materiel = :type_materiel, numero_serie = :numero_serie, commentaire = :commentaire WHERE id = :id
    [params] => Array
        (
            [0] => :marque
            [1] => :modele
            [2] => :type_materiel
            [3] => :numero_serie
            [4] => :commentaire
            [5] => :id
        )

)

--------------------------------------------------------------------------------
[2026-06-01 13:23:36] Mise à jour réussie ID: 2735
--------------------------------------------------------------------------------
[2026-06-01 13:23:36] Traitement ID: 2714
--------------------------------------------------------------------------------
[2026-06-01 13:23:36] SQL
Array
(
    [sql] => UPDATE materiel SET marque = :marque, modele = :modele WHERE id = :id
    [params] => Array
        (
            [0] => :marque
            [1] => :modele
            [2] => :id
        )

)

--------------------------------------------------------------------------------
[2026-06-01 13:23:36] Mise à jour réussie ID: 2714
--------------------------------------------------------------------------------
[2026-06-01 13:23:36] Traitement ID: 2717
--------------------------------------------------------------------------------
[2026-06-01 13:23:36] SQL
Array
(
    [sql] => UPDATE materiel SET marque = :marque, modele = :modele, type_materiel = :type_materiel, numero_serie = :numero_serie, commentaire = :commentaire WHERE id = :id
    [params] => Array
        (
            [0] => :marque
            [1] => :modele
            [2] => :type_materiel
            [3] => :numero_serie
            [4] => :commentaire
            [5] => :id
        )

)

--------------------------------------------------------------------------------
[2026-06-01 13:23:36] Mise à jour réussie ID: 2717
--------------------------------------------------------------------------------
[2026-06-01 13:23:36] Traitement ID: 2715
--------------------------------------------------------------------------------
[2026-06-01 13:23:36] SQL
Array
(
    [sql] => UPDATE materiel SET marque = :marque, modele = :modele WHERE id = :id
    [params] => Array
        (
            [0] => :marque
            [1] => :modele
            [2] => :id
        )

)

--------------------------------------------------------------------------------
[2026-06-01 13:23:36] Mise à jour réussie ID: 2715
--------------------------------------------------------------------------------
[2026-06-01 13:23:36] Traitement ID: 2718
--------------------------------------------------------------------------------
[2026-06-01 13:23:36] SQL
Array
(
    [sql] => UPDATE materiel SET marque = :marque, modele = :modele, type_materiel = :type_materiel, numero_serie = :numero_serie, commentaire = :commentaire WHERE id = :id
    [params] => Array
        (
            [0] => :marque
            [1] => :modele
            [2] => :type_materiel
            [3] => :numero_serie
            [4] => :commentaire
            [5] => :id
        )

)

--------------------------------------------------------------------------------
[2026-06-01 13:23:36] Mise à jour réussie ID: 2718
--------------------------------------------------------------------------------
[2026-06-01 13:23:36] Traitement ID: 2716
--------------------------------------------------------------------------------
[2026-06-01 13:23:36] SQL
Array
(
    [sql] => UPDATE materiel SET marque = :marque, modele = :modele WHERE id = :id
    [params] => Array
        (
            [0] => :marque
            [1] => :modele
            [2] => :id
        )

)

--------------------------------------------------------------------------------
[2026-06-01 13:23:36] Mise à jour réussie ID: 2716
--------------------------------------------------------------------------------
[2026-06-01 13:23:36] Traitement ID: 2719
--------------------------------------------------------------------------------
[2026-06-01 13:23:36] SQL
Array
(
    [sql] => UPDATE materiel SET marque = :marque, modele = :modele, type_materiel = :type_materiel, numero_serie = :numero_serie, commentaire = :commentaire WHERE id = :id
    [params] => Array
        (
            [0] => :marque
            [1] => :modele
            [2] => :type_materiel
            [3] => :numero_serie
            [4] => :commentaire
            [5] => :id
        )

)

--------------------------------------------------------------------------------
[2026-06-01 13:23:36] Mise à jour réussie ID: 2719
--------------------------------------------------------------------------------
[2026-06-01 13:23:36] Traitement ID: 2720
--------------------------------------------------------------------------------
[2026-06-01 13:23:36] SQL
Array
(
    [sql] => UPDATE materiel SET marque = :marque, modele = :modele, type_materiel = :type_materiel, numero_serie = :numero_serie, commentaire = :commentaire WHERE id = :id
    [params] => Array
        (
            [0] => :marque
            [1] => :modele
            [2] => :type_materiel
            [3] => :numero_serie
            [4] => :commentaire
            [5] => :id
        )

)

--------------------------------------------------------------------------------
[2026-06-01 13:23:36] Mise à jour réussie ID: 2720
--------------------------------------------------------------------------------
[2026-06-01 13:23:36] Traitement ID: 2721
--------------------------------------------------------------------------------
[2026-06-01 13:23:36] SQL
Array
(
    [sql] => UPDATE materiel SET marque = :marque, modele = :modele, type_materiel = :type_materiel, numero_serie = :numero_serie, commentaire = :commentaire WHERE id = :id
    [params] => Array
        (
            [0] => :marque
            [1] => :modele
            [2] => :type_materiel
            [3] => :numero_serie
            [4] => :commentaire
            [5] => :id
        )

)

--------------------------------------------------------------------------------
[2026-06-01 13:23:36] Mise à jour réussie ID: 2721
--------------------------------------------------------------------------------
[2026-06-01 13:23:36] Traitement ID: 2731
--------------------------------------------------------------------------------
[2026-06-01 13:23:36] SQL
Array
(
    [sql] => UPDATE materiel SET marque = :marque, modele = :modele, type_materiel = :type_materiel, numero_serie = :numero_serie, commentaire = :commentaire WHERE id = :id
    [params] => Array
        (
            [0] => :marque
            [1] => :modele
            [2] => :type_materiel
            [3] => :numero_serie
            [4] => :commentaire
            [5] => :id
        )

)

--------------------------------------------------------------------------------
[2026-06-01 13:23:36] Mise à jour réussie ID: 2731
--------------------------------------------------------------------------------
[2026-06-01 13:23:36] Traitement ID: 2727
--------------------------------------------------------------------------------
[2026-06-01 13:23:36] SQL
Array
(
    [sql] => UPDATE materiel SET marque = :marque, modele = :modele, type_materiel = :type_materiel, numero_serie = :numero_serie, commentaire = :commentaire WHERE id = :id
    [params] => Array
        (
            [0] => :marque
            [1] => :modele
            [2] => :type_materiel
            [3] => :numero_serie
            [4] => :commentaire
            [5] => :id
        )

)

--------------------------------------------------------------------------------
[2026-06-01 13:23:36] Mise à jour réussie ID: 2727
--------------------------------------------------------------------------------
[2026-06-01 13:23:36] Traitement ID: 2723
--------------------------------------------------------------------------------
[2026-06-01 13:23:36] SQL
Array
(
    [sql] => UPDATE materiel SET marque = :marque, modele = :modele, type_materiel = :type_materiel, numero_serie = :numero_serie, commentaire = :commentaire WHERE id = :id
    [params] => Array
        (
            [0] => :marque
            [1] => :modele
            [2] => :type_materiel
            [3] => :numero_serie
            [4] => :commentaire
            [5] => :id
        )

)

--------------------------------------------------------------------------------
[2026-06-01 13:23:36] Mise à jour réussie ID: 2723
--------------------------------------------------------------------------------
[2026-06-01 13:23:36] Traitement ID: 2724
--------------------------------------------------------------------------------
[2026-06-01 13:23:36] SQL
Array
(
    [sql] => UPDATE materiel SET marque = :marque, modele = :modele, type_materiel = :type_materiel, numero_serie = :numero_serie, commentaire = :commentaire WHERE id = :id
    [params] => Array
        (
            [0] => :marque
            [1] => :modele
            [2] => :type_materiel
            [3] => :numero_serie
            [4] => :commentaire
            [5] => :id
        )

)

--------------------------------------------------------------------------------
[2026-06-01 13:23:36] Mise à jour réussie ID: 2724
--------------------------------------------------------------------------------
[2026-06-01 13:23:36] Traitement ID: 2730
--------------------------------------------------------------------------------
[2026-06-01 13:23:36] SQL
Array
(
    [sql] => UPDATE materiel SET marque = :marque, modele = :modele, type_materiel = :type_materiel, numero_serie = :numero_serie, commentaire = :commentaire WHERE id = :id
    [params] => Array
        (
            [0] => :marque
            [1] => :modele
            [2] => :type_materiel
            [3] => :numero_serie
            [4] => :commentaire
            [5] => :id
        )

)

--------------------------------------------------------------------------------
[2026-06-01 13:23:36] Mise à jour réussie ID: 2730
--------------------------------------------------------------------------------
[2026-06-01 13:23:36] Traitement ID: 2734
--------------------------------------------------------------------------------
[2026-06-01 13:23:36] SQL
Array
(
    [sql] => UPDATE materiel SET marque = :marque, modele = :modele, type_materiel = :type_materiel, numero_serie = :numero_serie, commentaire = :commentaire WHERE id = :id
    [params] => Array
        (
            [0] => :marque
            [1] => :modele
            [2] => :type_materiel
            [3] => :numero_serie
            [4] => :commentaire
            [5] => :id
        )

)

--------------------------------------------------------------------------------
[2026-06-01 13:23:36] Mise à jour réussie ID: 2734
--------------------------------------------------------------------------------
[2026-06-01 13:23:36] Réponse
Array
(
    [status] => success
    [message] => 22 ligne(s) mise(s) à jour
    [updated] => 22
    [total_rows] => 22
    [errors] => Array
        (
        )

)

--------------------------------------------------------------------------------
[2026-06-01 13:23:36] === FIN ===
--------------------------------------------------------------------------------
[2026-06-01 13:25:17] === DÉBUT ===
--------------------------------------------------------------------------------
[2026-06-01 13:25:17] Input reçu
Array
(
    [raw_length] => 4679
    [has_data] => 1
)

--------------------------------------------------------------------------------
[2026-06-01 13:25:17] Connexion BDD OK
--------------------------------------------------------------------------------
[2026-06-01 13:25:17] Traitement ID: 2736
--------------------------------------------------------------------------------
[2026-06-01 13:25:17] SQL
Array
(
    [sql] => UPDATE materiel SET marque = :marque, modele = :modele, type_materiel = :type_materiel, numero_serie = :numero_serie, adresse_mac = :adresse_mac, commentaire = :commentaire WHERE id = :id
    [params] => Array
        (
            [0] => :marque
            [1] => :modele
            [2] => :type_materiel
            [3] => :numero_serie
            [4] => :adresse_mac
            [5] => :commentaire
            [6] => :id
        )

)

--------------------------------------------------------------------------------
[2026-06-01 13:25:17] Mise à jour réussie ID: 2736
--------------------------------------------------------------------------------
[2026-06-01 13:25:17] Traitement ID: 2745
--------------------------------------------------------------------------------
[2026-06-01 13:25:17] SQL
Array
(
    [sql] => UPDATE materiel SET marque = :marque, modele = :modele, type_materiel = :type_materiel, numero_serie = :numero_serie, version_firmware = :version_firmware, adresse_ip = :adresse_ip, adresse_mac = :adresse_mac WHERE id = :id
    [params] => Array
        (
            [0] => :marque
            [1] => :modele
            [2] => :type_materiel
            [3] => :numero_serie
            [4] => :version_firmware
            [5] => :adresse_ip
            [6] => :adresse_mac
            [7] => :id
        )

)

--------------------------------------------------------------------------------
[2026-06-01 13:25:17] Mise à jour réussie ID: 2745
--------------------------------------------------------------------------------
[2026-06-01 13:25:17] Traitement ID: 2746
--------------------------------------------------------------------------------
[2026-06-01 13:25:17] SQL
Array
(
    [sql] => UPDATE materiel SET marque = :marque, modele = :modele, type_materiel = :type_materiel, numero_serie = :numero_serie, version_firmware = :version_firmware, adresse_ip = :adresse_ip, adresse_mac = :adresse_mac WHERE id = :id
    [params] => Array
        (
            [0] => :marque
            [1] => :modele
            [2] => :type_materiel
            [3] => :numero_serie
            [4] => :version_firmware
            [5] => :adresse_ip
            [6] => :adresse_mac
            [7] => :id
        )

)

--------------------------------------------------------------------------------
[2026-06-01 13:25:17] Mise à jour réussie ID: 2746
--------------------------------------------------------------------------------
[2026-06-01 13:25:17] Traitement ID: 2747
--------------------------------------------------------------------------------
[2026-06-01 13:25:17] SQL
Array
(
    [sql] => UPDATE materiel SET marque = :marque, modele = :modele, type_materiel = :type_materiel, numero_serie = :numero_serie, version_firmware = :version_firmware, adresse_ip = :adresse_ip, adresse_mac = :adresse_mac WHERE id = :id
    [params] => Array
        (
            [0] => :marque
            [1] => :modele
            [2] => :type_materiel
            [3] => :numero_serie
            [4] => :version_firmware
            [5] => :adresse_ip
            [6] => :adresse_mac
            [7] => :id
        )

)

--------------------------------------------------------------------------------
[2026-06-01 13:25:17] Mise à jour réussie ID: 2747
--------------------------------------------------------------------------------
[2026-06-01 13:25:17] Traitement ID: 2743
--------------------------------------------------------------------------------
[2026-06-01 13:25:17] SQL
Array
(
    [sql] => UPDATE materiel SET marque = :marque, modele = :modele, type_materiel = :type_materiel, numero_serie = :numero_serie, version_firmware = :version_firmware, adresse_ip = :adresse_ip, adresse_mac = :adresse_mac WHERE id = :id
    [params] => Array
        (
            [0] => :marque
            [1] => :modele
            [2] => :type_materiel
            [3] => :numero_serie
            [4] => :version_firmware
            [5] => :adresse_ip
            [6] => :adresse_mac
            [7] => :id
        )

)

--------------------------------------------------------------------------------
[2026-06-01 13:25:17] Mise à jour réussie ID: 2743
--------------------------------------------------------------------------------
[2026-06-01 13:25:17] Traitement ID: 2742
--------------------------------------------------------------------------------
[2026-06-01 13:25:17] SQL
Array
(
    [sql] => UPDATE materiel SET marque = :marque, modele = :modele, type_materiel = :type_materiel, numero_serie = :numero_serie, version_firmware = :version_firmware, adresse_ip = :adresse_ip, adresse_mac = :adresse_mac WHERE id = :id
    [params] => Array
        (
            [0] => :marque
            [1] => :modele
            [2] => :type_materiel
            [3] => :numero_serie
            [4] => :version_firmware
            [5] => :adresse_ip
            [6] => :adresse_mac
            [7] => :id
        )

)

--------------------------------------------------------------------------------
[2026-06-01 13:25:17] Mise à jour réussie ID: 2742
--------------------------------------------------------------------------------
[2026-06-01 13:25:17] Traitement ID: 2744
--------------------------------------------------------------------------------
[2026-06-01 13:25:17] SQL
Array
(
    [sql] => UPDATE materiel SET marque = :marque, modele = :modele, type_materiel = :type_materiel, numero_serie = :numero_serie, version_firmware = :version_firmware, adresse_ip = :adresse_ip, adresse_mac = :adresse_mac WHERE id = :id
    [params] => Array
        (
            [0] => :marque
            [1] => :modele
            [2] => :type_materiel
            [3] => :numero_serie
            [4] => :version_firmware
            [5] => :adresse_ip
            [6] => :adresse_mac
            [7] => :id
        )

)

--------------------------------------------------------------------------------
[2026-06-01 13:25:17] Mise à jour réussie ID: 2744
--------------------------------------------------------------------------------
[2026-06-01 13:25:17] Réponse
Array
(
    [status] => success
    [message] => 7 ligne(s) mise(s) à jour
    [updated] => 7
    [total_rows] => 7
    [errors] => Array
        (
        )

)

--------------------------------------------------------------------------------
[2026-06-01 13:25:17] === FIN ===
--------------------------------------------------------------------------------
[2026-06-01 13:25:17] === DÉBUT ===
--------------------------------------------------------------------------------
[2026-06-01 13:25:17] Input reçu
Array
(
    [raw_length] => 14637
    [has_data] => 1
)

--------------------------------------------------------------------------------
[2026-06-01 13:25:17] Connexion BDD OK
--------------------------------------------------------------------------------
[2026-06-01 13:25:17] Traitement ID: 2733
--------------------------------------------------------------------------------
[2026-06-01 13:25:17] SQL
Array
(
    [sql] => UPDATE materiel SET marque = :marque, modele = :modele, type_materiel = :type_materiel, numero_serie = :numero_serie, commentaire = :commentaire WHERE id = :id
    [params] => Array
        (
            [0] => :marque
            [1] => :modele
            [2] => :type_materiel
            [3] => :numero_serie
            [4] => :commentaire
            [5] => :id
        )

)

--------------------------------------------------------------------------------
[2026-06-01 13:25:17] Mise à jour réussie ID: 2733
--------------------------------------------------------------------------------
[2026-06-01 13:25:17] Traitement ID: 2722
--------------------------------------------------------------------------------
[2026-06-01 13:25:17] SQL
Array
(
    [sql] => UPDATE materiel SET marque = :marque, modele = :modele, type_materiel = :type_materiel, numero_serie = :numero_serie, commentaire = :commentaire WHERE id = :id
    [params] => Array
        (
            [0] => :marque
            [1] => :modele
            [2] => :type_materiel
            [3] => :numero_serie
            [4] => :commentaire
            [5] => :id
        )

)

--------------------------------------------------------------------------------
[2026-06-01 13:25:17] Mise à jour réussie ID: 2722
--------------------------------------------------------------------------------
[2026-06-01 13:25:17] Traitement ID: 2725
--------------------------------------------------------------------------------
[2026-06-01 13:25:17] SQL
Array
(
    [sql] => UPDATE materiel SET marque = :marque, modele = :modele, type_materiel = :type_materiel, numero_serie = :numero_serie, commentaire = :commentaire WHERE id = :id
    [params] => Array
        (
            [0] => :marque
            [1] => :modele
            [2] => :type_materiel
            [3] => :numero_serie
            [4] => :commentaire
            [5] => :id
        )

)

--------------------------------------------------------------------------------
[2026-06-01 13:25:17] Mise à jour réussie ID: 2725
--------------------------------------------------------------------------------
[2026-06-01 13:25:17] Traitement ID: 2729
--------------------------------------------------------------------------------
[2026-06-01 13:25:17] SQL
Array
(
    [sql] => UPDATE materiel SET marque = :marque, modele = :modele, type_materiel = :type_materiel, numero_serie = :numero_serie, commentaire = :commentaire WHERE id = :id
    [params] => Array
        (
            [0] => :marque
            [1] => :modele
            [2] => :type_materiel
            [3] => :numero_serie
            [4] => :commentaire
            [5] => :id
        )

)

--------------------------------------------------------------------------------
[2026-06-01 13:25:17] Mise à jour réussie ID: 2729
--------------------------------------------------------------------------------
[2026-06-01 13:25:17] Traitement ID: 2726
--------------------------------------------------------------------------------
[2026-06-01 13:25:17] SQL
Array
(
    [sql] => UPDATE materiel SET marque = :marque, modele = :modele, type_materiel = :type_materiel, numero_serie = :numero_serie, commentaire = :commentaire WHERE id = :id
    [params] => Array
        (
            [0] => :marque
            [1] => :modele
            [2] => :type_materiel
            [3] => :numero_serie
            [4] => :commentaire
            [5] => :id
        )

)

--------------------------------------------------------------------------------
[2026-06-01 13:25:17] Mise à jour réussie ID: 2726
--------------------------------------------------------------------------------
[2026-06-01 13:25:17] Traitement ID: 2728
--------------------------------------------------------------------------------
[2026-06-01 13:25:17] SQL
Array
(
    [sql] => UPDATE materiel SET marque = :marque, modele = :modele, type_materiel = :type_materiel, numero_serie = :numero_serie, commentaire = :commentaire WHERE id = :id
    [params] => Array
        (
            [0] => :marque
            [1] => :modele
            [2] => :type_materiel
            [3] => :numero_serie
            [4] => :commentaire
            [5] => :id
        )

)

--------------------------------------------------------------------------------
[2026-06-01 13:25:17] Mise à jour réussie ID: 2728
--------------------------------------------------------------------------------
[2026-06-01 13:25:17] Traitement ID: 2732
--------------------------------------------------------------------------------
[2026-06-01 13:25:17] SQL
Array
(
    [sql] => UPDATE materiel SET marque = :marque, modele = :modele, type_materiel = :type_materiel, numero_serie = :numero_serie, commentaire = :commentaire WHERE id = :id
    [params] => Array
        (
            [0] => :marque
            [1] => :modele
            [2] => :type_materiel
            [3] => :numero_serie
            [4] => :commentaire
            [5] => :id
        )

)

--------------------------------------------------------------------------------
[2026-06-01 13:25:17] Mise à jour réussie ID: 2732
--------------------------------------------------------------------------------
[2026-06-01 13:25:17] Traitement ID: 2735
--------------------------------------------------------------------------------
[2026-06-01 13:25:17] SQL
Array
(
    [sql] => UPDATE materiel SET marque = :marque, modele = :modele, type_materiel = :type_materiel, numero_serie = :numero_serie, commentaire = :commentaire WHERE id = :id
    [params] => Array
        (
            [0] => :marque
            [1] => :modele
            [2] => :type_materiel
            [3] => :numero_serie
            [4] => :commentaire
            [5] => :id
        )

)

--------------------------------------------------------------------------------
[2026-06-01 13:25:17] Mise à jour réussie ID: 2735
--------------------------------------------------------------------------------
[2026-06-01 13:25:17] Traitement ID: 2714
--------------------------------------------------------------------------------
[2026-06-01 13:25:17] SQL
Array
(
    [sql] => UPDATE materiel SET marque = :marque, modele = :modele WHERE id = :id
    [params] => Array
        (
            [0] => :marque
            [1] => :modele
            [2] => :id
        )

)

--------------------------------------------------------------------------------
[2026-06-01 13:25:17] Mise à jour réussie ID: 2714
--------------------------------------------------------------------------------
[2026-06-01 13:25:17] Traitement ID: 2717
--------------------------------------------------------------------------------
[2026-06-01 13:25:17] SQL
Array
(
    [sql] => UPDATE materiel SET marque = :marque, modele = :modele, type_materiel = :type_materiel, numero_serie = :numero_serie, commentaire = :commentaire WHERE id = :id
    [params] => Array
        (
            [0] => :marque
            [1] => :modele
            [2] => :type_materiel
            [3] => :numero_serie
            [4] => :commentaire
            [5] => :id
        )

)

--------------------------------------------------------------------------------
[2026-06-01 13:25:17] Mise à jour réussie ID: 2717
--------------------------------------------------------------------------------
[2026-06-01 13:25:17] Traitement ID: 2715
--------------------------------------------------------------------------------
[2026-06-01 13:25:17] SQL
Array
(
    [sql] => UPDATE materiel SET marque = :marque, modele = :modele WHERE id = :id
    [params] => Array
        (
            [0] => :marque
            [1] => :modele
            [2] => :id
        )

)

--------------------------------------------------------------------------------
[2026-06-01 13:25:17] Mise à jour réussie ID: 2715
--------------------------------------------------------------------------------
[2026-06-01 13:25:17] Traitement ID: 2718
--------------------------------------------------------------------------------
[2026-06-01 13:25:17] SQL
Array
(
    [sql] => UPDATE materiel SET marque = :marque, modele = :modele, type_materiel = :type_materiel, numero_serie = :numero_serie, commentaire = :commentaire WHERE id = :id
    [params] => Array
        (
            [0] => :marque
            [1] => :modele
            [2] => :type_materiel
            [3] => :numero_serie
            [4] => :commentaire
            [5] => :id
        )

)

--------------------------------------------------------------------------------
[2026-06-01 13:25:17] Mise à jour réussie ID: 2718
--------------------------------------------------------------------------------
[2026-06-01 13:25:17] Traitement ID: 2716
--------------------------------------------------------------------------------
[2026-06-01 13:25:17] SQL
Array
(
    [sql] => UPDATE materiel SET marque = :marque, modele = :modele WHERE id = :id
    [params] => Array
        (
            [0] => :marque
            [1] => :modele
            [2] => :id
        )

)

--------------------------------------------------------------------------------
[2026-06-01 13:25:17] Mise à jour réussie ID: 2716
--------------------------------------------------------------------------------
[2026-06-01 13:25:17] Traitement ID: 2719
--------------------------------------------------------------------------------
[2026-06-01 13:25:17] SQL
Array
(
    [sql] => UPDATE materiel SET marque = :marque, modele = :modele, type_materiel = :type_materiel, numero_serie = :numero_serie, commentaire = :commentaire WHERE id = :id
    [params] => Array
        (
            [0] => :marque
            [1] => :modele
            [2] => :type_materiel
            [3] => :numero_serie
            [4] => :commentaire
            [5] => :id
        )

)

--------------------------------------------------------------------------------
[2026-06-01 13:25:17] Mise à jour réussie ID: 2719
--------------------------------------------------------------------------------
[2026-06-01 13:25:17] Traitement ID: 2720
--------------------------------------------------------------------------------
[2026-06-01 13:25:17] SQL
Array
(
    [sql] => UPDATE materiel SET marque = :marque, modele = :modele, type_materiel = :type_materiel, numero_serie = :numero_serie, commentaire = :commentaire WHERE id = :id
    [params] => Array
        (
            [0] => :marque
            [1] => :modele
            [2] => :type_materiel
            [3] => :numero_serie
            [4] => :commentaire
            [5] => :id
        )

)

--------------------------------------------------------------------------------
[2026-06-01 13:25:17] Mise à jour réussie ID: 2720
--------------------------------------------------------------------------------
[2026-06-01 13:25:17] Traitement ID: 2721
--------------------------------------------------------------------------------
[2026-06-01 13:25:17] SQL
Array
(
    [sql] => UPDATE materiel SET marque = :marque, modele = :modele, type_materiel = :type_materiel, numero_serie = :numero_serie, commentaire = :commentaire WHERE id = :id
    [params] => Array
        (
            [0] => :marque
            [1] => :modele
            [2] => :type_materiel
            [3] => :numero_serie
            [4] => :commentaire
            [5] => :id
        )

)

--------------------------------------------------------------------------------
[2026-06-01 13:25:17] Mise à jour réussie ID: 2721
--------------------------------------------------------------------------------
[2026-06-01 13:25:17] Traitement ID: 2731
--------------------------------------------------------------------------------
[2026-06-01 13:25:17] SQL
Array
(
    [sql] => UPDATE materiel SET marque = :marque, modele = :modele, type_materiel = :type_materiel, numero_serie = :numero_serie, commentaire = :commentaire WHERE id = :id
    [params] => Array
        (
            [0] => :marque
            [1] => :modele
            [2] => :type_materiel
            [3] => :numero_serie
            [4] => :commentaire
            [5] => :id
        )

)

--------------------------------------------------------------------------------
[2026-06-01 13:25:17] Mise à jour réussie ID: 2731
--------------------------------------------------------------------------------
[2026-06-01 13:25:17] Traitement ID: 2727
--------------------------------------------------------------------------------
[2026-06-01 13:25:17] SQL
Array
(
    [sql] => UPDATE materiel SET marque = :marque, modele = :modele, type_materiel = :type_materiel, numero_serie = :numero_serie, commentaire = :commentaire WHERE id = :id
    [params] => Array
        (
            [0] => :marque
            [1] => :modele
            [2] => :type_materiel
            [3] => :numero_serie
            [4] => :commentaire
            [5] => :id
        )

)

--------------------------------------------------------------------------------
[2026-06-01 13:25:17] Mise à jour réussie ID: 2727
--------------------------------------------------------------------------------
[2026-06-01 13:25:17] Traitement ID: 2723
--------------------------------------------------------------------------------
[2026-06-01 13:25:17] SQL
Array
(
    [sql] => UPDATE materiel SET marque = :marque, modele = :modele, type_materiel = :type_materiel, numero_serie = :numero_serie, commentaire = :commentaire WHERE id = :id
    [params] => Array
        (
            [0] => :marque
            [1] => :modele
            [2] => :type_materiel
            [3] => :numero_serie
            [4] => :commentaire
            [5] => :id
        )

)

--------------------------------------------------------------------------------
[2026-06-01 13:25:17] Mise à jour réussie ID: 2723
--------------------------------------------------------------------------------
[2026-06-01 13:25:17] Traitement ID: 2724
--------------------------------------------------------------------------------
[2026-06-01 13:25:17] SQL
Array
(
    [sql] => UPDATE materiel SET marque = :marque, modele = :modele, type_materiel = :type_materiel, numero_serie = :numero_serie, commentaire = :commentaire WHERE id = :id
    [params] => Array
        (
            [0] => :marque
            [1] => :modele
            [2] => :type_materiel
            [3] => :numero_serie
            [4] => :commentaire
            [5] => :id
        )

)

--------------------------------------------------------------------------------
[2026-06-01 13:25:17] Mise à jour réussie ID: 2724
--------------------------------------------------------------------------------
[2026-06-01 13:25:17] Traitement ID: 2730
--------------------------------------------------------------------------------
[2026-06-01 13:25:17] SQL
Array
(
    [sql] => UPDATE materiel SET marque = :marque, modele = :modele, type_materiel = :type_materiel, numero_serie = :numero_serie, commentaire = :commentaire WHERE id = :id
    [params] => Array
        (
            [0] => :marque
            [1] => :modele
            [2] => :type_materiel
            [3] => :numero_serie
            [4] => :commentaire
            [5] => :id
        )

)

--------------------------------------------------------------------------------
[2026-06-01 13:25:17] Mise à jour réussie ID: 2730
--------------------------------------------------------------------------------
[2026-06-01 13:25:17] Traitement ID: 2734
--------------------------------------------------------------------------------
[2026-06-01 13:25:17] SQL
Array
(
    [sql] => UPDATE materiel SET marque = :marque, modele = :modele, type_materiel = :type_materiel, numero_serie = :numero_serie, commentaire = :commentaire WHERE id = :id
    [params] => Array
        (
            [0] => :marque
            [1] => :modele
            [2] => :type_materiel
            [3] => :numero_serie
            [4] => :commentaire
            [5] => :id
        )

)

--------------------------------------------------------------------------------
[2026-06-01 13:25:17] Mise à jour réussie ID: 2734
--------------------------------------------------------------------------------
[2026-06-01 13:25:17] Réponse
Array
(
    [status] => success
    [message] => 22 ligne(s) mise(s) à jour
    [updated] => 22
    [total_rows] => 22
    [errors] => Array
        (
        )

)

--------------------------------------------------------------------------------
[2026-06-01 13:25:17] === FIN ===
--------------------------------------------------------------------------------
[2026-06-01 13:25:30] === DÉBUT ===
--------------------------------------------------------------------------------
[2026-06-01 13:25:30] Input reçu
Array
(
    [raw_length] => 4686
    [has_data] => 1
)

--------------------------------------------------------------------------------
[2026-06-01 13:25:30] Connexion BDD OK
--------------------------------------------------------------------------------
[2026-06-01 13:25:30] Traitement ID: 2736
--------------------------------------------------------------------------------
[2026-06-01 13:25:30] SQL
Array
(
    [sql] => UPDATE materiel SET marque = :marque, modele = :modele, type_materiel = :type_materiel, numero_serie = :numero_serie, version_firmware = :version_firmware, adresse_ip = :adresse_ip, adresse_mac = :adresse_mac, commentaire = :commentaire WHERE id = :id
    [params] => Array
        (
            [0] => :marque
            [1] => :modele
            [2] => :type_materiel
            [3] => :numero_serie
            [4] => :version_firmware
            [5] => :adresse_ip
            [6] => :adresse_mac
            [7] => :commentaire
            [8] => :id
        )

)

--------------------------------------------------------------------------------
[2026-06-01 13:25:30] Mise à jour réussie ID: 2736
--------------------------------------------------------------------------------
[2026-06-01 13:25:30] Traitement ID: 2745
--------------------------------------------------------------------------------
[2026-06-01 13:25:30] SQL
Array
(
    [sql] => UPDATE materiel SET marque = :marque, modele = :modele, type_materiel = :type_materiel, numero_serie = :numero_serie, version_firmware = :version_firmware, adresse_ip = :adresse_ip, adresse_mac = :adresse_mac WHERE id = :id
    [params] => Array
        (
            [0] => :marque
            [1] => :modele
            [2] => :type_materiel
            [3] => :numero_serie
            [4] => :version_firmware
            [5] => :adresse_ip
            [6] => :adresse_mac
            [7] => :id
        )

)

--------------------------------------------------------------------------------
[2026-06-01 13:25:30] Mise à jour réussie ID: 2745
--------------------------------------------------------------------------------
[2026-06-01 13:25:30] Traitement ID: 2746
--------------------------------------------------------------------------------
[2026-06-01 13:25:30] SQL
Array
(
    [sql] => UPDATE materiel SET marque = :marque, modele = :modele, type_materiel = :type_materiel, numero_serie = :numero_serie, version_firmware = :version_firmware, adresse_ip = :adresse_ip, adresse_mac = :adresse_mac WHERE id = :id
    [params] => Array
        (
            [0] => :marque
            [1] => :modele
            [2] => :type_materiel
            [3] => :numero_serie
            [4] => :version_firmware
            [5] => :adresse_ip
            [6] => :adresse_mac
            [7] => :id
        )

)

--------------------------------------------------------------------------------
[2026-06-01 13:25:30] Mise à jour réussie ID: 2746
--------------------------------------------------------------------------------
[2026-06-01 13:25:30] Traitement ID: 2747
--------------------------------------------------------------------------------
[2026-06-01 13:25:30] SQL
Array
(
    [sql] => UPDATE materiel SET marque = :marque, modele = :modele, type_materiel = :type_materiel, numero_serie = :numero_serie, version_firmware = :version_firmware, adresse_ip = :adresse_ip, adresse_mac = :adresse_mac WHERE id = :id
    [params] => Array
        (
            [0] => :marque
            [1] => :modele
            [2] => :type_materiel
            [3] => :numero_serie
            [4] => :version_firmware
            [5] => :adresse_ip
            [6] => :adresse_mac
            [7] => :id
        )

)

--------------------------------------------------------------------------------
[2026-06-01 13:25:30] Mise à jour réussie ID: 2747
--------------------------------------------------------------------------------
[2026-06-01 13:25:30] Traitement ID: 2743
--------------------------------------------------------------------------------
[2026-06-01 13:25:30] SQL
Array
(
    [sql] => UPDATE materiel SET marque = :marque, modele = :modele, type_materiel = :type_materiel, numero_serie = :numero_serie, version_firmware = :version_firmware, adresse_ip = :adresse_ip, adresse_mac = :adresse_mac WHERE id = :id
    [params] => Array
        (
            [0] => :marque
            [1] => :modele
            [2] => :type_materiel
            [3] => :numero_serie
            [4] => :version_firmware
            [5] => :adresse_ip
            [6] => :adresse_mac
            [7] => :id
        )

)

--------------------------------------------------------------------------------
[2026-06-01 13:25:30] Mise à jour réussie ID: 2743
--------------------------------------------------------------------------------
[2026-06-01 13:25:30] Traitement ID: 2742
--------------------------------------------------------------------------------
[2026-06-01 13:25:30] SQL
Array
(
    [sql] => UPDATE materiel SET marque = :marque, modele = :modele, type_materiel = :type_materiel, numero_serie = :numero_serie, version_firmware = :version_firmware, adresse_ip = :adresse_ip, adresse_mac = :adresse_mac WHERE id = :id
    [params] => Array
        (
            [0] => :marque
            [1] => :modele
            [2] => :type_materiel
            [3] => :numero_serie
            [4] => :version_firmware
            [5] => :adresse_ip
            [6] => :adresse_mac
            [7] => :id
        )

)

--------------------------------------------------------------------------------
[2026-06-01 13:25:30] Mise à jour réussie ID: 2742
--------------------------------------------------------------------------------
[2026-06-01 13:25:30] Traitement ID: 2744
--------------------------------------------------------------------------------
[2026-06-01 13:25:30] SQL
Array
(
    [sql] => UPDATE materiel SET marque = :marque, modele = :modele, type_materiel = :type_materiel, numero_serie = :numero_serie, version_firmware = :version_firmware, adresse_ip = :adresse_ip, adresse_mac = :adresse_mac WHERE id = :id
    [params] => Array
        (
            [0] => :marque
            [1] => :modele
            [2] => :type_materiel
            [3] => :numero_serie
            [4] => :version_firmware
            [5] => :adresse_ip
            [6] => :adresse_mac
            [7] => :id
        )

)

--------------------------------------------------------------------------------
[2026-06-01 13:25:30] Mise à jour réussie ID: 2744
--------------------------------------------------------------------------------
[2026-06-01 13:25:30] Réponse
Array
(
    [status] => success
    [message] => 7 ligne(s) mise(s) à jour
    [updated] => 7
    [total_rows] => 7
    [errors] => Array
        (
        )

)

--------------------------------------------------------------------------------
[2026-06-01 13:25:30] === FIN ===
--------------------------------------------------------------------------------
[2026-06-01 13:25:30] === DÉBUT ===
--------------------------------------------------------------------------------
[2026-06-01 13:25:30] Input reçu
Array
(
    [raw_length] => 14637
    [has_data] => 1
)

--------------------------------------------------------------------------------
[2026-06-01 13:25:30] Connexion BDD OK
--------------------------------------------------------------------------------
[2026-06-01 13:25:30] Traitement ID: 2733
--------------------------------------------------------------------------------
[2026-06-01 13:25:30] SQL
Array
(
    [sql] => UPDATE materiel SET marque = :marque, modele = :modele, type_materiel = :type_materiel, numero_serie = :numero_serie, commentaire = :commentaire WHERE id = :id
    [params] => Array
        (
            [0] => :marque
            [1] => :modele
            [2] => :type_materiel
            [3] => :numero_serie
            [4] => :commentaire
            [5] => :id
        )

)

--------------------------------------------------------------------------------
[2026-06-01 13:25:30] Mise à jour réussie ID: 2733
--------------------------------------------------------------------------------
[2026-06-01 13:25:30] Traitement ID: 2722
--------------------------------------------------------------------------------
[2026-06-01 13:25:30] SQL
Array
(
    [sql] => UPDATE materiel SET marque = :marque, modele = :modele, type_materiel = :type_materiel, numero_serie = :numero_serie, commentaire = :commentaire WHERE id = :id
    [params] => Array
        (
            [0] => :marque
            [1] => :modele
            [2] => :type_materiel
            [3] => :numero_serie
            [4] => :commentaire
            [5] => :id
        )

)

--------------------------------------------------------------------------------
[2026-06-01 13:25:30] Mise à jour réussie ID: 2722
--------------------------------------------------------------------------------
[2026-06-01 13:25:30] Traitement ID: 2725
--------------------------------------------------------------------------------
[2026-06-01 13:25:30] SQL
Array
(
    [sql] => UPDATE materiel SET marque = :marque, modele = :modele, type_materiel = :type_materiel, numero_serie = :numero_serie, commentaire = :commentaire WHERE id = :id
    [params] => Array
        (
            [0] => :marque
            [1] => :modele
            [2] => :type_materiel
            [3] => :numero_serie
            [4] => :commentaire
            [5] => :id
        )

)

--------------------------------------------------------------------------------
[2026-06-01 13:25:30] Mise à jour réussie ID: 2725
--------------------------------------------------------------------------------
[2026-06-01 13:25:30] Traitement ID: 2729
--------------------------------------------------------------------------------
[2026-06-01 13:25:30] SQL
Array
(
    [sql] => UPDATE materiel SET marque = :marque, modele = :modele, type_materiel = :type_materiel, numero_serie = :numero_serie, commentaire = :commentaire WHERE id = :id
    [params] => Array
        (
            [0] => :marque
            [1] => :modele
            [2] => :type_materiel
            [3] => :numero_serie
            [4] => :commentaire
            [5] => :id
        )

)

--------------------------------------------------------------------------------
[2026-06-01 13:25:30] Mise à jour réussie ID: 2729
--------------------------------------------------------------------------------
[2026-06-01 13:25:30] Traitement ID: 2726
--------------------------------------------------------------------------------
[2026-06-01 13:25:30] SQL
Array
(
    [sql] => UPDATE materiel SET marque = :marque, modele = :modele, type_materiel = :type_materiel, numero_serie = :numero_serie, commentaire = :commentaire WHERE id = :id
    [params] => Array
        (
            [0] => :marque
            [1] => :modele
            [2] => :type_materiel
            [3] => :numero_serie
            [4] => :commentaire
            [5] => :id
        )

)

--------------------------------------------------------------------------------
[2026-06-01 13:25:30] Mise à jour réussie ID: 2726
--------------------------------------------------------------------------------
[2026-06-01 13:25:30] Traitement ID: 2728
--------------------------------------------------------------------------------
[2026-06-01 13:25:30] SQL
Array
(
    [sql] => UPDATE materiel SET marque = :marque, modele = :modele, type_materiel = :type_materiel, numero_serie = :numero_serie, commentaire = :commentaire WHERE id = :id
    [params] => Array
        (
            [0] => :marque
            [1] => :modele
            [2] => :type_materiel
            [3] => :numero_serie
            [4] => :commentaire
            [5] => :id
        )

)

--------------------------------------------------------------------------------
[2026-06-01 13:25:30] Mise à jour réussie ID: 2728
--------------------------------------------------------------------------------
[2026-06-01 13:25:30] Traitement ID: 2732
--------------------------------------------------------------------------------
[2026-06-01 13:25:30] SQL
Array
(
    [sql] => UPDATE materiel SET marque = :marque, modele = :modele, type_materiel = :type_materiel, numero_serie = :numero_serie, commentaire = :commentaire WHERE id = :id
    [params] => Array
        (
            [0] => :marque
            [1] => :modele
            [2] => :type_materiel
            [3] => :numero_serie
            [4] => :commentaire
            [5] => :id
        )

)

--------------------------------------------------------------------------------
[2026-06-01 13:25:30] Mise à jour réussie ID: 2732
--------------------------------------------------------------------------------
[2026-06-01 13:25:30] Traitement ID: 2735
--------------------------------------------------------------------------------
[2026-06-01 13:25:30] SQL
Array
(
    [sql] => UPDATE materiel SET marque = :marque, modele = :modele, type_materiel = :type_materiel, numero_serie = :numero_serie, commentaire = :commentaire WHERE id = :id
    [params] => Array
        (
            [0] => :marque
            [1] => :modele
            [2] => :type_materiel
            [3] => :numero_serie
            [4] => :commentaire
            [5] => :id
        )

)

--------------------------------------------------------------------------------
[2026-06-01 13:25:30] Mise à jour réussie ID: 2735
--------------------------------------------------------------------------------
[2026-06-01 13:25:30] Traitement ID: 2714
--------------------------------------------------------------------------------
[2026-06-01 13:25:30] SQL
Array
(
    [sql] => UPDATE materiel SET marque = :marque, modele = :modele WHERE id = :id
    [params] => Array
        (
            [0] => :marque
            [1] => :modele
            [2] => :id
        )

)

--------------------------------------------------------------------------------
[2026-06-01 13:25:30] Mise à jour réussie ID: 2714
--------------------------------------------------------------------------------
[2026-06-01 13:25:30] Traitement ID: 2717
--------------------------------------------------------------------------------
[2026-06-01 13:25:30] SQL
Array
(
    [sql] => UPDATE materiel SET marque = :marque, modele = :modele, type_materiel = :type_materiel, numero_serie = :numero_serie, commentaire = :commentaire WHERE id = :id
    [params] => Array
        (
            [0] => :marque
            [1] => :modele
            [2] => :type_materiel
            [3] => :numero_serie
            [4] => :commentaire
            [5] => :id
        )

)

--------------------------------------------------------------------------------
[2026-06-01 13:25:30] Mise à jour réussie ID: 2717
--------------------------------------------------------------------------------
[2026-06-01 13:25:30] Traitement ID: 2715
--------------------------------------------------------------------------------
[2026-06-01 13:25:30] SQL
Array
(
    [sql] => UPDATE materiel SET marque = :marque, modele = :modele WHERE id = :id
    [params] => Array
        (
            [0] => :marque
            [1] => :modele
            [2] => :id
        )

)

--------------------------------------------------------------------------------
[2026-06-01 13:25:30] Mise à jour réussie ID: 2715
--------------------------------------------------------------------------------
[2026-06-01 13:25:30] Traitement ID: 2718
--------------------------------------------------------------------------------
[2026-06-01 13:25:30] SQL
Array
(
    [sql] => UPDATE materiel SET marque = :marque, modele = :modele, type_materiel = :type_materiel, numero_serie = :numero_serie, commentaire = :commentaire WHERE id = :id
    [params] => Array
        (
            [0] => :marque
            [1] => :modele
            [2] => :type_materiel
            [3] => :numero_serie
            [4] => :commentaire
            [5] => :id
        )

)

--------------------------------------------------------------------------------
[2026-06-01 13:25:30] Mise à jour réussie ID: 2718
--------------------------------------------------------------------------------
[2026-06-01 13:25:30] Traitement ID: 2716
--------------------------------------------------------------------------------
[2026-06-01 13:25:30] SQL
Array
(
    [sql] => UPDATE materiel SET marque = :marque, modele = :modele WHERE id = :id
    [params] => Array
        (
            [0] => :marque
            [1] => :modele
            [2] => :id
        )

)

--------------------------------------------------------------------------------
[2026-06-01 13:25:30] Mise à jour réussie ID: 2716
--------------------------------------------------------------------------------
[2026-06-01 13:25:30] Traitement ID: 2719
--------------------------------------------------------------------------------
[2026-06-01 13:25:30] SQL
Array
(
    [sql] => UPDATE materiel SET marque = :marque, modele = :modele, type_materiel = :type_materiel, numero_serie = :numero_serie, commentaire = :commentaire WHERE id = :id
    [params] => Array
        (
            [0] => :marque
            [1] => :modele
            [2] => :type_materiel
            [3] => :numero_serie
            [4] => :commentaire
            [5] => :id
        )

)

--------------------------------------------------------------------------------
[2026-06-01 13:25:30] Mise à jour réussie ID: 2719
--------------------------------------------------------------------------------
[2026-06-01 13:25:30] Traitement ID: 2720
--------------------------------------------------------------------------------
[2026-06-01 13:25:30] SQL
Array
(
    [sql] => UPDATE materiel SET marque = :marque, modele = :modele, type_materiel = :type_materiel, numero_serie = :numero_serie, commentaire = :commentaire WHERE id = :id
    [params] => Array
        (
            [0] => :marque
            [1] => :modele
            [2] => :type_materiel
            [3] => :numero_serie
            [4] => :commentaire
            [5] => :id
        )

)

--------------------------------------------------------------------------------
[2026-06-01 13:25:30] Mise à jour réussie ID: 2720
--------------------------------------------------------------------------------
[2026-06-01 13:25:30] Traitement ID: 2721
--------------------------------------------------------------------------------
[2026-06-01 13:25:30] SQL
Array
(
    [sql] => UPDATE materiel SET marque = :marque, modele = :modele, type_materiel = :type_materiel, numero_serie = :numero_serie, commentaire = :commentaire WHERE id = :id
    [params] => Array
        (
            [0] => :marque
            [1] => :modele
            [2] => :type_materiel
            [3] => :numero_serie
            [4] => :commentaire
            [5] => :id
        )

)

--------------------------------------------------------------------------------
[2026-06-01 13:25:30] Mise à jour réussie ID: 2721
--------------------------------------------------------------------------------
[2026-06-01 13:25:30] Traitement ID: 2731
--------------------------------------------------------------------------------
[2026-06-01 13:25:30] SQL
Array
(
    [sql] => UPDATE materiel SET marque = :marque, modele = :modele, type_materiel = :type_materiel, numero_serie = :numero_serie, commentaire = :commentaire WHERE id = :id
    [params] => Array
        (
            [0] => :marque
            [1] => :modele
            [2] => :type_materiel
            [3] => :numero_serie
            [4] => :commentaire
            [5] => :id
        )

)

--------------------------------------------------------------------------------
[2026-06-01 13:25:30] Mise à jour réussie ID: 2731
--------------------------------------------------------------------------------
[2026-06-01 13:25:30] Traitement ID: 2727
--------------------------------------------------------------------------------
[2026-06-01 13:25:30] SQL
Array
(
    [sql] => UPDATE materiel SET marque = :marque, modele = :modele, type_materiel = :type_materiel, numero_serie = :numero_serie, commentaire = :commentaire WHERE id = :id
    [params] => Array
        (
            [0] => :marque
            [1] => :modele
            [2] => :type_materiel
            [3] => :numero_serie
            [4] => :commentaire
            [5] => :id
        )

)

--------------------------------------------------------------------------------
[2026-06-01 13:25:30] Mise à jour réussie ID: 2727
--------------------------------------------------------------------------------
[2026-06-01 13:25:30] Traitement ID: 2723
--------------------------------------------------------------------------------
[2026-06-01 13:25:30] SQL
Array
(
    [sql] => UPDATE materiel SET marque = :marque, modele = :modele, type_materiel = :type_materiel, numero_serie = :numero_serie, commentaire = :commentaire WHERE id = :id
    [params] => Array
        (
            [0] => :marque
            [1] => :modele
            [2] => :type_materiel
            [3] => :numero_serie
            [4] => :commentaire
            [5] => :id
        )

)

--------------------------------------------------------------------------------
[2026-06-01 13:25:30] Mise à jour réussie ID: 2723
--------------------------------------------------------------------------------
[2026-06-01 13:25:30] Traitement ID: 2724
--------------------------------------------------------------------------------
[2026-06-01 13:25:30] SQL
Array
(
    [sql] => UPDATE materiel SET marque = :marque, modele = :modele, type_materiel = :type_materiel, numero_serie = :numero_serie, commentaire = :commentaire WHERE id = :id
    [params] => Array
        (
            [0] => :marque
            [1] => :modele
            [2] => :type_materiel
            [3] => :numero_serie
            [4] => :commentaire
            [5] => :id
        )

)

--------------------------------------------------------------------------------
[2026-06-01 13:25:30] Mise à jour réussie ID: 2724
--------------------------------------------------------------------------------
[2026-06-01 13:25:30] Traitement ID: 2730
--------------------------------------------------------------------------------
[2026-06-01 13:25:30] SQL
Array
(
    [sql] => UPDATE materiel SET marque = :marque, modele = :modele, type_materiel = :type_materiel, numero_serie = :numero_serie, commentaire = :commentaire WHERE id = :id
    [params] => Array
        (
            [0] => :marque
            [1] => :modele
            [2] => :type_materiel
            [3] => :numero_serie
            [4] => :commentaire
            [5] => :id
        )

)

--------------------------------------------------------------------------------
[2026-06-01 13:25:30] Mise à jour réussie ID: 2730
--------------------------------------------------------------------------------
[2026-06-01 13:25:30] Traitement ID: 2734
--------------------------------------------------------------------------------
[2026-06-01 13:25:30] SQL
Array
(
    [sql] => UPDATE materiel SET marque = :marque, modele = :modele, type_materiel = :type_materiel, numero_serie = :numero_serie, commentaire = :commentaire WHERE id = :id
    [params] => Array
        (
            [0] => :marque
            [1] => :modele
            [2] => :type_materiel
            [3] => :numero_serie
            [4] => :commentaire
            [5] => :id
        )

)

--------------------------------------------------------------------------------
[2026-06-01 13:25:30] Mise à jour réussie ID: 2734
--------------------------------------------------------------------------------
[2026-06-01 13:25:30] Réponse
Array
(
    [status] => success
    [message] => 22 ligne(s) mise(s) à jour
    [updated] => 22
    [total_rows] => 22
    [errors] => Array
        (
        )

)

--------------------------------------------------------------------------------
[2026-06-01 13:25:30] === FIN ===
--------------------------------------------------------------------------------
[2026-06-01 13:32:31] === DÉBUT ===
--------------------------------------------------------------------------------
[2026-06-01 13:32:31] Input reçu
Array
(
    [raw_length] => 4686
    [has_data] => 1
)

--------------------------------------------------------------------------------
[2026-06-01 13:32:31] Connexion BDD OK
--------------------------------------------------------------------------------
[2026-06-01 13:32:31] Traitement ID: 2736
--------------------------------------------------------------------------------
[2026-06-01 13:32:31] SQL
Array
(
    [sql] => UPDATE materiel SET marque = :marque, modele = :modele, type_materiel = :type_materiel, numero_serie = :numero_serie, version_firmware = :version_firmware, adresse_ip = :adresse_ip, adresse_mac = :adresse_mac, commentaire = :commentaire WHERE id = :id
    [params] => Array
        (
            [0] => :marque
            [1] => :modele
            [2] => :type_materiel
            [3] => :numero_serie
            [4] => :version_firmware
            [5] => :adresse_ip
            [6] => :adresse_mac
            [7] => :commentaire
            [8] => :id
        )

)

--------------------------------------------------------------------------------
[2026-06-01 13:32:31] Mise à jour réussie ID: 2736
--------------------------------------------------------------------------------
[2026-06-01 13:32:31] Traitement ID: 2745
--------------------------------------------------------------------------------
[2026-06-01 13:32:31] SQL
Array
(
    [sql] => UPDATE materiel SET marque = :marque, modele = :modele, type_materiel = :type_materiel, numero_serie = :numero_serie, version_firmware = :version_firmware, adresse_ip = :adresse_ip, adresse_mac = :adresse_mac WHERE id = :id
    [params] => Array
        (
            [0] => :marque
            [1] => :modele
            [2] => :type_materiel
            [3] => :numero_serie
            [4] => :version_firmware
            [5] => :adresse_ip
            [6] => :adresse_mac
            [7] => :id
        )

)

--------------------------------------------------------------------------------
[2026-06-01 13:32:31] Mise à jour réussie ID: 2745
--------------------------------------------------------------------------------
[2026-06-01 13:32:31] Traitement ID: 2746
--------------------------------------------------------------------------------
[2026-06-01 13:32:31] SQL
Array
(
    [sql] => UPDATE materiel SET marque = :marque, modele = :modele, type_materiel = :type_materiel, numero_serie = :numero_serie, version_firmware = :version_firmware, adresse_ip = :adresse_ip, adresse_mac = :adresse_mac WHERE id = :id
    [params] => Array
        (
            [0] => :marque
            [1] => :modele
            [2] => :type_materiel
            [3] => :numero_serie
            [4] => :version_firmware
            [5] => :adresse_ip
            [6] => :adresse_mac
            [7] => :id
        )

)

--------------------------------------------------------------------------------
[2026-06-01 13:32:31] Mise à jour réussie ID: 2746
--------------------------------------------------------------------------------
[2026-06-01 13:32:31] Traitement ID: 2747
--------------------------------------------------------------------------------
[2026-06-01 13:32:31] SQL
Array
(
    [sql] => UPDATE materiel SET marque = :marque, modele = :modele, type_materiel = :type_materiel, numero_serie = :numero_serie, version_firmware = :version_firmware, adresse_ip = :adresse_ip, adresse_mac = :adresse_mac WHERE id = :id
    [params] => Array
        (
            [0] => :marque
            [1] => :modele
            [2] => :type_materiel
            [3] => :numero_serie
            [4] => :version_firmware
            [5] => :adresse_ip
            [6] => :adresse_mac
            [7] => :id
        )

)

--------------------------------------------------------------------------------
[2026-06-01 13:32:31] Mise à jour réussie ID: 2747
--------------------------------------------------------------------------------
[2026-06-01 13:32:31] Traitement ID: 2743
--------------------------------------------------------------------------------
[2026-06-01 13:32:31] SQL
Array
(
    [sql] => UPDATE materiel SET marque = :marque, modele = :modele, type_materiel = :type_materiel, numero_serie = :numero_serie, version_firmware = :version_firmware, adresse_ip = :adresse_ip, adresse_mac = :adresse_mac WHERE id = :id
    [params] => Array
        (
            [0] => :marque
            [1] => :modele
            [2] => :type_materiel
            [3] => :numero_serie
            [4] => :version_firmware
            [5] => :adresse_ip
            [6] => :adresse_mac
            [7] => :id
        )

)

--------------------------------------------------------------------------------
[2026-06-01 13:32:31] Mise à jour réussie ID: 2743
--------------------------------------------------------------------------------
[2026-06-01 13:32:31] Traitement ID: 2742
--------------------------------------------------------------------------------
[2026-06-01 13:32:31] SQL
Array
(
    [sql] => UPDATE materiel SET marque = :marque, modele = :modele, type_materiel = :type_materiel, numero_serie = :numero_serie, version_firmware = :version_firmware, adresse_ip = :adresse_ip, adresse_mac = :adresse_mac WHERE id = :id
    [params] => Array
        (
            [0] => :marque
            [1] => :modele
            [2] => :type_materiel
            [3] => :numero_serie
            [4] => :version_firmware
            [5] => :adresse_ip
            [6] => :adresse_mac
            [7] => :id
        )

)

--------------------------------------------------------------------------------
[2026-06-01 13:32:31] Mise à jour réussie ID: 2742
--------------------------------------------------------------------------------
[2026-06-01 13:32:31] Traitement ID: 2744
--------------------------------------------------------------------------------
[2026-06-01 13:32:31] SQL
Array
(
    [sql] => UPDATE materiel SET marque = :marque, modele = :modele, type_materiel = :type_materiel, numero_serie = :numero_serie, version_firmware = :version_firmware, adresse_ip = :adresse_ip, adresse_mac = :adresse_mac WHERE id = :id
    [params] => Array
        (
            [0] => :marque
            [1] => :modele
            [2] => :type_materiel
            [3] => :numero_serie
            [4] => :version_firmware
            [5] => :adresse_ip
            [6] => :adresse_mac
            [7] => :id
        )

)

--------------------------------------------------------------------------------
[2026-06-01 13:32:31] Mise à jour réussie ID: 2744
--------------------------------------------------------------------------------
[2026-06-01 13:32:31] Réponse
Array
(
    [status] => success
    [message] => 7 ligne(s) mise(s) à jour
    [updated] => 7
    [total_rows] => 7
    [errors] => Array
        (
        )

)

--------------------------------------------------------------------------------
[2026-06-01 13:32:31] === FIN ===
--------------------------------------------------------------------------------
[2026-06-01 13:32:31] === DÉBUT ===
--------------------------------------------------------------------------------
[2026-06-01 13:32:31] Input reçu
Array
(
    [raw_length] => 14637
    [has_data] => 1
)

--------------------------------------------------------------------------------
[2026-06-01 13:32:31] Connexion BDD OK
--------------------------------------------------------------------------------
[2026-06-01 13:32:31] Traitement ID: 2733
--------------------------------------------------------------------------------
[2026-06-01 13:32:31] SQL
Array
(
    [sql] => UPDATE materiel SET marque = :marque, modele = :modele, type_materiel = :type_materiel, numero_serie = :numero_serie, commentaire = :commentaire WHERE id = :id
    [params] => Array
        (
            [0] => :marque
            [1] => :modele
            [2] => :type_materiel
            [3] => :numero_serie
            [4] => :commentaire
            [5] => :id
        )

)

--------------------------------------------------------------------------------
[2026-06-01 13:32:31] Mise à jour réussie ID: 2733
--------------------------------------------------------------------------------
[2026-06-01 13:32:31] Traitement ID: 2722
--------------------------------------------------------------------------------
[2026-06-01 13:32:31] SQL
Array
(
    [sql] => UPDATE materiel SET marque = :marque, modele = :modele, type_materiel = :type_materiel, numero_serie = :numero_serie, commentaire = :commentaire WHERE id = :id
    [params] => Array
        (
            [0] => :marque
            [1] => :modele
            [2] => :type_materiel
            [3] => :numero_serie
            [4] => :commentaire
            [5] => :id
        )

)

--------------------------------------------------------------------------------
[2026-06-01 13:32:31] Mise à jour réussie ID: 2722
--------------------------------------------------------------------------------
[2026-06-01 13:32:31] Traitement ID: 2725
--------------------------------------------------------------------------------
[2026-06-01 13:32:31] SQL
Array
(
    [sql] => UPDATE materiel SET marque = :marque, modele = :modele, type_materiel = :type_materiel, numero_serie = :numero_serie, commentaire = :commentaire WHERE id = :id
    [params] => Array
        (
            [0] => :marque
            [1] => :modele
            [2] => :type_materiel
            [3] => :numero_serie
            [4] => :commentaire
            [5] => :id
        )

)

--------------------------------------------------------------------------------
[2026-06-01 13:32:31] Mise à jour réussie ID: 2725
--------------------------------------------------------------------------------
[2026-06-01 13:32:31] Traitement ID: 2729
--------------------------------------------------------------------------------
[2026-06-01 13:32:31] SQL
Array
(
    [sql] => UPDATE materiel SET marque = :marque, modele = :modele, type_materiel = :type_materiel, numero_serie = :numero_serie, commentaire = :commentaire WHERE id = :id
    [params] => Array
        (
            [0] => :marque
            [1] => :modele
            [2] => :type_materiel
            [3] => :numero_serie
            [4] => :commentaire
            [5] => :id
        )

)

--------------------------------------------------------------------------------
[2026-06-01 13:32:31] Mise à jour réussie ID: 2729
--------------------------------------------------------------------------------
[2026-06-01 13:32:31] Traitement ID: 2726
--------------------------------------------------------------------------------
[2026-06-01 13:32:31] SQL
Array
(
    [sql] => UPDATE materiel SET marque = :marque, modele = :modele, type_materiel = :type_materiel, numero_serie = :numero_serie, commentaire = :commentaire WHERE id = :id
    [params] => Array
        (
            [0] => :marque
            [1] => :modele
            [2] => :type_materiel
            [3] => :numero_serie
            [4] => :commentaire
            [5] => :id
        )

)

--------------------------------------------------------------------------------
[2026-06-01 13:32:31] Mise à jour réussie ID: 2726
--------------------------------------------------------------------------------
[2026-06-01 13:32:31] Traitement ID: 2728
--------------------------------------------------------------------------------
[2026-06-01 13:32:31] SQL
Array
(
    [sql] => UPDATE materiel SET marque = :marque, modele = :modele, type_materiel = :type_materiel, numero_serie = :numero_serie, commentaire = :commentaire WHERE id = :id
    [params] => Array
        (
            [0] => :marque
            [1] => :modele
            [2] => :type_materiel
            [3] => :numero_serie
            [4] => :commentaire
            [5] => :id
        )

)

--------------------------------------------------------------------------------
[2026-06-01 13:32:31] Mise à jour réussie ID: 2728
--------------------------------------------------------------------------------
[2026-06-01 13:32:31] Traitement ID: 2732
--------------------------------------------------------------------------------
[2026-06-01 13:32:31] SQL
Array
(
    [sql] => UPDATE materiel SET marque = :marque, modele = :modele, type_materiel = :type_materiel, numero_serie = :numero_serie, commentaire = :commentaire WHERE id = :id
    [params] => Array
        (
            [0] => :marque
            [1] => :modele
            [2] => :type_materiel
            [3] => :numero_serie
            [4] => :commentaire
            [5] => :id
        )

)

--------------------------------------------------------------------------------
[2026-06-01 13:32:31] Mise à jour réussie ID: 2732
--------------------------------------------------------------------------------
[2026-06-01 13:32:31] Traitement ID: 2735
--------------------------------------------------------------------------------
[2026-06-01 13:32:31] SQL
Array
(
    [sql] => UPDATE materiel SET marque = :marque, modele = :modele, type_materiel = :type_materiel, numero_serie = :numero_serie, commentaire = :commentaire WHERE id = :id
    [params] => Array
        (
            [0] => :marque
            [1] => :modele
            [2] => :type_materiel
            [3] => :numero_serie
            [4] => :commentaire
            [5] => :id
        )

)

--------------------------------------------------------------------------------
[2026-06-01 13:32:31] Mise à jour réussie ID: 2735
--------------------------------------------------------------------------------
[2026-06-01 13:32:31] Traitement ID: 2714
--------------------------------------------------------------------------------
[2026-06-01 13:32:31] SQL
Array
(
    [sql] => UPDATE materiel SET marque = :marque, modele = :modele WHERE id = :id
    [params] => Array
        (
            [0] => :marque
            [1] => :modele
            [2] => :id
        )

)

--------------------------------------------------------------------------------
[2026-06-01 13:32:31] Mise à jour réussie ID: 2714
--------------------------------------------------------------------------------
[2026-06-01 13:32:31] Traitement ID: 2717
--------------------------------------------------------------------------------
[2026-06-01 13:32:31] SQL
Array
(
    [sql] => UPDATE materiel SET marque = :marque, modele = :modele, type_materiel = :type_materiel, numero_serie = :numero_serie, commentaire = :commentaire WHERE id = :id
    [params] => Array
        (
            [0] => :marque
            [1] => :modele
            [2] => :type_materiel
            [3] => :numero_serie
            [4] => :commentaire
            [5] => :id
        )

)

--------------------------------------------------------------------------------
[2026-06-01 13:32:31] Mise à jour réussie ID: 2717
--------------------------------------------------------------------------------
[2026-06-01 13:32:31] Traitement ID: 2715
--------------------------------------------------------------------------------
[2026-06-01 13:32:31] SQL
Array
(
    [sql] => UPDATE materiel SET marque = :marque, modele = :modele WHERE id = :id
    [params] => Array
        (
            [0] => :marque
            [1] => :modele
            [2] => :id
        )

)

--------------------------------------------------------------------------------
[2026-06-01 13:32:31] Mise à jour réussie ID: 2715
--------------------------------------------------------------------------------
[2026-06-01 13:32:31] Traitement ID: 2718
--------------------------------------------------------------------------------
[2026-06-01 13:32:31] SQL
Array
(
    [sql] => UPDATE materiel SET marque = :marque, modele = :modele, type_materiel = :type_materiel, numero_serie = :numero_serie, commentaire = :commentaire WHERE id = :id
    [params] => Array
        (
            [0] => :marque
            [1] => :modele
            [2] => :type_materiel
            [3] => :numero_serie
            [4] => :commentaire
            [5] => :id
        )

)

--------------------------------------------------------------------------------
[2026-06-01 13:32:31] Mise à jour réussie ID: 2718
--------------------------------------------------------------------------------
[2026-06-01 13:32:31] Traitement ID: 2716
--------------------------------------------------------------------------------
[2026-06-01 13:32:31] SQL
Array
(
    [sql] => UPDATE materiel SET marque = :marque, modele = :modele WHERE id = :id
    [params] => Array
        (
            [0] => :marque
            [1] => :modele
            [2] => :id
        )

)

--------------------------------------------------------------------------------
[2026-06-01 13:32:31] Mise à jour réussie ID: 2716
--------------------------------------------------------------------------------
[2026-06-01 13:32:31] Traitement ID: 2719
--------------------------------------------------------------------------------
[2026-06-01 13:32:31] SQL
Array
(
    [sql] => UPDATE materiel SET marque = :marque, modele = :modele, type_materiel = :type_materiel, numero_serie = :numero_serie, commentaire = :commentaire WHERE id = :id
    [params] => Array
        (
            [0] => :marque
            [1] => :modele
            [2] => :type_materiel
            [3] => :numero_serie
            [4] => :commentaire
            [5] => :id
        )

)

--------------------------------------------------------------------------------
[2026-06-01 13:32:31] Mise à jour réussie ID: 2719
--------------------------------------------------------------------------------
[2026-06-01 13:32:31] Traitement ID: 2720
--------------------------------------------------------------------------------
[2026-06-01 13:32:31] SQL
Array
(
    [sql] => UPDATE materiel SET marque = :marque, modele = :modele, type_materiel = :type_materiel, numero_serie = :numero_serie, commentaire = :commentaire WHERE id = :id
    [params] => Array
        (
            [0] => :marque
            [1] => :modele
            [2] => :type_materiel
            [3] => :numero_serie
            [4] => :commentaire
            [5] => :id
        )

)

--------------------------------------------------------------------------------
[2026-06-01 13:32:31] Mise à jour réussie ID: 2720
--------------------------------------------------------------------------------
[2026-06-01 13:32:31] Traitement ID: 2721
--------------------------------------------------------------------------------
[2026-06-01 13:32:31] SQL
Array
(
    [sql] => UPDATE materiel SET marque = :marque, modele = :modele, type_materiel = :type_materiel, numero_serie = :numero_serie, commentaire = :commentaire WHERE id = :id
    [params] => Array
        (
            [0] => :marque
            [1] => :modele
            [2] => :type_materiel
            [3] => :numero_serie
            [4] => :commentaire
            [5] => :id
        )

)

--------------------------------------------------------------------------------
[2026-06-01 13:32:31] Mise à jour réussie ID: 2721
--------------------------------------------------------------------------------
[2026-06-01 13:32:31] Traitement ID: 2731
--------------------------------------------------------------------------------
[2026-06-01 13:32:31] SQL
Array
(
    [sql] => UPDATE materiel SET marque = :marque, modele = :modele, type_materiel = :type_materiel, numero_serie = :numero_serie, commentaire = :commentaire WHERE id = :id
    [params] => Array
        (
            [0] => :marque
            [1] => :modele
            [2] => :type_materiel
            [3] => :numero_serie
            [4] => :commentaire
            [5] => :id
        )

)

--------------------------------------------------------------------------------
[2026-06-01 13:32:31] Mise à jour réussie ID: 2731
--------------------------------------------------------------------------------
[2026-06-01 13:32:31] Traitement ID: 2727
--------------------------------------------------------------------------------
[2026-06-01 13:32:31] SQL
Array
(
    [sql] => UPDATE materiel SET marque = :marque, modele = :modele, type_materiel = :type_materiel, numero_serie = :numero_serie, commentaire = :commentaire WHERE id = :id
    [params] => Array
        (
            [0] => :marque
            [1] => :modele
            [2] => :type_materiel
            [3] => :numero_serie
            [4] => :commentaire
            [5] => :id
        )

)

--------------------------------------------------------------------------------
[2026-06-01 13:32:31] Mise à jour réussie ID: 2727
--------------------------------------------------------------------------------
[2026-06-01 13:32:31] Traitement ID: 2723
--------------------------------------------------------------------------------
[2026-06-01 13:32:31] SQL
Array
(
    [sql] => UPDATE materiel SET marque = :marque, modele = :modele, type_materiel = :type_materiel, numero_serie = :numero_serie, commentaire = :commentaire WHERE id = :id
    [params] => Array
        (
            [0] => :marque
            [1] => :modele
            [2] => :type_materiel
            [3] => :numero_serie
            [4] => :commentaire
            [5] => :id
        )

)

--------------------------------------------------------------------------------
[2026-06-01 13:32:31] Mise à jour réussie ID: 2723
--------------------------------------------------------------------------------
[2026-06-01 13:32:31] Traitement ID: 2724
--------------------------------------------------------------------------------
[2026-06-01 13:32:31] SQL
Array
(
    [sql] => UPDATE materiel SET marque = :marque, modele = :modele, type_materiel = :type_materiel, numero_serie = :numero_serie, commentaire = :commentaire WHERE id = :id
    [params] => Array
        (
            [0] => :marque
            [1] => :modele
            [2] => :type_materiel
            [3] => :numero_serie
            [4] => :commentaire
            [5] => :id
        )

)

--------------------------------------------------------------------------------
[2026-06-01 13:32:31] Mise à jour réussie ID: 2724
--------------------------------------------------------------------------------
[2026-06-01 13:32:31] Traitement ID: 2730
--------------------------------------------------------------------------------
[2026-06-01 13:32:31] SQL
Array
(
    [sql] => UPDATE materiel SET marque = :marque, modele = :modele, type_materiel = :type_materiel, numero_serie = :numero_serie, commentaire = :commentaire WHERE id = :id
    [params] => Array
        (
            [0] => :marque
            [1] => :modele
            [2] => :type_materiel
            [3] => :numero_serie
            [4] => :commentaire
            [5] => :id
        )

)

--------------------------------------------------------------------------------
[2026-06-01 13:32:31] Mise à jour réussie ID: 2730
--------------------------------------------------------------------------------
[2026-06-01 13:32:31] Traitement ID: 2734
--------------------------------------------------------------------------------
[2026-06-01 13:32:31] SQL
Array
(
    [sql] => UPDATE materiel SET marque = :marque, modele = :modele, type_materiel = :type_materiel, numero_serie = :numero_serie, commentaire = :commentaire WHERE id = :id
    [params] => Array
        (
            [0] => :marque
            [1] => :modele
            [2] => :type_materiel
            [3] => :numero_serie
            [4] => :commentaire
            [5] => :id
        )

)

--------------------------------------------------------------------------------
[2026-06-01 13:32:31] Mise à jour réussie ID: 2734
--------------------------------------------------------------------------------
[2026-06-01 13:32:31] Réponse
Array
(
    [status] => success
    [message] => 22 ligne(s) mise(s) à jour
    [updated] => 22
    [total_rows] => 22
    [errors] => Array
        (
        )

)

--------------------------------------------------------------------------------
[2026-06-01 13:32:31] === FIN ===
--------------------------------------------------------------------------------
[2026-06-01 13:45:22] === DÉBUT ===
--------------------------------------------------------------------------------
[2026-06-01 13:45:22] Input reçu
Array
(
    [raw_length] => 5346
    [has_data] => 1
)

--------------------------------------------------------------------------------
[2026-06-01 13:45:22] Connexion BDD OK
--------------------------------------------------------------------------------
[2026-06-01 13:45:22] Traitement ID: 2736
--------------------------------------------------------------------------------
[2026-06-01 13:45:22] SQL
Array
(
    [sql] => UPDATE materiel SET marque = :marque, modele = :modele, type_materiel = :type_materiel, numero_serie = :numero_serie, version_firmware = :version_firmware, adresse_ip = :adresse_ip, adresse_mac = :adresse_mac, commentaire = :commentaire WHERE id = :id
    [params] => Array
        (
            [0] => :marque
            [1] => :modele
            [2] => :type_materiel
            [3] => :numero_serie
            [4] => :version_firmware
            [5] => :adresse_ip
            [6] => :adresse_mac
            [7] => :commentaire
            [8] => :id
        )

)

--------------------------------------------------------------------------------
[2026-06-01 13:45:22] Mise à jour réussie ID: 2736
--------------------------------------------------------------------------------
[2026-06-01 13:45:22] Traitement ID: 2745
--------------------------------------------------------------------------------
[2026-06-01 13:45:22] SQL
Array
(
    [sql] => UPDATE materiel SET marque = :marque, modele = :modele, type_materiel = :type_materiel, numero_serie = :numero_serie, version_firmware = :version_firmware, adresse_ip = :adresse_ip, adresse_mac = :adresse_mac WHERE id = :id
    [params] => Array
        (
            [0] => :marque
            [1] => :modele
            [2] => :type_materiel
            [3] => :numero_serie
            [4] => :version_firmware
            [5] => :adresse_ip
            [6] => :adresse_mac
            [7] => :id
        )

)

--------------------------------------------------------------------------------
[2026-06-01 13:45:22] Mise à jour réussie ID: 2745
--------------------------------------------------------------------------------
[2026-06-01 13:45:22] Traitement ID: 2746
--------------------------------------------------------------------------------
[2026-06-01 13:45:22] SQL
Array
(
    [sql] => UPDATE materiel SET marque = :marque, modele = :modele, type_materiel = :type_materiel, numero_serie = :numero_serie, version_firmware = :version_firmware, adresse_ip = :adresse_ip, adresse_mac = :adresse_mac WHERE id = :id
    [params] => Array
        (
            [0] => :marque
            [1] => :modele
            [2] => :type_materiel
            [3] => :numero_serie
            [4] => :version_firmware
            [5] => :adresse_ip
            [6] => :adresse_mac
            [7] => :id
        )

)

--------------------------------------------------------------------------------
[2026-06-01 13:45:22] Mise à jour réussie ID: 2746
--------------------------------------------------------------------------------
[2026-06-01 13:45:22] Traitement ID: 2748
--------------------------------------------------------------------------------
[2026-06-01 13:45:22] SQL
Array
(
    [sql] => UPDATE materiel SET marque = :marque, modele = :modele, type_materiel = :type_materiel, numero_serie = :numero_serie, version_firmware = :version_firmware, adresse_ip = :adresse_ip, adresse_mac = :adresse_mac WHERE id = :id
    [params] => Array
        (
            [0] => :marque
            [1] => :modele
            [2] => :type_materiel
            [3] => :numero_serie
            [4] => :version_firmware
            [5] => :adresse_ip
            [6] => :adresse_mac
            [7] => :id
        )

)

--------------------------------------------------------------------------------
[2026-06-01 13:45:22] Mise à jour réussie ID: 2748
--------------------------------------------------------------------------------
[2026-06-01 13:45:22] Traitement ID: 2747
--------------------------------------------------------------------------------
[2026-06-01 13:45:22] SQL
Array
(
    [sql] => UPDATE materiel SET marque = :marque, modele = :modele, type_materiel = :type_materiel, numero_serie = :numero_serie, version_firmware = :version_firmware, adresse_ip = :adresse_ip, adresse_mac = :adresse_mac WHERE id = :id
    [params] => Array
        (
            [0] => :marque
            [1] => :modele
            [2] => :type_materiel
            [3] => :numero_serie
            [4] => :version_firmware
            [5] => :adresse_ip
            [6] => :adresse_mac
            [7] => :id
        )

)

--------------------------------------------------------------------------------
[2026-06-01 13:45:22] Mise à jour réussie ID: 2747
--------------------------------------------------------------------------------
[2026-06-01 13:45:22] Traitement ID: 2743
--------------------------------------------------------------------------------
[2026-06-01 13:45:22] SQL
Array
(
    [sql] => UPDATE materiel SET marque = :marque, modele = :modele, type_materiel = :type_materiel, numero_serie = :numero_serie, version_firmware = :version_firmware, adresse_ip = :adresse_ip, adresse_mac = :adresse_mac WHERE id = :id
    [params] => Array
        (
            [0] => :marque
            [1] => :modele
            [2] => :type_materiel
            [3] => :numero_serie
            [4] => :version_firmware
            [5] => :adresse_ip
            [6] => :adresse_mac
            [7] => :id
        )

)

--------------------------------------------------------------------------------
[2026-06-01 13:45:22] Mise à jour réussie ID: 2743
--------------------------------------------------------------------------------
[2026-06-01 13:45:22] Traitement ID: 2742
--------------------------------------------------------------------------------
[2026-06-01 13:45:22] SQL
Array
(
    [sql] => UPDATE materiel SET marque = :marque, modele = :modele, type_materiel = :type_materiel, numero_serie = :numero_serie, version_firmware = :version_firmware, adresse_ip = :adresse_ip, adresse_mac = :adresse_mac WHERE id = :id
    [params] => Array
        (
            [0] => :marque
            [1] => :modele
            [2] => :type_materiel
            [3] => :numero_serie
            [4] => :version_firmware
            [5] => :adresse_ip
            [6] => :adresse_mac
            [7] => :id
        )

)

--------------------------------------------------------------------------------
[2026-06-01 13:45:22] Mise à jour réussie ID: 2742
--------------------------------------------------------------------------------
[2026-06-01 13:45:22] Traitement ID: 2744
--------------------------------------------------------------------------------
[2026-06-01 13:45:22] SQL
Array
(
    [sql] => UPDATE materiel SET marque = :marque, modele = :modele, type_materiel = :type_materiel, numero_serie = :numero_serie, version_firmware = :version_firmware, adresse_ip = :adresse_ip, adresse_mac = :adresse_mac WHERE id = :id
    [params] => Array
        (
            [0] => :marque
            [1] => :modele
            [2] => :type_materiel
            [3] => :numero_serie
            [4] => :version_firmware
            [5] => :adresse_ip
            [6] => :adresse_mac
            [7] => :id
        )

)

--------------------------------------------------------------------------------
[2026-06-01 13:45:22] Mise à jour réussie ID: 2744
--------------------------------------------------------------------------------
[2026-06-01 13:45:22] Réponse
Array
(
    [status] => success
    [message] => 8 ligne(s) mise(s) à jour
    [updated] => 8
    [total_rows] => 8
    [errors] => Array
        (
        )

)

--------------------------------------------------------------------------------
[2026-06-01 13:45:22] === FIN ===
--------------------------------------------------------------------------------
[2026-06-01 13:45:22] === DÉBUT ===
--------------------------------------------------------------------------------
[2026-06-01 13:45:22] Input reçu
Array
(
    [raw_length] => 14637
    [has_data] => 1
)

--------------------------------------------------------------------------------
[2026-06-01 13:45:22] Connexion BDD OK
--------------------------------------------------------------------------------
[2026-06-01 13:45:22] Traitement ID: 2733
--------------------------------------------------------------------------------
[2026-06-01 13:45:22] SQL
Array
(
    [sql] => UPDATE materiel SET marque = :marque, modele = :modele, type_materiel = :type_materiel, numero_serie = :numero_serie, commentaire = :commentaire WHERE id = :id
    [params] => Array
        (
            [0] => :marque
            [1] => :modele
            [2] => :type_materiel
            [3] => :numero_serie
            [4] => :commentaire
            [5] => :id
        )

)

--------------------------------------------------------------------------------
[2026-06-01 13:45:22] Mise à jour réussie ID: 2733
--------------------------------------------------------------------------------
[2026-06-01 13:45:22] Traitement ID: 2722
--------------------------------------------------------------------------------
[2026-06-01 13:45:22] SQL
Array
(
    [sql] => UPDATE materiel SET marque = :marque, modele = :modele, type_materiel = :type_materiel, numero_serie = :numero_serie, commentaire = :commentaire WHERE id = :id
    [params] => Array
        (
            [0] => :marque
            [1] => :modele
            [2] => :type_materiel
            [3] => :numero_serie
            [4] => :commentaire
            [5] => :id
        )

)

--------------------------------------------------------------------------------
[2026-06-01 13:45:22] Mise à jour réussie ID: 2722
--------------------------------------------------------------------------------
[2026-06-01 13:45:22] Traitement ID: 2725
--------------------------------------------------------------------------------
[2026-06-01 13:45:22] SQL
Array
(
    [sql] => UPDATE materiel SET marque = :marque, modele = :modele, type_materiel = :type_materiel, numero_serie = :numero_serie, commentaire = :commentaire WHERE id = :id
    [params] => Array
        (
            [0] => :marque
            [1] => :modele
            [2] => :type_materiel
            [3] => :numero_serie
            [4] => :commentaire
            [5] => :id
        )

)

--------------------------------------------------------------------------------
[2026-06-01 13:45:22] Mise à jour réussie ID: 2725
--------------------------------------------------------------------------------
[2026-06-01 13:45:22] Traitement ID: 2729
--------------------------------------------------------------------------------
[2026-06-01 13:45:22] SQL
Array
(
    [sql] => UPDATE materiel SET marque = :marque, modele = :modele, type_materiel = :type_materiel, numero_serie = :numero_serie, commentaire = :commentaire WHERE id = :id
    [params] => Array
        (
            [0] => :marque
            [1] => :modele
            [2] => :type_materiel
            [3] => :numero_serie
            [4] => :commentaire
            [5] => :id
        )

)

--------------------------------------------------------------------------------
[2026-06-01 13:45:22] Mise à jour réussie ID: 2729
--------------------------------------------------------------------------------
[2026-06-01 13:45:22] Traitement ID: 2726
--------------------------------------------------------------------------------
[2026-06-01 13:45:22] SQL
Array
(
    [sql] => UPDATE materiel SET marque = :marque, modele = :modele, type_materiel = :type_materiel, numero_serie = :numero_serie, commentaire = :commentaire WHERE id = :id
    [params] => Array
        (
            [0] => :marque
            [1] => :modele
            [2] => :type_materiel
            [3] => :numero_serie
            [4] => :commentaire
            [5] => :id
        )

)

--------------------------------------------------------------------------------
[2026-06-01 13:45:22] Mise à jour réussie ID: 2726
--------------------------------------------------------------------------------
[2026-06-01 13:45:22] Traitement ID: 2728
--------------------------------------------------------------------------------
[2026-06-01 13:45:22] SQL
Array
(
    [sql] => UPDATE materiel SET marque = :marque, modele = :modele, type_materiel = :type_materiel, numero_serie = :numero_serie, commentaire = :commentaire WHERE id = :id
    [params] => Array
        (
            [0] => :marque
            [1] => :modele
            [2] => :type_materiel
            [3] => :numero_serie
            [4] => :commentaire
            [5] => :id
        )

)

--------------------------------------------------------------------------------
[2026-06-01 13:45:22] Mise à jour réussie ID: 2728
--------------------------------------------------------------------------------
[2026-06-01 13:45:22] Traitement ID: 2732
--------------------------------------------------------------------------------
[2026-06-01 13:45:22] SQL
Array
(
    [sql] => UPDATE materiel SET marque = :marque, modele = :modele, type_materiel = :type_materiel, numero_serie = :numero_serie, commentaire = :commentaire WHERE id = :id
    [params] => Array
        (
            [0] => :marque
            [1] => :modele
            [2] => :type_materiel
            [3] => :numero_serie
            [4] => :commentaire
            [5] => :id
        )

)

--------------------------------------------------------------------------------
[2026-06-01 13:45:22] Mise à jour réussie ID: 2732
--------------------------------------------------------------------------------
[2026-06-01 13:45:22] Traitement ID: 2735
--------------------------------------------------------------------------------
[2026-06-01 13:45:22] SQL
Array
(
    [sql] => UPDATE materiel SET marque = :marque, modele = :modele, type_materiel = :type_materiel, numero_serie = :numero_serie, commentaire = :commentaire WHERE id = :id
    [params] => Array
        (
            [0] => :marque
            [1] => :modele
            [2] => :type_materiel
            [3] => :numero_serie
            [4] => :commentaire
            [5] => :id
        )

)

--------------------------------------------------------------------------------
[2026-06-01 13:45:22] Mise à jour réussie ID: 2735
--------------------------------------------------------------------------------
[2026-06-01 13:45:22] Traitement ID: 2714
--------------------------------------------------------------------------------
[2026-06-01 13:45:22] SQL
Array
(
    [sql] => UPDATE materiel SET marque = :marque, modele = :modele WHERE id = :id
    [params] => Array
        (
            [0] => :marque
            [1] => :modele
            [2] => :id
        )

)

--------------------------------------------------------------------------------
[2026-06-01 13:45:22] Mise à jour réussie ID: 2714
--------------------------------------------------------------------------------
[2026-06-01 13:45:22] Traitement ID: 2717
--------------------------------------------------------------------------------
[2026-06-01 13:45:22] SQL
Array
(
    [sql] => UPDATE materiel SET marque = :marque, modele = :modele, type_materiel = :type_materiel, numero_serie = :numero_serie, commentaire = :commentaire WHERE id = :id
    [params] => Array
        (
            [0] => :marque
            [1] => :modele
            [2] => :type_materiel
            [3] => :numero_serie
            [4] => :commentaire
            [5] => :id
        )

)

--------------------------------------------------------------------------------
[2026-06-01 13:45:22] Mise à jour réussie ID: 2717
--------------------------------------------------------------------------------
[2026-06-01 13:45:22] Traitement ID: 2715
--------------------------------------------------------------------------------
[2026-06-01 13:45:22] SQL
Array
(
    [sql] => UPDATE materiel SET marque = :marque, modele = :modele WHERE id = :id
    [params] => Array
        (
            [0] => :marque
            [1] => :modele
            [2] => :id
        )

)

--------------------------------------------------------------------------------
[2026-06-01 13:45:22] Mise à jour réussie ID: 2715
--------------------------------------------------------------------------------
[2026-06-01 13:45:22] Traitement ID: 2718
--------------------------------------------------------------------------------
[2026-06-01 13:45:22] SQL
Array
(
    [sql] => UPDATE materiel SET marque = :marque, modele = :modele, type_materiel = :type_materiel, numero_serie = :numero_serie, commentaire = :commentaire WHERE id = :id
    [params] => Array
        (
            [0] => :marque
            [1] => :modele
            [2] => :type_materiel
            [3] => :numero_serie
            [4] => :commentaire
            [5] => :id
        )

)

--------------------------------------------------------------------------------
[2026-06-01 13:45:22] Mise à jour réussie ID: 2718
--------------------------------------------------------------------------------
[2026-06-01 13:45:22] Traitement ID: 2716
--------------------------------------------------------------------------------
[2026-06-01 13:45:22] SQL
Array
(
    [sql] => UPDATE materiel SET marque = :marque, modele = :modele WHERE id = :id
    [params] => Array
        (
            [0] => :marque
            [1] => :modele
            [2] => :id
        )

)

--------------------------------------------------------------------------------
[2026-06-01 13:45:22] Mise à jour réussie ID: 2716
--------------------------------------------------------------------------------
[2026-06-01 13:45:22] Traitement ID: 2719
--------------------------------------------------------------------------------
[2026-06-01 13:45:22] SQL
Array
(
    [sql] => UPDATE materiel SET marque = :marque, modele = :modele, type_materiel = :type_materiel, numero_serie = :numero_serie, commentaire = :commentaire WHERE id = :id
    [params] => Array
        (
            [0] => :marque
            [1] => :modele
            [2] => :type_materiel
            [3] => :numero_serie
            [4] => :commentaire
            [5] => :id
        )

)

--------------------------------------------------------------------------------
[2026-06-01 13:45:22] Mise à jour réussie ID: 2719
--------------------------------------------------------------------------------
[2026-06-01 13:45:22] Traitement ID: 2720
--------------------------------------------------------------------------------
[2026-06-01 13:45:22] SQL
Array
(
    [sql] => UPDATE materiel SET marque = :marque, modele = :modele, type_materiel = :type_materiel, numero_serie = :numero_serie, commentaire = :commentaire WHERE id = :id
    [params] => Array
        (
            [0] => :marque
            [1] => :modele
            [2] => :type_materiel
            [3] => :numero_serie
            [4] => :commentaire
            [5] => :id
        )

)

--------------------------------------------------------------------------------
[2026-06-01 13:45:22] Mise à jour réussie ID: 2720
--------------------------------------------------------------------------------
[2026-06-01 13:45:22] Traitement ID: 2721
--------------------------------------------------------------------------------
[2026-06-01 13:45:22] SQL
Array
(
    [sql] => UPDATE materiel SET marque = :marque, modele = :modele, type_materiel = :type_materiel, numero_serie = :numero_serie, commentaire = :commentaire WHERE id = :id
    [params] => Array
        (
            [0] => :marque
            [1] => :modele
            [2] => :type_materiel
            [3] => :numero_serie
            [4] => :commentaire
            [5] => :id
        )

)

--------------------------------------------------------------------------------
[2026-06-01 13:45:22] Mise à jour réussie ID: 2721
--------------------------------------------------------------------------------
[2026-06-01 13:45:22] Traitement ID: 2731
--------------------------------------------------------------------------------
[2026-06-01 13:45:22] SQL
Array
(
    [sql] => UPDATE materiel SET marque = :marque, modele = :modele, type_materiel = :type_materiel, numero_serie = :numero_serie, commentaire = :commentaire WHERE id = :id
    [params] => Array
        (
            [0] => :marque
            [1] => :modele
            [2] => :type_materiel
            [3] => :numero_serie
            [4] => :commentaire
            [5] => :id
        )

)

--------------------------------------------------------------------------------
[2026-06-01 13:45:22] Mise à jour réussie ID: 2731
--------------------------------------------------------------------------------
[2026-06-01 13:45:22] Traitement ID: 2727
--------------------------------------------------------------------------------
[2026-06-01 13:45:22] SQL
Array
(
    [sql] => UPDATE materiel SET marque = :marque, modele = :modele, type_materiel = :type_materiel, numero_serie = :numero_serie, commentaire = :commentaire WHERE id = :id
    [params] => Array
        (
            [0] => :marque
            [1] => :modele
            [2] => :type_materiel
            [3] => :numero_serie
            [4] => :commentaire
            [5] => :id
        )

)

--------------------------------------------------------------------------------
[2026-06-01 13:45:22] Mise à jour réussie ID: 2727
--------------------------------------------------------------------------------
[2026-06-01 13:45:22] Traitement ID: 2723
--------------------------------------------------------------------------------
[2026-06-01 13:45:22] SQL
Array
(
    [sql] => UPDATE materiel SET marque = :marque, modele = :modele, type_materiel = :type_materiel, numero_serie = :numero_serie, commentaire = :commentaire WHERE id = :id
    [params] => Array
        (
            [0] => :marque
            [1] => :modele
            [2] => :type_materiel
            [3] => :numero_serie
            [4] => :commentaire
            [5] => :id
        )

)

--------------------------------------------------------------------------------
[2026-06-01 13:45:22] Mise à jour réussie ID: 2723
--------------------------------------------------------------------------------
[2026-06-01 13:45:22] Traitement ID: 2724
--------------------------------------------------------------------------------
[2026-06-01 13:45:22] SQL
Array
(
    [sql] => UPDATE materiel SET marque = :marque, modele = :modele, type_materiel = :type_materiel, numero_serie = :numero_serie, commentaire = :commentaire WHERE id = :id
    [params] => Array
        (
            [0] => :marque
            [1] => :modele
            [2] => :type_materiel
            [3] => :numero_serie
            [4] => :commentaire
            [5] => :id
        )

)

--------------------------------------------------------------------------------
[2026-06-01 13:45:22] Mise à jour réussie ID: 2724
--------------------------------------------------------------------------------
[2026-06-01 13:45:22] Traitement ID: 2730
--------------------------------------------------------------------------------
[2026-06-01 13:45:22] SQL
Array
(
    [sql] => UPDATE materiel SET marque = :marque, modele = :modele, type_materiel = :type_materiel, numero_serie = :numero_serie, commentaire = :commentaire WHERE id = :id
    [params] => Array
        (
            [0] => :marque
            [1] => :modele
            [2] => :type_materiel
            [3] => :numero_serie
            [4] => :commentaire
            [5] => :id
        )

)

--------------------------------------------------------------------------------
[2026-06-01 13:45:22] Mise à jour réussie ID: 2730
--------------------------------------------------------------------------------
[2026-06-01 13:45:22] Traitement ID: 2734
--------------------------------------------------------------------------------
[2026-06-01 13:45:22] SQL
Array
(
    [sql] => UPDATE materiel SET marque = :marque, modele = :modele, type_materiel = :type_materiel, numero_serie = :numero_serie, commentaire = :commentaire WHERE id = :id
    [params] => Array
        (
            [0] => :marque
            [1] => :modele
            [2] => :type_materiel
            [3] => :numero_serie
            [4] => :commentaire
            [5] => :id
        )

)

--------------------------------------------------------------------------------
[2026-06-01 13:45:22] Mise à jour réussie ID: 2734
--------------------------------------------------------------------------------
[2026-06-01 13:45:22] Réponse
Array
(
    [status] => success
    [message] => 22 ligne(s) mise(s) à jour
    [updated] => 22
    [total_rows] => 22
    [errors] => Array
        (
        )

)

--------------------------------------------------------------------------------
[2026-06-01 13:45:22] === FIN ===
--------------------------------------------------------------------------------
[2026-06-01 13:45:38] === DÉBUT ===
--------------------------------------------------------------------------------
[2026-06-01 13:45:38] Input reçu
Array
(
    [raw_length] => 5346
    [has_data] => 1
)

--------------------------------------------------------------------------------
[2026-06-01 13:45:38] Connexion BDD OK
--------------------------------------------------------------------------------
[2026-06-01 13:45:38] Traitement ID: 2736
--------------------------------------------------------------------------------
[2026-06-01 13:45:38] SQL
Array
(
    [sql] => UPDATE materiel SET marque = :marque, modele = :modele, type_materiel = :type_materiel, numero_serie = :numero_serie, version_firmware = :version_firmware, adresse_ip = :adresse_ip, adresse_mac = :adresse_mac, commentaire = :commentaire WHERE id = :id
    [params] => Array
        (
            [0] => :marque
            [1] => :modele
            [2] => :type_materiel
            [3] => :numero_serie
            [4] => :version_firmware
            [5] => :adresse_ip
            [6] => :adresse_mac
            [7] => :commentaire
            [8] => :id
        )

)

--------------------------------------------------------------------------------
[2026-06-01 13:45:38] Mise à jour réussie ID: 2736
--------------------------------------------------------------------------------
[2026-06-01 13:45:38] Traitement ID: 2745
--------------------------------------------------------------------------------
[2026-06-01 13:45:38] SQL
Array
(
    [sql] => UPDATE materiel SET marque = :marque, modele = :modele, type_materiel = :type_materiel, numero_serie = :numero_serie, version_firmware = :version_firmware, adresse_ip = :adresse_ip, adresse_mac = :adresse_mac WHERE id = :id
    [params] => Array
        (
            [0] => :marque
            [1] => :modele
            [2] => :type_materiel
            [3] => :numero_serie
            [4] => :version_firmware
            [5] => :adresse_ip
            [6] => :adresse_mac
            [7] => :id
        )

)

--------------------------------------------------------------------------------
[2026-06-01 13:45:38] Mise à jour réussie ID: 2745
--------------------------------------------------------------------------------
[2026-06-01 13:45:38] Traitement ID: 2746
--------------------------------------------------------------------------------
[2026-06-01 13:45:38] SQL
Array
(
    [sql] => UPDATE materiel SET marque = :marque, modele = :modele, type_materiel = :type_materiel, numero_serie = :numero_serie, version_firmware = :version_firmware, adresse_ip = :adresse_ip, adresse_mac = :adresse_mac WHERE id = :id
    [params] => Array
        (
            [0] => :marque
            [1] => :modele
            [2] => :type_materiel
            [3] => :numero_serie
            [4] => :version_firmware
            [5] => :adresse_ip
            [6] => :adresse_mac
            [7] => :id
        )

)

--------------------------------------------------------------------------------
[2026-06-01 13:45:38] Mise à jour réussie ID: 2746
--------------------------------------------------------------------------------
[2026-06-01 13:45:38] Traitement ID: 2748
--------------------------------------------------------------------------------
[2026-06-01 13:45:38] SQL
Array
(
    [sql] => UPDATE materiel SET marque = :marque, modele = :modele, type_materiel = :type_materiel, numero_serie = :numero_serie, version_firmware = :version_firmware, adresse_ip = :adresse_ip, adresse_mac = :adresse_mac WHERE id = :id
    [params] => Array
        (
            [0] => :marque
            [1] => :modele
            [2] => :type_materiel
            [3] => :numero_serie
            [4] => :version_firmware
            [5] => :adresse_ip
            [6] => :adresse_mac
            [7] => :id
        )

)

--------------------------------------------------------------------------------
[2026-06-01 13:45:39] Mise à jour réussie ID: 2748
--------------------------------------------------------------------------------
[2026-06-01 13:45:39] Traitement ID: 2747
--------------------------------------------------------------------------------
[2026-06-01 13:45:39] SQL
Array
(
    [sql] => UPDATE materiel SET marque = :marque, modele = :modele, type_materiel = :type_materiel, numero_serie = :numero_serie, version_firmware = :version_firmware, adresse_ip = :adresse_ip, adresse_mac = :adresse_mac WHERE id = :id
    [params] => Array
        (
            [0] => :marque
            [1] => :modele
            [2] => :type_materiel
            [3] => :numero_serie
            [4] => :version_firmware
            [5] => :adresse_ip
            [6] => :adresse_mac
            [7] => :id
        )

)

--------------------------------------------------------------------------------
[2026-06-01 13:45:39] Mise à jour réussie ID: 2747
--------------------------------------------------------------------------------
[2026-06-01 13:45:39] Traitement ID: 2743
--------------------------------------------------------------------------------
[2026-06-01 13:45:39] SQL
Array
(
    [sql] => UPDATE materiel SET marque = :marque, modele = :modele, type_materiel = :type_materiel, numero_serie = :numero_serie, version_firmware = :version_firmware, adresse_ip = :adresse_ip, adresse_mac = :adresse_mac WHERE id = :id
    [params] => Array
        (
            [0] => :marque
            [1] => :modele
            [2] => :type_materiel
            [3] => :numero_serie
            [4] => :version_firmware
            [5] => :adresse_ip
            [6] => :adresse_mac
            [7] => :id
        )

)

--------------------------------------------------------------------------------
[2026-06-01 13:45:39] Mise à jour réussie ID: 2743
--------------------------------------------------------------------------------
[2026-06-01 13:45:39] Traitement ID: 2742
--------------------------------------------------------------------------------
[2026-06-01 13:45:39] SQL
Array
(
    [sql] => UPDATE materiel SET marque = :marque, modele = :modele, type_materiel = :type_materiel, numero_serie = :numero_serie, version_firmware = :version_firmware, adresse_ip = :adresse_ip, adresse_mac = :adresse_mac WHERE id = :id
    [params] => Array
        (
            [0] => :marque
            [1] => :modele
            [2] => :type_materiel
            [3] => :numero_serie
            [4] => :version_firmware
            [5] => :adresse_ip
            [6] => :adresse_mac
            [7] => :id
        )

)

--------------------------------------------------------------------------------
[2026-06-01 13:45:39] Mise à jour réussie ID: 2742
--------------------------------------------------------------------------------
[2026-06-01 13:45:39] Traitement ID: 2744
--------------------------------------------------------------------------------
[2026-06-01 13:45:39] SQL
Array
(
    [sql] => UPDATE materiel SET marque = :marque, modele = :modele, type_materiel = :type_materiel, numero_serie = :numero_serie, version_firmware = :version_firmware, adresse_ip = :adresse_ip, adresse_mac = :adresse_mac WHERE id = :id
    [params] => Array
        (
            [0] => :marque
            [1] => :modele
            [2] => :type_materiel
            [3] => :numero_serie
            [4] => :version_firmware
            [5] => :adresse_ip
            [6] => :adresse_mac
            [7] => :id
        )

)

--------------------------------------------------------------------------------
[2026-06-01 13:45:39] Mise à jour réussie ID: 2744
--------------------------------------------------------------------------------
[2026-06-01 13:45:39] Réponse
Array
(
    [status] => success
    [message] => 8 ligne(s) mise(s) à jour
    [updated] => 8
    [total_rows] => 8
    [errors] => Array
        (
        )

)

--------------------------------------------------------------------------------
[2026-06-01 13:45:39] === FIN ===
--------------------------------------------------------------------------------
[2026-06-01 13:45:39] === DÉBUT ===
--------------------------------------------------------------------------------
[2026-06-01 13:45:39] Input reçu
Array
(
    [raw_length] => 14637
    [has_data] => 1
)

--------------------------------------------------------------------------------
[2026-06-01 13:45:39] Connexion BDD OK
--------------------------------------------------------------------------------
[2026-06-01 13:45:39] Traitement ID: 2733
--------------------------------------------------------------------------------
[2026-06-01 13:45:39] SQL
Array
(
    [sql] => UPDATE materiel SET marque = :marque, modele = :modele, type_materiel = :type_materiel, numero_serie = :numero_serie, commentaire = :commentaire WHERE id = :id
    [params] => Array
        (
            [0] => :marque
            [1] => :modele
            [2] => :type_materiel
            [3] => :numero_serie
            [4] => :commentaire
            [5] => :id
        )

)

--------------------------------------------------------------------------------
[2026-06-01 13:45:39] Mise à jour réussie ID: 2733
--------------------------------------------------------------------------------
[2026-06-01 13:45:39] Traitement ID: 2722
--------------------------------------------------------------------------------
[2026-06-01 13:45:39] SQL
Array
(
    [sql] => UPDATE materiel SET marque = :marque, modele = :modele, type_materiel = :type_materiel, numero_serie = :numero_serie, commentaire = :commentaire WHERE id = :id
    [params] => Array
        (
            [0] => :marque
            [1] => :modele
            [2] => :type_materiel
            [3] => :numero_serie
            [4] => :commentaire
            [5] => :id
        )

)

--------------------------------------------------------------------------------
[2026-06-01 13:45:39] Mise à jour réussie ID: 2722
--------------------------------------------------------------------------------
[2026-06-01 13:45:39] Traitement ID: 2725
--------------------------------------------------------------------------------
[2026-06-01 13:45:39] SQL
Array
(
    [sql] => UPDATE materiel SET marque = :marque, modele = :modele, type_materiel = :type_materiel, numero_serie = :numero_serie, commentaire = :commentaire WHERE id = :id
    [params] => Array
        (
            [0] => :marque
            [1] => :modele
            [2] => :type_materiel
            [3] => :numero_serie
            [4] => :commentaire
            [5] => :id
        )

)

--------------------------------------------------------------------------------
[2026-06-01 13:45:39] Mise à jour réussie ID: 2725
--------------------------------------------------------------------------------
[2026-06-01 13:45:39] Traitement ID: 2729
--------------------------------------------------------------------------------
[2026-06-01 13:45:39] SQL
Array
(
    [sql] => UPDATE materiel SET marque = :marque, modele = :modele, type_materiel = :type_materiel, numero_serie = :numero_serie, commentaire = :commentaire WHERE id = :id
    [params] => Array
        (
            [0] => :marque
            [1] => :modele
            [2] => :type_materiel
            [3] => :numero_serie
            [4] => :commentaire
            [5] => :id
        )

)

--------------------------------------------------------------------------------
[2026-06-01 13:45:39] Mise à jour réussie ID: 2729
--------------------------------------------------------------------------------
[2026-06-01 13:45:39] Traitement ID: 2726
--------------------------------------------------------------------------------
[2026-06-01 13:45:39] SQL
Array
(
    [sql] => UPDATE materiel SET marque = :marque, modele = :modele, type_materiel = :type_materiel, numero_serie = :numero_serie, commentaire = :commentaire WHERE id = :id
    [params] => Array
        (
            [0] => :marque
            [1] => :modele
            [2] => :type_materiel
            [3] => :numero_serie
            [4] => :commentaire
            [5] => :id
        )

)

--------------------------------------------------------------------------------
[2026-06-01 13:45:39] Mise à jour réussie ID: 2726
--------------------------------------------------------------------------------
[2026-06-01 13:45:39] Traitement ID: 2728
--------------------------------------------------------------------------------
[2026-06-01 13:45:39] SQL
Array
(
    [sql] => UPDATE materiel SET marque = :marque, modele = :modele, type_materiel = :type_materiel, numero_serie = :numero_serie, commentaire = :commentaire WHERE id = :id
    [params] => Array
        (
            [0] => :marque
            [1] => :modele
            [2] => :type_materiel
            [3] => :numero_serie
            [4] => :commentaire
            [5] => :id
        )

)

--------------------------------------------------------------------------------
[2026-06-01 13:45:39] Mise à jour réussie ID: 2728
--------------------------------------------------------------------------------
[2026-06-01 13:45:39] Traitement ID: 2732
--------------------------------------------------------------------------------
[2026-06-01 13:45:39] SQL
Array
(
    [sql] => UPDATE materiel SET marque = :marque, modele = :modele, type_materiel = :type_materiel, numero_serie = :numero_serie, commentaire = :commentaire WHERE id = :id
    [params] => Array
        (
            [0] => :marque
            [1] => :modele
            [2] => :type_materiel
            [3] => :numero_serie
            [4] => :commentaire
            [5] => :id
        )

)

--------------------------------------------------------------------------------
[2026-06-01 13:45:39] Mise à jour réussie ID: 2732
--------------------------------------------------------------------------------
[2026-06-01 13:45:39] Traitement ID: 2735
--------------------------------------------------------------------------------
[2026-06-01 13:45:39] SQL
Array
(
    [sql] => UPDATE materiel SET marque = :marque, modele = :modele, type_materiel = :type_materiel, numero_serie = :numero_serie, commentaire = :commentaire WHERE id = :id
    [params] => Array
        (
            [0] => :marque
            [1] => :modele
            [2] => :type_materiel
            [3] => :numero_serie
            [4] => :commentaire
            [5] => :id
        )

)

--------------------------------------------------------------------------------
[2026-06-01 13:45:39] Mise à jour réussie ID: 2735
--------------------------------------------------------------------------------
[2026-06-01 13:45:39] Traitement ID: 2714
--------------------------------------------------------------------------------
[2026-06-01 13:45:39] SQL
Array
(
    [sql] => UPDATE materiel SET marque = :marque, modele = :modele WHERE id = :id
    [params] => Array
        (
            [0] => :marque
            [1] => :modele
            [2] => :id
        )

)

--------------------------------------------------------------------------------
[2026-06-01 13:45:39] Mise à jour réussie ID: 2714
--------------------------------------------------------------------------------
[2026-06-01 13:45:39] Traitement ID: 2717
--------------------------------------------------------------------------------
[2026-06-01 13:45:39] SQL
Array
(
    [sql] => UPDATE materiel SET marque = :marque, modele = :modele, type_materiel = :type_materiel, numero_serie = :numero_serie, commentaire = :commentaire WHERE id = :id
    [params] => Array
        (
            [0] => :marque
            [1] => :modele
            [2] => :type_materiel
            [3] => :numero_serie
            [4] => :commentaire
            [5] => :id
        )

)

--------------------------------------------------------------------------------
[2026-06-01 13:45:39] Mise à jour réussie ID: 2717
--------------------------------------------------------------------------------
[2026-06-01 13:45:39] Traitement ID: 2715
--------------------------------------------------------------------------------
[2026-06-01 13:45:39] SQL
Array
(
    [sql] => UPDATE materiel SET marque = :marque, modele = :modele WHERE id = :id
    [params] => Array
        (
            [0] => :marque
            [1] => :modele
            [2] => :id
        )

)

--------------------------------------------------------------------------------
[2026-06-01 13:45:39] Mise à jour réussie ID: 2715
--------------------------------------------------------------------------------
[2026-06-01 13:45:39] Traitement ID: 2718
--------------------------------------------------------------------------------
[2026-06-01 13:45:39] SQL
Array
(
    [sql] => UPDATE materiel SET marque = :marque, modele = :modele, type_materiel = :type_materiel, numero_serie = :numero_serie, commentaire = :commentaire WHERE id = :id
    [params] => Array
        (
            [0] => :marque
            [1] => :modele
            [2] => :type_materiel
            [3] => :numero_serie
            [4] => :commentaire
            [5] => :id
        )

)

--------------------------------------------------------------------------------
[2026-06-01 13:45:39] Mise à jour réussie ID: 2718
--------------------------------------------------------------------------------
[2026-06-01 13:45:39] Traitement ID: 2716
--------------------------------------------------------------------------------
[2026-06-01 13:45:39] SQL
Array
(
    [sql] => UPDATE materiel SET marque = :marque, modele = :modele WHERE id = :id
    [params] => Array
        (
            [0] => :marque
            [1] => :modele
            [2] => :id
        )

)

--------------------------------------------------------------------------------
[2026-06-01 13:45:39] Mise à jour réussie ID: 2716
--------------------------------------------------------------------------------
[2026-06-01 13:45:39] Traitement ID: 2719
--------------------------------------------------------------------------------
[2026-06-01 13:45:39] SQL
Array
(
    [sql] => UPDATE materiel SET marque = :marque, modele = :modele, type_materiel = :type_materiel, numero_serie = :numero_serie, commentaire = :commentaire WHERE id = :id
    [params] => Array
        (
            [0] => :marque
            [1] => :modele
            [2] => :type_materiel
            [3] => :numero_serie
            [4] => :commentaire
            [5] => :id
        )

)

--------------------------------------------------------------------------------
[2026-06-01 13:45:39] Mise à jour réussie ID: 2719
--------------------------------------------------------------------------------
[2026-06-01 13:45:39] Traitement ID: 2720
--------------------------------------------------------------------------------
[2026-06-01 13:45:39] SQL
Array
(
    [sql] => UPDATE materiel SET marque = :marque, modele = :modele, type_materiel = :type_materiel, numero_serie = :numero_serie, commentaire = :commentaire WHERE id = :id
    [params] => Array
        (
            [0] => :marque
            [1] => :modele
            [2] => :type_materiel
            [3] => :numero_serie
            [4] => :commentaire
            [5] => :id
        )

)

--------------------------------------------------------------------------------
[2026-06-01 13:45:39] Mise à jour réussie ID: 2720
--------------------------------------------------------------------------------
[2026-06-01 13:45:39] Traitement ID: 2721
--------------------------------------------------------------------------------
[2026-06-01 13:45:39] SQL
Array
(
    [sql] => UPDATE materiel SET marque = :marque, modele = :modele, type_materiel = :type_materiel, numero_serie = :numero_serie, commentaire = :commentaire WHERE id = :id
    [params] => Array
        (
            [0] => :marque
            [1] => :modele
            [2] => :type_materiel
            [3] => :numero_serie
            [4] => :commentaire
            [5] => :id
        )

)

--------------------------------------------------------------------------------
[2026-06-01 13:45:39] Mise à jour réussie ID: 2721
--------------------------------------------------------------------------------
[2026-06-01 13:45:39] Traitement ID: 2731
--------------------------------------------------------------------------------
[2026-06-01 13:45:39] SQL
Array
(
    [sql] => UPDATE materiel SET marque = :marque, modele = :modele, type_materiel = :type_materiel, numero_serie = :numero_serie, commentaire = :commentaire WHERE id = :id
    [params] => Array
        (
            [0] => :marque
            [1] => :modele
            [2] => :type_materiel
            [3] => :numero_serie
            [4] => :commentaire
            [5] => :id
        )

)

--------------------------------------------------------------------------------
[2026-06-01 13:45:39] Mise à jour réussie ID: 2731
--------------------------------------------------------------------------------
[2026-06-01 13:45:39] Traitement ID: 2727
--------------------------------------------------------------------------------
[2026-06-01 13:45:39] SQL
Array
(
    [sql] => UPDATE materiel SET marque = :marque, modele = :modele, type_materiel = :type_materiel, numero_serie = :numero_serie, commentaire = :commentaire WHERE id = :id
    [params] => Array
        (
            [0] => :marque
            [1] => :modele
            [2] => :type_materiel
            [3] => :numero_serie
            [4] => :commentaire
            [5] => :id
        )

)

--------------------------------------------------------------------------------
[2026-06-01 13:45:39] Mise à jour réussie ID: 2727
--------------------------------------------------------------------------------
[2026-06-01 13:45:39] Traitement ID: 2723
--------------------------------------------------------------------------------
[2026-06-01 13:45:39] SQL
Array
(
    [sql] => UPDATE materiel SET marque = :marque, modele = :modele, type_materiel = :type_materiel, numero_serie = :numero_serie, commentaire = :commentaire WHERE id = :id
    [params] => Array
        (
            [0] => :marque
            [1] => :modele
            [2] => :type_materiel
            [3] => :numero_serie
            [4] => :commentaire
            [5] => :id
        )

)

--------------------------------------------------------------------------------
[2026-06-01 13:45:39] Mise à jour réussie ID: 2723
--------------------------------------------------------------------------------
[2026-06-01 13:45:39] Traitement ID: 2724
--------------------------------------------------------------------------------
[2026-06-01 13:45:39] SQL
Array
(
    [sql] => UPDATE materiel SET marque = :marque, modele = :modele, type_materiel = :type_materiel, numero_serie = :numero_serie, commentaire = :commentaire WHERE id = :id
    [params] => Array
        (
            [0] => :marque
            [1] => :modele
            [2] => :type_materiel
            [3] => :numero_serie
            [4] => :commentaire
            [5] => :id
        )

)

--------------------------------------------------------------------------------
[2026-06-01 13:45:39] Mise à jour réussie ID: 2724
--------------------------------------------------------------------------------
[2026-06-01 13:45:39] Traitement ID: 2730
--------------------------------------------------------------------------------
[2026-06-01 13:45:39] SQL
Array
(
    [sql] => UPDATE materiel SET marque = :marque, modele = :modele, type_materiel = :type_materiel, numero_serie = :numero_serie, commentaire = :commentaire WHERE id = :id
    [params] => Array
        (
            [0] => :marque
            [1] => :modele
            [2] => :type_materiel
            [3] => :numero_serie
            [4] => :commentaire
            [5] => :id
        )

)

--------------------------------------------------------------------------------
[2026-06-01 13:45:39] Mise à jour réussie ID: 2730
--------------------------------------------------------------------------------
[2026-06-01 13:45:39] Traitement ID: 2734
--------------------------------------------------------------------------------
[2026-06-01 13:45:39] SQL
Array
(
    [sql] => UPDATE materiel SET marque = :marque, modele = :modele, type_materiel = :type_materiel, numero_serie = :numero_serie, commentaire = :commentaire WHERE id = :id
    [params] => Array
        (
            [0] => :marque
            [1] => :modele
            [2] => :type_materiel
            [3] => :numero_serie
            [4] => :commentaire
            [5] => :id
        )

)

--------------------------------------------------------------------------------
[2026-06-01 13:45:39] Mise à jour réussie ID: 2734
--------------------------------------------------------------------------------
[2026-06-01 13:45:39] Réponse
Array
(
    [status] => success
    [message] => 22 ligne(s) mise(s) à jour
    [updated] => 22
    [total_rows] => 22
    [errors] => Array
        (
        )

)

--------------------------------------------------------------------------------
[2026-06-01 13:45:39] === FIN ===
--------------------------------------------------------------------------------
[2026-06-01 13:46:49] === DÉBUT ===
--------------------------------------------------------------------------------
[2026-06-01 13:46:49] Input reçu
Array
(
    [raw_length] => 5346
    [has_data] => 1
)

--------------------------------------------------------------------------------
[2026-06-01 13:46:49] Connexion BDD OK
--------------------------------------------------------------------------------
[2026-06-01 13:46:49] Traitement ID: 2736
--------------------------------------------------------------------------------
[2026-06-01 13:46:49] SQL
Array
(
    [sql] => UPDATE materiel SET marque = :marque, modele = :modele, type_materiel = :type_materiel, numero_serie = :numero_serie, version_firmware = :version_firmware, adresse_ip = :adresse_ip, adresse_mac = :adresse_mac, commentaire = :commentaire WHERE id = :id
    [params] => Array
        (
            [0] => :marque
            [1] => :modele
            [2] => :type_materiel
            [3] => :numero_serie
            [4] => :version_firmware
            [5] => :adresse_ip
            [6] => :adresse_mac
            [7] => :commentaire
            [8] => :id
        )

)

--------------------------------------------------------------------------------
[2026-06-01 13:46:49] Mise à jour réussie ID: 2736
--------------------------------------------------------------------------------
[2026-06-01 13:46:49] Traitement ID: 2745
--------------------------------------------------------------------------------
[2026-06-01 13:46:49] SQL
Array
(
    [sql] => UPDATE materiel SET marque = :marque, modele = :modele, type_materiel = :type_materiel, numero_serie = :numero_serie, version_firmware = :version_firmware, adresse_ip = :adresse_ip, adresse_mac = :adresse_mac WHERE id = :id
    [params] => Array
        (
            [0] => :marque
            [1] => :modele
            [2] => :type_materiel
            [3] => :numero_serie
            [4] => :version_firmware
            [5] => :adresse_ip
            [6] => :adresse_mac
            [7] => :id
        )

)

--------------------------------------------------------------------------------
[2026-06-01 13:46:49] Mise à jour réussie ID: 2745
--------------------------------------------------------------------------------
[2026-06-01 13:46:49] Traitement ID: 2746
--------------------------------------------------------------------------------
[2026-06-01 13:46:49] SQL
Array
(
    [sql] => UPDATE materiel SET marque = :marque, modele = :modele, type_materiel = :type_materiel, numero_serie = :numero_serie, version_firmware = :version_firmware, adresse_ip = :adresse_ip, adresse_mac = :adresse_mac WHERE id = :id
    [params] => Array
        (
            [0] => :marque
            [1] => :modele
            [2] => :type_materiel
            [3] => :numero_serie
            [4] => :version_firmware
            [5] => :adresse_ip
            [6] => :adresse_mac
            [7] => :id
        )

)

--------------------------------------------------------------------------------
[2026-06-01 13:46:49] Mise à jour réussie ID: 2746
--------------------------------------------------------------------------------
[2026-06-01 13:46:49] Traitement ID: 2748
--------------------------------------------------------------------------------
[2026-06-01 13:46:49] SQL
Array
(
    [sql] => UPDATE materiel SET marque = :marque, modele = :modele, type_materiel = :type_materiel, numero_serie = :numero_serie, version_firmware = :version_firmware, adresse_ip = :adresse_ip, adresse_mac = :adresse_mac WHERE id = :id
    [params] => Array
        (
            [0] => :marque
            [1] => :modele
            [2] => :type_materiel
            [3] => :numero_serie
            [4] => :version_firmware
            [5] => :adresse_ip
            [6] => :adresse_mac
            [7] => :id
        )

)

--------------------------------------------------------------------------------
[2026-06-01 13:46:49] Mise à jour réussie ID: 2748
--------------------------------------------------------------------------------
[2026-06-01 13:46:49] Traitement ID: 2747
--------------------------------------------------------------------------------
[2026-06-01 13:46:49] SQL
Array
(
    [sql] => UPDATE materiel SET marque = :marque, modele = :modele, type_materiel = :type_materiel, numero_serie = :numero_serie, version_firmware = :version_firmware, adresse_ip = :adresse_ip, adresse_mac = :adresse_mac WHERE id = :id
    [params] => Array
        (
            [0] => :marque
            [1] => :modele
            [2] => :type_materiel
            [3] => :numero_serie
            [4] => :version_firmware
            [5] => :adresse_ip
            [6] => :adresse_mac
            [7] => :id
        )

)

--------------------------------------------------------------------------------
[2026-06-01 13:46:49] Mise à jour réussie ID: 2747
--------------------------------------------------------------------------------
[2026-06-01 13:46:49] Traitement ID: 2743
--------------------------------------------------------------------------------
[2026-06-01 13:46:49] SQL
Array
(
    [sql] => UPDATE materiel SET marque = :marque, modele = :modele, type_materiel = :type_materiel, numero_serie = :numero_serie, version_firmware = :version_firmware, adresse_ip = :adresse_ip, adresse_mac = :adresse_mac WHERE id = :id
    [params] => Array
        (
            [0] => :marque
            [1] => :modele
            [2] => :type_materiel
            [3] => :numero_serie
            [4] => :version_firmware
            [5] => :adresse_ip
            [6] => :adresse_mac
            [7] => :id
        )

)

--------------------------------------------------------------------------------
[2026-06-01 13:46:49] Mise à jour réussie ID: 2743
--------------------------------------------------------------------------------
[2026-06-01 13:46:49] Traitement ID: 2742
--------------------------------------------------------------------------------
[2026-06-01 13:46:49] SQL
Array
(
    [sql] => UPDATE materiel SET marque = :marque, modele = :modele, type_materiel = :type_materiel, numero_serie = :numero_serie, version_firmware = :version_firmware, adresse_ip = :adresse_ip, adresse_mac = :adresse_mac WHERE id = :id
    [params] => Array
        (
            [0] => :marque
            [1] => :modele
            [2] => :type_materiel
            [3] => :numero_serie
            [4] => :version_firmware
            [5] => :adresse_ip
            [6] => :adresse_mac
            [7] => :id
        )

)

--------------------------------------------------------------------------------
[2026-06-01 13:46:49] Mise à jour réussie ID: 2742
--------------------------------------------------------------------------------
[2026-06-01 13:46:49] Traitement ID: 2744
--------------------------------------------------------------------------------
[2026-06-01 13:46:49] SQL
Array
(
    [sql] => UPDATE materiel SET marque = :marque, modele = :modele, type_materiel = :type_materiel, numero_serie = :numero_serie, version_firmware = :version_firmware, adresse_ip = :adresse_ip, adresse_mac = :adresse_mac WHERE id = :id
    [params] => Array
        (
            [0] => :marque
            [1] => :modele
            [2] => :type_materiel
            [3] => :numero_serie
            [4] => :version_firmware
            [5] => :adresse_ip
            [6] => :adresse_mac
            [7] => :id
        )

)

--------------------------------------------------------------------------------
[2026-06-01 13:46:49] Mise à jour réussie ID: 2744
--------------------------------------------------------------------------------
[2026-06-01 13:46:49] Réponse
Array
(
    [status] => success
    [message] => 8 ligne(s) mise(s) à jour
    [updated] => 8
    [total_rows] => 8
    [errors] => Array
        (
        )

)

--------------------------------------------------------------------------------
[2026-06-01 13:46:49] === FIN ===
--------------------------------------------------------------------------------
[2026-06-01 13:46:49] === DÉBUT ===
--------------------------------------------------------------------------------
[2026-06-01 13:46:49] Input reçu
Array
(
    [raw_length] => 14637
    [has_data] => 1
)

--------------------------------------------------------------------------------
[2026-06-01 13:46:49] Connexion BDD OK
--------------------------------------------------------------------------------
[2026-06-01 13:46:49] Traitement ID: 2733
--------------------------------------------------------------------------------
[2026-06-01 13:46:49] SQL
Array
(
    [sql] => UPDATE materiel SET marque = :marque, modele = :modele, type_materiel = :type_materiel, numero_serie = :numero_serie, commentaire = :commentaire WHERE id = :id
    [params] => Array
        (
            [0] => :marque
            [1] => :modele
            [2] => :type_materiel
            [3] => :numero_serie
            [4] => :commentaire
            [5] => :id
        )

)

--------------------------------------------------------------------------------
[2026-06-01 13:46:49] Mise à jour réussie ID: 2733
--------------------------------------------------------------------------------
[2026-06-01 13:46:49] Traitement ID: 2722
--------------------------------------------------------------------------------
[2026-06-01 13:46:49] SQL
Array
(
    [sql] => UPDATE materiel SET marque = :marque, modele = :modele, type_materiel = :type_materiel, numero_serie = :numero_serie, commentaire = :commentaire WHERE id = :id
    [params] => Array
        (
            [0] => :marque
            [1] => :modele
            [2] => :type_materiel
            [3] => :numero_serie
            [4] => :commentaire
            [5] => :id
        )

)

--------------------------------------------------------------------------------
[2026-06-01 13:46:49] Mise à jour réussie ID: 2722
--------------------------------------------------------------------------------
[2026-06-01 13:46:49] Traitement ID: 2725
--------------------------------------------------------------------------------
[2026-06-01 13:46:49] SQL
Array
(
    [sql] => UPDATE materiel SET marque = :marque, modele = :modele, type_materiel = :type_materiel, numero_serie = :numero_serie, commentaire = :commentaire WHERE id = :id
    [params] => Array
        (
            [0] => :marque
            [1] => :modele
            [2] => :type_materiel
            [3] => :numero_serie
            [4] => :commentaire
            [5] => :id
        )

)

--------------------------------------------------------------------------------
[2026-06-01 13:46:49] Mise à jour réussie ID: 2725
--------------------------------------------------------------------------------
[2026-06-01 13:46:49] Traitement ID: 2729
--------------------------------------------------------------------------------
[2026-06-01 13:46:49] SQL
Array
(
    [sql] => UPDATE materiel SET marque = :marque, modele = :modele, type_materiel = :type_materiel, numero_serie = :numero_serie, commentaire = :commentaire WHERE id = :id
    [params] => Array
        (
            [0] => :marque
            [1] => :modele
            [2] => :type_materiel
            [3] => :numero_serie
            [4] => :commentaire
            [5] => :id
        )

)

--------------------------------------------------------------------------------
[2026-06-01 13:46:49] Mise à jour réussie ID: 2729
--------------------------------------------------------------------------------
[2026-06-01 13:46:49] Traitement ID: 2726
--------------------------------------------------------------------------------
[2026-06-01 13:46:49] SQL
Array
(
    [sql] => UPDATE materiel SET marque = :marque, modele = :modele, type_materiel = :type_materiel, numero_serie = :numero_serie, commentaire = :commentaire WHERE id = :id
    [params] => Array
        (
            [0] => :marque
            [1] => :modele
            [2] => :type_materiel
            [3] => :numero_serie
            [4] => :commentaire
            [5] => :id
        )

)

--------------------------------------------------------------------------------
[2026-06-01 13:46:49] Mise à jour réussie ID: 2726
--------------------------------------------------------------------------------
[2026-06-01 13:46:49] Traitement ID: 2728
--------------------------------------------------------------------------------
[2026-06-01 13:46:49] SQL
Array
(
    [sql] => UPDATE materiel SET marque = :marque, modele = :modele, type_materiel = :type_materiel, numero_serie = :numero_serie, commentaire = :commentaire WHERE id = :id
    [params] => Array
        (
            [0] => :marque
            [1] => :modele
            [2] => :type_materiel
            [3] => :numero_serie
            [4] => :commentaire
            [5] => :id
        )

)

--------------------------------------------------------------------------------
[2026-06-01 13:46:49] Mise à jour réussie ID: 2728
--------------------------------------------------------------------------------
[2026-06-01 13:46:49] Traitement ID: 2732
--------------------------------------------------------------------------------
[2026-06-01 13:46:49] SQL
Array
(
    [sql] => UPDATE materiel SET marque = :marque, modele = :modele, type_materiel = :type_materiel, numero_serie = :numero_serie, commentaire = :commentaire WHERE id = :id
    [params] => Array
        (
            [0] => :marque
            [1] => :modele
            [2] => :type_materiel
            [3] => :numero_serie
            [4] => :commentaire
            [5] => :id
        )

)

--------------------------------------------------------------------------------
[2026-06-01 13:46:49] Mise à jour réussie ID: 2732
--------------------------------------------------------------------------------
[2026-06-01 13:46:49] Traitement ID: 2735
--------------------------------------------------------------------------------
[2026-06-01 13:46:49] SQL
Array
(
    [sql] => UPDATE materiel SET marque = :marque, modele = :modele, type_materiel = :type_materiel, numero_serie = :numero_serie, commentaire = :commentaire WHERE id = :id
    [params] => Array
        (
            [0] => :marque
            [1] => :modele
            [2] => :type_materiel
            [3] => :numero_serie
            [4] => :commentaire
            [5] => :id
        )

)

--------------------------------------------------------------------------------
[2026-06-01 13:46:49] Mise à jour réussie ID: 2735
--------------------------------------------------------------------------------
[2026-06-01 13:46:49] Traitement ID: 2714
--------------------------------------------------------------------------------
[2026-06-01 13:46:49] SQL
Array
(
    [sql] => UPDATE materiel SET marque = :marque, modele = :modele WHERE id = :id
    [params] => Array
        (
            [0] => :marque
            [1] => :modele
            [2] => :id
        )

)

--------------------------------------------------------------------------------
[2026-06-01 13:46:49] Mise à jour réussie ID: 2714
--------------------------------------------------------------------------------
[2026-06-01 13:46:49] Traitement ID: 2717
--------------------------------------------------------------------------------
[2026-06-01 13:46:49] SQL
Array
(
    [sql] => UPDATE materiel SET marque = :marque, modele = :modele, type_materiel = :type_materiel, numero_serie = :numero_serie, commentaire = :commentaire WHERE id = :id
    [params] => Array
        (
            [0] => :marque
            [1] => :modele
            [2] => :type_materiel
            [3] => :numero_serie
            [4] => :commentaire
            [5] => :id
        )

)

--------------------------------------------------------------------------------
[2026-06-01 13:46:49] Mise à jour réussie ID: 2717
--------------------------------------------------------------------------------
[2026-06-01 13:46:49] Traitement ID: 2715
--------------------------------------------------------------------------------
[2026-06-01 13:46:49] SQL
Array
(
    [sql] => UPDATE materiel SET marque = :marque, modele = :modele WHERE id = :id
    [params] => Array
        (
            [0] => :marque
            [1] => :modele
            [2] => :id
        )

)

--------------------------------------------------------------------------------
[2026-06-01 13:46:49] Mise à jour réussie ID: 2715
--------------------------------------------------------------------------------
[2026-06-01 13:46:49] Traitement ID: 2718
--------------------------------------------------------------------------------
[2026-06-01 13:46:49] SQL
Array
(
    [sql] => UPDATE materiel SET marque = :marque, modele = :modele, type_materiel = :type_materiel, numero_serie = :numero_serie, commentaire = :commentaire WHERE id = :id
    [params] => Array
        (
            [0] => :marque
            [1] => :modele
            [2] => :type_materiel
            [3] => :numero_serie
            [4] => :commentaire
            [5] => :id
        )

)

--------------------------------------------------------------------------------
[2026-06-01 13:46:49] Mise à jour réussie ID: 2718
--------------------------------------------------------------------------------
[2026-06-01 13:46:49] Traitement ID: 2716
--------------------------------------------------------------------------------
[2026-06-01 13:46:49] SQL
Array
(
    [sql] => UPDATE materiel SET marque = :marque, modele = :modele WHERE id = :id
    [params] => Array
        (
            [0] => :marque
            [1] => :modele
            [2] => :id
        )

)

--------------------------------------------------------------------------------
[2026-06-01 13:46:49] Mise à jour réussie ID: 2716
--------------------------------------------------------------------------------
[2026-06-01 13:46:49] Traitement ID: 2719
--------------------------------------------------------------------------------
[2026-06-01 13:46:49] SQL
Array
(
    [sql] => UPDATE materiel SET marque = :marque, modele = :modele, type_materiel = :type_materiel, numero_serie = :numero_serie, commentaire = :commentaire WHERE id = :id
    [params] => Array
        (
            [0] => :marque
            [1] => :modele
            [2] => :type_materiel
            [3] => :numero_serie
            [4] => :commentaire
            [5] => :id
        )

)

--------------------------------------------------------------------------------
[2026-06-01 13:46:49] Mise à jour réussie ID: 2719
--------------------------------------------------------------------------------
[2026-06-01 13:46:49] Traitement ID: 2720
--------------------------------------------------------------------------------
[2026-06-01 13:46:49] SQL
Array
(
    [sql] => UPDATE materiel SET marque = :marque, modele = :modele, type_materiel = :type_materiel, numero_serie = :numero_serie, commentaire = :commentaire WHERE id = :id
    [params] => Array
        (
            [0] => :marque
            [1] => :modele
            [2] => :type_materiel
            [3] => :numero_serie
            [4] => :commentaire
            [5] => :id
        )

)

--------------------------------------------------------------------------------
[2026-06-01 13:46:49] Mise à jour réussie ID: 2720
--------------------------------------------------------------------------------
[2026-06-01 13:46:49] Traitement ID: 2721
--------------------------------------------------------------------------------
[2026-06-01 13:46:49] SQL
Array
(
    [sql] => UPDATE materiel SET marque = :marque, modele = :modele, type_materiel = :type_materiel, numero_serie = :numero_serie, commentaire = :commentaire WHERE id = :id
    [params] => Array
        (
            [0] => :marque
            [1] => :modele
            [2] => :type_materiel
            [3] => :numero_serie
            [4] => :commentaire
            [5] => :id
        )

)

--------------------------------------------------------------------------------
[2026-06-01 13:46:49] Mise à jour réussie ID: 2721
--------------------------------------------------------------------------------
[2026-06-01 13:46:49] Traitement ID: 2731
--------------------------------------------------------------------------------
[2026-06-01 13:46:49] SQL
Array
(
    [sql] => UPDATE materiel SET marque = :marque, modele = :modele, type_materiel = :type_materiel, numero_serie = :numero_serie, commentaire = :commentaire WHERE id = :id
    [params] => Array
        (
            [0] => :marque
            [1] => :modele
            [2] => :type_materiel
            [3] => :numero_serie
            [4] => :commentaire
            [5] => :id
        )

)

--------------------------------------------------------------------------------
[2026-06-01 13:46:49] Mise à jour réussie ID: 2731
--------------------------------------------------------------------------------
[2026-06-01 13:46:49] Traitement ID: 2727
--------------------------------------------------------------------------------
[2026-06-01 13:46:49] SQL
Array
(
    [sql] => UPDATE materiel SET marque = :marque, modele = :modele, type_materiel = :type_materiel, numero_serie = :numero_serie, commentaire = :commentaire WHERE id = :id
    [params] => Array
        (
            [0] => :marque
            [1] => :modele
            [2] => :type_materiel
            [3] => :numero_serie
            [4] => :commentaire
            [5] => :id
        )

)

--------------------------------------------------------------------------------
[2026-06-01 13:46:49] Mise à jour réussie ID: 2727
--------------------------------------------------------------------------------
[2026-06-01 13:46:49] Traitement ID: 2723
--------------------------------------------------------------------------------
[2026-06-01 13:46:49] SQL
Array
(
    [sql] => UPDATE materiel SET marque = :marque, modele = :modele, type_materiel = :type_materiel, numero_serie = :numero_serie, commentaire = :commentaire WHERE id = :id
    [params] => Array
        (
            [0] => :marque
            [1] => :modele
            [2] => :type_materiel
            [3] => :numero_serie
            [4] => :commentaire
            [5] => :id
        )

)

--------------------------------------------------------------------------------
[2026-06-01 13:46:49] Mise à jour réussie ID: 2723
--------------------------------------------------------------------------------
[2026-06-01 13:46:49] Traitement ID: 2724
--------------------------------------------------------------------------------
[2026-06-01 13:46:49] SQL
Array
(
    [sql] => UPDATE materiel SET marque = :marque, modele = :modele, type_materiel = :type_materiel, numero_serie = :numero_serie, commentaire = :commentaire WHERE id = :id
    [params] => Array
        (
            [0] => :marque
            [1] => :modele
            [2] => :type_materiel
            [3] => :numero_serie
            [4] => :commentaire
            [5] => :id
        )

)

--------------------------------------------------------------------------------
[2026-06-01 13:46:49] Mise à jour réussie ID: 2724
--------------------------------------------------------------------------------
[2026-06-01 13:46:49] Traitement ID: 2730
--------------------------------------------------------------------------------
[2026-06-01 13:46:49] SQL
Array
(
    [sql] => UPDATE materiel SET marque = :marque, modele = :modele, type_materiel = :type_materiel, numero_serie = :numero_serie, commentaire = :commentaire WHERE id = :id
    [params] => Array
        (
            [0] => :marque
            [1] => :modele
            [2] => :type_materiel
            [3] => :numero_serie
            [4] => :commentaire
            [5] => :id
        )

)

--------------------------------------------------------------------------------
[2026-06-01 13:46:49] Mise à jour réussie ID: 2730
--------------------------------------------------------------------------------
[2026-06-01 13:46:49] Traitement ID: 2734
--------------------------------------------------------------------------------
[2026-06-01 13:46:49] SQL
Array
(
    [sql] => UPDATE materiel SET marque = :marque, modele = :modele, type_materiel = :type_materiel, numero_serie = :numero_serie, commentaire = :commentaire WHERE id = :id
    [params] => Array
        (
            [0] => :marque
            [1] => :modele
            [2] => :type_materiel
            [3] => :numero_serie
            [4] => :commentaire
            [5] => :id
        )

)

--------------------------------------------------------------------------------
[2026-06-01 13:46:49] Mise à jour réussie ID: 2734
--------------------------------------------------------------------------------
[2026-06-01 13:46:49] Réponse
Array
(
    [status] => success
    [message] => 22 ligne(s) mise(s) à jour
    [updated] => 22
    [total_rows] => 22
    [errors] => Array
        (
        )

)

--------------------------------------------------------------------------------
[2026-06-01 13:46:49] === FIN ===
--------------------------------------------------------------------------------
[2026-06-01 13:50:49] === DÉBUT ===
--------------------------------------------------------------------------------
[2026-06-01 13:50:49] Input reçu
Array
(
    [raw_length] => 5346
    [has_data] => 1
)

--------------------------------------------------------------------------------
[2026-06-01 13:50:49] Connexion BDD OK
--------------------------------------------------------------------------------
[2026-06-01 13:50:49] Traitement ID: 2736
--------------------------------------------------------------------------------
[2026-06-01 13:50:49] SQL
Array
(
    [sql] => UPDATE materiel SET marque = :marque, modele = :modele, type_materiel = :type_materiel, numero_serie = :numero_serie, version_firmware = :version_firmware, adresse_ip = :adresse_ip, adresse_mac = :adresse_mac, commentaire = :commentaire WHERE id = :id
    [params] => Array
        (
            [0] => :marque
            [1] => :modele
            [2] => :type_materiel
            [3] => :numero_serie
            [4] => :version_firmware
            [5] => :adresse_ip
            [6] => :adresse_mac
            [7] => :commentaire
            [8] => :id
        )

)

--------------------------------------------------------------------------------
[2026-06-01 13:50:49] Mise à jour réussie ID: 2736
--------------------------------------------------------------------------------
[2026-06-01 13:50:49] Traitement ID: 2745
--------------------------------------------------------------------------------
[2026-06-01 13:50:49] SQL
Array
(
    [sql] => UPDATE materiel SET marque = :marque, modele = :modele, type_materiel = :type_materiel, numero_serie = :numero_serie, version_firmware = :version_firmware, adresse_ip = :adresse_ip, adresse_mac = :adresse_mac WHERE id = :id
    [params] => Array
        (
            [0] => :marque
            [1] => :modele
            [2] => :type_materiel
            [3] => :numero_serie
            [4] => :version_firmware
            [5] => :adresse_ip
            [6] => :adresse_mac
            [7] => :id
        )

)

--------------------------------------------------------------------------------
[2026-06-01 13:50:49] Mise à jour réussie ID: 2745
--------------------------------------------------------------------------------
[2026-06-01 13:50:49] Traitement ID: 2746
--------------------------------------------------------------------------------
[2026-06-01 13:50:49] SQL
Array
(
    [sql] => UPDATE materiel SET marque = :marque, modele = :modele, type_materiel = :type_materiel, numero_serie = :numero_serie, version_firmware = :version_firmware, adresse_ip = :adresse_ip, adresse_mac = :adresse_mac WHERE id = :id
    [params] => Array
        (
            [0] => :marque
            [1] => :modele
            [2] => :type_materiel
            [3] => :numero_serie
            [4] => :version_firmware
            [5] => :adresse_ip
            [6] => :adresse_mac
            [7] => :id
        )

)

--------------------------------------------------------------------------------
[2026-06-01 13:50:49] Mise à jour réussie ID: 2746
--------------------------------------------------------------------------------
[2026-06-01 13:50:49] Traitement ID: 2748
--------------------------------------------------------------------------------
[2026-06-01 13:50:49] SQL
Array
(
    [sql] => UPDATE materiel SET marque = :marque, modele = :modele, type_materiel = :type_materiel, numero_serie = :numero_serie, version_firmware = :version_firmware, adresse_ip = :adresse_ip, adresse_mac = :adresse_mac WHERE id = :id
    [params] => Array
        (
            [0] => :marque
            [1] => :modele
            [2] => :type_materiel
            [3] => :numero_serie
            [4] => :version_firmware
            [5] => :adresse_ip
            [6] => :adresse_mac
            [7] => :id
        )

)

--------------------------------------------------------------------------------
[2026-06-01 13:50:49] Mise à jour réussie ID: 2748
--------------------------------------------------------------------------------
[2026-06-01 13:50:49] Traitement ID: 2747
--------------------------------------------------------------------------------
[2026-06-01 13:50:49] SQL
Array
(
    [sql] => UPDATE materiel SET marque = :marque, modele = :modele, type_materiel = :type_materiel, numero_serie = :numero_serie, version_firmware = :version_firmware, adresse_ip = :adresse_ip, adresse_mac = :adresse_mac WHERE id = :id
    [params] => Array
        (
            [0] => :marque
            [1] => :modele
            [2] => :type_materiel
            [3] => :numero_serie
            [4] => :version_firmware
            [5] => :adresse_ip
            [6] => :adresse_mac
            [7] => :id
        )

)

--------------------------------------------------------------------------------
[2026-06-01 13:50:49] Mise à jour réussie ID: 2747
--------------------------------------------------------------------------------
[2026-06-01 13:50:49] Traitement ID: 2743
--------------------------------------------------------------------------------
[2026-06-01 13:50:49] SQL
Array
(
    [sql] => UPDATE materiel SET marque = :marque, modele = :modele, type_materiel = :type_materiel, numero_serie = :numero_serie, version_firmware = :version_firmware, adresse_ip = :adresse_ip, adresse_mac = :adresse_mac WHERE id = :id
    [params] => Array
        (
            [0] => :marque
            [1] => :modele
            [2] => :type_materiel
            [3] => :numero_serie
            [4] => :version_firmware
            [5] => :adresse_ip
            [6] => :adresse_mac
            [7] => :id
        )

)

--------------------------------------------------------------------------------
[2026-06-01 13:50:49] Mise à jour réussie ID: 2743
--------------------------------------------------------------------------------
[2026-06-01 13:50:49] Traitement ID: 2742
--------------------------------------------------------------------------------
[2026-06-01 13:50:49] SQL
Array
(
    [sql] => UPDATE materiel SET marque = :marque, modele = :modele, type_materiel = :type_materiel, numero_serie = :numero_serie, version_firmware = :version_firmware, adresse_ip = :adresse_ip, adresse_mac = :adresse_mac WHERE id = :id
    [params] => Array
        (
            [0] => :marque
            [1] => :modele
            [2] => :type_materiel
            [3] => :numero_serie
            [4] => :version_firmware
            [5] => :adresse_ip
            [6] => :adresse_mac
            [7] => :id
        )

)

--------------------------------------------------------------------------------
[2026-06-01 13:50:49] Mise à jour réussie ID: 2742
--------------------------------------------------------------------------------
[2026-06-01 13:50:49] Traitement ID: 2744
--------------------------------------------------------------------------------
[2026-06-01 13:50:49] SQL
Array
(
    [sql] => UPDATE materiel SET marque = :marque, modele = :modele, type_materiel = :type_materiel, numero_serie = :numero_serie, version_firmware = :version_firmware, adresse_ip = :adresse_ip, adresse_mac = :adresse_mac WHERE id = :id
    [params] => Array
        (
            [0] => :marque
            [1] => :modele
            [2] => :type_materiel
            [3] => :numero_serie
            [4] => :version_firmware
            [5] => :adresse_ip
            [6] => :adresse_mac
            [7] => :id
        )

)

--------------------------------------------------------------------------------
[2026-06-01 13:50:49] Mise à jour réussie ID: 2744
--------------------------------------------------------------------------------
[2026-06-01 13:50:49] Réponse
Array
(
    [status] => success
    [message] => 8 ligne(s) mise(s) à jour
    [updated] => 8
    [total_rows] => 8
    [errors] => Array
        (
        )

)

--------------------------------------------------------------------------------
[2026-06-01 13:50:49] === FIN ===
--------------------------------------------------------------------------------
[2026-06-01 13:50:49] === DÉBUT ===
--------------------------------------------------------------------------------
[2026-06-01 13:50:49] Input reçu
Array
(
    [raw_length] => 14637
    [has_data] => 1
)

--------------------------------------------------------------------------------
[2026-06-01 13:50:49] Connexion BDD OK
--------------------------------------------------------------------------------
[2026-06-01 13:50:49] Traitement ID: 2733
--------------------------------------------------------------------------------
[2026-06-01 13:50:49] SQL
Array
(
    [sql] => UPDATE materiel SET marque = :marque, modele = :modele, type_materiel = :type_materiel, numero_serie = :numero_serie, commentaire = :commentaire WHERE id = :id
    [params] => Array
        (
            [0] => :marque
            [1] => :modele
            [2] => :type_materiel
            [3] => :numero_serie
            [4] => :commentaire
            [5] => :id
        )

)

--------------------------------------------------------------------------------
[2026-06-01 13:50:49] Mise à jour réussie ID: 2733
--------------------------------------------------------------------------------
[2026-06-01 13:50:49] Traitement ID: 2722
--------------------------------------------------------------------------------
[2026-06-01 13:50:49] SQL
Array
(
    [sql] => UPDATE materiel SET marque = :marque, modele = :modele, type_materiel = :type_materiel, numero_serie = :numero_serie, commentaire = :commentaire WHERE id = :id
    [params] => Array
        (
            [0] => :marque
            [1] => :modele
            [2] => :type_materiel
            [3] => :numero_serie
            [4] => :commentaire
            [5] => :id
        )

)

--------------------------------------------------------------------------------
[2026-06-01 13:50:49] Mise à jour réussie ID: 2722
--------------------------------------------------------------------------------
[2026-06-01 13:50:49] Traitement ID: 2725
--------------------------------------------------------------------------------
[2026-06-01 13:50:49] SQL
Array
(
    [sql] => UPDATE materiel SET marque = :marque, modele = :modele, type_materiel = :type_materiel, numero_serie = :numero_serie, commentaire = :commentaire WHERE id = :id
    [params] => Array
        (
            [0] => :marque
            [1] => :modele
            [2] => :type_materiel
            [3] => :numero_serie
            [4] => :commentaire
            [5] => :id
        )

)

--------------------------------------------------------------------------------
[2026-06-01 13:50:49] Mise à jour réussie ID: 2725
--------------------------------------------------------------------------------
[2026-06-01 13:50:49] Traitement ID: 2729
--------------------------------------------------------------------------------
[2026-06-01 13:50:49] SQL
Array
(
    [sql] => UPDATE materiel SET marque = :marque, modele = :modele, type_materiel = :type_materiel, numero_serie = :numero_serie, commentaire = :commentaire WHERE id = :id
    [params] => Array
        (
            [0] => :marque
            [1] => :modele
            [2] => :type_materiel
            [3] => :numero_serie
            [4] => :commentaire
            [5] => :id
        )

)

--------------------------------------------------------------------------------
[2026-06-01 13:50:49] Mise à jour réussie ID: 2729
--------------------------------------------------------------------------------
[2026-06-01 13:50:49] Traitement ID: 2726
--------------------------------------------------------------------------------
[2026-06-01 13:50:49] SQL
Array
(
    [sql] => UPDATE materiel SET marque = :marque, modele = :modele, type_materiel = :type_materiel, numero_serie = :numero_serie, commentaire = :commentaire WHERE id = :id
    [params] => Array
        (
            [0] => :marque
            [1] => :modele
            [2] => :type_materiel
            [3] => :numero_serie
            [4] => :commentaire
            [5] => :id
        )

)

--------------------------------------------------------------------------------
[2026-06-01 13:50:49] Mise à jour réussie ID: 2726
--------------------------------------------------------------------------------
[2026-06-01 13:50:49] Traitement ID: 2728
--------------------------------------------------------------------------------
[2026-06-01 13:50:49] SQL
Array
(
    [sql] => UPDATE materiel SET marque = :marque, modele = :modele, type_materiel = :type_materiel, numero_serie = :numero_serie, commentaire = :commentaire WHERE id = :id
    [params] => Array
        (
            [0] => :marque
            [1] => :modele
            [2] => :type_materiel
            [3] => :numero_serie
            [4] => :commentaire
            [5] => :id
        )

)

--------------------------------------------------------------------------------
[2026-06-01 13:50:49] Mise à jour réussie ID: 2728
--------------------------------------------------------------------------------
[2026-06-01 13:50:49] Traitement ID: 2732
--------------------------------------------------------------------------------
[2026-06-01 13:50:49] SQL
Array
(
    [sql] => UPDATE materiel SET marque = :marque, modele = :modele, type_materiel = :type_materiel, numero_serie = :numero_serie, commentaire = :commentaire WHERE id = :id
    [params] => Array
        (
            [0] => :marque
            [1] => :modele
            [2] => :type_materiel
            [3] => :numero_serie
            [4] => :commentaire
            [5] => :id
        )

)

--------------------------------------------------------------------------------
[2026-06-01 13:50:49] Mise à jour réussie ID: 2732
--------------------------------------------------------------------------------
[2026-06-01 13:50:49] Traitement ID: 2735
--------------------------------------------------------------------------------
[2026-06-01 13:50:49] SQL
Array
(
    [sql] => UPDATE materiel SET marque = :marque, modele = :modele, type_materiel = :type_materiel, numero_serie = :numero_serie, commentaire = :commentaire WHERE id = :id
    [params] => Array
        (
            [0] => :marque
            [1] => :modele
            [2] => :type_materiel
            [3] => :numero_serie
            [4] => :commentaire
            [5] => :id
        )

)

--------------------------------------------------------------------------------
[2026-06-01 13:50:49] Mise à jour réussie ID: 2735
--------------------------------------------------------------------------------
[2026-06-01 13:50:49] Traitement ID: 2714
--------------------------------------------------------------------------------
[2026-06-01 13:50:49] SQL
Array
(
    [sql] => UPDATE materiel SET marque = :marque, modele = :modele WHERE id = :id
    [params] => Array
        (
            [0] => :marque
            [1] => :modele
            [2] => :id
        )

)

--------------------------------------------------------------------------------
[2026-06-01 13:50:49] Mise à jour réussie ID: 2714
--------------------------------------------------------------------------------
[2026-06-01 13:50:49] Traitement ID: 2717
--------------------------------------------------------------------------------
[2026-06-01 13:50:49] SQL
Array
(
    [sql] => UPDATE materiel SET marque = :marque, modele = :modele, type_materiel = :type_materiel, numero_serie = :numero_serie, commentaire = :commentaire WHERE id = :id
    [params] => Array
        (
            [0] => :marque
            [1] => :modele
            [2] => :type_materiel
            [3] => :numero_serie
            [4] => :commentaire
            [5] => :id
        )

)

--------------------------------------------------------------------------------
[2026-06-01 13:50:49] Mise à jour réussie ID: 2717
--------------------------------------------------------------------------------
[2026-06-01 13:50:49] Traitement ID: 2715
--------------------------------------------------------------------------------
[2026-06-01 13:50:49] SQL
Array
(
    [sql] => UPDATE materiel SET marque = :marque, modele = :modele WHERE id = :id
    [params] => Array
        (
            [0] => :marque
            [1] => :modele
            [2] => :id
        )

)

--------------------------------------------------------------------------------
[2026-06-01 13:50:49] Mise à jour réussie ID: 2715
--------------------------------------------------------------------------------
[2026-06-01 13:50:49] Traitement ID: 2718
--------------------------------------------------------------------------------
[2026-06-01 13:50:49] SQL
Array
(
    [sql] => UPDATE materiel SET marque = :marque, modele = :modele, type_materiel = :type_materiel, numero_serie = :numero_serie, commentaire = :commentaire WHERE id = :id
    [params] => Array
        (
            [0] => :marque
            [1] => :modele
            [2] => :type_materiel
            [3] => :numero_serie
            [4] => :commentaire
            [5] => :id
        )

)

--------------------------------------------------------------------------------
[2026-06-01 13:50:49] Mise à jour réussie ID: 2718
--------------------------------------------------------------------------------
[2026-06-01 13:50:49] Traitement ID: 2716
--------------------------------------------------------------------------------
[2026-06-01 13:50:49] SQL
Array
(
    [sql] => UPDATE materiel SET marque = :marque, modele = :modele WHERE id = :id
    [params] => Array
        (
            [0] => :marque
            [1] => :modele
            [2] => :id
        )

)

--------------------------------------------------------------------------------
[2026-06-01 13:50:49] Mise à jour réussie ID: 2716
--------------------------------------------------------------------------------
[2026-06-01 13:50:49] Traitement ID: 2719
--------------------------------------------------------------------------------
[2026-06-01 13:50:49] SQL
Array
(
    [sql] => UPDATE materiel SET marque = :marque, modele = :modele, type_materiel = :type_materiel, numero_serie = :numero_serie, commentaire = :commentaire WHERE id = :id
    [params] => Array
        (
            [0] => :marque
            [1] => :modele
            [2] => :type_materiel
            [3] => :numero_serie
            [4] => :commentaire
            [5] => :id
        )

)

--------------------------------------------------------------------------------
[2026-06-01 13:50:49] Mise à jour réussie ID: 2719
--------------------------------------------------------------------------------
[2026-06-01 13:50:49] Traitement ID: 2720
--------------------------------------------------------------------------------
[2026-06-01 13:50:49] SQL
Array
(
    [sql] => UPDATE materiel SET marque = :marque, modele = :modele, type_materiel = :type_materiel, numero_serie = :numero_serie, commentaire = :commentaire WHERE id = :id
    [params] => Array
        (
            [0] => :marque
            [1] => :modele
            [2] => :type_materiel
            [3] => :numero_serie
            [4] => :commentaire
            [5] => :id
        )

)

--------------------------------------------------------------------------------
[2026-06-01 13:50:49] Mise à jour réussie ID: 2720
--------------------------------------------------------------------------------
[2026-06-01 13:50:49] Traitement ID: 2721
--------------------------------------------------------------------------------
[2026-06-01 13:50:49] SQL
Array
(
    [sql] => UPDATE materiel SET marque = :marque, modele = :modele, type_materiel = :type_materiel, numero_serie = :numero_serie, commentaire = :commentaire WHERE id = :id
    [params] => Array
        (
            [0] => :marque
            [1] => :modele
            [2] => :type_materiel
            [3] => :numero_serie
            [4] => :commentaire
            [5] => :id
        )

)

--------------------------------------------------------------------------------
[2026-06-01 13:50:49] Mise à jour réussie ID: 2721
--------------------------------------------------------------------------------
[2026-06-01 13:50:49] Traitement ID: 2731
--------------------------------------------------------------------------------
[2026-06-01 13:50:49] SQL
Array
(
    [sql] => UPDATE materiel SET marque = :marque, modele = :modele, type_materiel = :type_materiel, numero_serie = :numero_serie, commentaire = :commentaire WHERE id = :id
    [params] => Array
        (
            [0] => :marque
            [1] => :modele
            [2] => :type_materiel
            [3] => :numero_serie
            [4] => :commentaire
            [5] => :id
        )

)

--------------------------------------------------------------------------------
[2026-06-01 13:50:49] Mise à jour réussie ID: 2731
--------------------------------------------------------------------------------
[2026-06-01 13:50:49] Traitement ID: 2727
--------------------------------------------------------------------------------
[2026-06-01 13:50:49] SQL
Array
(
    [sql] => UPDATE materiel SET marque = :marque, modele = :modele, type_materiel = :type_materiel, numero_serie = :numero_serie, commentaire = :commentaire WHERE id = :id
    [params] => Array
        (
            [0] => :marque
            [1] => :modele
            [2] => :type_materiel
            [3] => :numero_serie
            [4] => :commentaire
            [5] => :id
        )

)

--------------------------------------------------------------------------------
[2026-06-01 13:50:49] Mise à jour réussie ID: 2727
--------------------------------------------------------------------------------
[2026-06-01 13:50:49] Traitement ID: 2723
--------------------------------------------------------------------------------
[2026-06-01 13:50:49] SQL
Array
(
    [sql] => UPDATE materiel SET marque = :marque, modele = :modele, type_materiel = :type_materiel, numero_serie = :numero_serie, commentaire = :commentaire WHERE id = :id
    [params] => Array
        (
            [0] => :marque
            [1] => :modele
            [2] => :type_materiel
            [3] => :numero_serie
            [4] => :commentaire
            [5] => :id
        )

)

--------------------------------------------------------------------------------
[2026-06-01 13:50:49] Mise à jour réussie ID: 2723
--------------------------------------------------------------------------------
[2026-06-01 13:50:49] Traitement ID: 2724
--------------------------------------------------------------------------------
[2026-06-01 13:50:49] SQL
Array
(
    [sql] => UPDATE materiel SET marque = :marque, modele = :modele, type_materiel = :type_materiel, numero_serie = :numero_serie, commentaire = :commentaire WHERE id = :id
    [params] => Array
        (
            [0] => :marque
            [1] => :modele
            [2] => :type_materiel
            [3] => :numero_serie
            [4] => :commentaire
            [5] => :id
        )

)

--------------------------------------------------------------------------------
[2026-06-01 13:50:49] Mise à jour réussie ID: 2724
--------------------------------------------------------------------------------
[2026-06-01 13:50:49] Traitement ID: 2730
--------------------------------------------------------------------------------
[2026-06-01 13:50:49] SQL
Array
(
    [sql] => UPDATE materiel SET marque = :marque, modele = :modele, type_materiel = :type_materiel, numero_serie = :numero_serie, commentaire = :commentaire WHERE id = :id
    [params] => Array
        (
            [0] => :marque
            [1] => :modele
            [2] => :type_materiel
            [3] => :numero_serie
            [4] => :commentaire
            [5] => :id
        )

)

--------------------------------------------------------------------------------
[2026-06-01 13:50:49] Mise à jour réussie ID: 2730
--------------------------------------------------------------------------------
[2026-06-01 13:50:49] Traitement ID: 2734
--------------------------------------------------------------------------------
[2026-06-01 13:50:49] SQL
Array
(
    [sql] => UPDATE materiel SET marque = :marque, modele = :modele, type_materiel = :type_materiel, numero_serie = :numero_serie, commentaire = :commentaire WHERE id = :id
    [params] => Array
        (
            [0] => :marque
            [1] => :modele
            [2] => :type_materiel
            [3] => :numero_serie
            [4] => :commentaire
            [5] => :id
        )

)

--------------------------------------------------------------------------------
[2026-06-01 13:50:49] Mise à jour réussie ID: 2734
--------------------------------------------------------------------------------
[2026-06-01 13:50:49] Réponse
Array
(
    [status] => success
    [message] => 22 ligne(s) mise(s) à jour
    [updated] => 22
    [total_rows] => 22
    [errors] => Array
        (
        )

)

--------------------------------------------------------------------------------
[2026-06-01 13:50:49] === FIN ===
--------------------------------------------------------------------------------
[2026-06-01 13:51:35] === DÉBUT ===
--------------------------------------------------------------------------------
[2026-06-01 13:51:35] Input reçu
Array
(
    [raw_length] => 14637
    [has_data] => 1
)

--------------------------------------------------------------------------------
[2026-06-01 13:51:35] Connexion BDD OK
--------------------------------------------------------------------------------
[2026-06-01 13:51:35] Traitement ID: 2733
--------------------------------------------------------------------------------
[2026-06-01 13:51:35] SQL
Array
(
    [sql] => UPDATE materiel SET marque = :marque, modele = :modele, type_materiel = :type_materiel, numero_serie = :numero_serie, commentaire = :commentaire WHERE id = :id
    [params] => Array
        (
            [0] => :marque
            [1] => :modele
            [2] => :type_materiel
            [3] => :numero_serie
            [4] => :commentaire
            [5] => :id
        )

)

--------------------------------------------------------------------------------
[2026-06-01 13:51:35] Mise à jour réussie ID: 2733
--------------------------------------------------------------------------------
[2026-06-01 13:51:35] Traitement ID: 2722
--------------------------------------------------------------------------------
[2026-06-01 13:51:35] SQL
Array
(
    [sql] => UPDATE materiel SET marque = :marque, modele = :modele, type_materiel = :type_materiel, numero_serie = :numero_serie, commentaire = :commentaire WHERE id = :id
    [params] => Array
        (
            [0] => :marque
            [1] => :modele
            [2] => :type_materiel
            [3] => :numero_serie
            [4] => :commentaire
            [5] => :id
        )

)

--------------------------------------------------------------------------------
[2026-06-01 13:51:35] Mise à jour réussie ID: 2722
--------------------------------------------------------------------------------
[2026-06-01 13:51:35] Traitement ID: 2725
--------------------------------------------------------------------------------
[2026-06-01 13:51:35] SQL
Array
(
    [sql] => UPDATE materiel SET marque = :marque, modele = :modele, type_materiel = :type_materiel, numero_serie = :numero_serie, commentaire = :commentaire WHERE id = :id
    [params] => Array
        (
            [0] => :marque
            [1] => :modele
            [2] => :type_materiel
            [3] => :numero_serie
            [4] => :commentaire
            [5] => :id
        )

)

--------------------------------------------------------------------------------
[2026-06-01 13:51:35] Mise à jour réussie ID: 2725
--------------------------------------------------------------------------------
[2026-06-01 13:51:35] Traitement ID: 2729
--------------------------------------------------------------------------------
[2026-06-01 13:51:35] SQL
Array
(
    [sql] => UPDATE materiel SET marque = :marque, modele = :modele, type_materiel = :type_materiel, numero_serie = :numero_serie, commentaire = :commentaire WHERE id = :id
    [params] => Array
        (
            [0] => :marque
            [1] => :modele
            [2] => :type_materiel
            [3] => :numero_serie
            [4] => :commentaire
            [5] => :id
        )

)

--------------------------------------------------------------------------------
[2026-06-01 13:51:35] Mise à jour réussie ID: 2729
--------------------------------------------------------------------------------
[2026-06-01 13:51:35] Traitement ID: 2726
--------------------------------------------------------------------------------
[2026-06-01 13:51:35] SQL
Array
(
    [sql] => UPDATE materiel SET marque = :marque, modele = :modele, type_materiel = :type_materiel, numero_serie = :numero_serie, commentaire = :commentaire WHERE id = :id
    [params] => Array
        (
            [0] => :marque
            [1] => :modele
            [2] => :type_materiel
            [3] => :numero_serie
            [4] => :commentaire
            [5] => :id
        )

)

--------------------------------------------------------------------------------
[2026-06-01 13:51:35] Mise à jour réussie ID: 2726
--------------------------------------------------------------------------------
[2026-06-01 13:51:35] Traitement ID: 2728
--------------------------------------------------------------------------------
[2026-06-01 13:51:35] SQL
Array
(
    [sql] => UPDATE materiel SET marque = :marque, modele = :modele, type_materiel = :type_materiel, numero_serie = :numero_serie, commentaire = :commentaire WHERE id = :id
    [params] => Array
        (
            [0] => :marque
            [1] => :modele
            [2] => :type_materiel
            [3] => :numero_serie
            [4] => :commentaire
            [5] => :id
        )

)

--------------------------------------------------------------------------------
[2026-06-01 13:51:35] Mise à jour réussie ID: 2728
--------------------------------------------------------------------------------
[2026-06-01 13:51:35] Traitement ID: 2732
--------------------------------------------------------------------------------
[2026-06-01 13:51:35] SQL
Array
(
    [sql] => UPDATE materiel SET marque = :marque, modele = :modele, type_materiel = :type_materiel, numero_serie = :numero_serie, commentaire = :commentaire WHERE id = :id
    [params] => Array
        (
            [0] => :marque
            [1] => :modele
            [2] => :type_materiel
            [3] => :numero_serie
            [4] => :commentaire
            [5] => :id
        )

)

--------------------------------------------------------------------------------
[2026-06-01 13:51:35] Mise à jour réussie ID: 2732
--------------------------------------------------------------------------------
[2026-06-01 13:51:35] Traitement ID: 2735
--------------------------------------------------------------------------------
[2026-06-01 13:51:35] SQL
Array
(
    [sql] => UPDATE materiel SET marque = :marque, modele = :modele, type_materiel = :type_materiel, numero_serie = :numero_serie, commentaire = :commentaire WHERE id = :id
    [params] => Array
        (
            [0] => :marque
            [1] => :modele
            [2] => :type_materiel
            [3] => :numero_serie
            [4] => :commentaire
            [5] => :id
        )

)

--------------------------------------------------------------------------------
[2026-06-01 13:51:35] Mise à jour réussie ID: 2735
--------------------------------------------------------------------------------
[2026-06-01 13:51:35] Traitement ID: 2714
--------------------------------------------------------------------------------
[2026-06-01 13:51:35] SQL
Array
(
    [sql] => UPDATE materiel SET marque = :marque, modele = :modele WHERE id = :id
    [params] => Array
        (
            [0] => :marque
            [1] => :modele
            [2] => :id
        )

)

--------------------------------------------------------------------------------
[2026-06-01 13:51:35] Mise à jour réussie ID: 2714
--------------------------------------------------------------------------------
[2026-06-01 13:51:35] Traitement ID: 2717
--------------------------------------------------------------------------------
[2026-06-01 13:51:35] SQL
Array
(
    [sql] => UPDATE materiel SET marque = :marque, modele = :modele, type_materiel = :type_materiel, numero_serie = :numero_serie, commentaire = :commentaire WHERE id = :id
    [params] => Array
        (
            [0] => :marque
            [1] => :modele
            [2] => :type_materiel
            [3] => :numero_serie
            [4] => :commentaire
            [5] => :id
        )

)

--------------------------------------------------------------------------------
[2026-06-01 13:51:35] Mise à jour réussie ID: 2717
--------------------------------------------------------------------------------
[2026-06-01 13:51:35] Traitement ID: 2715
--------------------------------------------------------------------------------
[2026-06-01 13:51:35] SQL
Array
(
    [sql] => UPDATE materiel SET marque = :marque, modele = :modele WHERE id = :id
    [params] => Array
        (
            [0] => :marque
            [1] => :modele
            [2] => :id
        )

)

--------------------------------------------------------------------------------
[2026-06-01 13:51:35] Mise à jour réussie ID: 2715
--------------------------------------------------------------------------------
[2026-06-01 13:51:35] Traitement ID: 2718
--------------------------------------------------------------------------------
[2026-06-01 13:51:35] SQL
Array
(
    [sql] => UPDATE materiel SET marque = :marque, modele = :modele, type_materiel = :type_materiel, numero_serie = :numero_serie, commentaire = :commentaire WHERE id = :id
    [params] => Array
        (
            [0] => :marque
            [1] => :modele
            [2] => :type_materiel
            [3] => :numero_serie
            [4] => :commentaire
            [5] => :id
        )

)

--------------------------------------------------------------------------------
[2026-06-01 13:51:35] Mise à jour réussie ID: 2718
--------------------------------------------------------------------------------
[2026-06-01 13:51:35] Traitement ID: 2716
--------------------------------------------------------------------------------
[2026-06-01 13:51:35] SQL
Array
(
    [sql] => UPDATE materiel SET marque = :marque, modele = :modele WHERE id = :id
    [params] => Array
        (
            [0] => :marque
            [1] => :modele
            [2] => :id
        )

)

--------------------------------------------------------------------------------
[2026-06-01 13:51:35] Mise à jour réussie ID: 2716
--------------------------------------------------------------------------------
[2026-06-01 13:51:35] Traitement ID: 2719
--------------------------------------------------------------------------------
[2026-06-01 13:51:35] SQL
Array
(
    [sql] => UPDATE materiel SET marque = :marque, modele = :modele, type_materiel = :type_materiel, numero_serie = :numero_serie, commentaire = :commentaire WHERE id = :id
    [params] => Array
        (
            [0] => :marque
            [1] => :modele
            [2] => :type_materiel
            [3] => :numero_serie
            [4] => :commentaire
            [5] => :id
        )

)

--------------------------------------------------------------------------------
[2026-06-01 13:51:35] Mise à jour réussie ID: 2719
--------------------------------------------------------------------------------
[2026-06-01 13:51:35] Traitement ID: 2720
--------------------------------------------------------------------------------
[2026-06-01 13:51:35] SQL
Array
(
    [sql] => UPDATE materiel SET marque = :marque, modele = :modele, type_materiel = :type_materiel, numero_serie = :numero_serie, commentaire = :commentaire WHERE id = :id
    [params] => Array
        (
            [0] => :marque
            [1] => :modele
            [2] => :type_materiel
            [3] => :numero_serie
            [4] => :commentaire
            [5] => :id
        )

)

--------------------------------------------------------------------------------
[2026-06-01 13:51:35] Mise à jour réussie ID: 2720
--------------------------------------------------------------------------------
[2026-06-01 13:51:35] Traitement ID: 2721
--------------------------------------------------------------------------------
[2026-06-01 13:51:35] SQL
Array
(
    [sql] => UPDATE materiel SET marque = :marque, modele = :modele, type_materiel = :type_materiel, numero_serie = :numero_serie, commentaire = :commentaire WHERE id = :id
    [params] => Array
        (
            [0] => :marque
            [1] => :modele
            [2] => :type_materiel
            [3] => :numero_serie
            [4] => :commentaire
            [5] => :id
        )

)

--------------------------------------------------------------------------------
[2026-06-01 13:51:35] Mise à jour réussie ID: 2721
--------------------------------------------------------------------------------
[2026-06-01 13:51:35] Traitement ID: 2731
--------------------------------------------------------------------------------
[2026-06-01 13:51:35] SQL
Array
(
    [sql] => UPDATE materiel SET marque = :marque, modele = :modele, type_materiel = :type_materiel, numero_serie = :numero_serie, commentaire = :commentaire WHERE id = :id
    [params] => Array
        (
            [0] => :marque
            [1] => :modele
            [2] => :type_materiel
            [3] => :numero_serie
            [4] => :commentaire
            [5] => :id
        )

)

--------------------------------------------------------------------------------
[2026-06-01 13:51:35] Mise à jour réussie ID: 2731
--------------------------------------------------------------------------------
[2026-06-01 13:51:35] Traitement ID: 2727
--------------------------------------------------------------------------------
[2026-06-01 13:51:35] SQL
Array
(
    [sql] => UPDATE materiel SET marque = :marque, modele = :modele, type_materiel = :type_materiel, numero_serie = :numero_serie, commentaire = :commentaire WHERE id = :id
    [params] => Array
        (
            [0] => :marque
            [1] => :modele
            [2] => :type_materiel
            [3] => :numero_serie
            [4] => :commentaire
            [5] => :id
        )

)

--------------------------------------------------------------------------------
[2026-06-01 13:51:35] Mise à jour réussie ID: 2727
--------------------------------------------------------------------------------
[2026-06-01 13:51:35] Traitement ID: 2723
--------------------------------------------------------------------------------
[2026-06-01 13:51:35] SQL
Array
(
    [sql] => UPDATE materiel SET marque = :marque, modele = :modele, type_materiel = :type_materiel, numero_serie = :numero_serie, commentaire = :commentaire WHERE id = :id
    [params] => Array
        (
            [0] => :marque
            [1] => :modele
            [2] => :type_materiel
            [3] => :numero_serie
            [4] => :commentaire
            [5] => :id
        )

)

--------------------------------------------------------------------------------
[2026-06-01 13:51:35] Mise à jour réussie ID: 2723
--------------------------------------------------------------------------------
[2026-06-01 13:51:35] Traitement ID: 2724
--------------------------------------------------------------------------------
[2026-06-01 13:51:35] SQL
Array
(
    [sql] => UPDATE materiel SET marque = :marque, modele = :modele, type_materiel = :type_materiel, numero_serie = :numero_serie, commentaire = :commentaire WHERE id = :id
    [params] => Array
        (
            [0] => :marque
            [1] => :modele
            [2] => :type_materiel
            [3] => :numero_serie
            [4] => :commentaire
            [5] => :id
        )

)

--------------------------------------------------------------------------------
[2026-06-01 13:51:35] Mise à jour réussie ID: 2724
--------------------------------------------------------------------------------
[2026-06-01 13:51:35] Traitement ID: 2730
--------------------------------------------------------------------------------
[2026-06-01 13:51:35] SQL
Array
(
    [sql] => UPDATE materiel SET marque = :marque, modele = :modele, type_materiel = :type_materiel, numero_serie = :numero_serie, commentaire = :commentaire WHERE id = :id
    [params] => Array
        (
            [0] => :marque
            [1] => :modele
            [2] => :type_materiel
            [3] => :numero_serie
            [4] => :commentaire
            [5] => :id
        )

)

--------------------------------------------------------------------------------
[2026-06-01 13:51:35] Mise à jour réussie ID: 2730
--------------------------------------------------------------------------------
[2026-06-01 13:51:35] Traitement ID: 2734
--------------------------------------------------------------------------------
[2026-06-01 13:51:35] SQL
Array
(
    [sql] => UPDATE materiel SET marque = :marque, modele = :modele, type_materiel = :type_materiel, numero_serie = :numero_serie, commentaire = :commentaire WHERE id = :id
    [params] => Array
        (
            [0] => :marque
            [1] => :modele
            [2] => :type_materiel
            [3] => :numero_serie
            [4] => :commentaire
            [5] => :id
        )

)

--------------------------------------------------------------------------------
[2026-06-01 13:51:35] Mise à jour réussie ID: 2734
--------------------------------------------------------------------------------
[2026-06-01 13:51:35] Réponse
Array
(
    [status] => success
    [message] => 22 ligne(s) mise(s) à jour
    [updated] => 22
    [total_rows] => 22
    [errors] => Array
        (
        )

)

--------------------------------------------------------------------------------
[2026-06-01 13:51:35] === FIN ===
--------------------------------------------------------------------------------
[2026-06-01 13:51:35] === DÉBUT ===
--------------------------------------------------------------------------------
[2026-06-01 13:51:35] Input reçu
Array
(
    [raw_length] => 5346
    [has_data] => 1
)

--------------------------------------------------------------------------------
[2026-06-01 13:51:35] Connexion BDD OK
--------------------------------------------------------------------------------
[2026-06-01 13:51:35] Traitement ID: 2736
--------------------------------------------------------------------------------
[2026-06-01 13:51:35] SQL
Array
(
    [sql] => UPDATE materiel SET marque = :marque, modele = :modele, type_materiel = :type_materiel, numero_serie = :numero_serie, version_firmware = :version_firmware, adresse_ip = :adresse_ip, adresse_mac = :adresse_mac, commentaire = :commentaire WHERE id = :id
    [params] => Array
        (
            [0] => :marque
            [1] => :modele
            [2] => :type_materiel
            [3] => :numero_serie
            [4] => :version_firmware
            [5] => :adresse_ip
            [6] => :adresse_mac
            [7] => :commentaire
            [8] => :id
        )

)

--------------------------------------------------------------------------------
[2026-06-01 13:51:35] Mise à jour réussie ID: 2736
--------------------------------------------------------------------------------
[2026-06-01 13:51:35] Traitement ID: 2745
--------------------------------------------------------------------------------
[2026-06-01 13:51:35] SQL
Array
(
    [sql] => UPDATE materiel SET marque = :marque, modele = :modele, type_materiel = :type_materiel, numero_serie = :numero_serie, version_firmware = :version_firmware, adresse_ip = :adresse_ip, adresse_mac = :adresse_mac WHERE id = :id
    [params] => Array
        (
            [0] => :marque
            [1] => :modele
            [2] => :type_materiel
            [3] => :numero_serie
            [4] => :version_firmware
            [5] => :adresse_ip
            [6] => :adresse_mac
            [7] => :id
        )

)

--------------------------------------------------------------------------------
[2026-06-01 13:51:35] Mise à jour réussie ID: 2745
--------------------------------------------------------------------------------
[2026-06-01 13:51:35] Traitement ID: 2746
--------------------------------------------------------------------------------
[2026-06-01 13:51:35] SQL
Array
(
    [sql] => UPDATE materiel SET marque = :marque, modele = :modele, type_materiel = :type_materiel, numero_serie = :numero_serie, version_firmware = :version_firmware, adresse_ip = :adresse_ip, adresse_mac = :adresse_mac WHERE id = :id
    [params] => Array
        (
            [0] => :marque
            [1] => :modele
            [2] => :type_materiel
            [3] => :numero_serie
            [4] => :version_firmware
            [5] => :adresse_ip
            [6] => :adresse_mac
            [7] => :id
        )

)

--------------------------------------------------------------------------------
[2026-06-01 13:51:35] Mise à jour réussie ID: 2746
--------------------------------------------------------------------------------
[2026-06-01 13:51:35] Traitement ID: 2748
--------------------------------------------------------------------------------
[2026-06-01 13:51:35] SQL
Array
(
    [sql] => UPDATE materiel SET marque = :marque, modele = :modele, type_materiel = :type_materiel, numero_serie = :numero_serie, version_firmware = :version_firmware, adresse_ip = :adresse_ip, adresse_mac = :adresse_mac WHERE id = :id
    [params] => Array
        (
            [0] => :marque
            [1] => :modele
            [2] => :type_materiel
            [3] => :numero_serie
            [4] => :version_firmware
            [5] => :adresse_ip
            [6] => :adresse_mac
            [7] => :id
        )

)

--------------------------------------------------------------------------------
[2026-06-01 13:51:35] Mise à jour réussie ID: 2748
--------------------------------------------------------------------------------
[2026-06-01 13:51:35] Traitement ID: 2747
--------------------------------------------------------------------------------
[2026-06-01 13:51:35] SQL
Array
(
    [sql] => UPDATE materiel SET marque = :marque, modele = :modele, type_materiel = :type_materiel, numero_serie = :numero_serie, version_firmware = :version_firmware, adresse_ip = :adresse_ip, adresse_mac = :adresse_mac WHERE id = :id
    [params] => Array
        (
            [0] => :marque
            [1] => :modele
            [2] => :type_materiel
            [3] => :numero_serie
            [4] => :version_firmware
            [5] => :adresse_ip
            [6] => :adresse_mac
            [7] => :id
        )

)

--------------------------------------------------------------------------------
[2026-06-01 13:51:35] Mise à jour réussie ID: 2747
--------------------------------------------------------------------------------
[2026-06-01 13:51:35] Traitement ID: 2743
--------------------------------------------------------------------------------
[2026-06-01 13:51:35] SQL
Array
(
    [sql] => UPDATE materiel SET marque = :marque, modele = :modele, type_materiel = :type_materiel, numero_serie = :numero_serie, version_firmware = :version_firmware, adresse_ip = :adresse_ip, adresse_mac = :adresse_mac WHERE id = :id
    [params] => Array
        (
            [0] => :marque
            [1] => :modele
            [2] => :type_materiel
            [3] => :numero_serie
            [4] => :version_firmware
            [5] => :adresse_ip
            [6] => :adresse_mac
            [7] => :id
        )

)

--------------------------------------------------------------------------------
[2026-06-01 13:51:35] Mise à jour réussie ID: 2743
--------------------------------------------------------------------------------
[2026-06-01 13:51:35] Traitement ID: 2742
--------------------------------------------------------------------------------
[2026-06-01 13:51:35] SQL
Array
(
    [sql] => UPDATE materiel SET marque = :marque, modele = :modele, type_materiel = :type_materiel, numero_serie = :numero_serie, version_firmware = :version_firmware, adresse_ip = :adresse_ip, adresse_mac = :adresse_mac WHERE id = :id
    [params] => Array
        (
            [0] => :marque
            [1] => :modele
            [2] => :type_materiel
            [3] => :numero_serie
            [4] => :version_firmware
            [5] => :adresse_ip
            [6] => :adresse_mac
            [7] => :id
        )

)

--------------------------------------------------------------------------------
[2026-06-01 13:51:35] Mise à jour réussie ID: 2742
--------------------------------------------------------------------------------
[2026-06-01 13:51:35] Traitement ID: 2744
--------------------------------------------------------------------------------
[2026-06-01 13:51:35] SQL
Array
(
    [sql] => UPDATE materiel SET marque = :marque, modele = :modele, type_materiel = :type_materiel, numero_serie = :numero_serie, version_firmware = :version_firmware, adresse_ip = :adresse_ip, adresse_mac = :adresse_mac WHERE id = :id
    [params] => Array
        (
            [0] => :marque
            [1] => :modele
            [2] => :type_materiel
            [3] => :numero_serie
            [4] => :version_firmware
            [5] => :adresse_ip
            [6] => :adresse_mac
            [7] => :id
        )

)

--------------------------------------------------------------------------------
[2026-06-01 13:51:35] Mise à jour réussie ID: 2744
--------------------------------------------------------------------------------
[2026-06-01 13:51:35] Réponse
Array
(
    [status] => success
    [message] => 8 ligne(s) mise(s) à jour
    [updated] => 8
    [total_rows] => 8
    [errors] => Array
        (
        )

)

--------------------------------------------------------------------------------
[2026-06-01 13:51:35] === FIN ===
--------------------------------------------------------------------------------
[2026-06-01 13:51:46] === DÉBUT ===
--------------------------------------------------------------------------------
[2026-06-01 13:51:46] Input reçu
Array
(
    [raw_length] => 5346
    [has_data] => 1
)

--------------------------------------------------------------------------------
[2026-06-01 13:51:46] Connexion BDD OK
--------------------------------------------------------------------------------
[2026-06-01 13:51:46] Traitement ID: 2736
--------------------------------------------------------------------------------
[2026-06-01 13:51:46] SQL
Array
(
    [sql] => UPDATE materiel SET marque = :marque, modele = :modele, type_materiel = :type_materiel, numero_serie = :numero_serie, version_firmware = :version_firmware, adresse_ip = :adresse_ip, adresse_mac = :adresse_mac, commentaire = :commentaire WHERE id = :id
    [params] => Array
        (
            [0] => :marque
            [1] => :modele
            [2] => :type_materiel
            [3] => :numero_serie
            [4] => :version_firmware
            [5] => :adresse_ip
            [6] => :adresse_mac
            [7] => :commentaire
            [8] => :id
        )

)

--------------------------------------------------------------------------------
[2026-06-01 13:51:46] Mise à jour réussie ID: 2736
--------------------------------------------------------------------------------
[2026-06-01 13:51:46] Traitement ID: 2745
--------------------------------------------------------------------------------
[2026-06-01 13:51:46] SQL
Array
(
    [sql] => UPDATE materiel SET marque = :marque, modele = :modele, type_materiel = :type_materiel, numero_serie = :numero_serie, version_firmware = :version_firmware, adresse_ip = :adresse_ip, adresse_mac = :adresse_mac WHERE id = :id
    [params] => Array
        (
            [0] => :marque
            [1] => :modele
            [2] => :type_materiel
            [3] => :numero_serie
            [4] => :version_firmware
            [5] => :adresse_ip
            [6] => :adresse_mac
            [7] => :id
        )

)

--------------------------------------------------------------------------------
[2026-06-01 13:51:46] Mise à jour réussie ID: 2745
--------------------------------------------------------------------------------
[2026-06-01 13:51:46] Traitement ID: 2746
--------------------------------------------------------------------------------
[2026-06-01 13:51:46] SQL
Array
(
    [sql] => UPDATE materiel SET marque = :marque, modele = :modele, type_materiel = :type_materiel, numero_serie = :numero_serie, version_firmware = :version_firmware, adresse_ip = :adresse_ip, adresse_mac = :adresse_mac WHERE id = :id
    [params] => Array
        (
            [0] => :marque
            [1] => :modele
            [2] => :type_materiel
            [3] => :numero_serie
            [4] => :version_firmware
            [5] => :adresse_ip
            [6] => :adresse_mac
            [7] => :id
        )

)

--------------------------------------------------------------------------------
[2026-06-01 13:51:46] Mise à jour réussie ID: 2746
--------------------------------------------------------------------------------
[2026-06-01 13:51:46] Traitement ID: 2748
--------------------------------------------------------------------------------
[2026-06-01 13:51:46] SQL
Array
(
    [sql] => UPDATE materiel SET marque = :marque, modele = :modele, type_materiel = :type_materiel, numero_serie = :numero_serie, version_firmware = :version_firmware, adresse_ip = :adresse_ip, adresse_mac = :adresse_mac WHERE id = :id
    [params] => Array
        (
            [0] => :marque
            [1] => :modele
            [2] => :type_materiel
            [3] => :numero_serie
            [4] => :version_firmware
            [5] => :adresse_ip
            [6] => :adresse_mac
            [7] => :id
        )

)

--------------------------------------------------------------------------------
[2026-06-01 13:51:46] Mise à jour réussie ID: 2748
--------------------------------------------------------------------------------
[2026-06-01 13:51:46] Traitement ID: 2747
--------------------------------------------------------------------------------
[2026-06-01 13:51:46] SQL
Array
(
    [sql] => UPDATE materiel SET marque = :marque, modele = :modele, type_materiel = :type_materiel, numero_serie = :numero_serie, version_firmware = :version_firmware, adresse_ip = :adresse_ip, adresse_mac = :adresse_mac WHERE id = :id
    [params] => Array
        (
            [0] => :marque
            [1] => :modele
            [2] => :type_materiel
            [3] => :numero_serie
            [4] => :version_firmware
            [5] => :adresse_ip
            [6] => :adresse_mac
            [7] => :id
        )

)

--------------------------------------------------------------------------------
[2026-06-01 13:51:46] Mise à jour réussie ID: 2747
--------------------------------------------------------------------------------
[2026-06-01 13:51:46] Traitement ID: 2743
--------------------------------------------------------------------------------
[2026-06-01 13:51:46] SQL
Array
(
    [sql] => UPDATE materiel SET marque = :marque, modele = :modele, type_materiel = :type_materiel, numero_serie = :numero_serie, version_firmware = :version_firmware, adresse_ip = :adresse_ip, adresse_mac = :adresse_mac WHERE id = :id
    [params] => Array
        (
            [0] => :marque
            [1] => :modele
            [2] => :type_materiel
            [3] => :numero_serie
            [4] => :version_firmware
            [5] => :adresse_ip
            [6] => :adresse_mac
            [7] => :id
        )

)

--------------------------------------------------------------------------------
[2026-06-01 13:51:46] Mise à jour réussie ID: 2743
--------------------------------------------------------------------------------
[2026-06-01 13:51:46] Traitement ID: 2742
--------------------------------------------------------------------------------
[2026-06-01 13:51:46] SQL
Array
(
    [sql] => UPDATE materiel SET marque = :marque, modele = :modele, type_materiel = :type_materiel, numero_serie = :numero_serie, version_firmware = :version_firmware, adresse_ip = :adresse_ip, adresse_mac = :adresse_mac WHERE id = :id
    [params] => Array
        (
            [0] => :marque
            [1] => :modele
            [2] => :type_materiel
            [3] => :numero_serie
            [4] => :version_firmware
            [5] => :adresse_ip
            [6] => :adresse_mac
            [7] => :id
        )

)

--------------------------------------------------------------------------------
[2026-06-01 13:51:46] Mise à jour réussie ID: 2742
--------------------------------------------------------------------------------
[2026-06-01 13:51:46] Traitement ID: 2744
--------------------------------------------------------------------------------
[2026-06-01 13:51:46] SQL
Array
(
    [sql] => UPDATE materiel SET marque = :marque, modele = :modele, type_materiel = :type_materiel, numero_serie = :numero_serie, version_firmware = :version_firmware, adresse_ip = :adresse_ip, adresse_mac = :adresse_mac WHERE id = :id
    [params] => Array
        (
            [0] => :marque
            [1] => :modele
            [2] => :type_materiel
            [3] => :numero_serie
            [4] => :version_firmware
            [5] => :adresse_ip
            [6] => :adresse_mac
            [7] => :id
        )

)

--------------------------------------------------------------------------------
[2026-06-01 13:51:46] Mise à jour réussie ID: 2744
--------------------------------------------------------------------------------
[2026-06-01 13:51:46] Réponse
Array
(
    [status] => success
    [message] => 8 ligne(s) mise(s) à jour
    [updated] => 8
    [total_rows] => 8
    [errors] => Array
        (
        )

)

--------------------------------------------------------------------------------
[2026-06-01 13:51:46] === FIN ===
--------------------------------------------------------------------------------
[2026-06-01 13:51:46] === DÉBUT ===
--------------------------------------------------------------------------------
[2026-06-01 13:51:46] Input reçu
Array
(
    [raw_length] => 14637
    [has_data] => 1
)

--------------------------------------------------------------------------------
[2026-06-01 13:51:46] Connexion BDD OK
--------------------------------------------------------------------------------
[2026-06-01 13:51:46] Traitement ID: 2733
--------------------------------------------------------------------------------
[2026-06-01 13:51:46] SQL
Array
(
    [sql] => UPDATE materiel SET marque = :marque, modele = :modele, type_materiel = :type_materiel, numero_serie = :numero_serie, commentaire = :commentaire WHERE id = :id
    [params] => Array
        (
            [0] => :marque
            [1] => :modele
            [2] => :type_materiel
            [3] => :numero_serie
            [4] => :commentaire
            [5] => :id
        )

)

--------------------------------------------------------------------------------
[2026-06-01 13:51:46] Mise à jour réussie ID: 2733
--------------------------------------------------------------------------------
[2026-06-01 13:51:46] Traitement ID: 2722
--------------------------------------------------------------------------------
[2026-06-01 13:51:46] SQL
Array
(
    [sql] => UPDATE materiel SET marque = :marque, modele = :modele, type_materiel = :type_materiel, numero_serie = :numero_serie, commentaire = :commentaire WHERE id = :id
    [params] => Array
        (
            [0] => :marque
            [1] => :modele
            [2] => :type_materiel
            [3] => :numero_serie
            [4] => :commentaire
            [5] => :id
        )

)

--------------------------------------------------------------------------------
[2026-06-01 13:51:46] Mise à jour réussie ID: 2722
--------------------------------------------------------------------------------
[2026-06-01 13:51:46] Traitement ID: 2725
--------------------------------------------------------------------------------
[2026-06-01 13:51:46] SQL
Array
(
    [sql] => UPDATE materiel SET marque = :marque, modele = :modele, type_materiel = :type_materiel, numero_serie = :numero_serie, commentaire = :commentaire WHERE id = :id
    [params] => Array
        (
            [0] => :marque
            [1] => :modele
            [2] => :type_materiel
            [3] => :numero_serie
            [4] => :commentaire
            [5] => :id
        )

)

--------------------------------------------------------------------------------
[2026-06-01 13:51:46] Mise à jour réussie ID: 2725
--------------------------------------------------------------------------------
[2026-06-01 13:51:46] Traitement ID: 2729
--------------------------------------------------------------------------------
[2026-06-01 13:51:46] SQL
Array
(
    [sql] => UPDATE materiel SET marque = :marque, modele = :modele, type_materiel = :type_materiel, numero_serie = :numero_serie, commentaire = :commentaire WHERE id = :id
    [params] => Array
        (
            [0] => :marque
            [1] => :modele
            [2] => :type_materiel
            [3] => :numero_serie
            [4] => :commentaire
            [5] => :id
        )

)

--------------------------------------------------------------------------------
[2026-06-01 13:51:46] Mise à jour réussie ID: 2729
--------------------------------------------------------------------------------
[2026-06-01 13:51:46] Traitement ID: 2726
--------------------------------------------------------------------------------
[2026-06-01 13:51:46] SQL
Array
(
    [sql] => UPDATE materiel SET marque = :marque, modele = :modele, type_materiel = :type_materiel, numero_serie = :numero_serie, commentaire = :commentaire WHERE id = :id
    [params] => Array
        (
            [0] => :marque
            [1] => :modele
            [2] => :type_materiel
            [3] => :numero_serie
            [4] => :commentaire
            [5] => :id
        )

)

--------------------------------------------------------------------------------
[2026-06-01 13:51:46] Mise à jour réussie ID: 2726
--------------------------------------------------------------------------------
[2026-06-01 13:51:46] Traitement ID: 2728
--------------------------------------------------------------------------------
[2026-06-01 13:51:46] SQL
Array
(
    [sql] => UPDATE materiel SET marque = :marque, modele = :modele, type_materiel = :type_materiel, numero_serie = :numero_serie, commentaire = :commentaire WHERE id = :id
    [params] => Array
        (
            [0] => :marque
            [1] => :modele
            [2] => :type_materiel
            [3] => :numero_serie
            [4] => :commentaire
            [5] => :id
        )

)

--------------------------------------------------------------------------------
[2026-06-01 13:51:46] Mise à jour réussie ID: 2728
--------------------------------------------------------------------------------
[2026-06-01 13:51:46] Traitement ID: 2732
--------------------------------------------------------------------------------
[2026-06-01 13:51:46] SQL
Array
(
    [sql] => UPDATE materiel SET marque = :marque, modele = :modele, type_materiel = :type_materiel, numero_serie = :numero_serie, commentaire = :commentaire WHERE id = :id
    [params] => Array
        (
            [0] => :marque
            [1] => :modele
            [2] => :type_materiel
            [3] => :numero_serie
            [4] => :commentaire
            [5] => :id
        )

)

--------------------------------------------------------------------------------
[2026-06-01 13:51:46] Mise à jour réussie ID: 2732
--------------------------------------------------------------------------------
[2026-06-01 13:51:46] Traitement ID: 2735
--------------------------------------------------------------------------------
[2026-06-01 13:51:46] SQL
Array
(
    [sql] => UPDATE materiel SET marque = :marque, modele = :modele, type_materiel = :type_materiel, numero_serie = :numero_serie, commentaire = :commentaire WHERE id = :id
    [params] => Array
        (
            [0] => :marque
            [1] => :modele
            [2] => :type_materiel
            [3] => :numero_serie
            [4] => :commentaire
            [5] => :id
        )

)

--------------------------------------------------------------------------------
[2026-06-01 13:51:46] Mise à jour réussie ID: 2735
--------------------------------------------------------------------------------
[2026-06-01 13:51:46] Traitement ID: 2714
--------------------------------------------------------------------------------
[2026-06-01 13:51:46] SQL
Array
(
    [sql] => UPDATE materiel SET marque = :marque, modele = :modele WHERE id = :id
    [params] => Array
        (
            [0] => :marque
            [1] => :modele
            [2] => :id
        )

)

--------------------------------------------------------------------------------
[2026-06-01 13:51:46] Mise à jour réussie ID: 2714
--------------------------------------------------------------------------------
[2026-06-01 13:51:46] Traitement ID: 2717
--------------------------------------------------------------------------------
[2026-06-01 13:51:46] SQL
Array
(
    [sql] => UPDATE materiel SET marque = :marque, modele = :modele, type_materiel = :type_materiel, numero_serie = :numero_serie, commentaire = :commentaire WHERE id = :id
    [params] => Array
        (
            [0] => :marque
            [1] => :modele
            [2] => :type_materiel
            [3] => :numero_serie
            [4] => :commentaire
            [5] => :id
        )

)

--------------------------------------------------------------------------------
[2026-06-01 13:51:46] Mise à jour réussie ID: 2717
--------------------------------------------------------------------------------
[2026-06-01 13:51:46] Traitement ID: 2715
--------------------------------------------------------------------------------
[2026-06-01 13:51:46] SQL
Array
(
    [sql] => UPDATE materiel SET marque = :marque, modele = :modele WHERE id = :id
    [params] => Array
        (
            [0] => :marque
            [1] => :modele
            [2] => :id
        )

)

--------------------------------------------------------------------------------
[2026-06-01 13:51:46] Mise à jour réussie ID: 2715
--------------------------------------------------------------------------------
[2026-06-01 13:51:46] Traitement ID: 2718
--------------------------------------------------------------------------------
[2026-06-01 13:51:46] SQL
Array
(
    [sql] => UPDATE materiel SET marque = :marque, modele = :modele, type_materiel = :type_materiel, numero_serie = :numero_serie, commentaire = :commentaire WHERE id = :id
    [params] => Array
        (
            [0] => :marque
            [1] => :modele
            [2] => :type_materiel
            [3] => :numero_serie
            [4] => :commentaire
            [5] => :id
        )

)

--------------------------------------------------------------------------------
[2026-06-01 13:51:46] Mise à jour réussie ID: 2718
--------------------------------------------------------------------------------
[2026-06-01 13:51:46] Traitement ID: 2716
--------------------------------------------------------------------------------
[2026-06-01 13:51:46] SQL
Array
(
    [sql] => UPDATE materiel SET marque = :marque, modele = :modele WHERE id = :id
    [params] => Array
        (
            [0] => :marque
            [1] => :modele
            [2] => :id
        )

)

--------------------------------------------------------------------------------
[2026-06-01 13:51:46] Mise à jour réussie ID: 2716
--------------------------------------------------------------------------------
[2026-06-01 13:51:46] Traitement ID: 2719
--------------------------------------------------------------------------------
[2026-06-01 13:51:46] SQL
Array
(
    [sql] => UPDATE materiel SET marque = :marque, modele = :modele, type_materiel = :type_materiel, numero_serie = :numero_serie, commentaire = :commentaire WHERE id = :id
    [params] => Array
        (
            [0] => :marque
            [1] => :modele
            [2] => :type_materiel
            [3] => :numero_serie
            [4] => :commentaire
            [5] => :id
        )

)

--------------------------------------------------------------------------------
[2026-06-01 13:51:46] Mise à jour réussie ID: 2719
--------------------------------------------------------------------------------
[2026-06-01 13:51:46] Traitement ID: 2720
--------------------------------------------------------------------------------
[2026-06-01 13:51:46] SQL
Array
(
    [sql] => UPDATE materiel SET marque = :marque, modele = :modele, type_materiel = :type_materiel, numero_serie = :numero_serie, commentaire = :commentaire WHERE id = :id
    [params] => Array
        (
            [0] => :marque
            [1] => :modele
            [2] => :type_materiel
            [3] => :numero_serie
            [4] => :commentaire
            [5] => :id
        )

)

--------------------------------------------------------------------------------
[2026-06-01 13:51:46] Mise à jour réussie ID: 2720
--------------------------------------------------------------------------------
[2026-06-01 13:51:46] Traitement ID: 2721
--------------------------------------------------------------------------------
[2026-06-01 13:51:46] SQL
Array
(
    [sql] => UPDATE materiel SET marque = :marque, modele = :modele, type_materiel = :type_materiel, numero_serie = :numero_serie, commentaire = :commentaire WHERE id = :id
    [params] => Array
        (
            [0] => :marque
            [1] => :modele
            [2] => :type_materiel
            [3] => :numero_serie
            [4] => :commentaire
            [5] => :id
        )

)

--------------------------------------------------------------------------------
[2026-06-01 13:51:46] Mise à jour réussie ID: 2721
--------------------------------------------------------------------------------
[2026-06-01 13:51:46] Traitement ID: 2731
--------------------------------------------------------------------------------
[2026-06-01 13:51:46] SQL
Array
(
    [sql] => UPDATE materiel SET marque = :marque, modele = :modele, type_materiel = :type_materiel, numero_serie = :numero_serie, commentaire = :commentaire WHERE id = :id
    [params] => Array
        (
            [0] => :marque
            [1] => :modele
            [2] => :type_materiel
            [3] => :numero_serie
            [4] => :commentaire
            [5] => :id
        )

)

--------------------------------------------------------------------------------
[2026-06-01 13:51:46] Mise à jour réussie ID: 2731
--------------------------------------------------------------------------------
[2026-06-01 13:51:46] Traitement ID: 2727
--------------------------------------------------------------------------------
[2026-06-01 13:51:46] SQL
Array
(
    [sql] => UPDATE materiel SET marque = :marque, modele = :modele, type_materiel = :type_materiel, numero_serie = :numero_serie, commentaire = :commentaire WHERE id = :id
    [params] => Array
        (
            [0] => :marque
            [1] => :modele
            [2] => :type_materiel
            [3] => :numero_serie
            [4] => :commentaire
            [5] => :id
        )

)

--------------------------------------------------------------------------------
[2026-06-01 13:51:46] Mise à jour réussie ID: 2727
--------------------------------------------------------------------------------
[2026-06-01 13:51:46] Traitement ID: 2723
--------------------------------------------------------------------------------
[2026-06-01 13:51:46] SQL
Array
(
    [sql] => UPDATE materiel SET marque = :marque, modele = :modele, type_materiel = :type_materiel, numero_serie = :numero_serie, commentaire = :commentaire WHERE id = :id
    [params] => Array
        (
            [0] => :marque
            [1] => :modele
            [2] => :type_materiel
            [3] => :numero_serie
            [4] => :commentaire
            [5] => :id
        )

)

--------------------------------------------------------------------------------
[2026-06-01 13:51:46] Mise à jour réussie ID: 2723
--------------------------------------------------------------------------------
[2026-06-01 13:51:46] Traitement ID: 2724
--------------------------------------------------------------------------------
[2026-06-01 13:51:46] SQL
Array
(
    [sql] => UPDATE materiel SET marque = :marque, modele = :modele, type_materiel = :type_materiel, numero_serie = :numero_serie, commentaire = :commentaire WHERE id = :id
    [params] => Array
        (
            [0] => :marque
            [1] => :modele
            [2] => :type_materiel
            [3] => :numero_serie
            [4] => :commentaire
            [5] => :id
        )

)

--------------------------------------------------------------------------------
[2026-06-01 13:51:46] Mise à jour réussie ID: 2724
--------------------------------------------------------------------------------
[2026-06-01 13:51:46] Traitement ID: 2730
--------------------------------------------------------------------------------
[2026-06-01 13:51:46] SQL
Array
(
    [sql] => UPDATE materiel SET marque = :marque, modele = :modele, type_materiel = :type_materiel, numero_serie = :numero_serie, commentaire = :commentaire WHERE id = :id
    [params] => Array
        (
            [0] => :marque
            [1] => :modele
            [2] => :type_materiel
            [3] => :numero_serie
            [4] => :commentaire
            [5] => :id
        )

)

--------------------------------------------------------------------------------
[2026-06-01 13:51:46] Mise à jour réussie ID: 2730
--------------------------------------------------------------------------------
[2026-06-01 13:51:46] Traitement ID: 2734
--------------------------------------------------------------------------------
[2026-06-01 13:51:46] SQL
Array
(
    [sql] => UPDATE materiel SET marque = :marque, modele = :modele, type_materiel = :type_materiel, numero_serie = :numero_serie, commentaire = :commentaire WHERE id = :id
    [params] => Array
        (
            [0] => :marque
            [1] => :modele
            [2] => :type_materiel
            [3] => :numero_serie
            [4] => :commentaire
            [5] => :id
        )

)

--------------------------------------------------------------------------------
[2026-06-01 13:51:46] Mise à jour réussie ID: 2734
--------------------------------------------------------------------------------
[2026-06-01 13:51:46] Réponse
Array
(
    [status] => success
    [message] => 22 ligne(s) mise(s) à jour
    [updated] => 22
    [total_rows] => 22
    [errors] => Array
        (
        )

)

--------------------------------------------------------------------------------
[2026-06-01 13:51:46] === FIN ===
--------------------------------------------------------------------------------
[2026-06-01 14:36:17] === DÉBUT ===
--------------------------------------------------------------------------------
[2026-06-01 14:36:17] Input reçu
Array
(
    [raw_length] => 5346
    [has_data] => 1
)

--------------------------------------------------------------------------------
[2026-06-01 14:36:17] Connexion BDD OK
--------------------------------------------------------------------------------
[2026-06-01 14:36:17] Traitement ID: 2736
--------------------------------------------------------------------------------
[2026-06-01 14:36:17] SQL
Array
(
    [sql] => UPDATE materiel SET marque = :marque, modele = :modele, type_materiel = :type_materiel, numero_serie = :numero_serie, version_firmware = :version_firmware, adresse_ip = :adresse_ip, adresse_mac = :adresse_mac, commentaire = :commentaire WHERE id = :id
    [params] => Array
        (
            [0] => :marque
            [1] => :modele
            [2] => :type_materiel
            [3] => :numero_serie
            [4] => :version_firmware
            [5] => :adresse_ip
            [6] => :adresse_mac
            [7] => :commentaire
            [8] => :id
        )

)

--------------------------------------------------------------------------------
[2026-06-01 14:36:17] Mise à jour réussie ID: 2736
--------------------------------------------------------------------------------
[2026-06-01 14:36:17] Traitement ID: 2745
--------------------------------------------------------------------------------
[2026-06-01 14:36:17] SQL
Array
(
    [sql] => UPDATE materiel SET marque = :marque, modele = :modele, type_materiel = :type_materiel, numero_serie = :numero_serie, version_firmware = :version_firmware, adresse_ip = :adresse_ip, adresse_mac = :adresse_mac WHERE id = :id
    [params] => Array
        (
            [0] => :marque
            [1] => :modele
            [2] => :type_materiel
            [3] => :numero_serie
            [4] => :version_firmware
            [5] => :adresse_ip
            [6] => :adresse_mac
            [7] => :id
        )

)

--------------------------------------------------------------------------------
[2026-06-01 14:36:17] Mise à jour réussie ID: 2745
--------------------------------------------------------------------------------
[2026-06-01 14:36:17] Traitement ID: 2746
--------------------------------------------------------------------------------
[2026-06-01 14:36:17] SQL
Array
(
    [sql] => UPDATE materiel SET marque = :marque, modele = :modele, type_materiel = :type_materiel, numero_serie = :numero_serie, version_firmware = :version_firmware, adresse_ip = :adresse_ip, adresse_mac = :adresse_mac WHERE id = :id
    [params] => Array
        (
            [0] => :marque
            [1] => :modele
            [2] => :type_materiel
            [3] => :numero_serie
            [4] => :version_firmware
            [5] => :adresse_ip
            [6] => :adresse_mac
            [7] => :id
        )

)

--------------------------------------------------------------------------------
[2026-06-01 14:36:17] Mise à jour réussie ID: 2746
--------------------------------------------------------------------------------
[2026-06-01 14:36:17] Traitement ID: 2748
--------------------------------------------------------------------------------
[2026-06-01 14:36:17] SQL
Array
(
    [sql] => UPDATE materiel SET marque = :marque, modele = :modele, type_materiel = :type_materiel, numero_serie = :numero_serie, version_firmware = :version_firmware, adresse_ip = :adresse_ip, adresse_mac = :adresse_mac WHERE id = :id
    [params] => Array
        (
            [0] => :marque
            [1] => :modele
            [2] => :type_materiel
            [3] => :numero_serie
            [4] => :version_firmware
            [5] => :adresse_ip
            [6] => :adresse_mac
            [7] => :id
        )

)

--------------------------------------------------------------------------------
[2026-06-01 14:36:17] Mise à jour réussie ID: 2748
--------------------------------------------------------------------------------
[2026-06-01 14:36:17] Traitement ID: 2747
--------------------------------------------------------------------------------
[2026-06-01 14:36:17] SQL
Array
(
    [sql] => UPDATE materiel SET marque = :marque, modele = :modele, type_materiel = :type_materiel, numero_serie = :numero_serie, version_firmware = :version_firmware, adresse_ip = :adresse_ip, adresse_mac = :adresse_mac WHERE id = :id
    [params] => Array
        (
            [0] => :marque
            [1] => :modele
            [2] => :type_materiel
            [3] => :numero_serie
            [4] => :version_firmware
            [5] => :adresse_ip
            [6] => :adresse_mac
            [7] => :id
        )

)

--------------------------------------------------------------------------------
[2026-06-01 14:36:17] Mise à jour réussie ID: 2747
--------------------------------------------------------------------------------
[2026-06-01 14:36:17] Traitement ID: 2743
--------------------------------------------------------------------------------
[2026-06-01 14:36:17] SQL
Array
(
    [sql] => UPDATE materiel SET marque = :marque, modele = :modele, type_materiel = :type_materiel, numero_serie = :numero_serie, version_firmware = :version_firmware, adresse_ip = :adresse_ip, adresse_mac = :adresse_mac WHERE id = :id
    [params] => Array
        (
            [0] => :marque
            [1] => :modele
            [2] => :type_materiel
            [3] => :numero_serie
            [4] => :version_firmware
            [5] => :adresse_ip
            [6] => :adresse_mac
            [7] => :id
        )

)

--------------------------------------------------------------------------------
[2026-06-01 14:36:17] Mise à jour réussie ID: 2743
--------------------------------------------------------------------------------
[2026-06-01 14:36:17] Traitement ID: 2742
--------------------------------------------------------------------------------
[2026-06-01 14:36:17] SQL
Array
(
    [sql] => UPDATE materiel SET marque = :marque, modele = :modele, type_materiel = :type_materiel, numero_serie = :numero_serie, version_firmware = :version_firmware, adresse_ip = :adresse_ip, adresse_mac = :adresse_mac WHERE id = :id
    [params] => Array
        (
            [0] => :marque
            [1] => :modele
            [2] => :type_materiel
            [3] => :numero_serie
            [4] => :version_firmware
            [5] => :adresse_ip
            [6] => :adresse_mac
            [7] => :id
        )

)

--------------------------------------------------------------------------------
[2026-06-01 14:36:17] Mise à jour réussie ID: 2742
--------------------------------------------------------------------------------
[2026-06-01 14:36:17] Traitement ID: 2744
--------------------------------------------------------------------------------
[2026-06-01 14:36:17] SQL
Array
(
    [sql] => UPDATE materiel SET marque = :marque, modele = :modele, type_materiel = :type_materiel, numero_serie = :numero_serie, version_firmware = :version_firmware, adresse_ip = :adresse_ip, adresse_mac = :adresse_mac WHERE id = :id
    [params] => Array
        (
            [0] => :marque
            [1] => :modele
            [2] => :type_materiel
            [3] => :numero_serie
            [4] => :version_firmware
            [5] => :adresse_ip
            [6] => :adresse_mac
            [7] => :id
        )

)

--------------------------------------------------------------------------------
[2026-06-01 14:36:17] Mise à jour réussie ID: 2744
--------------------------------------------------------------------------------
[2026-06-01 14:36:17] Réponse
Array
(
    [status] => success
    [message] => 8 ligne(s) mise(s) à jour
    [updated] => 8
    [total_rows] => 8
    [errors] => Array
        (
        )

)

--------------------------------------------------------------------------------
[2026-06-01 14:36:17] === FIN ===
--------------------------------------------------------------------------------
[2026-06-01 14:36:17] === DÉBUT ===
--------------------------------------------------------------------------------
[2026-06-01 14:36:17] Input reçu
Array
(
    [raw_length] => 14637
    [has_data] => 1
)

--------------------------------------------------------------------------------
[2026-06-01 14:36:17] Connexion BDD OK
--------------------------------------------------------------------------------
[2026-06-01 14:36:17] Traitement ID: 2733
--------------------------------------------------------------------------------
[2026-06-01 14:36:17] SQL
Array
(
    [sql] => UPDATE materiel SET marque = :marque, modele = :modele, type_materiel = :type_materiel, numero_serie = :numero_serie, commentaire = :commentaire WHERE id = :id
    [params] => Array
        (
            [0] => :marque
            [1] => :modele
            [2] => :type_materiel
            [3] => :numero_serie
            [4] => :commentaire
            [5] => :id
        )

)

--------------------------------------------------------------------------------
[2026-06-01 14:36:17] Mise à jour réussie ID: 2733
--------------------------------------------------------------------------------
[2026-06-01 14:36:17] Traitement ID: 2722
--------------------------------------------------------------------------------
[2026-06-01 14:36:17] SQL
Array
(
    [sql] => UPDATE materiel SET marque = :marque, modele = :modele, type_materiel = :type_materiel, numero_serie = :numero_serie, commentaire = :commentaire WHERE id = :id
    [params] => Array
        (
            [0] => :marque
            [1] => :modele
            [2] => :type_materiel
            [3] => :numero_serie
            [4] => :commentaire
            [5] => :id
        )

)

--------------------------------------------------------------------------------
[2026-06-01 14:36:17] Mise à jour réussie ID: 2722
--------------------------------------------------------------------------------
[2026-06-01 14:36:17] Traitement ID: 2725
--------------------------------------------------------------------------------
[2026-06-01 14:36:17] SQL
Array
(
    [sql] => UPDATE materiel SET marque = :marque, modele = :modele, type_materiel = :type_materiel, numero_serie = :numero_serie, commentaire = :commentaire WHERE id = :id
    [params] => Array
        (
            [0] => :marque
            [1] => :modele
            [2] => :type_materiel
            [3] => :numero_serie
            [4] => :commentaire
            [5] => :id
        )

)

--------------------------------------------------------------------------------
[2026-06-01 14:36:17] Mise à jour réussie ID: 2725
--------------------------------------------------------------------------------
[2026-06-01 14:36:17] Traitement ID: 2729
--------------------------------------------------------------------------------
[2026-06-01 14:36:17] SQL
Array
(
    [sql] => UPDATE materiel SET marque = :marque, modele = :modele, type_materiel = :type_materiel, numero_serie = :numero_serie, commentaire = :commentaire WHERE id = :id
    [params] => Array
        (
            [0] => :marque
            [1] => :modele
            [2] => :type_materiel
            [3] => :numero_serie
            [4] => :commentaire
            [5] => :id
        )

)

--------------------------------------------------------------------------------
[2026-06-01 14:36:17] Mise à jour réussie ID: 2729
--------------------------------------------------------------------------------
[2026-06-01 14:36:17] Traitement ID: 2726
--------------------------------------------------------------------------------
[2026-06-01 14:36:17] SQL
Array
(
    [sql] => UPDATE materiel SET marque = :marque, modele = :modele, type_materiel = :type_materiel, numero_serie = :numero_serie, commentaire = :commentaire WHERE id = :id
    [params] => Array
        (
            [0] => :marque
            [1] => :modele
            [2] => :type_materiel
            [3] => :numero_serie
            [4] => :commentaire
            [5] => :id
        )

)

--------------------------------------------------------------------------------
[2026-06-01 14:36:17] Mise à jour réussie ID: 2726
--------------------------------------------------------------------------------
[2026-06-01 14:36:17] Traitement ID: 2728
--------------------------------------------------------------------------------
[2026-06-01 14:36:17] SQL
Array
(
    [sql] => UPDATE materiel SET marque = :marque, modele = :modele, type_materiel = :type_materiel, numero_serie = :numero_serie, commentaire = :commentaire WHERE id = :id
    [params] => Array
        (
            [0] => :marque
            [1] => :modele
            [2] => :type_materiel
            [3] => :numero_serie
            [4] => :commentaire
            [5] => :id
        )

)

--------------------------------------------------------------------------------
[2026-06-01 14:36:17] Mise à jour réussie ID: 2728
--------------------------------------------------------------------------------
[2026-06-01 14:36:17] Traitement ID: 2732
--------------------------------------------------------------------------------
[2026-06-01 14:36:17] SQL
Array
(
    [sql] => UPDATE materiel SET marque = :marque, modele = :modele, type_materiel = :type_materiel, numero_serie = :numero_serie, commentaire = :commentaire WHERE id = :id
    [params] => Array
        (
            [0] => :marque
            [1] => :modele
            [2] => :type_materiel
            [3] => :numero_serie
            [4] => :commentaire
            [5] => :id
        )

)

--------------------------------------------------------------------------------
[2026-06-01 14:36:17] Mise à jour réussie ID: 2732
--------------------------------------------------------------------------------
[2026-06-01 14:36:17] Traitement ID: 2735
--------------------------------------------------------------------------------
[2026-06-01 14:36:17] SQL
Array
(
    [sql] => UPDATE materiel SET marque = :marque, modele = :modele, type_materiel = :type_materiel, numero_serie = :numero_serie, commentaire = :commentaire WHERE id = :id
    [params] => Array
        (
            [0] => :marque
            [1] => :modele
            [2] => :type_materiel
            [3] => :numero_serie
            [4] => :commentaire
            [5] => :id
        )

)

--------------------------------------------------------------------------------
[2026-06-01 14:36:17] Mise à jour réussie ID: 2735
--------------------------------------------------------------------------------
[2026-06-01 14:36:17] Traitement ID: 2714
--------------------------------------------------------------------------------
[2026-06-01 14:36:17] SQL
Array
(
    [sql] => UPDATE materiel SET marque = :marque, modele = :modele WHERE id = :id
    [params] => Array
        (
            [0] => :marque
            [1] => :modele
            [2] => :id
        )

)

--------------------------------------------------------------------------------
[2026-06-01 14:36:17] Mise à jour réussie ID: 2714
--------------------------------------------------------------------------------
[2026-06-01 14:36:17] Traitement ID: 2717
--------------------------------------------------------------------------------
[2026-06-01 14:36:17] SQL
Array
(
    [sql] => UPDATE materiel SET marque = :marque, modele = :modele, type_materiel = :type_materiel, numero_serie = :numero_serie, commentaire = :commentaire WHERE id = :id
    [params] => Array
        (
            [0] => :marque
            [1] => :modele
            [2] => :type_materiel
            [3] => :numero_serie
            [4] => :commentaire
            [5] => :id
        )

)

--------------------------------------------------------------------------------
[2026-06-01 14:36:17] Mise à jour réussie ID: 2717
--------------------------------------------------------------------------------
[2026-06-01 14:36:17] Traitement ID: 2715
--------------------------------------------------------------------------------
[2026-06-01 14:36:17] SQL
Array
(
    [sql] => UPDATE materiel SET marque = :marque, modele = :modele WHERE id = :id
    [params] => Array
        (
            [0] => :marque
            [1] => :modele
            [2] => :id
        )

)

--------------------------------------------------------------------------------
[2026-06-01 14:36:17] Mise à jour réussie ID: 2715
--------------------------------------------------------------------------------
[2026-06-01 14:36:17] Traitement ID: 2718
--------------------------------------------------------------------------------
[2026-06-01 14:36:17] SQL
Array
(
    [sql] => UPDATE materiel SET marque = :marque, modele = :modele, type_materiel = :type_materiel, numero_serie = :numero_serie, commentaire = :commentaire WHERE id = :id
    [params] => Array
        (
            [0] => :marque
            [1] => :modele
            [2] => :type_materiel
            [3] => :numero_serie
            [4] => :commentaire
            [5] => :id
        )

)

--------------------------------------------------------------------------------
[2026-06-01 14:36:17] Mise à jour réussie ID: 2718
--------------------------------------------------------------------------------
[2026-06-01 14:36:17] Traitement ID: 2716
--------------------------------------------------------------------------------
[2026-06-01 14:36:17] SQL
Array
(
    [sql] => UPDATE materiel SET marque = :marque, modele = :modele WHERE id = :id
    [params] => Array
        (
            [0] => :marque
            [1] => :modele
            [2] => :id
        )

)

--------------------------------------------------------------------------------
[2026-06-01 14:36:17] Mise à jour réussie ID: 2716
--------------------------------------------------------------------------------
[2026-06-01 14:36:17] Traitement ID: 2719
--------------------------------------------------------------------------------
[2026-06-01 14:36:17] SQL
Array
(
    [sql] => UPDATE materiel SET marque = :marque, modele = :modele, type_materiel = :type_materiel, numero_serie = :numero_serie, commentaire = :commentaire WHERE id = :id
    [params] => Array
        (
            [0] => :marque
            [1] => :modele
            [2] => :type_materiel
            [3] => :numero_serie
            [4] => :commentaire
            [5] => :id
        )

)

--------------------------------------------------------------------------------
[2026-06-01 14:36:17] Mise à jour réussie ID: 2719
--------------------------------------------------------------------------------
[2026-06-01 14:36:17] Traitement ID: 2720
--------------------------------------------------------------------------------
[2026-06-01 14:36:17] SQL
Array
(
    [sql] => UPDATE materiel SET marque = :marque, modele = :modele, type_materiel = :type_materiel, numero_serie = :numero_serie, commentaire = :commentaire WHERE id = :id
    [params] => Array
        (
            [0] => :marque
            [1] => :modele
            [2] => :type_materiel
            [3] => :numero_serie
            [4] => :commentaire
            [5] => :id
        )

)

--------------------------------------------------------------------------------
[2026-06-01 14:36:17] Mise à jour réussie ID: 2720
--------------------------------------------------------------------------------
[2026-06-01 14:36:17] Traitement ID: 2721
--------------------------------------------------------------------------------
[2026-06-01 14:36:17] SQL
Array
(
    [sql] => UPDATE materiel SET marque = :marque, modele = :modele, type_materiel = :type_materiel, numero_serie = :numero_serie, commentaire = :commentaire WHERE id = :id
    [params] => Array
        (
            [0] => :marque
            [1] => :modele
            [2] => :type_materiel
            [3] => :numero_serie
            [4] => :commentaire
            [5] => :id
        )

)

--------------------------------------------------------------------------------
[2026-06-01 14:36:17] Mise à jour réussie ID: 2721
--------------------------------------------------------------------------------
[2026-06-01 14:36:17] Traitement ID: 2731
--------------------------------------------------------------------------------
[2026-06-01 14:36:17] SQL
Array
(
    [sql] => UPDATE materiel SET marque = :marque, modele = :modele, type_materiel = :type_materiel, numero_serie = :numero_serie, commentaire = :commentaire WHERE id = :id
    [params] => Array
        (
            [0] => :marque
            [1] => :modele
            [2] => :type_materiel
            [3] => :numero_serie
            [4] => :commentaire
            [5] => :id
        )

)

--------------------------------------------------------------------------------
[2026-06-01 14:36:17] Mise à jour réussie ID: 2731
--------------------------------------------------------------------------------
[2026-06-01 14:36:17] Traitement ID: 2727
--------------------------------------------------------------------------------
[2026-06-01 14:36:17] SQL
Array
(
    [sql] => UPDATE materiel SET marque = :marque, modele = :modele, type_materiel = :type_materiel, numero_serie = :numero_serie, commentaire = :commentaire WHERE id = :id
    [params] => Array
        (
            [0] => :marque
            [1] => :modele
            [2] => :type_materiel
            [3] => :numero_serie
            [4] => :commentaire
            [5] => :id
        )

)

--------------------------------------------------------------------------------
[2026-06-01 14:36:17] Mise à jour réussie ID: 2727
--------------------------------------------------------------------------------
[2026-06-01 14:36:17] Traitement ID: 2723
--------------------------------------------------------------------------------
[2026-06-01 14:36:17] SQL
Array
(
    [sql] => UPDATE materiel SET marque = :marque, modele = :modele, type_materiel = :type_materiel, numero_serie = :numero_serie, commentaire = :commentaire WHERE id = :id
    [params] => Array
        (
            [0] => :marque
            [1] => :modele
            [2] => :type_materiel
            [3] => :numero_serie
            [4] => :commentaire
            [5] => :id
        )

)

--------------------------------------------------------------------------------
[2026-06-01 14:36:17] Mise à jour réussie ID: 2723
--------------------------------------------------------------------------------
[2026-06-01 14:36:17] Traitement ID: 2724
--------------------------------------------------------------------------------
[2026-06-01 14:36:17] SQL
Array
(
    [sql] => UPDATE materiel SET marque = :marque, modele = :modele, type_materiel = :type_materiel, numero_serie = :numero_serie, commentaire = :commentaire WHERE id = :id
    [params] => Array
        (
            [0] => :marque
            [1] => :modele
            [2] => :type_materiel
            [3] => :numero_serie
            [4] => :commentaire
            [5] => :id
        )

)

--------------------------------------------------------------------------------
[2026-06-01 14:36:17] Mise à jour réussie ID: 2724
--------------------------------------------------------------------------------
[2026-06-01 14:36:17] Traitement ID: 2730
--------------------------------------------------------------------------------
[2026-06-01 14:36:17] SQL
Array
(
    [sql] => UPDATE materiel SET marque = :marque, modele = :modele, type_materiel = :type_materiel, numero_serie = :numero_serie, commentaire = :commentaire WHERE id = :id
    [params] => Array
        (
            [0] => :marque
            [1] => :modele
            [2] => :type_materiel
            [3] => :numero_serie
            [4] => :commentaire
            [5] => :id
        )

)

--------------------------------------------------------------------------------
[2026-06-01 14:36:17] Mise à jour réussie ID: 2730
--------------------------------------------------------------------------------
[2026-06-01 14:36:17] Traitement ID: 2734
--------------------------------------------------------------------------------
[2026-06-01 14:36:17] SQL
Array
(
    [sql] => UPDATE materiel SET marque = :marque, modele = :modele, type_materiel = :type_materiel, numero_serie = :numero_serie, commentaire = :commentaire WHERE id = :id
    [params] => Array
        (
            [0] => :marque
            [1] => :modele
            [2] => :type_materiel
            [3] => :numero_serie
            [4] => :commentaire
            [5] => :id
        )

)

--------------------------------------------------------------------------------
[2026-06-01 14:36:17] Mise à jour réussie ID: 2734
--------------------------------------------------------------------------------
[2026-06-01 14:36:17] Réponse
Array
(
    [status] => success
    [message] => 22 ligne(s) mise(s) à jour
    [updated] => 22
    [total_rows] => 22
    [errors] => Array
        (
        )

)

--------------------------------------------------------------------------------
[2026-06-01 14:36:17] === FIN ===
--------------------------------------------------------------------------------
[2026-06-01 14:39:15] === DÉBUT ===
--------------------------------------------------------------------------------
[2026-06-01 14:39:15] Input reçu
Array
(
    [raw_length] => 6006
    [has_data] => 1
)

--------------------------------------------------------------------------------
[2026-06-01 14:39:15] Connexion BDD OK
--------------------------------------------------------------------------------
[2026-06-01 14:39:15] Traitement ID: 2736
--------------------------------------------------------------------------------
[2026-06-01 14:39:15] SQL
Array
(
    [sql] => UPDATE materiel SET marque = :marque, modele = :modele, type_materiel = :type_materiel, numero_serie = :numero_serie, version_firmware = :version_firmware, adresse_ip = :adresse_ip, adresse_mac = :adresse_mac, commentaire = :commentaire WHERE id = :id
    [params] => Array
        (
            [0] => :marque
            [1] => :modele
            [2] => :type_materiel
            [3] => :numero_serie
            [4] => :version_firmware
            [5] => :adresse_ip
            [6] => :adresse_mac
            [7] => :commentaire
            [8] => :id
        )

)

--------------------------------------------------------------------------------
[2026-06-01 14:39:15] Mise à jour réussie ID: 2736
--------------------------------------------------------------------------------
[2026-06-01 14:39:15] Traitement ID: 2745
--------------------------------------------------------------------------------
[2026-06-01 14:39:15] SQL
Array
(
    [sql] => UPDATE materiel SET marque = :marque, modele = :modele, type_materiel = :type_materiel, numero_serie = :numero_serie, version_firmware = :version_firmware, adresse_ip = :adresse_ip, adresse_mac = :adresse_mac WHERE id = :id
    [params] => Array
        (
            [0] => :marque
            [1] => :modele
            [2] => :type_materiel
            [3] => :numero_serie
            [4] => :version_firmware
            [5] => :adresse_ip
            [6] => :adresse_mac
            [7] => :id
        )

)

--------------------------------------------------------------------------------
[2026-06-01 14:39:15] Mise à jour réussie ID: 2745
--------------------------------------------------------------------------------
[2026-06-01 14:39:15] Traitement ID: 2746
--------------------------------------------------------------------------------
[2026-06-01 14:39:15] SQL
Array
(
    [sql] => UPDATE materiel SET marque = :marque, modele = :modele, type_materiel = :type_materiel, numero_serie = :numero_serie, version_firmware = :version_firmware, adresse_ip = :adresse_ip, adresse_mac = :adresse_mac WHERE id = :id
    [params] => Array
        (
            [0] => :marque
            [1] => :modele
            [2] => :type_materiel
            [3] => :numero_serie
            [4] => :version_firmware
            [5] => :adresse_ip
            [6] => :adresse_mac
            [7] => :id
        )

)

--------------------------------------------------------------------------------
[2026-06-01 14:39:15] Mise à jour réussie ID: 2746
--------------------------------------------------------------------------------
[2026-06-01 14:39:15] Traitement ID: 2748
--------------------------------------------------------------------------------
[2026-06-01 14:39:15] SQL
Array
(
    [sql] => UPDATE materiel SET marque = :marque, modele = :modele, type_materiel = :type_materiel, numero_serie = :numero_serie, version_firmware = :version_firmware, adresse_ip = :adresse_ip, adresse_mac = :adresse_mac WHERE id = :id
    [params] => Array
        (
            [0] => :marque
            [1] => :modele
            [2] => :type_materiel
            [3] => :numero_serie
            [4] => :version_firmware
            [5] => :adresse_ip
            [6] => :adresse_mac
            [7] => :id
        )

)

--------------------------------------------------------------------------------
[2026-06-01 14:39:15] Mise à jour réussie ID: 2748
--------------------------------------------------------------------------------
[2026-06-01 14:39:15] Traitement ID: 2747
--------------------------------------------------------------------------------
[2026-06-01 14:39:15] SQL
Array
(
    [sql] => UPDATE materiel SET marque = :marque, modele = :modele, type_materiel = :type_materiel, numero_serie = :numero_serie, version_firmware = :version_firmware, adresse_ip = :adresse_ip, adresse_mac = :adresse_mac WHERE id = :id
    [params] => Array
        (
            [0] => :marque
            [1] => :modele
            [2] => :type_materiel
            [3] => :numero_serie
            [4] => :version_firmware
            [5] => :adresse_ip
            [6] => :adresse_mac
            [7] => :id
        )

)

--------------------------------------------------------------------------------
[2026-06-01 14:39:15] Mise à jour réussie ID: 2747
--------------------------------------------------------------------------------
[2026-06-01 14:39:15] Traitement ID: 2743
--------------------------------------------------------------------------------
[2026-06-01 14:39:15] SQL
Array
(
    [sql] => UPDATE materiel SET marque = :marque, modele = :modele, type_materiel = :type_materiel, numero_serie = :numero_serie, version_firmware = :version_firmware, adresse_ip = :adresse_ip, adresse_mac = :adresse_mac WHERE id = :id
    [params] => Array
        (
            [0] => :marque
            [1] => :modele
            [2] => :type_materiel
            [3] => :numero_serie
            [4] => :version_firmware
            [5] => :adresse_ip
            [6] => :adresse_mac
            [7] => :id
        )

)

--------------------------------------------------------------------------------
[2026-06-01 14:39:15] Mise à jour réussie ID: 2743
--------------------------------------------------------------------------------
[2026-06-01 14:39:15] Traitement ID: 2742
--------------------------------------------------------------------------------
[2026-06-01 14:39:15] SQL
Array
(
    [sql] => UPDATE materiel SET marque = :marque, modele = :modele, type_materiel = :type_materiel, numero_serie = :numero_serie, version_firmware = :version_firmware, adresse_ip = :adresse_ip, adresse_mac = :adresse_mac WHERE id = :id
    [params] => Array
        (
            [0] => :marque
            [1] => :modele
            [2] => :type_materiel
            [3] => :numero_serie
            [4] => :version_firmware
            [5] => :adresse_ip
            [6] => :adresse_mac
            [7] => :id
        )

)

--------------------------------------------------------------------------------
[2026-06-01 14:39:15] Mise à jour réussie ID: 2742
--------------------------------------------------------------------------------
[2026-06-01 14:39:15] Traitement ID: 2749
--------------------------------------------------------------------------------
[2026-06-01 14:39:15] SQL
Array
(
    [sql] => UPDATE materiel SET marque = :marque, modele = :modele, type_materiel = :type_materiel, numero_serie = :numero_serie, version_firmware = :version_firmware, adresse_ip = :adresse_ip, adresse_mac = :adresse_mac, url_github = :url_github WHERE id = :id
    [params] => Array
        (
            [0] => :marque
            [1] => :modele
            [2] => :type_materiel
            [3] => :numero_serie
            [4] => :version_firmware
            [5] => :adresse_ip
            [6] => :adresse_mac
            [7] => :url_github
            [8] => :id
        )

)

--------------------------------------------------------------------------------
[2026-06-01 14:39:15] Mise à jour réussie ID: 2749
--------------------------------------------------------------------------------
[2026-06-01 14:39:15] Traitement ID: 2744
--------------------------------------------------------------------------------
[2026-06-01 14:39:15] SQL
Array
(
    [sql] => UPDATE materiel SET marque = :marque, modele = :modele, type_materiel = :type_materiel, numero_serie = :numero_serie, version_firmware = :version_firmware, adresse_ip = :adresse_ip, adresse_mac = :adresse_mac WHERE id = :id
    [params] => Array
        (
            [0] => :marque
            [1] => :modele
            [2] => :type_materiel
            [3] => :numero_serie
            [4] => :version_firmware
            [5] => :adresse_ip
            [6] => :adresse_mac
            [7] => :id
        )

)

--------------------------------------------------------------------------------
[2026-06-01 14:39:15] Mise à jour réussie ID: 2744
--------------------------------------------------------------------------------
[2026-06-01 14:39:15] Réponse
Array
(
    [status] => success
    [message] => 9 ligne(s) mise(s) à jour
    [updated] => 9
    [total_rows] => 9
    [errors] => Array
        (
        )

)

--------------------------------------------------------------------------------
[2026-06-01 14:39:15] === FIN ===
--------------------------------------------------------------------------------
[2026-06-01 14:39:15] === DÉBUT ===
--------------------------------------------------------------------------------
[2026-06-01 14:39:15] Input reçu
Array
(
    [raw_length] => 14644
    [has_data] => 1
)

--------------------------------------------------------------------------------
[2026-06-01 14:39:15] Connexion BDD OK
--------------------------------------------------------------------------------
[2026-06-01 14:39:15] Traitement ID: 2733
--------------------------------------------------------------------------------
[2026-06-01 14:39:15] SQL
Array
(
    [sql] => UPDATE materiel SET marque = :marque, modele = :modele, type_materiel = :type_materiel, numero_serie = :numero_serie, commentaire = :commentaire WHERE id = :id
    [params] => Array
        (
            [0] => :marque
            [1] => :modele
            [2] => :type_materiel
            [3] => :numero_serie
            [4] => :commentaire
            [5] => :id
        )

)

--------------------------------------------------------------------------------
[2026-06-01 14:39:15] Mise à jour réussie ID: 2733
--------------------------------------------------------------------------------
[2026-06-01 14:39:15] Traitement ID: 2722
--------------------------------------------------------------------------------
[2026-06-01 14:39:15] SQL
Array
(
    [sql] => UPDATE materiel SET marque = :marque, modele = :modele, type_materiel = :type_materiel, numero_serie = :numero_serie, commentaire = :commentaire WHERE id = :id
    [params] => Array
        (
            [0] => :marque
            [1] => :modele
            [2] => :type_materiel
            [3] => :numero_serie
            [4] => :commentaire
            [5] => :id
        )

)

--------------------------------------------------------------------------------
[2026-06-01 14:39:15] Mise à jour réussie ID: 2722
--------------------------------------------------------------------------------
[2026-06-01 14:39:15] Traitement ID: 2725
--------------------------------------------------------------------------------
[2026-06-01 14:39:15] SQL
Array
(
    [sql] => UPDATE materiel SET marque = :marque, modele = :modele, type_materiel = :type_materiel, numero_serie = :numero_serie, commentaire = :commentaire WHERE id = :id
    [params] => Array
        (
            [0] => :marque
            [1] => :modele
            [2] => :type_materiel
            [3] => :numero_serie
            [4] => :commentaire
            [5] => :id
        )

)

--------------------------------------------------------------------------------
[2026-06-01 14:39:15] Mise à jour réussie ID: 2725
--------------------------------------------------------------------------------
[2026-06-01 14:39:15] Traitement ID: 2729
--------------------------------------------------------------------------------
[2026-06-01 14:39:15] SQL
Array
(
    [sql] => UPDATE materiel SET marque = :marque, modele = :modele, type_materiel = :type_materiel, numero_serie = :numero_serie, commentaire = :commentaire WHERE id = :id
    [params] => Array
        (
            [0] => :marque
            [1] => :modele
            [2] => :type_materiel
            [3] => :numero_serie
            [4] => :commentaire
            [5] => :id
        )

)

--------------------------------------------------------------------------------
[2026-06-01 14:39:15] Mise à jour réussie ID: 2729
--------------------------------------------------------------------------------
[2026-06-01 14:39:15] Traitement ID: 2726
--------------------------------------------------------------------------------
[2026-06-01 14:39:15] SQL
Array
(
    [sql] => UPDATE materiel SET marque = :marque, modele = :modele, type_materiel = :type_materiel, numero_serie = :numero_serie, commentaire = :commentaire WHERE id = :id
    [params] => Array
        (
            [0] => :marque
            [1] => :modele
            [2] => :type_materiel
            [3] => :numero_serie
            [4] => :commentaire
            [5] => :id
        )

)

--------------------------------------------------------------------------------
[2026-06-01 14:39:15] Mise à jour réussie ID: 2726
--------------------------------------------------------------------------------
[2026-06-01 14:39:15] Traitement ID: 2728
--------------------------------------------------------------------------------
[2026-06-01 14:39:15] SQL
Array
(
    [sql] => UPDATE materiel SET marque = :marque, modele = :modele, type_materiel = :type_materiel, numero_serie = :numero_serie, commentaire = :commentaire WHERE id = :id
    [params] => Array
        (
            [0] => :marque
            [1] => :modele
            [2] => :type_materiel
            [3] => :numero_serie
            [4] => :commentaire
            [5] => :id
        )

)

--------------------------------------------------------------------------------
[2026-06-01 14:39:15] Mise à jour réussie ID: 2728
--------------------------------------------------------------------------------
[2026-06-01 14:39:15] Traitement ID: 2732
--------------------------------------------------------------------------------
[2026-06-01 14:39:15] SQL
Array
(
    [sql] => UPDATE materiel SET marque = :marque, modele = :modele, type_materiel = :type_materiel, numero_serie = :numero_serie, commentaire = :commentaire WHERE id = :id
    [params] => Array
        (
            [0] => :marque
            [1] => :modele
            [2] => :type_materiel
            [3] => :numero_serie
            [4] => :commentaire
            [5] => :id
        )

)

--------------------------------------------------------------------------------
[2026-06-01 14:39:15] Mise à jour réussie ID: 2732
--------------------------------------------------------------------------------
[2026-06-01 14:39:15] Traitement ID: 2735
--------------------------------------------------------------------------------
[2026-06-01 14:39:15] SQL
Array
(
    [sql] => UPDATE materiel SET marque = :marque, modele = :modele, type_materiel = :type_materiel, numero_serie = :numero_serie, commentaire = :commentaire WHERE id = :id
    [params] => Array
        (
            [0] => :marque
            [1] => :modele
            [2] => :type_materiel
            [3] => :numero_serie
            [4] => :commentaire
            [5] => :id
        )

)

--------------------------------------------------------------------------------
[2026-06-01 14:39:15] Mise à jour réussie ID: 2735
--------------------------------------------------------------------------------
[2026-06-01 14:39:15] Traitement ID: 2714
--------------------------------------------------------------------------------
[2026-06-01 14:39:15] SQL
Array
(
    [sql] => UPDATE materiel SET marque = :marque, modele = :modele WHERE id = :id
    [params] => Array
        (
            [0] => :marque
            [1] => :modele
            [2] => :id
        )

)

--------------------------------------------------------------------------------
[2026-06-01 14:39:15] Mise à jour réussie ID: 2714
--------------------------------------------------------------------------------
[2026-06-01 14:39:15] Traitement ID: 2717
--------------------------------------------------------------------------------
[2026-06-01 14:39:15] SQL
Array
(
    [sql] => UPDATE materiel SET marque = :marque, modele = :modele, type_materiel = :type_materiel, numero_serie = :numero_serie, commentaire = :commentaire WHERE id = :id
    [params] => Array
        (
            [0] => :marque
            [1] => :modele
            [2] => :type_materiel
            [3] => :numero_serie
            [4] => :commentaire
            [5] => :id
        )

)

--------------------------------------------------------------------------------
[2026-06-01 14:39:15] Mise à jour réussie ID: 2717
--------------------------------------------------------------------------------
[2026-06-01 14:39:15] Traitement ID: 2715
--------------------------------------------------------------------------------
[2026-06-01 14:39:15] SQL
Array
(
    [sql] => UPDATE materiel SET marque = :marque, modele = :modele WHERE id = :id
    [params] => Array
        (
            [0] => :marque
            [1] => :modele
            [2] => :id
        )

)

--------------------------------------------------------------------------------
[2026-06-01 14:39:15] Mise à jour réussie ID: 2715
--------------------------------------------------------------------------------
[2026-06-01 14:39:15] Traitement ID: 2718
--------------------------------------------------------------------------------
[2026-06-01 14:39:15] SQL
Array
(
    [sql] => UPDATE materiel SET marque = :marque, modele = :modele, type_materiel = :type_materiel, numero_serie = :numero_serie, commentaire = :commentaire WHERE id = :id
    [params] => Array
        (
            [0] => :marque
            [1] => :modele
            [2] => :type_materiel
            [3] => :numero_serie
            [4] => :commentaire
            [5] => :id
        )

)

--------------------------------------------------------------------------------
[2026-06-01 14:39:15] Mise à jour réussie ID: 2718
--------------------------------------------------------------------------------
[2026-06-01 14:39:15] Traitement ID: 2716
--------------------------------------------------------------------------------
[2026-06-01 14:39:15] SQL
Array
(
    [sql] => UPDATE materiel SET marque = :marque, modele = :modele WHERE id = :id
    [params] => Array
        (
            [0] => :marque
            [1] => :modele
            [2] => :id
        )

)

--------------------------------------------------------------------------------
[2026-06-01 14:39:15] Mise à jour réussie ID: 2716
--------------------------------------------------------------------------------
[2026-06-01 14:39:15] Traitement ID: 2719
--------------------------------------------------------------------------------
[2026-06-01 14:39:15] SQL
Array
(
    [sql] => UPDATE materiel SET marque = :marque, modele = :modele, type_materiel = :type_materiel, numero_serie = :numero_serie, commentaire = :commentaire WHERE id = :id
    [params] => Array
        (
            [0] => :marque
            [1] => :modele
            [2] => :type_materiel
            [3] => :numero_serie
            [4] => :commentaire
            [5] => :id
        )

)

--------------------------------------------------------------------------------
[2026-06-01 14:39:15] Mise à jour réussie ID: 2719
--------------------------------------------------------------------------------
[2026-06-01 14:39:15] Traitement ID: 2720
--------------------------------------------------------------------------------
[2026-06-01 14:39:15] SQL
Array
(
    [sql] => UPDATE materiel SET marque = :marque, modele = :modele, type_materiel = :type_materiel, numero_serie = :numero_serie, commentaire = :commentaire WHERE id = :id
    [params] => Array
        (
            [0] => :marque
            [1] => :modele
            [2] => :type_materiel
            [3] => :numero_serie
            [4] => :commentaire
            [5] => :id
        )

)

--------------------------------------------------------------------------------
[2026-06-01 14:39:15] Mise à jour réussie ID: 2720
--------------------------------------------------------------------------------
[2026-06-01 14:39:15] Traitement ID: 2721
--------------------------------------------------------------------------------
[2026-06-01 14:39:15] SQL
Array
(
    [sql] => UPDATE materiel SET marque = :marque, modele = :modele, type_materiel = :type_materiel, numero_serie = :numero_serie, commentaire = :commentaire WHERE id = :id
    [params] => Array
        (
            [0] => :marque
            [1] => :modele
            [2] => :type_materiel
            [3] => :numero_serie
            [4] => :commentaire
            [5] => :id
        )

)

--------------------------------------------------------------------------------
[2026-06-01 14:39:15] Mise à jour réussie ID: 2721
--------------------------------------------------------------------------------
[2026-06-01 14:39:15] Traitement ID: 2731
--------------------------------------------------------------------------------
[2026-06-01 14:39:15] SQL
Array
(
    [sql] => UPDATE materiel SET marque = :marque, modele = :modele, type_materiel = :type_materiel, numero_serie = :numero_serie, commentaire = :commentaire WHERE id = :id
    [params] => Array
        (
            [0] => :marque
            [1] => :modele
            [2] => :type_materiel
            [3] => :numero_serie
            [4] => :commentaire
            [5] => :id
        )

)

--------------------------------------------------------------------------------
[2026-06-01 14:39:15] Mise à jour réussie ID: 2731
--------------------------------------------------------------------------------
[2026-06-01 14:39:15] Traitement ID: 2727
--------------------------------------------------------------------------------
[2026-06-01 14:39:15] SQL
Array
(
    [sql] => UPDATE materiel SET marque = :marque, modele = :modele, type_materiel = :type_materiel, numero_serie = :numero_serie, commentaire = :commentaire WHERE id = :id
    [params] => Array
        (
            [0] => :marque
            [1] => :modele
            [2] => :type_materiel
            [3] => :numero_serie
            [4] => :commentaire
            [5] => :id
        )

)

--------------------------------------------------------------------------------
[2026-06-01 14:39:15] Mise à jour réussie ID: 2727
--------------------------------------------------------------------------------
[2026-06-01 14:39:15] Traitement ID: 2723
--------------------------------------------------------------------------------
[2026-06-01 14:39:15] SQL
Array
(
    [sql] => UPDATE materiel SET marque = :marque, modele = :modele, type_materiel = :type_materiel, numero_serie = :numero_serie, commentaire = :commentaire WHERE id = :id
    [params] => Array
        (
            [0] => :marque
            [1] => :modele
            [2] => :type_materiel
            [3] => :numero_serie
            [4] => :commentaire
            [5] => :id
        )

)

--------------------------------------------------------------------------------
[2026-06-01 14:39:15] Mise à jour réussie ID: 2723
--------------------------------------------------------------------------------
[2026-06-01 14:39:15] Traitement ID: 2724
--------------------------------------------------------------------------------
[2026-06-01 14:39:15] SQL
Array
(
    [sql] => UPDATE materiel SET marque = :marque, modele = :modele, type_materiel = :type_materiel, numero_serie = :numero_serie, commentaire = :commentaire WHERE id = :id
    [params] => Array
        (
            [0] => :marque
            [1] => :modele
            [2] => :type_materiel
            [3] => :numero_serie
            [4] => :commentaire
            [5] => :id
        )

)

--------------------------------------------------------------------------------
[2026-06-01 14:39:15] Mise à jour réussie ID: 2724
--------------------------------------------------------------------------------
[2026-06-01 14:39:15] Traitement ID: 2730
--------------------------------------------------------------------------------
[2026-06-01 14:39:15] SQL
Array
(
    [sql] => UPDATE materiel SET marque = :marque, modele = :modele, type_materiel = :type_materiel, numero_serie = :numero_serie, commentaire = :commentaire WHERE id = :id
    [params] => Array
        (
            [0] => :marque
            [1] => :modele
            [2] => :type_materiel
            [3] => :numero_serie
            [4] => :commentaire
            [5] => :id
        )

)

--------------------------------------------------------------------------------
[2026-06-01 14:39:15] Mise à jour réussie ID: 2730
--------------------------------------------------------------------------------
[2026-06-01 14:39:15] Traitement ID: 2734
--------------------------------------------------------------------------------
[2026-06-01 14:39:15] SQL
Array
(
    [sql] => UPDATE materiel SET marque = :marque, modele = :modele, type_materiel = :type_materiel, numero_serie = :numero_serie, commentaire = :commentaire WHERE id = :id
    [params] => Array
        (
            [0] => :marque
            [1] => :modele
            [2] => :type_materiel
            [3] => :numero_serie
            [4] => :commentaire
            [5] => :id
        )

)

--------------------------------------------------------------------------------
[2026-06-01 14:39:15] Mise à jour réussie ID: 2734
--------------------------------------------------------------------------------
[2026-06-01 14:39:15] Réponse
Array
(
    [status] => success
    [message] => 22 ligne(s) mise(s) à jour
    [updated] => 22
    [total_rows] => 22
    [errors] => Array
        (
        )

)

--------------------------------------------------------------------------------
[2026-06-01 14:39:15] === FIN ===
--------------------------------------------------------------------------------
[2026-06-01 14:46:25] === DÉBUT ===
--------------------------------------------------------------------------------
[2026-06-01 14:46:25] Input reçu
Array
(
    [raw_length] => 14534
    [has_data] => 1
)

--------------------------------------------------------------------------------
[2026-06-01 14:46:25] Connexion BDD OK
--------------------------------------------------------------------------------
[2026-06-01 14:46:25] Traitement ID: 2733
--------------------------------------------------------------------------------
[2026-06-01 14:46:25] SQL
Array
(
    [sql] => UPDATE materiel SET marque = :marque, modele = :modele, numero_serie = :numero_serie, commentaire = :commentaire WHERE id = :id
    [params] => Array
        (
            [0] => :marque
            [1] => :modele
            [2] => :numero_serie
            [3] => :commentaire
            [4] => :id
        )

)

--------------------------------------------------------------------------------
[2026-06-01 14:46:25] Mise à jour réussie ID: 2733
--------------------------------------------------------------------------------
[2026-06-01 14:46:25] Traitement ID: 2722
--------------------------------------------------------------------------------
[2026-06-01 14:46:25] SQL
Array
(
    [sql] => UPDATE materiel SET marque = :marque, modele = :modele, numero_serie = :numero_serie, commentaire = :commentaire WHERE id = :id
    [params] => Array
        (
            [0] => :marque
            [1] => :modele
            [2] => :numero_serie
            [3] => :commentaire
            [4] => :id
        )

)

--------------------------------------------------------------------------------
[2026-06-01 14:46:25] Mise à jour réussie ID: 2722
--------------------------------------------------------------------------------
[2026-06-01 14:46:25] Traitement ID: 2725
--------------------------------------------------------------------------------
[2026-06-01 14:46:25] SQL
Array
(
    [sql] => UPDATE materiel SET marque = :marque, modele = :modele, numero_serie = :numero_serie, commentaire = :commentaire WHERE id = :id
    [params] => Array
        (
            [0] => :marque
            [1] => :modele
            [2] => :numero_serie
            [3] => :commentaire
            [4] => :id
        )

)

--------------------------------------------------------------------------------
[2026-06-01 14:46:25] Mise à jour réussie ID: 2725
--------------------------------------------------------------------------------
[2026-06-01 14:46:25] Traitement ID: 2729
--------------------------------------------------------------------------------
[2026-06-01 14:46:25] SQL
Array
(
    [sql] => UPDATE materiel SET marque = :marque, modele = :modele, numero_serie = :numero_serie, commentaire = :commentaire WHERE id = :id
    [params] => Array
        (
            [0] => :marque
            [1] => :modele
            [2] => :numero_serie
            [3] => :commentaire
            [4] => :id
        )

)

--------------------------------------------------------------------------------
[2026-06-01 14:46:25] Mise à jour réussie ID: 2729
--------------------------------------------------------------------------------
[2026-06-01 14:46:25] Traitement ID: 2726
--------------------------------------------------------------------------------
[2026-06-01 14:46:25] SQL
Array
(
    [sql] => UPDATE materiel SET marque = :marque, modele = :modele, numero_serie = :numero_serie, commentaire = :commentaire WHERE id = :id
    [params] => Array
        (
            [0] => :marque
            [1] => :modele
            [2] => :numero_serie
            [3] => :commentaire
            [4] => :id
        )

)

--------------------------------------------------------------------------------
[2026-06-01 14:46:25] Mise à jour réussie ID: 2726
--------------------------------------------------------------------------------
[2026-06-01 14:46:25] Traitement ID: 2728
--------------------------------------------------------------------------------
[2026-06-01 14:46:25] SQL
Array
(
    [sql] => UPDATE materiel SET marque = :marque, modele = :modele, numero_serie = :numero_serie, commentaire = :commentaire WHERE id = :id
    [params] => Array
        (
            [0] => :marque
            [1] => :modele
            [2] => :numero_serie
            [3] => :commentaire
            [4] => :id
        )

)

--------------------------------------------------------------------------------
[2026-06-01 14:46:25] Mise à jour réussie ID: 2728
--------------------------------------------------------------------------------
[2026-06-01 14:46:25] Traitement ID: 2732
--------------------------------------------------------------------------------
[2026-06-01 14:46:25] SQL
Array
(
    [sql] => UPDATE materiel SET marque = :marque, modele = :modele, numero_serie = :numero_serie, commentaire = :commentaire WHERE id = :id
    [params] => Array
        (
            [0] => :marque
            [1] => :modele
            [2] => :numero_serie
            [3] => :commentaire
            [4] => :id
        )

)

--------------------------------------------------------------------------------
[2026-06-01 14:46:25] Mise à jour réussie ID: 2732
--------------------------------------------------------------------------------
[2026-06-01 14:46:25] Traitement ID: 2735
--------------------------------------------------------------------------------
[2026-06-01 14:46:25] SQL
Array
(
    [sql] => UPDATE materiel SET marque = :marque, modele = :modele, numero_serie = :numero_serie, commentaire = :commentaire WHERE id = :id
    [params] => Array
        (
            [0] => :marque
            [1] => :modele
            [2] => :numero_serie
            [3] => :commentaire
            [4] => :id
        )

)

--------------------------------------------------------------------------------
[2026-06-01 14:46:25] Mise à jour réussie ID: 2735
--------------------------------------------------------------------------------
[2026-06-01 14:46:25] Traitement ID: 2714
--------------------------------------------------------------------------------
[2026-06-01 14:46:25] SQL
Array
(
    [sql] => UPDATE materiel SET marque = :marque, modele = :modele WHERE id = :id
    [params] => Array
        (
            [0] => :marque
            [1] => :modele
            [2] => :id
        )

)

--------------------------------------------------------------------------------
[2026-06-01 14:46:25] Mise à jour réussie ID: 2714
--------------------------------------------------------------------------------
[2026-06-01 14:46:25] Traitement ID: 2717
--------------------------------------------------------------------------------
[2026-06-01 14:46:25] SQL
Array
(
    [sql] => UPDATE materiel SET marque = :marque, modele = :modele, numero_serie = :numero_serie, commentaire = :commentaire WHERE id = :id
    [params] => Array
        (
            [0] => :marque
            [1] => :modele
            [2] => :numero_serie
            [3] => :commentaire
            [4] => :id
        )

)

--------------------------------------------------------------------------------
[2026-06-01 14:46:25] Mise à jour réussie ID: 2717
--------------------------------------------------------------------------------
[2026-06-01 14:46:25] Traitement ID: 2715
--------------------------------------------------------------------------------
[2026-06-01 14:46:25] SQL
Array
(
    [sql] => UPDATE materiel SET marque = :marque, modele = :modele WHERE id = :id
    [params] => Array
        (
            [0] => :marque
            [1] => :modele
            [2] => :id
        )

)

--------------------------------------------------------------------------------
[2026-06-01 14:46:25] Mise à jour réussie ID: 2715
--------------------------------------------------------------------------------
[2026-06-01 14:46:25] Traitement ID: 2718
--------------------------------------------------------------------------------
[2026-06-01 14:46:25] SQL
Array
(
    [sql] => UPDATE materiel SET marque = :marque, modele = :modele, numero_serie = :numero_serie, commentaire = :commentaire WHERE id = :id
    [params] => Array
        (
            [0] => :marque
            [1] => :modele
            [2] => :numero_serie
            [3] => :commentaire
            [4] => :id
        )

)

--------------------------------------------------------------------------------
[2026-06-01 14:46:25] Mise à jour réussie ID: 2718
--------------------------------------------------------------------------------
[2026-06-01 14:46:25] Traitement ID: 2716
--------------------------------------------------------------------------------
[2026-06-01 14:46:25] SQL
Array
(
    [sql] => UPDATE materiel SET marque = :marque, modele = :modele WHERE id = :id
    [params] => Array
        (
            [0] => :marque
            [1] => :modele
            [2] => :id
        )

)

--------------------------------------------------------------------------------
[2026-06-01 14:46:25] Mise à jour réussie ID: 2716
--------------------------------------------------------------------------------
[2026-06-01 14:46:25] Traitement ID: 2719
--------------------------------------------------------------------------------
[2026-06-01 14:46:25] SQL
Array
(
    [sql] => UPDATE materiel SET marque = :marque, modele = :modele, numero_serie = :numero_serie, commentaire = :commentaire WHERE id = :id
    [params] => Array
        (
            [0] => :marque
            [1] => :modele
            [2] => :numero_serie
            [3] => :commentaire
            [4] => :id
        )

)

--------------------------------------------------------------------------------
[2026-06-01 14:46:25] Mise à jour réussie ID: 2719
--------------------------------------------------------------------------------
[2026-06-01 14:46:25] Traitement ID: 2720
--------------------------------------------------------------------------------
[2026-06-01 14:46:25] SQL
Array
(
    [sql] => UPDATE materiel SET marque = :marque, modele = :modele, numero_serie = :numero_serie, commentaire = :commentaire WHERE id = :id
    [params] => Array
        (
            [0] => :marque
            [1] => :modele
            [2] => :numero_serie
            [3] => :commentaire
            [4] => :id
        )

)

--------------------------------------------------------------------------------
[2026-06-01 14:46:25] Mise à jour réussie ID: 2720
--------------------------------------------------------------------------------
[2026-06-01 14:46:25] Traitement ID: 2721
--------------------------------------------------------------------------------
[2026-06-01 14:46:25] SQL
Array
(
    [sql] => UPDATE materiel SET marque = :marque, modele = :modele, numero_serie = :numero_serie, commentaire = :commentaire WHERE id = :id
    [params] => Array
        (
            [0] => :marque
            [1] => :modele
            [2] => :numero_serie
            [3] => :commentaire
            [4] => :id
        )

)

--------------------------------------------------------------------------------
[2026-06-01 14:46:25] Mise à jour réussie ID: 2721
--------------------------------------------------------------------------------
[2026-06-01 14:46:25] Traitement ID: 2731
--------------------------------------------------------------------------------
[2026-06-01 14:46:25] SQL
Array
(
    [sql] => UPDATE materiel SET marque = :marque, modele = :modele, numero_serie = :numero_serie, commentaire = :commentaire WHERE id = :id
    [params] => Array
        (
            [0] => :marque
            [1] => :modele
            [2] => :numero_serie
            [3] => :commentaire
            [4] => :id
        )

)

--------------------------------------------------------------------------------
[2026-06-01 14:46:25] Mise à jour réussie ID: 2731
--------------------------------------------------------------------------------
[2026-06-01 14:46:25] Traitement ID: 2727
--------------------------------------------------------------------------------
[2026-06-01 14:46:25] SQL
Array
(
    [sql] => UPDATE materiel SET marque = :marque, modele = :modele, numero_serie = :numero_serie, commentaire = :commentaire WHERE id = :id
    [params] => Array
        (
            [0] => :marque
            [1] => :modele
            [2] => :numero_serie
            [3] => :commentaire
            [4] => :id
        )

)

--------------------------------------------------------------------------------
[2026-06-01 14:46:25] Mise à jour réussie ID: 2727
--------------------------------------------------------------------------------
[2026-06-01 14:46:25] Traitement ID: 2723
--------------------------------------------------------------------------------
[2026-06-01 14:46:25] SQL
Array
(
    [sql] => UPDATE materiel SET marque = :marque, modele = :modele, numero_serie = :numero_serie, commentaire = :commentaire WHERE id = :id
    [params] => Array
        (
            [0] => :marque
            [1] => :modele
            [2] => :numero_serie
            [3] => :commentaire
            [4] => :id
        )

)

--------------------------------------------------------------------------------
[2026-06-01 14:46:25] Mise à jour réussie ID: 2723
--------------------------------------------------------------------------------
[2026-06-01 14:46:25] Traitement ID: 2724
--------------------------------------------------------------------------------
[2026-06-01 14:46:25] SQL
Array
(
    [sql] => UPDATE materiel SET marque = :marque, modele = :modele, numero_serie = :numero_serie, commentaire = :commentaire WHERE id = :id
    [params] => Array
        (
            [0] => :marque
            [1] => :modele
            [2] => :numero_serie
            [3] => :commentaire
            [4] => :id
        )

)

--------------------------------------------------------------------------------
[2026-06-01 14:46:25] Mise à jour réussie ID: 2724
--------------------------------------------------------------------------------
[2026-06-01 14:46:25] Traitement ID: 2730
--------------------------------------------------------------------------------
[2026-06-01 14:46:25] SQL
Array
(
    [sql] => UPDATE materiel SET marque = :marque, modele = :modele, numero_serie = :numero_serie, commentaire = :commentaire WHERE id = :id
    [params] => Array
        (
            [0] => :marque
            [1] => :modele
            [2] => :numero_serie
            [3] => :commentaire
            [4] => :id
        )

)

--------------------------------------------------------------------------------
[2026-06-01 14:46:25] Mise à jour réussie ID: 2730
--------------------------------------------------------------------------------
[2026-06-01 14:46:25] Traitement ID: 2734
--------------------------------------------------------------------------------
[2026-06-01 14:46:25] SQL
Array
(
    [sql] => UPDATE materiel SET marque = :marque, modele = :modele, numero_serie = :numero_serie, commentaire = :commentaire WHERE id = :id
    [params] => Array
        (
            [0] => :marque
            [1] => :modele
            [2] => :numero_serie
            [3] => :commentaire
            [4] => :id
        )

)

--------------------------------------------------------------------------------
[2026-06-01 14:46:25] Mise à jour réussie ID: 2734
--------------------------------------------------------------------------------
[2026-06-01 14:46:25] Réponse
Array
(
    [status] => success
    [message] => 22 ligne(s) mise(s) à jour
    [updated] => 22
    [total_rows] => 22
    [errors] => Array
        (
        )

)

--------------------------------------------------------------------------------
[2026-06-01 14:46:25] === FIN ===
--------------------------------------------------------------------------------
[2026-06-01 14:46:25] === DÉBUT ===
--------------------------------------------------------------------------------
[2026-06-01 14:46:25] Input reçu
Array
(
    [raw_length] => 5961
    [has_data] => 1
)

--------------------------------------------------------------------------------
[2026-06-01 14:46:25] Connexion BDD OK
--------------------------------------------------------------------------------
[2026-06-01 14:46:25] Traitement ID: 2736
--------------------------------------------------------------------------------
[2026-06-01 14:46:25] SQL
Array
(
    [sql] => UPDATE materiel SET marque = :marque, modele = :modele, numero_serie = :numero_serie, version_firmware = :version_firmware, adresse_ip = :adresse_ip, adresse_mac = :adresse_mac, commentaire = :commentaire WHERE id = :id
    [params] => Array
        (
            [0] => :marque
            [1] => :modele
            [2] => :numero_serie
            [3] => :version_firmware
            [4] => :adresse_ip
            [5] => :adresse_mac
            [6] => :commentaire
            [7] => :id
        )

)

--------------------------------------------------------------------------------
[2026-06-01 14:46:25] Mise à jour réussie ID: 2736
--------------------------------------------------------------------------------
[2026-06-01 14:46:25] Traitement ID: 2745
--------------------------------------------------------------------------------
[2026-06-01 14:46:25] SQL
Array
(
    [sql] => UPDATE materiel SET marque = :marque, modele = :modele, numero_serie = :numero_serie, version_firmware = :version_firmware, adresse_ip = :adresse_ip, adresse_mac = :adresse_mac WHERE id = :id
    [params] => Array
        (
            [0] => :marque
            [1] => :modele
            [2] => :numero_serie
            [3] => :version_firmware
            [4] => :adresse_ip
            [5] => :adresse_mac
            [6] => :id
        )

)

--------------------------------------------------------------------------------
[2026-06-01 14:46:25] Mise à jour réussie ID: 2745
--------------------------------------------------------------------------------
[2026-06-01 14:46:25] Traitement ID: 2746
--------------------------------------------------------------------------------
[2026-06-01 14:46:25] SQL
Array
(
    [sql] => UPDATE materiel SET marque = :marque, modele = :modele, numero_serie = :numero_serie, version_firmware = :version_firmware, adresse_ip = :adresse_ip, adresse_mac = :adresse_mac WHERE id = :id
    [params] => Array
        (
            [0] => :marque
            [1] => :modele
            [2] => :numero_serie
            [3] => :version_firmware
            [4] => :adresse_ip
            [5] => :adresse_mac
            [6] => :id
        )

)

--------------------------------------------------------------------------------
[2026-06-01 14:46:25] Mise à jour réussie ID: 2746
--------------------------------------------------------------------------------
[2026-06-01 14:46:25] Traitement ID: 2748
--------------------------------------------------------------------------------
[2026-06-01 14:46:25] SQL
Array
(
    [sql] => UPDATE materiel SET marque = :marque, modele = :modele, numero_serie = :numero_serie, version_firmware = :version_firmware, adresse_ip = :adresse_ip, adresse_mac = :adresse_mac WHERE id = :id
    [params] => Array
        (
            [0] => :marque
            [1] => :modele
            [2] => :numero_serie
            [3] => :version_firmware
            [4] => :adresse_ip
            [5] => :adresse_mac
            [6] => :id
        )

)

--------------------------------------------------------------------------------
[2026-06-01 14:46:25] Mise à jour réussie ID: 2748
--------------------------------------------------------------------------------
[2026-06-01 14:46:25] Traitement ID: 2747
--------------------------------------------------------------------------------
[2026-06-01 14:46:25] SQL
Array
(
    [sql] => UPDATE materiel SET marque = :marque, modele = :modele, numero_serie = :numero_serie, version_firmware = :version_firmware, adresse_ip = :adresse_ip, adresse_mac = :adresse_mac WHERE id = :id
    [params] => Array
        (
            [0] => :marque
            [1] => :modele
            [2] => :numero_serie
            [3] => :version_firmware
            [4] => :adresse_ip
            [5] => :adresse_mac
            [6] => :id
        )

)

--------------------------------------------------------------------------------
[2026-06-01 14:46:25] Mise à jour réussie ID: 2747
--------------------------------------------------------------------------------
[2026-06-01 14:46:25] Traitement ID: 2743
--------------------------------------------------------------------------------
[2026-06-01 14:46:25] SQL
Array
(
    [sql] => UPDATE materiel SET marque = :marque, modele = :modele, numero_serie = :numero_serie, version_firmware = :version_firmware, adresse_ip = :adresse_ip, adresse_mac = :adresse_mac WHERE id = :id
    [params] => Array
        (
            [0] => :marque
            [1] => :modele
            [2] => :numero_serie
            [3] => :version_firmware
            [4] => :adresse_ip
            [5] => :adresse_mac
            [6] => :id
        )

)

--------------------------------------------------------------------------------
[2026-06-01 14:46:25] Mise à jour réussie ID: 2743
--------------------------------------------------------------------------------
[2026-06-01 14:46:25] Traitement ID: 2742
--------------------------------------------------------------------------------
[2026-06-01 14:46:25] SQL
Array
(
    [sql] => UPDATE materiel SET marque = :marque, modele = :modele, numero_serie = :numero_serie, version_firmware = :version_firmware, adresse_ip = :adresse_ip, adresse_mac = :adresse_mac WHERE id = :id
    [params] => Array
        (
            [0] => :marque
            [1] => :modele
            [2] => :numero_serie
            [3] => :version_firmware
            [4] => :adresse_ip
            [5] => :adresse_mac
            [6] => :id
        )

)

--------------------------------------------------------------------------------
[2026-06-01 14:46:25] Mise à jour réussie ID: 2742
--------------------------------------------------------------------------------
[2026-06-01 14:46:25] Traitement ID: 2749
--------------------------------------------------------------------------------
[2026-06-01 14:46:25] SQL
Array
(
    [sql] => UPDATE materiel SET marque = :marque, modele = :modele, numero_serie = :numero_serie, version_firmware = :version_firmware, adresse_ip = :adresse_ip, adresse_mac = :adresse_mac, url_github = :url_github WHERE id = :id
    [params] => Array
        (
            [0] => :marque
            [1] => :modele
            [2] => :numero_serie
            [3] => :version_firmware
            [4] => :adresse_ip
            [5] => :adresse_mac
            [6] => :url_github
            [7] => :id
        )

)

--------------------------------------------------------------------------------
[2026-06-01 14:46:25] Mise à jour réussie ID: 2749
--------------------------------------------------------------------------------
[2026-06-01 14:46:25] Traitement ID: 2744
--------------------------------------------------------------------------------
[2026-06-01 14:46:25] SQL
Array
(
    [sql] => UPDATE materiel SET marque = :marque, modele = :modele, numero_serie = :numero_serie, version_firmware = :version_firmware, adresse_ip = :adresse_ip, adresse_mac = :adresse_mac WHERE id = :id
    [params] => Array
        (
            [0] => :marque
            [1] => :modele
            [2] => :numero_serie
            [3] => :version_firmware
            [4] => :adresse_ip
            [5] => :adresse_mac
            [6] => :id
        )

)

--------------------------------------------------------------------------------
[2026-06-01 14:46:25] Mise à jour réussie ID: 2744
--------------------------------------------------------------------------------
[2026-06-01 14:46:25] Réponse
Array
(
    [status] => success
    [message] => 9 ligne(s) mise(s) à jour
    [updated] => 9
    [total_rows] => 9
    [errors] => Array
        (
        )

)

--------------------------------------------------------------------------------
[2026-06-01 14:46:25] === FIN ===
--------------------------------------------------------------------------------
[2026-06-01 14:48:50] === DÉBUT ===
--------------------------------------------------------------------------------
[2026-06-01 14:48:50] Input reçu
Array
(
    [raw_length] => 5961
    [has_data] => 1
)

--------------------------------------------------------------------------------
[2026-06-01 14:48:50] Connexion BDD OK
--------------------------------------------------------------------------------
[2026-06-01 14:48:50] Traitement ID: 2736
--------------------------------------------------------------------------------
[2026-06-01 14:48:50] SQL
Array
(
    [sql] => UPDATE materiel SET marque = :marque, modele = :modele, numero_serie = :numero_serie, version_firmware = :version_firmware, adresse_ip = :adresse_ip, adresse_mac = :adresse_mac, commentaire = :commentaire WHERE id = :id
    [params] => Array
        (
            [0] => :marque
            [1] => :modele
            [2] => :numero_serie
            [3] => :version_firmware
            [4] => :adresse_ip
            [5] => :adresse_mac
            [6] => :commentaire
            [7] => :id
        )

)

--------------------------------------------------------------------------------
[2026-06-01 14:48:50] Mise à jour réussie ID: 2736
--------------------------------------------------------------------------------
[2026-06-01 14:48:50] Traitement ID: 2745
--------------------------------------------------------------------------------
[2026-06-01 14:48:50] SQL
Array
(
    [sql] => UPDATE materiel SET marque = :marque, modele = :modele, numero_serie = :numero_serie, version_firmware = :version_firmware, adresse_ip = :adresse_ip, adresse_mac = :adresse_mac WHERE id = :id
    [params] => Array
        (
            [0] => :marque
            [1] => :modele
            [2] => :numero_serie
            [3] => :version_firmware
            [4] => :adresse_ip
            [5] => :adresse_mac
            [6] => :id
        )

)

--------------------------------------------------------------------------------
[2026-06-01 14:48:50] Mise à jour réussie ID: 2745
--------------------------------------------------------------------------------
[2026-06-01 14:48:50] Traitement ID: 2746
--------------------------------------------------------------------------------
[2026-06-01 14:48:50] SQL
Array
(
    [sql] => UPDATE materiel SET marque = :marque, modele = :modele, numero_serie = :numero_serie, version_firmware = :version_firmware, adresse_ip = :adresse_ip, adresse_mac = :adresse_mac WHERE id = :id
    [params] => Array
        (
            [0] => :marque
            [1] => :modele
            [2] => :numero_serie
            [3] => :version_firmware
            [4] => :adresse_ip
            [5] => :adresse_mac
            [6] => :id
        )

)

--------------------------------------------------------------------------------
[2026-06-01 14:48:50] Mise à jour réussie ID: 2746
--------------------------------------------------------------------------------
[2026-06-01 14:48:50] Traitement ID: 2748
--------------------------------------------------------------------------------
[2026-06-01 14:48:50] SQL
Array
(
    [sql] => UPDATE materiel SET marque = :marque, modele = :modele, numero_serie = :numero_serie, version_firmware = :version_firmware, adresse_ip = :adresse_ip, adresse_mac = :adresse_mac WHERE id = :id
    [params] => Array
        (
            [0] => :marque
            [1] => :modele
            [2] => :numero_serie
            [3] => :version_firmware
            [4] => :adresse_ip
            [5] => :adresse_mac
            [6] => :id
        )

)

--------------------------------------------------------------------------------
[2026-06-01 14:48:50] Mise à jour réussie ID: 2748
--------------------------------------------------------------------------------
[2026-06-01 14:48:50] Traitement ID: 2747
--------------------------------------------------------------------------------
[2026-06-01 14:48:50] SQL
Array
(
    [sql] => UPDATE materiel SET marque = :marque, modele = :modele, numero_serie = :numero_serie, version_firmware = :version_firmware, adresse_ip = :adresse_ip, adresse_mac = :adresse_mac WHERE id = :id
    [params] => Array
        (
            [0] => :marque
            [1] => :modele
            [2] => :numero_serie
            [3] => :version_firmware
            [4] => :adresse_ip
            [5] => :adresse_mac
            [6] => :id
        )

)

--------------------------------------------------------------------------------
[2026-06-01 14:48:50] Mise à jour réussie ID: 2747
--------------------------------------------------------------------------------
[2026-06-01 14:48:50] Traitement ID: 2743
--------------------------------------------------------------------------------
[2026-06-01 14:48:50] SQL
Array
(
    [sql] => UPDATE materiel SET marque = :marque, modele = :modele, numero_serie = :numero_serie, version_firmware = :version_firmware, adresse_ip = :adresse_ip, adresse_mac = :adresse_mac WHERE id = :id
    [params] => Array
        (
            [0] => :marque
            [1] => :modele
            [2] => :numero_serie
            [3] => :version_firmware
            [4] => :adresse_ip
            [5] => :adresse_mac
            [6] => :id
        )

)

--------------------------------------------------------------------------------
[2026-06-01 14:48:50] Mise à jour réussie ID: 2743
--------------------------------------------------------------------------------
[2026-06-01 14:48:50] Traitement ID: 2742
--------------------------------------------------------------------------------
[2026-06-01 14:48:50] SQL
Array
(
    [sql] => UPDATE materiel SET marque = :marque, modele = :modele, numero_serie = :numero_serie, version_firmware = :version_firmware, adresse_ip = :adresse_ip, adresse_mac = :adresse_mac WHERE id = :id
    [params] => Array
        (
            [0] => :marque
            [1] => :modele
            [2] => :numero_serie
            [3] => :version_firmware
            [4] => :adresse_ip
            [5] => :adresse_mac
            [6] => :id
        )

)

--------------------------------------------------------------------------------
[2026-06-01 14:48:50] Mise à jour réussie ID: 2742
--------------------------------------------------------------------------------
[2026-06-01 14:48:50] Traitement ID: 2749
--------------------------------------------------------------------------------
[2026-06-01 14:48:50] SQL
Array
(
    [sql] => UPDATE materiel SET marque = :marque, modele = :modele, numero_serie = :numero_serie, version_firmware = :version_firmware, adresse_ip = :adresse_ip, adresse_mac = :adresse_mac, url_github = :url_github WHERE id = :id
    [params] => Array
        (
            [0] => :marque
            [1] => :modele
            [2] => :numero_serie
            [3] => :version_firmware
            [4] => :adresse_ip
            [5] => :adresse_mac
            [6] => :url_github
            [7] => :id
        )

)

--------------------------------------------------------------------------------
[2026-06-01 14:48:50] Mise à jour réussie ID: 2749
--------------------------------------------------------------------------------
[2026-06-01 14:48:50] Traitement ID: 2744
--------------------------------------------------------------------------------
[2026-06-01 14:48:50] SQL
Array
(
    [sql] => UPDATE materiel SET marque = :marque, modele = :modele, numero_serie = :numero_serie, version_firmware = :version_firmware, adresse_ip = :adresse_ip, adresse_mac = :adresse_mac WHERE id = :id
    [params] => Array
        (
            [0] => :marque
            [1] => :modele
            [2] => :numero_serie
            [3] => :version_firmware
            [4] => :adresse_ip
            [5] => :adresse_mac
            [6] => :id
        )

)

--------------------------------------------------------------------------------
[2026-06-01 14:48:50] Mise à jour réussie ID: 2744
--------------------------------------------------------------------------------
[2026-06-01 14:48:50] Réponse
Array
(
    [status] => success
    [message] => 9 ligne(s) mise(s) à jour
    [updated] => 9
    [total_rows] => 9
    [errors] => Array
        (
        )

)

--------------------------------------------------------------------------------
[2026-06-01 14:48:50] === FIN ===
--------------------------------------------------------------------------------
[2026-06-01 14:48:50] === DÉBUT ===
--------------------------------------------------------------------------------
[2026-06-01 14:48:51] Input reçu
Array
(
    [raw_length] => 14534
    [has_data] => 1
)

--------------------------------------------------------------------------------
[2026-06-01 14:48:51] Connexion BDD OK
--------------------------------------------------------------------------------
[2026-06-01 14:48:51] Traitement ID: 2733
--------------------------------------------------------------------------------
[2026-06-01 14:48:51] SQL
Array
(
    [sql] => UPDATE materiel SET marque = :marque, modele = :modele, numero_serie = :numero_serie, commentaire = :commentaire WHERE id = :id
    [params] => Array
        (
            [0] => :marque
            [1] => :modele
            [2] => :numero_serie
            [3] => :commentaire
            [4] => :id
        )

)

--------------------------------------------------------------------------------
[2026-06-01 14:48:51] Mise à jour réussie ID: 2733
--------------------------------------------------------------------------------
[2026-06-01 14:48:51] Traitement ID: 2722
--------------------------------------------------------------------------------
[2026-06-01 14:48:51] SQL
Array
(
    [sql] => UPDATE materiel SET marque = :marque, modele = :modele, numero_serie = :numero_serie, commentaire = :commentaire WHERE id = :id
    [params] => Array
        (
            [0] => :marque
            [1] => :modele
            [2] => :numero_serie
            [3] => :commentaire
            [4] => :id
        )

)

--------------------------------------------------------------------------------
[2026-06-01 14:48:51] Mise à jour réussie ID: 2722
--------------------------------------------------------------------------------
[2026-06-01 14:48:51] Traitement ID: 2725
--------------------------------------------------------------------------------
[2026-06-01 14:48:51] SQL
Array
(
    [sql] => UPDATE materiel SET marque = :marque, modele = :modele, numero_serie = :numero_serie, commentaire = :commentaire WHERE id = :id
    [params] => Array
        (
            [0] => :marque
            [1] => :modele
            [2] => :numero_serie
            [3] => :commentaire
            [4] => :id
        )

)

--------------------------------------------------------------------------------
[2026-06-01 14:48:51] Mise à jour réussie ID: 2725
--------------------------------------------------------------------------------
[2026-06-01 14:48:51] Traitement ID: 2729
--------------------------------------------------------------------------------
[2026-06-01 14:48:51] SQL
Array
(
    [sql] => UPDATE materiel SET marque = :marque, modele = :modele, numero_serie = :numero_serie, commentaire = :commentaire WHERE id = :id
    [params] => Array
        (
            [0] => :marque
            [1] => :modele
            [2] => :numero_serie
            [3] => :commentaire
            [4] => :id
        )

)

--------------------------------------------------------------------------------
[2026-06-01 14:48:51] Mise à jour réussie ID: 2729
--------------------------------------------------------------------------------
[2026-06-01 14:48:51] Traitement ID: 2726
--------------------------------------------------------------------------------
[2026-06-01 14:48:51] SQL
Array
(
    [sql] => UPDATE materiel SET marque = :marque, modele = :modele, numero_serie = :numero_serie, commentaire = :commentaire WHERE id = :id
    [params] => Array
        (
            [0] => :marque
            [1] => :modele
            [2] => :numero_serie
            [3] => :commentaire
            [4] => :id
        )

)

--------------------------------------------------------------------------------
[2026-06-01 14:48:51] Mise à jour réussie ID: 2726
--------------------------------------------------------------------------------
[2026-06-01 14:48:51] Traitement ID: 2728
--------------------------------------------------------------------------------
[2026-06-01 14:48:51] SQL
Array
(
    [sql] => UPDATE materiel SET marque = :marque, modele = :modele, numero_serie = :numero_serie, commentaire = :commentaire WHERE id = :id
    [params] => Array
        (
            [0] => :marque
            [1] => :modele
            [2] => :numero_serie
            [3] => :commentaire
            [4] => :id
        )

)

--------------------------------------------------------------------------------
[2026-06-01 14:48:51] Mise à jour réussie ID: 2728
--------------------------------------------------------------------------------
[2026-06-01 14:48:51] Traitement ID: 2732
--------------------------------------------------------------------------------
[2026-06-01 14:48:51] SQL
Array
(
    [sql] => UPDATE materiel SET marque = :marque, modele = :modele, numero_serie = :numero_serie, commentaire = :commentaire WHERE id = :id
    [params] => Array
        (
            [0] => :marque
            [1] => :modele
            [2] => :numero_serie
            [3] => :commentaire
            [4] => :id
        )

)

--------------------------------------------------------------------------------
[2026-06-01 14:48:51] Mise à jour réussie ID: 2732
--------------------------------------------------------------------------------
[2026-06-01 14:48:51] Traitement ID: 2735
--------------------------------------------------------------------------------
[2026-06-01 14:48:51] SQL
Array
(
    [sql] => UPDATE materiel SET marque = :marque, modele = :modele, numero_serie = :numero_serie, commentaire = :commentaire WHERE id = :id
    [params] => Array
        (
            [0] => :marque
            [1] => :modele
            [2] => :numero_serie
            [3] => :commentaire
            [4] => :id
        )

)

--------------------------------------------------------------------------------
[2026-06-01 14:48:51] Mise à jour réussie ID: 2735
--------------------------------------------------------------------------------
[2026-06-01 14:48:51] Traitement ID: 2714
--------------------------------------------------------------------------------
[2026-06-01 14:48:51] SQL
Array
(
    [sql] => UPDATE materiel SET marque = :marque, modele = :modele WHERE id = :id
    [params] => Array
        (
            [0] => :marque
            [1] => :modele
            [2] => :id
        )

)

--------------------------------------------------------------------------------
[2026-06-01 14:48:51] Mise à jour réussie ID: 2714
--------------------------------------------------------------------------------
[2026-06-01 14:48:51] Traitement ID: 2717
--------------------------------------------------------------------------------
[2026-06-01 14:48:51] SQL
Array
(
    [sql] => UPDATE materiel SET marque = :marque, modele = :modele, numero_serie = :numero_serie, commentaire = :commentaire WHERE id = :id
    [params] => Array
        (
            [0] => :marque
            [1] => :modele
            [2] => :numero_serie
            [3] => :commentaire
            [4] => :id
        )

)

--------------------------------------------------------------------------------
[2026-06-01 14:48:51] Mise à jour réussie ID: 2717
--------------------------------------------------------------------------------
[2026-06-01 14:48:51] Traitement ID: 2715
--------------------------------------------------------------------------------
[2026-06-01 14:48:51] SQL
Array
(
    [sql] => UPDATE materiel SET marque = :marque, modele = :modele WHERE id = :id
    [params] => Array
        (
            [0] => :marque
            [1] => :modele
            [2] => :id
        )

)

--------------------------------------------------------------------------------
[2026-06-01 14:48:51] Mise à jour réussie ID: 2715
--------------------------------------------------------------------------------
[2026-06-01 14:48:51] Traitement ID: 2718
--------------------------------------------------------------------------------
[2026-06-01 14:48:51] SQL
Array
(
    [sql] => UPDATE materiel SET marque = :marque, modele = :modele, numero_serie = :numero_serie, commentaire = :commentaire WHERE id = :id
    [params] => Array
        (
            [0] => :marque
            [1] => :modele
            [2] => :numero_serie
            [3] => :commentaire
            [4] => :id
        )

)

--------------------------------------------------------------------------------
[2026-06-01 14:48:51] Mise à jour réussie ID: 2718
--------------------------------------------------------------------------------
[2026-06-01 14:48:51] Traitement ID: 2716
--------------------------------------------------------------------------------
[2026-06-01 14:48:51] SQL
Array
(
    [sql] => UPDATE materiel SET marque = :marque, modele = :modele WHERE id = :id
    [params] => Array
        (
            [0] => :marque
            [1] => :modele
            [2] => :id
        )

)

--------------------------------------------------------------------------------
[2026-06-01 14:48:51] Mise à jour réussie ID: 2716
--------------------------------------------------------------------------------
[2026-06-01 14:48:51] Traitement ID: 2719
--------------------------------------------------------------------------------
[2026-06-01 14:48:51] SQL
Array
(
    [sql] => UPDATE materiel SET marque = :marque, modele = :modele, numero_serie = :numero_serie, commentaire = :commentaire WHERE id = :id
    [params] => Array
        (
            [0] => :marque
            [1] => :modele
            [2] => :numero_serie
            [3] => :commentaire
            [4] => :id
        )

)

--------------------------------------------------------------------------------
[2026-06-01 14:48:51] Mise à jour réussie ID: 2719
--------------------------------------------------------------------------------
[2026-06-01 14:48:51] Traitement ID: 2720
--------------------------------------------------------------------------------
[2026-06-01 14:48:51] SQL
Array
(
    [sql] => UPDATE materiel SET marque = :marque, modele = :modele, numero_serie = :numero_serie, commentaire = :commentaire WHERE id = :id
    [params] => Array
        (
            [0] => :marque
            [1] => :modele
            [2] => :numero_serie
            [3] => :commentaire
            [4] => :id
        )

)

--------------------------------------------------------------------------------
[2026-06-01 14:48:51] Mise à jour réussie ID: 2720
--------------------------------------------------------------------------------
[2026-06-01 14:48:51] Traitement ID: 2721
--------------------------------------------------------------------------------
[2026-06-01 14:48:51] SQL
Array
(
    [sql] => UPDATE materiel SET marque = :marque, modele = :modele, numero_serie = :numero_serie, commentaire = :commentaire WHERE id = :id
    [params] => Array
        (
            [0] => :marque
            [1] => :modele
            [2] => :numero_serie
            [3] => :commentaire
            [4] => :id
        )

)

--------------------------------------------------------------------------------
[2026-06-01 14:48:51] Mise à jour réussie ID: 2721
--------------------------------------------------------------------------------
[2026-06-01 14:48:51] Traitement ID: 2731
--------------------------------------------------------------------------------
[2026-06-01 14:48:51] SQL
Array
(
    [sql] => UPDATE materiel SET marque = :marque, modele = :modele, numero_serie = :numero_serie, commentaire = :commentaire WHERE id = :id
    [params] => Array
        (
            [0] => :marque
            [1] => :modele
            [2] => :numero_serie
            [3] => :commentaire
            [4] => :id
        )

)

--------------------------------------------------------------------------------
[2026-06-01 14:48:51] Mise à jour réussie ID: 2731
--------------------------------------------------------------------------------
[2026-06-01 14:48:51] Traitement ID: 2727
--------------------------------------------------------------------------------
[2026-06-01 14:48:51] SQL
Array
(
    [sql] => UPDATE materiel SET marque = :marque, modele = :modele, numero_serie = :numero_serie, commentaire = :commentaire WHERE id = :id
    [params] => Array
        (
            [0] => :marque
            [1] => :modele
            [2] => :numero_serie
            [3] => :commentaire
            [4] => :id
        )

)

--------------------------------------------------------------------------------
[2026-06-01 14:48:51] Mise à jour réussie ID: 2727
--------------------------------------------------------------------------------
[2026-06-01 14:48:51] Traitement ID: 2723
--------------------------------------------------------------------------------
[2026-06-01 14:48:51] SQL
Array
(
    [sql] => UPDATE materiel SET marque = :marque, modele = :modele, numero_serie = :numero_serie, commentaire = :commentaire WHERE id = :id
    [params] => Array
        (
            [0] => :marque
            [1] => :modele
            [2] => :numero_serie
            [3] => :commentaire
            [4] => :id
        )

)

--------------------------------------------------------------------------------
[2026-06-01 14:48:51] Mise à jour réussie ID: 2723
--------------------------------------------------------------------------------
[2026-06-01 14:48:51] Traitement ID: 2724
--------------------------------------------------------------------------------
[2026-06-01 14:48:51] SQL
Array
(
    [sql] => UPDATE materiel SET marque = :marque, modele = :modele, numero_serie = :numero_serie, commentaire = :commentaire WHERE id = :id
    [params] => Array
        (
            [0] => :marque
            [1] => :modele
            [2] => :numero_serie
            [3] => :commentaire
            [4] => :id
        )

)

--------------------------------------------------------------------------------
[2026-06-01 14:48:51] Mise à jour réussie ID: 2724
--------------------------------------------------------------------------------
[2026-06-01 14:48:51] Traitement ID: 2730
--------------------------------------------------------------------------------
[2026-06-01 14:48:51] SQL
Array
(
    [sql] => UPDATE materiel SET marque = :marque, modele = :modele, numero_serie = :numero_serie, commentaire = :commentaire WHERE id = :id
    [params] => Array
        (
            [0] => :marque
            [1] => :modele
            [2] => :numero_serie
            [3] => :commentaire
            [4] => :id
        )

)

--------------------------------------------------------------------------------
[2026-06-01 14:48:51] Mise à jour réussie ID: 2730
--------------------------------------------------------------------------------
[2026-06-01 14:48:51] Traitement ID: 2734
--------------------------------------------------------------------------------
[2026-06-01 14:48:51] SQL
Array
(
    [sql] => UPDATE materiel SET marque = :marque, modele = :modele, numero_serie = :numero_serie, commentaire = :commentaire WHERE id = :id
    [params] => Array
        (
            [0] => :marque
            [1] => :modele
            [2] => :numero_serie
            [3] => :commentaire
            [4] => :id
        )

)

--------------------------------------------------------------------------------
[2026-06-01 14:48:51] Mise à jour réussie ID: 2734
--------------------------------------------------------------------------------
[2026-06-01 14:48:51] Réponse
Array
(
    [status] => success
    [message] => 22 ligne(s) mise(s) à jour
    [updated] => 22
    [total_rows] => 22
    [errors] => Array
        (
        )

)

--------------------------------------------------------------------------------
[2026-06-01 14:48:51] === FIN ===
--------------------------------------------------------------------------------
[2026-06-01 14:51:19] === DÉBUT ===
--------------------------------------------------------------------------------
[2026-06-01 14:51:20] Input reçu
Array
(
    [raw_length] => 6608
    [has_data] => 1
)

--------------------------------------------------------------------------------
[2026-06-01 14:51:20] Connexion BDD OK
--------------------------------------------------------------------------------
[2026-06-01 14:51:20] Traitement ID: 2736
--------------------------------------------------------------------------------
[2026-06-01 14:51:20] SQL
Array
(
    [sql] => UPDATE materiel SET marque = :marque, modele = :modele, numero_serie = :numero_serie, version_firmware = :version_firmware, adresse_ip = :adresse_ip, adresse_mac = :adresse_mac, commentaire = :commentaire WHERE id = :id
    [params] => Array
        (
            [0] => :marque
            [1] => :modele
            [2] => :numero_serie
            [3] => :version_firmware
            [4] => :adresse_ip
            [5] => :adresse_mac
            [6] => :commentaire
            [7] => :id
        )

)

--------------------------------------------------------------------------------
[2026-06-01 14:51:20] Mise à jour réussie ID: 2736
--------------------------------------------------------------------------------
[2026-06-01 14:51:20] Traitement ID: 2750
--------------------------------------------------------------------------------
[2026-06-01 14:51:20] SQL
Array
(
    [sql] => UPDATE materiel SET marque = :marque, modele = :modele, numero_serie = :numero_serie, version_firmware = :version_firmware WHERE id = :id
    [params] => Array
        (
            [0] => :marque
            [1] => :modele
            [2] => :numero_serie
            [3] => :version_firmware
            [4] => :id
        )

)

--------------------------------------------------------------------------------
[2026-06-01 14:51:20] Mise à jour réussie ID: 2750
--------------------------------------------------------------------------------
[2026-06-01 14:51:20] Traitement ID: 2745
--------------------------------------------------------------------------------
[2026-06-01 14:51:20] SQL
Array
(
    [sql] => UPDATE materiel SET marque = :marque, modele = :modele, numero_serie = :numero_serie, version_firmware = :version_firmware, adresse_ip = :adresse_ip, adresse_mac = :adresse_mac WHERE id = :id
    [params] => Array
        (
            [0] => :marque
            [1] => :modele
            [2] => :numero_serie
            [3] => :version_firmware
            [4] => :adresse_ip
            [5] => :adresse_mac
            [6] => :id
        )

)

--------------------------------------------------------------------------------
[2026-06-01 14:51:20] Mise à jour réussie ID: 2745
--------------------------------------------------------------------------------
[2026-06-01 14:51:20] Traitement ID: 2746
--------------------------------------------------------------------------------
[2026-06-01 14:51:20] SQL
Array
(
    [sql] => UPDATE materiel SET marque = :marque, modele = :modele, numero_serie = :numero_serie, version_firmware = :version_firmware, adresse_ip = :adresse_ip, adresse_mac = :adresse_mac WHERE id = :id
    [params] => Array
        (
            [0] => :marque
            [1] => :modele
            [2] => :numero_serie
            [3] => :version_firmware
            [4] => :adresse_ip
            [5] => :adresse_mac
            [6] => :id
        )

)

--------------------------------------------------------------------------------
[2026-06-01 14:51:20] Mise à jour réussie ID: 2746
--------------------------------------------------------------------------------
[2026-06-01 14:51:20] Traitement ID: 2748
--------------------------------------------------------------------------------
[2026-06-01 14:51:20] SQL
Array
(
    [sql] => UPDATE materiel SET marque = :marque, modele = :modele, numero_serie = :numero_serie, version_firmware = :version_firmware, adresse_ip = :adresse_ip, adresse_mac = :adresse_mac WHERE id = :id
    [params] => Array
        (
            [0] => :marque
            [1] => :modele
            [2] => :numero_serie
            [3] => :version_firmware
            [4] => :adresse_ip
            [5] => :adresse_mac
            [6] => :id
        )

)

--------------------------------------------------------------------------------
[2026-06-01 14:51:20] Mise à jour réussie ID: 2748
--------------------------------------------------------------------------------
[2026-06-01 14:51:20] Traitement ID: 2747
--------------------------------------------------------------------------------
[2026-06-01 14:51:20] SQL
Array
(
    [sql] => UPDATE materiel SET marque = :marque, modele = :modele, numero_serie = :numero_serie, version_firmware = :version_firmware, adresse_ip = :adresse_ip, adresse_mac = :adresse_mac WHERE id = :id
    [params] => Array
        (
            [0] => :marque
            [1] => :modele
            [2] => :numero_serie
            [3] => :version_firmware
            [4] => :adresse_ip
            [5] => :adresse_mac
            [6] => :id
        )

)

--------------------------------------------------------------------------------
[2026-06-01 14:51:20] Mise à jour réussie ID: 2747
--------------------------------------------------------------------------------
[2026-06-01 14:51:20] Traitement ID: 2743
--------------------------------------------------------------------------------
[2026-06-01 14:51:20] SQL
Array
(
    [sql] => UPDATE materiel SET marque = :marque, modele = :modele, numero_serie = :numero_serie, version_firmware = :version_firmware, adresse_ip = :adresse_ip, adresse_mac = :adresse_mac WHERE id = :id
    [params] => Array
        (
            [0] => :marque
            [1] => :modele
            [2] => :numero_serie
            [3] => :version_firmware
            [4] => :adresse_ip
            [5] => :adresse_mac
            [6] => :id
        )

)

--------------------------------------------------------------------------------
[2026-06-01 14:51:20] Mise à jour réussie ID: 2743
--------------------------------------------------------------------------------
[2026-06-01 14:51:20] Traitement ID: 2742
--------------------------------------------------------------------------------
[2026-06-01 14:51:20] SQL
Array
(
    [sql] => UPDATE materiel SET marque = :marque, modele = :modele, numero_serie = :numero_serie, version_firmware = :version_firmware, adresse_ip = :adresse_ip, adresse_mac = :adresse_mac WHERE id = :id
    [params] => Array
        (
            [0] => :marque
            [1] => :modele
            [2] => :numero_serie
            [3] => :version_firmware
            [4] => :adresse_ip
            [5] => :adresse_mac
            [6] => :id
        )

)

--------------------------------------------------------------------------------
[2026-06-01 14:51:20] Mise à jour réussie ID: 2742
--------------------------------------------------------------------------------
[2026-06-01 14:51:20] Traitement ID: 2749
--------------------------------------------------------------------------------
[2026-06-01 14:51:20] SQL
Array
(
    [sql] => UPDATE materiel SET marque = :marque, modele = :modele, numero_serie = :numero_serie, version_firmware = :version_firmware, adresse_ip = :adresse_ip, adresse_mac = :adresse_mac, url_github = :url_github WHERE id = :id
    [params] => Array
        (
            [0] => :marque
            [1] => :modele
            [2] => :numero_serie
            [3] => :version_firmware
            [4] => :adresse_ip
            [5] => :adresse_mac
            [6] => :url_github
            [7] => :id
        )

)

--------------------------------------------------------------------------------
[2026-06-01 14:51:20] Mise à jour réussie ID: 2749
--------------------------------------------------------------------------------
[2026-06-01 14:51:20] Traitement ID: 2744
--------------------------------------------------------------------------------
[2026-06-01 14:51:20] SQL
Array
(
    [sql] => UPDATE materiel SET marque = :marque, modele = :modele, numero_serie = :numero_serie, version_firmware = :version_firmware, adresse_ip = :adresse_ip, adresse_mac = :adresse_mac WHERE id = :id
    [params] => Array
        (
            [0] => :marque
            [1] => :modele
            [2] => :numero_serie
            [3] => :version_firmware
            [4] => :adresse_ip
            [5] => :adresse_mac
            [6] => :id
        )

)

--------------------------------------------------------------------------------
[2026-06-01 14:51:20] Mise à jour réussie ID: 2744
--------------------------------------------------------------------------------
[2026-06-01 14:51:20] Réponse
Array
(
    [status] => success
    [message] => 10 ligne(s) mise(s) à jour
    [updated] => 10
    [total_rows] => 10
    [errors] => Array
        (
        )

)

--------------------------------------------------------------------------------
[2026-06-01 14:51:20] === FIN ===
--------------------------------------------------------------------------------
[2026-06-01 14:51:53] === DÉBUT ===
--------------------------------------------------------------------------------
[2026-06-01 14:51:53] Input reçu
Array
(
    [raw_length] => 7260
    [has_data] => 1
)

--------------------------------------------------------------------------------
[2026-06-01 14:51:53] Connexion BDD OK
--------------------------------------------------------------------------------
[2026-06-01 14:51:53] Traitement ID: 2736
--------------------------------------------------------------------------------
[2026-06-01 14:51:53] SQL
Array
(
    [sql] => UPDATE materiel SET marque = :marque, modele = :modele, numero_serie = :numero_serie, version_firmware = :version_firmware, adresse_ip = :adresse_ip, adresse_mac = :adresse_mac, commentaire = :commentaire WHERE id = :id
    [params] => Array
        (
            [0] => :marque
            [1] => :modele
            [2] => :numero_serie
            [3] => :version_firmware
            [4] => :adresse_ip
            [5] => :adresse_mac
            [6] => :commentaire
            [7] => :id
        )

)

--------------------------------------------------------------------------------
[2026-06-01 14:51:53] Mise à jour réussie ID: 2736
--------------------------------------------------------------------------------
[2026-06-01 14:51:53] Traitement ID: 2751
--------------------------------------------------------------------------------
[2026-06-01 14:51:53] SQL
Array
(
    [sql] => UPDATE materiel SET marque = :marque, modele = :modele, numero_serie = :numero_serie, version_firmware = :version_firmware, adresse_ip = :adresse_ip WHERE id = :id
    [params] => Array
        (
            [0] => :marque
            [1] => :modele
            [2] => :numero_serie
            [3] => :version_firmware
            [4] => :adresse_ip
            [5] => :id
        )

)

--------------------------------------------------------------------------------
[2026-06-01 14:51:53] Mise à jour réussie ID: 2751
--------------------------------------------------------------------------------
[2026-06-01 14:51:53] Traitement ID: 2750
--------------------------------------------------------------------------------
[2026-06-01 14:51:53] SQL
Array
(
    [sql] => UPDATE materiel SET marque = :marque, modele = :modele, numero_serie = :numero_serie, version_firmware = :version_firmware WHERE id = :id
    [params] => Array
        (
            [0] => :marque
            [1] => :modele
            [2] => :numero_serie
            [3] => :version_firmware
            [4] => :id
        )

)

--------------------------------------------------------------------------------
[2026-06-01 14:51:53] Mise à jour réussie ID: 2750
--------------------------------------------------------------------------------
[2026-06-01 14:51:53] Traitement ID: 2745
--------------------------------------------------------------------------------
[2026-06-01 14:51:53] SQL
Array
(
    [sql] => UPDATE materiel SET marque = :marque, modele = :modele, numero_serie = :numero_serie, version_firmware = :version_firmware, adresse_ip = :adresse_ip, adresse_mac = :adresse_mac WHERE id = :id
    [params] => Array
        (
            [0] => :marque
            [1] => :modele
            [2] => :numero_serie
            [3] => :version_firmware
            [4] => :adresse_ip
            [5] => :adresse_mac
            [6] => :id
        )

)

--------------------------------------------------------------------------------
[2026-06-01 14:51:53] Mise à jour réussie ID: 2745
--------------------------------------------------------------------------------
[2026-06-01 14:51:53] Traitement ID: 2746
--------------------------------------------------------------------------------
[2026-06-01 14:51:53] SQL
Array
(
    [sql] => UPDATE materiel SET marque = :marque, modele = :modele, numero_serie = :numero_serie, version_firmware = :version_firmware, adresse_ip = :adresse_ip, adresse_mac = :adresse_mac WHERE id = :id
    [params] => Array
        (
            [0] => :marque
            [1] => :modele
            [2] => :numero_serie
            [3] => :version_firmware
            [4] => :adresse_ip
            [5] => :adresse_mac
            [6] => :id
        )

)

--------------------------------------------------------------------------------
[2026-06-01 14:51:53] Mise à jour réussie ID: 2746
--------------------------------------------------------------------------------
[2026-06-01 14:51:53] Traitement ID: 2748
--------------------------------------------------------------------------------
[2026-06-01 14:51:53] SQL
Array
(
    [sql] => UPDATE materiel SET marque = :marque, modele = :modele, numero_serie = :numero_serie, version_firmware = :version_firmware, adresse_ip = :adresse_ip, adresse_mac = :adresse_mac WHERE id = :id
    [params] => Array
        (
            [0] => :marque
            [1] => :modele
            [2] => :numero_serie
            [3] => :version_firmware
            [4] => :adresse_ip
            [5] => :adresse_mac
            [6] => :id
        )

)

--------------------------------------------------------------------------------
[2026-06-01 14:51:53] Mise à jour réussie ID: 2748
--------------------------------------------------------------------------------
[2026-06-01 14:51:53] Traitement ID: 2747
--------------------------------------------------------------------------------
[2026-06-01 14:51:53] SQL
Array
(
    [sql] => UPDATE materiel SET marque = :marque, modele = :modele, numero_serie = :numero_serie, version_firmware = :version_firmware, adresse_ip = :adresse_ip, adresse_mac = :adresse_mac WHERE id = :id
    [params] => Array
        (
            [0] => :marque
            [1] => :modele
            [2] => :numero_serie
            [3] => :version_firmware
            [4] => :adresse_ip
            [5] => :adresse_mac
            [6] => :id
        )

)

--------------------------------------------------------------------------------
[2026-06-01 14:51:53] Mise à jour réussie ID: 2747
--------------------------------------------------------------------------------
[2026-06-01 14:51:53] Traitement ID: 2743
--------------------------------------------------------------------------------
[2026-06-01 14:51:53] SQL
Array
(
    [sql] => UPDATE materiel SET marque = :marque, modele = :modele, numero_serie = :numero_serie, version_firmware = :version_firmware, adresse_ip = :adresse_ip, adresse_mac = :adresse_mac WHERE id = :id
    [params] => Array
        (
            [0] => :marque
            [1] => :modele
            [2] => :numero_serie
            [3] => :version_firmware
            [4] => :adresse_ip
            [5] => :adresse_mac
            [6] => :id
        )

)

--------------------------------------------------------------------------------
[2026-06-01 14:51:53] Mise à jour réussie ID: 2743
--------------------------------------------------------------------------------
[2026-06-01 14:51:53] Traitement ID: 2742
--------------------------------------------------------------------------------
[2026-06-01 14:51:53] SQL
Array
(
    [sql] => UPDATE materiel SET marque = :marque, modele = :modele, numero_serie = :numero_serie, version_firmware = :version_firmware, adresse_ip = :adresse_ip, adresse_mac = :adresse_mac WHERE id = :id
    [params] => Array
        (
            [0] => :marque
            [1] => :modele
            [2] => :numero_serie
            [3] => :version_firmware
            [4] => :adresse_ip
            [5] => :adresse_mac
            [6] => :id
        )

)

--------------------------------------------------------------------------------
[2026-06-01 14:51:53] Mise à jour réussie ID: 2742
--------------------------------------------------------------------------------
[2026-06-01 14:51:53] Traitement ID: 2749
--------------------------------------------------------------------------------
[2026-06-01 14:51:53] SQL
Array
(
    [sql] => UPDATE materiel SET marque = :marque, modele = :modele, numero_serie = :numero_serie, version_firmware = :version_firmware, adresse_ip = :adresse_ip, adresse_mac = :adresse_mac, url_github = :url_github WHERE id = :id
    [params] => Array
        (
            [0] => :marque
            [1] => :modele
            [2] => :numero_serie
            [3] => :version_firmware
            [4] => :adresse_ip
            [5] => :adresse_mac
            [6] => :url_github
            [7] => :id
        )

)

--------------------------------------------------------------------------------
[2026-06-01 14:51:53] Mise à jour réussie ID: 2749
--------------------------------------------------------------------------------
[2026-06-01 14:51:53] Traitement ID: 2744
--------------------------------------------------------------------------------
[2026-06-01 14:51:53] SQL
Array
(
    [sql] => UPDATE materiel SET marque = :marque, modele = :modele, numero_serie = :numero_serie, version_firmware = :version_firmware, adresse_ip = :adresse_ip, adresse_mac = :adresse_mac WHERE id = :id
    [params] => Array
        (
            [0] => :marque
            [1] => :modele
            [2] => :numero_serie
            [3] => :version_firmware
            [4] => :adresse_ip
            [5] => :adresse_mac
            [6] => :id
        )

)

--------------------------------------------------------------------------------
[2026-06-01 14:51:53] Mise à jour réussie ID: 2744
--------------------------------------------------------------------------------
[2026-06-01 14:51:53] Réponse
Array
(
    [status] => success
    [message] => 11 ligne(s) mise(s) à jour
    [updated] => 11
    [total_rows] => 11
    [errors] => Array
        (
        )

)

--------------------------------------------------------------------------------
[2026-06-01 14:51:53] === FIN ===
--------------------------------------------------------------------------------
[2026-06-01 14:52:00] === DÉBUT ===
--------------------------------------------------------------------------------
[2026-06-01 14:52:00] Input reçu
Array
(
    [raw_length] => 7262
    [has_data] => 1
)

--------------------------------------------------------------------------------
[2026-06-01 14:52:00] Connexion BDD OK
--------------------------------------------------------------------------------
[2026-06-01 14:52:00] Traitement ID: 2736
--------------------------------------------------------------------------------
[2026-06-01 14:52:00] SQL
Array
(
    [sql] => UPDATE materiel SET marque = :marque, modele = :modele, numero_serie = :numero_serie, version_firmware = :version_firmware, adresse_ip = :adresse_ip, adresse_mac = :adresse_mac, commentaire = :commentaire WHERE id = :id
    [params] => Array
        (
            [0] => :marque
            [1] => :modele
            [2] => :numero_serie
            [3] => :version_firmware
            [4] => :adresse_ip
            [5] => :adresse_mac
            [6] => :commentaire
            [7] => :id
        )

)

--------------------------------------------------------------------------------
[2026-06-01 14:52:00] Mise à jour réussie ID: 2736
--------------------------------------------------------------------------------
[2026-06-01 14:52:00] Traitement ID: 2751
--------------------------------------------------------------------------------
[2026-06-01 14:52:00] SQL
Array
(
    [sql] => UPDATE materiel SET marque = :marque, modele = :modele, numero_serie = :numero_serie, version_firmware = :version_firmware, adresse_ip = :adresse_ip WHERE id = :id
    [params] => Array
        (
            [0] => :marque
            [1] => :modele
            [2] => :numero_serie
            [3] => :version_firmware
            [4] => :adresse_ip
            [5] => :id
        )

)

--------------------------------------------------------------------------------
[2026-06-01 14:52:00] Mise à jour réussie ID: 2751
--------------------------------------------------------------------------------
[2026-06-01 14:52:00] Traitement ID: 2750
--------------------------------------------------------------------------------
[2026-06-01 14:52:00] SQL
Array
(
    [sql] => UPDATE materiel SET marque = :marque, modele = :modele, numero_serie = :numero_serie, version_firmware = :version_firmware WHERE id = :id
    [params] => Array
        (
            [0] => :marque
            [1] => :modele
            [2] => :numero_serie
            [3] => :version_firmware
            [4] => :id
        )

)

--------------------------------------------------------------------------------
[2026-06-01 14:52:00] Mise à jour réussie ID: 2750
--------------------------------------------------------------------------------
[2026-06-01 14:52:00] Traitement ID: 2745
--------------------------------------------------------------------------------
[2026-06-01 14:52:00] SQL
Array
(
    [sql] => UPDATE materiel SET marque = :marque, modele = :modele, numero_serie = :numero_serie, version_firmware = :version_firmware, adresse_ip = :adresse_ip, adresse_mac = :adresse_mac WHERE id = :id
    [params] => Array
        (
            [0] => :marque
            [1] => :modele
            [2] => :numero_serie
            [3] => :version_firmware
            [4] => :adresse_ip
            [5] => :adresse_mac
            [6] => :id
        )

)

--------------------------------------------------------------------------------
[2026-06-01 14:52:00] Mise à jour réussie ID: 2745
--------------------------------------------------------------------------------
[2026-06-01 14:52:00] Traitement ID: 2746
--------------------------------------------------------------------------------
[2026-06-01 14:52:00] SQL
Array
(
    [sql] => UPDATE materiel SET marque = :marque, modele = :modele, numero_serie = :numero_serie, version_firmware = :version_firmware, adresse_ip = :adresse_ip, adresse_mac = :adresse_mac WHERE id = :id
    [params] => Array
        (
            [0] => :marque
            [1] => :modele
            [2] => :numero_serie
            [3] => :version_firmware
            [4] => :adresse_ip
            [5] => :adresse_mac
            [6] => :id
        )

)

--------------------------------------------------------------------------------
[2026-06-01 14:52:00] Mise à jour réussie ID: 2746
--------------------------------------------------------------------------------
[2026-06-01 14:52:00] Traitement ID: 2748
--------------------------------------------------------------------------------
[2026-06-01 14:52:00] SQL
Array
(
    [sql] => UPDATE materiel SET marque = :marque, modele = :modele, numero_serie = :numero_serie, version_firmware = :version_firmware, adresse_ip = :adresse_ip, adresse_mac = :adresse_mac WHERE id = :id
    [params] => Array
        (
            [0] => :marque
            [1] => :modele
            [2] => :numero_serie
            [3] => :version_firmware
            [4] => :adresse_ip
            [5] => :adresse_mac
            [6] => :id
        )

)

--------------------------------------------------------------------------------
[2026-06-01 14:52:00] Mise à jour réussie ID: 2748
--------------------------------------------------------------------------------
[2026-06-01 14:52:00] Traitement ID: 2747
--------------------------------------------------------------------------------
[2026-06-01 14:52:00] SQL
Array
(
    [sql] => UPDATE materiel SET marque = :marque, modele = :modele, numero_serie = :numero_serie, version_firmware = :version_firmware, adresse_ip = :adresse_ip, adresse_mac = :adresse_mac WHERE id = :id
    [params] => Array
        (
            [0] => :marque
            [1] => :modele
            [2] => :numero_serie
            [3] => :version_firmware
            [4] => :adresse_ip
            [5] => :adresse_mac
            [6] => :id
        )

)

--------------------------------------------------------------------------------
[2026-06-01 14:52:00] Mise à jour réussie ID: 2747
--------------------------------------------------------------------------------
[2026-06-01 14:52:00] Traitement ID: 2743
--------------------------------------------------------------------------------
[2026-06-01 14:52:00] SQL
Array
(
    [sql] => UPDATE materiel SET marque = :marque, modele = :modele, numero_serie = :numero_serie, version_firmware = :version_firmware, adresse_ip = :adresse_ip, adresse_mac = :adresse_mac WHERE id = :id
    [params] => Array
        (
            [0] => :marque
            [1] => :modele
            [2] => :numero_serie
            [3] => :version_firmware
            [4] => :adresse_ip
            [5] => :adresse_mac
            [6] => :id
        )

)

--------------------------------------------------------------------------------
[2026-06-01 14:52:00] Mise à jour réussie ID: 2743
--------------------------------------------------------------------------------
[2026-06-01 14:52:00] Traitement ID: 2742
--------------------------------------------------------------------------------
[2026-06-01 14:52:00] SQL
Array
(
    [sql] => UPDATE materiel SET marque = :marque, modele = :modele, numero_serie = :numero_serie, version_firmware = :version_firmware, adresse_ip = :adresse_ip, adresse_mac = :adresse_mac WHERE id = :id
    [params] => Array
        (
            [0] => :marque
            [1] => :modele
            [2] => :numero_serie
            [3] => :version_firmware
            [4] => :adresse_ip
            [5] => :adresse_mac
            [6] => :id
        )

)

--------------------------------------------------------------------------------
[2026-06-01 14:52:00] Mise à jour réussie ID: 2742
--------------------------------------------------------------------------------
[2026-06-01 14:52:00] Traitement ID: 2749
--------------------------------------------------------------------------------
[2026-06-01 14:52:00] SQL
Array
(
    [sql] => UPDATE materiel SET marque = :marque, modele = :modele, numero_serie = :numero_serie, version_firmware = :version_firmware, adresse_ip = :adresse_ip, adresse_mac = :adresse_mac, url_github = :url_github WHERE id = :id
    [params] => Array
        (
            [0] => :marque
            [1] => :modele
            [2] => :numero_serie
            [3] => :version_firmware
            [4] => :adresse_ip
            [5] => :adresse_mac
            [6] => :url_github
            [7] => :id
        )

)

--------------------------------------------------------------------------------
[2026-06-01 14:52:00] Mise à jour réussie ID: 2749
--------------------------------------------------------------------------------
[2026-06-01 14:52:00] Traitement ID: 2744
--------------------------------------------------------------------------------
[2026-06-01 14:52:00] SQL
Array
(
    [sql] => UPDATE materiel SET marque = :marque, modele = :modele, numero_serie = :numero_serie, version_firmware = :version_firmware, adresse_ip = :adresse_ip, adresse_mac = :adresse_mac WHERE id = :id
    [params] => Array
        (
            [0] => :marque
            [1] => :modele
            [2] => :numero_serie
            [3] => :version_firmware
            [4] => :adresse_ip
            [5] => :adresse_mac
            [6] => :id
        )

)

--------------------------------------------------------------------------------
[2026-06-01 14:52:00] Mise à jour réussie ID: 2744
--------------------------------------------------------------------------------
[2026-06-01 14:52:00] Réponse
Array
(
    [status] => success
    [message] => 11 ligne(s) mise(s) à jour
    [updated] => 11
    [total_rows] => 11
    [errors] => Array
        (
        )

)

--------------------------------------------------------------------------------
[2026-06-01 14:52:00] === FIN ===
--------------------------------------------------------------------------------
[2026-06-01 14:53:03] === DÉBUT ===
--------------------------------------------------------------------------------
[2026-06-01 14:53:03] Input reçu
Array
(
    [raw_length] => 7270
    [has_data] => 1
)

--------------------------------------------------------------------------------
[2026-06-01 14:53:03] Connexion BDD OK
--------------------------------------------------------------------------------
[2026-06-01 14:53:03] Traitement ID: 2736
--------------------------------------------------------------------------------
[2026-06-01 14:53:03] SQL
Array
(
    [sql] => UPDATE materiel SET marque = :marque, modele = :modele, numero_serie = :numero_serie, version_firmware = :version_firmware, adresse_ip = :adresse_ip, adresse_mac = :adresse_mac, commentaire = :commentaire WHERE id = :id
    [params] => Array
        (
            [0] => :marque
            [1] => :modele
            [2] => :numero_serie
            [3] => :version_firmware
            [4] => :adresse_ip
            [5] => :adresse_mac
            [6] => :commentaire
            [7] => :id
        )

)

--------------------------------------------------------------------------------
[2026-06-01 14:53:03] Mise à jour réussie ID: 2736
--------------------------------------------------------------------------------
[2026-06-01 14:53:03] Traitement ID: 2751
--------------------------------------------------------------------------------
[2026-06-01 14:53:03] SQL
Array
(
    [sql] => UPDATE materiel SET marque = :marque, modele = :modele, numero_serie = :numero_serie, version_firmware = :version_firmware, adresse_ip = :adresse_ip WHERE id = :id
    [params] => Array
        (
            [0] => :marque
            [1] => :modele
            [2] => :numero_serie
            [3] => :version_firmware
            [4] => :adresse_ip
            [5] => :id
        )

)

--------------------------------------------------------------------------------
[2026-06-01 14:53:03] Mise à jour réussie ID: 2751
--------------------------------------------------------------------------------
[2026-06-01 14:53:03] Traitement ID: 2750
--------------------------------------------------------------------------------
[2026-06-01 14:53:03] SQL
Array
(
    [sql] => UPDATE materiel SET marque = :marque, modele = :modele, numero_serie = :numero_serie, version_firmware = :version_firmware WHERE id = :id
    [params] => Array
        (
            [0] => :marque
            [1] => :modele
            [2] => :numero_serie
            [3] => :version_firmware
            [4] => :id
        )

)

--------------------------------------------------------------------------------
[2026-06-01 14:53:03] Mise à jour réussie ID: 2750
--------------------------------------------------------------------------------
[2026-06-01 14:53:03] Traitement ID: 2745
--------------------------------------------------------------------------------
[2026-06-01 14:53:03] SQL
Array
(
    [sql] => UPDATE materiel SET marque = :marque, modele = :modele, numero_serie = :numero_serie, version_firmware = :version_firmware, adresse_ip = :adresse_ip, adresse_mac = :adresse_mac WHERE id = :id
    [params] => Array
        (
            [0] => :marque
            [1] => :modele
            [2] => :numero_serie
            [3] => :version_firmware
            [4] => :adresse_ip
            [5] => :adresse_mac
            [6] => :id
        )

)

--------------------------------------------------------------------------------
[2026-06-01 14:53:03] Mise à jour réussie ID: 2745
--------------------------------------------------------------------------------
[2026-06-01 14:53:03] Traitement ID: 2746
--------------------------------------------------------------------------------
[2026-06-01 14:53:03] SQL
Array
(
    [sql] => UPDATE materiel SET marque = :marque, modele = :modele, numero_serie = :numero_serie, version_firmware = :version_firmware, adresse_ip = :adresse_ip, adresse_mac = :adresse_mac WHERE id = :id
    [params] => Array
        (
            [0] => :marque
            [1] => :modele
            [2] => :numero_serie
            [3] => :version_firmware
            [4] => :adresse_ip
            [5] => :adresse_mac
            [6] => :id
        )

)

--------------------------------------------------------------------------------
[2026-06-01 14:53:03] Mise à jour réussie ID: 2746
--------------------------------------------------------------------------------
[2026-06-01 14:53:03] Traitement ID: 2748
--------------------------------------------------------------------------------
[2026-06-01 14:53:03] SQL
Array
(
    [sql] => UPDATE materiel SET marque = :marque, modele = :modele, numero_serie = :numero_serie, version_firmware = :version_firmware, adresse_ip = :adresse_ip, adresse_mac = :adresse_mac WHERE id = :id
    [params] => Array
        (
            [0] => :marque
            [1] => :modele
            [2] => :numero_serie
            [3] => :version_firmware
            [4] => :adresse_ip
            [5] => :adresse_mac
            [6] => :id
        )

)

--------------------------------------------------------------------------------
[2026-06-01 14:53:03] Mise à jour réussie ID: 2748
--------------------------------------------------------------------------------
[2026-06-01 14:53:03] Traitement ID: 2747
--------------------------------------------------------------------------------
[2026-06-01 14:53:03] SQL
Array
(
    [sql] => UPDATE materiel SET marque = :marque, modele = :modele, numero_serie = :numero_serie, version_firmware = :version_firmware, adresse_ip = :adresse_ip, adresse_mac = :adresse_mac WHERE id = :id
    [params] => Array
        (
            [0] => :marque
            [1] => :modele
            [2] => :numero_serie
            [3] => :version_firmware
            [4] => :adresse_ip
            [5] => :adresse_mac
            [6] => :id
        )

)

--------------------------------------------------------------------------------
[2026-06-01 14:53:03] Mise à jour réussie ID: 2747
--------------------------------------------------------------------------------
[2026-06-01 14:53:03] Traitement ID: 2743
--------------------------------------------------------------------------------
[2026-06-01 14:53:03] SQL
Array
(
    [sql] => UPDATE materiel SET marque = :marque, modele = :modele, numero_serie = :numero_serie, version_firmware = :version_firmware, adresse_ip = :adresse_ip, adresse_mac = :adresse_mac WHERE id = :id
    [params] => Array
        (
            [0] => :marque
            [1] => :modele
            [2] => :numero_serie
            [3] => :version_firmware
            [4] => :adresse_ip
            [5] => :adresse_mac
            [6] => :id
        )

)

--------------------------------------------------------------------------------
[2026-06-01 14:53:03] Mise à jour réussie ID: 2743
--------------------------------------------------------------------------------
[2026-06-01 14:53:03] Traitement ID: 2742
--------------------------------------------------------------------------------
[2026-06-01 14:53:03] SQL
Array
(
    [sql] => UPDATE materiel SET marque = :marque, modele = :modele, numero_serie = :numero_serie, version_firmware = :version_firmware, adresse_ip = :adresse_ip, adresse_mac = :adresse_mac WHERE id = :id
    [params] => Array
        (
            [0] => :marque
            [1] => :modele
            [2] => :numero_serie
            [3] => :version_firmware
            [4] => :adresse_ip
            [5] => :adresse_mac
            [6] => :id
        )

)

--------------------------------------------------------------------------------
[2026-06-01 14:53:03] Mise à jour réussie ID: 2742
--------------------------------------------------------------------------------
[2026-06-01 14:53:03] Traitement ID: 2749
--------------------------------------------------------------------------------
[2026-06-01 14:53:03] SQL
Array
(
    [sql] => UPDATE materiel SET marque = :marque, modele = :modele, numero_serie = :numero_serie, version_firmware = :version_firmware, adresse_ip = :adresse_ip, adresse_mac = :adresse_mac, url_github = :url_github WHERE id = :id
    [params] => Array
        (
            [0] => :marque
            [1] => :modele
            [2] => :numero_serie
            [3] => :version_firmware
            [4] => :adresse_ip
            [5] => :adresse_mac
            [6] => :url_github
            [7] => :id
        )

)

--------------------------------------------------------------------------------
[2026-06-01 14:53:03] Mise à jour réussie ID: 2749
--------------------------------------------------------------------------------
[2026-06-01 14:53:03] Traitement ID: 2744
--------------------------------------------------------------------------------
[2026-06-01 14:53:03] SQL
Array
(
    [sql] => UPDATE materiel SET marque = :marque, modele = :modele, numero_serie = :numero_serie, version_firmware = :version_firmware, adresse_ip = :adresse_ip, adresse_mac = :adresse_mac WHERE id = :id
    [params] => Array
        (
            [0] => :marque
            [1] => :modele
            [2] => :numero_serie
            [3] => :version_firmware
            [4] => :adresse_ip
            [5] => :adresse_mac
            [6] => :id
        )

)

--------------------------------------------------------------------------------
[2026-06-01 14:53:03] Mise à jour réussie ID: 2744
--------------------------------------------------------------------------------
[2026-06-01 14:53:03] Réponse
Array
(
    [status] => success
    [message] => 11 ligne(s) mise(s) à jour
    [updated] => 11
    [total_rows] => 11
    [errors] => Array
        (
        )

)

--------------------------------------------------------------------------------
[2026-06-01 14:53:03] === FIN ===
--------------------------------------------------------------------------------
[2026-06-01 14:53:25] === DÉBUT ===
--------------------------------------------------------------------------------
[2026-06-01 14:53:25] Input reçu
Array
(
    [raw_length] => 7267
    [has_data] => 1
)

--------------------------------------------------------------------------------
[2026-06-01 14:53:25] Connexion BDD OK
--------------------------------------------------------------------------------
[2026-06-01 14:53:25] Traitement ID: 2736
--------------------------------------------------------------------------------
[2026-06-01 14:53:25] SQL
Array
(
    [sql] => UPDATE materiel SET marque = :marque, modele = :modele, numero_serie = :numero_serie, version_firmware = :version_firmware, adresse_ip = :adresse_ip, adresse_mac = :adresse_mac, commentaire = :commentaire WHERE id = :id
    [params] => Array
        (
            [0] => :marque
            [1] => :modele
            [2] => :numero_serie
            [3] => :version_firmware
            [4] => :adresse_ip
            [5] => :adresse_mac
            [6] => :commentaire
            [7] => :id
        )

)

--------------------------------------------------------------------------------
[2026-06-01 14:53:25] Mise à jour réussie ID: 2736
--------------------------------------------------------------------------------
[2026-06-01 14:53:25] Traitement ID: 2751
--------------------------------------------------------------------------------
[2026-06-01 14:53:25] SQL
Array
(
    [sql] => UPDATE materiel SET marque = :marque, modele = :modele, numero_serie = :numero_serie, version_firmware = :version_firmware, adresse_ip = :adresse_ip WHERE id = :id
    [params] => Array
        (
            [0] => :marque
            [1] => :modele
            [2] => :numero_serie
            [3] => :version_firmware
            [4] => :adresse_ip
            [5] => :id
        )

)

--------------------------------------------------------------------------------
[2026-06-01 14:53:25] Mise à jour réussie ID: 2751
--------------------------------------------------------------------------------
[2026-06-01 14:53:25] Traitement ID: 2750
--------------------------------------------------------------------------------
[2026-06-01 14:53:25] SQL
Array
(
    [sql] => UPDATE materiel SET marque = :marque, modele = :modele, numero_serie = :numero_serie, version_firmware = :version_firmware WHERE id = :id
    [params] => Array
        (
            [0] => :marque
            [1] => :modele
            [2] => :numero_serie
            [3] => :version_firmware
            [4] => :id
        )

)

--------------------------------------------------------------------------------
[2026-06-01 14:53:25] Mise à jour réussie ID: 2750
--------------------------------------------------------------------------------
[2026-06-01 14:53:25] Traitement ID: 2745
--------------------------------------------------------------------------------
[2026-06-01 14:53:25] SQL
Array
(
    [sql] => UPDATE materiel SET marque = :marque, modele = :modele, numero_serie = :numero_serie, version_firmware = :version_firmware, adresse_ip = :adresse_ip, adresse_mac = :adresse_mac WHERE id = :id
    [params] => Array
        (
            [0] => :marque
            [1] => :modele
            [2] => :numero_serie
            [3] => :version_firmware
            [4] => :adresse_ip
            [5] => :adresse_mac
            [6] => :id
        )

)

--------------------------------------------------------------------------------
[2026-06-01 14:53:25] Mise à jour réussie ID: 2745
--------------------------------------------------------------------------------
[2026-06-01 14:53:25] Traitement ID: 2746
--------------------------------------------------------------------------------
[2026-06-01 14:53:25] SQL
Array
(
    [sql] => UPDATE materiel SET marque = :marque, modele = :modele, numero_serie = :numero_serie, version_firmware = :version_firmware, adresse_ip = :adresse_ip, adresse_mac = :adresse_mac WHERE id = :id
    [params] => Array
        (
            [0] => :marque
            [1] => :modele
            [2] => :numero_serie
            [3] => :version_firmware
            [4] => :adresse_ip
            [5] => :adresse_mac
            [6] => :id
        )

)

--------------------------------------------------------------------------------
[2026-06-01 14:53:25] Mise à jour réussie ID: 2746
--------------------------------------------------------------------------------
[2026-06-01 14:53:25] Traitement ID: 2748
--------------------------------------------------------------------------------
[2026-06-01 14:53:25] SQL
Array
(
    [sql] => UPDATE materiel SET marque = :marque, modele = :modele, numero_serie = :numero_serie, version_firmware = :version_firmware, adresse_ip = :adresse_ip, adresse_mac = :adresse_mac WHERE id = :id
    [params] => Array
        (
            [0] => :marque
            [1] => :modele
            [2] => :numero_serie
            [3] => :version_firmware
            [4] => :adresse_ip
            [5] => :adresse_mac
            [6] => :id
        )

)

--------------------------------------------------------------------------------
[2026-06-01 14:53:25] Mise à jour réussie ID: 2748
--------------------------------------------------------------------------------
[2026-06-01 14:53:25] Traitement ID: 2747
--------------------------------------------------------------------------------
[2026-06-01 14:53:25] SQL
Array
(
    [sql] => UPDATE materiel SET marque = :marque, modele = :modele, numero_serie = :numero_serie, version_firmware = :version_firmware, adresse_ip = :adresse_ip, adresse_mac = :adresse_mac WHERE id = :id
    [params] => Array
        (
            [0] => :marque
            [1] => :modele
            [2] => :numero_serie
            [3] => :version_firmware
            [4] => :adresse_ip
            [5] => :adresse_mac
            [6] => :id
        )

)

--------------------------------------------------------------------------------
[2026-06-01 14:53:25] Mise à jour réussie ID: 2747
--------------------------------------------------------------------------------
[2026-06-01 14:53:25] Traitement ID: 2743
--------------------------------------------------------------------------------
[2026-06-01 14:53:25] SQL
Array
(
    [sql] => UPDATE materiel SET marque = :marque, modele = :modele, numero_serie = :numero_serie, version_firmware = :version_firmware, adresse_ip = :adresse_ip, adresse_mac = :adresse_mac WHERE id = :id
    [params] => Array
        (
            [0] => :marque
            [1] => :modele
            [2] => :numero_serie
            [3] => :version_firmware
            [4] => :adresse_ip
            [5] => :adresse_mac
            [6] => :id
        )

)

--------------------------------------------------------------------------------
[2026-06-01 14:53:25] Mise à jour réussie ID: 2743
--------------------------------------------------------------------------------
[2026-06-01 14:53:25] Traitement ID: 2742
--------------------------------------------------------------------------------
[2026-06-01 14:53:25] SQL
Array
(
    [sql] => UPDATE materiel SET marque = :marque, modele = :modele, numero_serie = :numero_serie, version_firmware = :version_firmware, adresse_ip = :adresse_ip, adresse_mac = :adresse_mac WHERE id = :id
    [params] => Array
        (
            [0] => :marque
            [1] => :modele
            [2] => :numero_serie
            [3] => :version_firmware
            [4] => :adresse_ip
            [5] => :adresse_mac
            [6] => :id
        )

)

--------------------------------------------------------------------------------
[2026-06-01 14:53:25] Mise à jour réussie ID: 2742
--------------------------------------------------------------------------------
[2026-06-01 14:53:25] Traitement ID: 2749
--------------------------------------------------------------------------------
[2026-06-01 14:53:25] SQL
Array
(
    [sql] => UPDATE materiel SET marque = :marque, modele = :modele, numero_serie = :numero_serie, version_firmware = :version_firmware, adresse_ip = :adresse_ip, adresse_mac = :adresse_mac, url_github = :url_github WHERE id = :id
    [params] => Array
        (
            [0] => :marque
            [1] => :modele
            [2] => :numero_serie
            [3] => :version_firmware
            [4] => :adresse_ip
            [5] => :adresse_mac
            [6] => :url_github
            [7] => :id
        )

)

--------------------------------------------------------------------------------
[2026-06-01 14:53:25] Mise à jour réussie ID: 2749
--------------------------------------------------------------------------------
[2026-06-01 14:53:25] Traitement ID: 2744
--------------------------------------------------------------------------------
[2026-06-01 14:53:25] SQL
Array
(
    [sql] => UPDATE materiel SET marque = :marque, modele = :modele, numero_serie = :numero_serie, version_firmware = :version_firmware, adresse_ip = :adresse_ip, adresse_mac = :adresse_mac WHERE id = :id
    [params] => Array
        (
            [0] => :marque
            [1] => :modele
            [2] => :numero_serie
            [3] => :version_firmware
            [4] => :adresse_ip
            [5] => :adresse_mac
            [6] => :id
        )

)

--------------------------------------------------------------------------------
[2026-06-01 14:53:25] Mise à jour réussie ID: 2744
--------------------------------------------------------------------------------
[2026-06-01 14:53:25] Réponse
Array
(
    [status] => success
    [message] => 11 ligne(s) mise(s) à jour
    [updated] => 11
    [total_rows] => 11
    [errors] => Array
        (
        )

)

--------------------------------------------------------------------------------
[2026-06-01 14:53:25] === FIN ===
--------------------------------------------------------------------------------
[2026-06-01 14:54:45] === DÉBUT ===
--------------------------------------------------------------------------------
[2026-06-01 14:54:45] Input reçu
Array
(
    [raw_length] => 7265
    [has_data] => 1
)

--------------------------------------------------------------------------------
[2026-06-01 14:54:45] Connexion BDD OK
--------------------------------------------------------------------------------
[2026-06-01 14:54:45] Traitement ID: 2736
--------------------------------------------------------------------------------
[2026-06-01 14:54:45] SQL
Array
(
    [sql] => UPDATE materiel SET marque = :marque, modele = :modele, numero_serie = :numero_serie, version_firmware = :version_firmware, adresse_ip = :adresse_ip, adresse_mac = :adresse_mac, commentaire = :commentaire WHERE id = :id
    [params] => Array
        (
            [0] => :marque
            [1] => :modele
            [2] => :numero_serie
            [3] => :version_firmware
            [4] => :adresse_ip
            [5] => :adresse_mac
            [6] => :commentaire
            [7] => :id
        )

)

--------------------------------------------------------------------------------
[2026-06-01 14:54:45] Mise à jour réussie ID: 2736
--------------------------------------------------------------------------------
[2026-06-01 14:54:45] Traitement ID: 2751
--------------------------------------------------------------------------------
[2026-06-01 14:54:45] SQL
Array
(
    [sql] => UPDATE materiel SET marque = :marque, modele = :modele, numero_serie = :numero_serie, version_firmware = :version_firmware, adresse_ip = :adresse_ip WHERE id = :id
    [params] => Array
        (
            [0] => :marque
            [1] => :modele
            [2] => :numero_serie
            [3] => :version_firmware
            [4] => :adresse_ip
            [5] => :id
        )

)

--------------------------------------------------------------------------------
[2026-06-01 14:54:45] Mise à jour réussie ID: 2751
--------------------------------------------------------------------------------
[2026-06-01 14:54:45] Traitement ID: 2750
--------------------------------------------------------------------------------
[2026-06-01 14:54:45] SQL
Array
(
    [sql] => UPDATE materiel SET marque = :marque, modele = :modele, numero_serie = :numero_serie, version_firmware = :version_firmware WHERE id = :id
    [params] => Array
        (
            [0] => :marque
            [1] => :modele
            [2] => :numero_serie
            [3] => :version_firmware
            [4] => :id
        )

)

--------------------------------------------------------------------------------
[2026-06-01 14:54:45] Mise à jour réussie ID: 2750
--------------------------------------------------------------------------------
[2026-06-01 14:54:45] Traitement ID: 2745
--------------------------------------------------------------------------------
[2026-06-01 14:54:45] SQL
Array
(
    [sql] => UPDATE materiel SET marque = :marque, modele = :modele, numero_serie = :numero_serie, version_firmware = :version_firmware, adresse_ip = :adresse_ip, adresse_mac = :adresse_mac WHERE id = :id
    [params] => Array
        (
            [0] => :marque
            [1] => :modele
            [2] => :numero_serie
            [3] => :version_firmware
            [4] => :adresse_ip
            [5] => :adresse_mac
            [6] => :id
        )

)

--------------------------------------------------------------------------------
[2026-06-01 14:54:45] Mise à jour réussie ID: 2745
--------------------------------------------------------------------------------
[2026-06-01 14:54:45] Traitement ID: 2746
--------------------------------------------------------------------------------
[2026-06-01 14:54:45] SQL
Array
(
    [sql] => UPDATE materiel SET marque = :marque, modele = :modele, numero_serie = :numero_serie, version_firmware = :version_firmware, adresse_ip = :adresse_ip, adresse_mac = :adresse_mac WHERE id = :id
    [params] => Array
        (
            [0] => :marque
            [1] => :modele
            [2] => :numero_serie
            [3] => :version_firmware
            [4] => :adresse_ip
            [5] => :adresse_mac
            [6] => :id
        )

)

--------------------------------------------------------------------------------
[2026-06-01 14:54:45] Mise à jour réussie ID: 2746
--------------------------------------------------------------------------------
[2026-06-01 14:54:45] Traitement ID: 2748
--------------------------------------------------------------------------------
[2026-06-01 14:54:45] SQL
Array
(
    [sql] => UPDATE materiel SET marque = :marque, modele = :modele, numero_serie = :numero_serie, version_firmware = :version_firmware, adresse_ip = :adresse_ip, adresse_mac = :adresse_mac WHERE id = :id
    [params] => Array
        (
            [0] => :marque
            [1] => :modele
            [2] => :numero_serie
            [3] => :version_firmware
            [4] => :adresse_ip
            [5] => :adresse_mac
            [6] => :id
        )

)

--------------------------------------------------------------------------------
[2026-06-01 14:54:45] Mise à jour réussie ID: 2748
--------------------------------------------------------------------------------
[2026-06-01 14:54:45] Traitement ID: 2747
--------------------------------------------------------------------------------
[2026-06-01 14:54:45] SQL
Array
(
    [sql] => UPDATE materiel SET marque = :marque, modele = :modele, numero_serie = :numero_serie, version_firmware = :version_firmware, adresse_ip = :adresse_ip, adresse_mac = :adresse_mac WHERE id = :id
    [params] => Array
        (
            [0] => :marque
            [1] => :modele
            [2] => :numero_serie
            [3] => :version_firmware
            [4] => :adresse_ip
            [5] => :adresse_mac
            [6] => :id
        )

)

--------------------------------------------------------------------------------
[2026-06-01 14:54:45] Mise à jour réussie ID: 2747
--------------------------------------------------------------------------------
[2026-06-01 14:54:45] Traitement ID: 2743
--------------------------------------------------------------------------------
[2026-06-01 14:54:45] SQL
Array
(
    [sql] => UPDATE materiel SET marque = :marque, modele = :modele, numero_serie = :numero_serie, version_firmware = :version_firmware, adresse_ip = :adresse_ip, adresse_mac = :adresse_mac WHERE id = :id
    [params] => Array
        (
            [0] => :marque
            [1] => :modele
            [2] => :numero_serie
            [3] => :version_firmware
            [4] => :adresse_ip
            [5] => :adresse_mac
            [6] => :id
        )

)

--------------------------------------------------------------------------------
[2026-06-01 14:54:45] Mise à jour réussie ID: 2743
--------------------------------------------------------------------------------
[2026-06-01 14:54:45] Traitement ID: 2742
--------------------------------------------------------------------------------
[2026-06-01 14:54:45] SQL
Array
(
    [sql] => UPDATE materiel SET marque = :marque, modele = :modele, numero_serie = :numero_serie, version_firmware = :version_firmware, adresse_ip = :adresse_ip, adresse_mac = :adresse_mac WHERE id = :id
    [params] => Array
        (
            [0] => :marque
            [1] => :modele
            [2] => :numero_serie
            [3] => :version_firmware
            [4] => :adresse_ip
            [5] => :adresse_mac
            [6] => :id
        )

)

--------------------------------------------------------------------------------
[2026-06-01 14:54:45] Mise à jour réussie ID: 2742
--------------------------------------------------------------------------------
[2026-06-01 14:54:45] Traitement ID: 2749
--------------------------------------------------------------------------------
[2026-06-01 14:54:45] SQL
Array
(
    [sql] => UPDATE materiel SET marque = :marque, modele = :modele, numero_serie = :numero_serie, version_firmware = :version_firmware, adresse_ip = :adresse_ip, adresse_mac = :adresse_mac, url_github = :url_github WHERE id = :id
    [params] => Array
        (
            [0] => :marque
            [1] => :modele
            [2] => :numero_serie
            [3] => :version_firmware
            [4] => :adresse_ip
            [5] => :adresse_mac
            [6] => :url_github
            [7] => :id
        )

)

--------------------------------------------------------------------------------
[2026-06-01 14:54:45] Mise à jour réussie ID: 2749
--------------------------------------------------------------------------------
[2026-06-01 14:54:45] Traitement ID: 2744
--------------------------------------------------------------------------------
[2026-06-01 14:54:45] SQL
Array
(
    [sql] => UPDATE materiel SET marque = :marque, modele = :modele, numero_serie = :numero_serie, version_firmware = :version_firmware, adresse_ip = :adresse_ip, adresse_mac = :adresse_mac WHERE id = :id
    [params] => Array
        (
            [0] => :marque
            [1] => :modele
            [2] => :numero_serie
            [3] => :version_firmware
            [4] => :adresse_ip
            [5] => :adresse_mac
            [6] => :id
        )

)

--------------------------------------------------------------------------------
[2026-06-01 14:54:45] Mise à jour réussie ID: 2744
--------------------------------------------------------------------------------
[2026-06-01 14:54:45] Réponse
Array
(
    [status] => success
    [message] => 11 ligne(s) mise(s) à jour
    [updated] => 11
    [total_rows] => 11
    [errors] => Array
        (
        )

)

--------------------------------------------------------------------------------
[2026-06-01 14:54:45] === FIN ===
--------------------------------------------------------------------------------
[2026-06-01 14:58:32] === DÉBUT ===
--------------------------------------------------------------------------------
[2026-06-01 14:58:32] Input reçu
Array
(
    [raw_length] => 7256
    [has_data] => 1
)

--------------------------------------------------------------------------------
[2026-06-01 14:58:32] Connexion BDD OK
--------------------------------------------------------------------------------
[2026-06-01 14:58:32] Traitement ID: 2736
--------------------------------------------------------------------------------
[2026-06-01 14:58:32] SQL
Array
(
    [sql] => UPDATE materiel SET marque = :marque, modele = :modele, numero_serie = :numero_serie, version_firmware = :version_firmware, adresse_ip = :adresse_ip, adresse_mac = :adresse_mac, commentaire = :commentaire WHERE id = :id
    [params] => Array
        (
            [0] => :marque
            [1] => :modele
            [2] => :numero_serie
            [3] => :version_firmware
            [4] => :adresse_ip
            [5] => :adresse_mac
            [6] => :commentaire
            [7] => :id
        )

)

--------------------------------------------------------------------------------
[2026-06-01 14:58:32] Mise à jour réussie ID: 2736
--------------------------------------------------------------------------------
[2026-06-01 14:58:32] Traitement ID: 2751
--------------------------------------------------------------------------------
[2026-06-01 14:58:32] SQL
Array
(
    [sql] => UPDATE materiel SET marque = :marque, modele = :modele, numero_serie = :numero_serie, version_firmware = :version_firmware, adresse_ip = :adresse_ip WHERE id = :id
    [params] => Array
        (
            [0] => :marque
            [1] => :modele
            [2] => :numero_serie
            [3] => :version_firmware
            [4] => :adresse_ip
            [5] => :id
        )

)

--------------------------------------------------------------------------------
[2026-06-01 14:58:32] Mise à jour réussie ID: 2751
--------------------------------------------------------------------------------
[2026-06-01 14:58:32] Traitement ID: 2750
--------------------------------------------------------------------------------
[2026-06-01 14:58:32] SQL
Array
(
    [sql] => UPDATE materiel SET marque = :marque, modele = :modele, numero_serie = :numero_serie, version_firmware = :version_firmware WHERE id = :id
    [params] => Array
        (
            [0] => :marque
            [1] => :modele
            [2] => :numero_serie
            [3] => :version_firmware
            [4] => :id
        )

)

--------------------------------------------------------------------------------
[2026-06-01 14:58:32] Mise à jour réussie ID: 2750
--------------------------------------------------------------------------------
[2026-06-01 14:58:32] Traitement ID: 2745
--------------------------------------------------------------------------------
[2026-06-01 14:58:32] SQL
Array
(
    [sql] => UPDATE materiel SET marque = :marque, modele = :modele, numero_serie = :numero_serie, version_firmware = :version_firmware, adresse_ip = :adresse_ip, adresse_mac = :adresse_mac WHERE id = :id
    [params] => Array
        (
            [0] => :marque
            [1] => :modele
            [2] => :numero_serie
            [3] => :version_firmware
            [4] => :adresse_ip
            [5] => :adresse_mac
            [6] => :id
        )

)

--------------------------------------------------------------------------------
[2026-06-01 14:58:32] Mise à jour réussie ID: 2745
--------------------------------------------------------------------------------
[2026-06-01 14:58:32] Traitement ID: 2746
--------------------------------------------------------------------------------
[2026-06-01 14:58:32] SQL
Array
(
    [sql] => UPDATE materiel SET marque = :marque, modele = :modele, numero_serie = :numero_serie, version_firmware = :version_firmware, adresse_ip = :adresse_ip, adresse_mac = :adresse_mac WHERE id = :id
    [params] => Array
        (
            [0] => :marque
            [1] => :modele
            [2] => :numero_serie
            [3] => :version_firmware
            [4] => :adresse_ip
            [5] => :adresse_mac
            [6] => :id
        )

)

--------------------------------------------------------------------------------
[2026-06-01 14:58:32] Mise à jour réussie ID: 2746
--------------------------------------------------------------------------------
[2026-06-01 14:58:32] Traitement ID: 2748
--------------------------------------------------------------------------------
[2026-06-01 14:58:32] SQL
Array
(
    [sql] => UPDATE materiel SET marque = :marque, modele = :modele, numero_serie = :numero_serie, version_firmware = :version_firmware, adresse_ip = :adresse_ip, adresse_mac = :adresse_mac WHERE id = :id
    [params] => Array
        (
            [0] => :marque
            [1] => :modele
            [2] => :numero_serie
            [3] => :version_firmware
            [4] => :adresse_ip
            [5] => :adresse_mac
            [6] => :id
        )

)

--------------------------------------------------------------------------------
[2026-06-01 14:58:32] Mise à jour réussie ID: 2748
--------------------------------------------------------------------------------
[2026-06-01 14:58:32] Traitement ID: 2747
--------------------------------------------------------------------------------
[2026-06-01 14:58:32] SQL
Array
(
    [sql] => UPDATE materiel SET marque = :marque, modele = :modele, numero_serie = :numero_serie, version_firmware = :version_firmware, adresse_ip = :adresse_ip, adresse_mac = :adresse_mac WHERE id = :id
    [params] => Array
        (
            [0] => :marque
            [1] => :modele
            [2] => :numero_serie
            [3] => :version_firmware
            [4] => :adresse_ip
            [5] => :adresse_mac
            [6] => :id
        )

)

--------------------------------------------------------------------------------
[2026-06-01 14:58:32] Mise à jour réussie ID: 2747
--------------------------------------------------------------------------------
[2026-06-01 14:58:32] Traitement ID: 2743
--------------------------------------------------------------------------------
[2026-06-01 14:58:32] SQL
Array
(
    [sql] => UPDATE materiel SET marque = :marque, modele = :modele, numero_serie = :numero_serie, version_firmware = :version_firmware, adresse_ip = :adresse_ip, adresse_mac = :adresse_mac WHERE id = :id
    [params] => Array
        (
            [0] => :marque
            [1] => :modele
            [2] => :numero_serie
            [3] => :version_firmware
            [4] => :adresse_ip
            [5] => :adresse_mac
            [6] => :id
        )

)

--------------------------------------------------------------------------------
[2026-06-01 14:58:32] Mise à jour réussie ID: 2743
--------------------------------------------------------------------------------
[2026-06-01 14:58:32] Traitement ID: 2742
--------------------------------------------------------------------------------
[2026-06-01 14:58:32] SQL
Array
(
    [sql] => UPDATE materiel SET marque = :marque, modele = :modele, numero_serie = :numero_serie, version_firmware = :version_firmware, adresse_ip = :adresse_ip, adresse_mac = :adresse_mac WHERE id = :id
    [params] => Array
        (
            [0] => :marque
            [1] => :modele
            [2] => :numero_serie
            [3] => :version_firmware
            [4] => :adresse_ip
            [5] => :adresse_mac
            [6] => :id
        )

)

--------------------------------------------------------------------------------
[2026-06-01 14:58:32] Mise à jour réussie ID: 2742
--------------------------------------------------------------------------------
[2026-06-01 14:58:32] Traitement ID: 2749
--------------------------------------------------------------------------------
[2026-06-01 14:58:32] SQL
Array
(
    [sql] => UPDATE materiel SET marque = :marque, modele = :modele, numero_serie = :numero_serie, version_firmware = :version_firmware, adresse_ip = :adresse_ip, adresse_mac = :adresse_mac, url_github = :url_github WHERE id = :id
    [params] => Array
        (
            [0] => :marque
            [1] => :modele
            [2] => :numero_serie
            [3] => :version_firmware
            [4] => :adresse_ip
            [5] => :adresse_mac
            [6] => :url_github
            [7] => :id
        )

)

--------------------------------------------------------------------------------
[2026-06-01 14:58:32] Mise à jour réussie ID: 2749
--------------------------------------------------------------------------------
[2026-06-01 14:58:32] Traitement ID: 2744
--------------------------------------------------------------------------------
[2026-06-01 14:58:32] SQL
Array
(
    [sql] => UPDATE materiel SET marque = :marque, modele = :modele, numero_serie = :numero_serie, version_firmware = :version_firmware, adresse_ip = :adresse_ip, adresse_mac = :adresse_mac WHERE id = :id
    [params] => Array
        (
            [0] => :marque
            [1] => :modele
            [2] => :numero_serie
            [3] => :version_firmware
            [4] => :adresse_ip
            [5] => :adresse_mac
            [6] => :id
        )

)

--------------------------------------------------------------------------------
[2026-06-01 14:58:32] Mise à jour réussie ID: 2744
--------------------------------------------------------------------------------
[2026-06-01 14:58:32] Réponse
Array
(
    [status] => success
    [message] => 11 ligne(s) mise(s) à jour
    [updated] => 11
    [total_rows] => 11
    [errors] => Array
        (
        )

)

--------------------------------------------------------------------------------
[2026-06-01 14:58:32] === FIN ===
--------------------------------------------------------------------------------
[2026-06-01 14:59:52] === DÉBUT ===
--------------------------------------------------------------------------------
[2026-06-01 14:59:52] Input reçu
Array
(
    [raw_length] => 7260
    [has_data] => 1
)

--------------------------------------------------------------------------------
[2026-06-01 14:59:52] Connexion BDD OK
--------------------------------------------------------------------------------
[2026-06-01 14:59:52] Traitement ID: 2736
--------------------------------------------------------------------------------
[2026-06-01 14:59:52] SQL
Array
(
    [sql] => UPDATE materiel SET marque = :marque, modele = :modele, numero_serie = :numero_serie, version_firmware = :version_firmware, adresse_ip = :adresse_ip, adresse_mac = :adresse_mac, commentaire = :commentaire WHERE id = :id
    [params] => Array
        (
            [0] => :marque
            [1] => :modele
            [2] => :numero_serie
            [3] => :version_firmware
            [4] => :adresse_ip
            [5] => :adresse_mac
            [6] => :commentaire
            [7] => :id
        )

)

--------------------------------------------------------------------------------
[2026-06-01 14:59:52] Mise à jour réussie ID: 2736
--------------------------------------------------------------------------------
[2026-06-01 14:59:52] Traitement ID: 2751
--------------------------------------------------------------------------------
[2026-06-01 14:59:52] SQL
Array
(
    [sql] => UPDATE materiel SET marque = :marque, modele = :modele, numero_serie = :numero_serie, version_firmware = :version_firmware, adresse_ip = :adresse_ip WHERE id = :id
    [params] => Array
        (
            [0] => :marque
            [1] => :modele
            [2] => :numero_serie
            [3] => :version_firmware
            [4] => :adresse_ip
            [5] => :id
        )

)

--------------------------------------------------------------------------------
[2026-06-01 14:59:52] Mise à jour réussie ID: 2751
--------------------------------------------------------------------------------
[2026-06-01 14:59:52] Traitement ID: 2750
--------------------------------------------------------------------------------
[2026-06-01 14:59:52] SQL
Array
(
    [sql] => UPDATE materiel SET marque = :marque, modele = :modele, numero_serie = :numero_serie, version_firmware = :version_firmware WHERE id = :id
    [params] => Array
        (
            [0] => :marque
            [1] => :modele
            [2] => :numero_serie
            [3] => :version_firmware
            [4] => :id
        )

)

--------------------------------------------------------------------------------
[2026-06-01 14:59:52] Mise à jour réussie ID: 2750
--------------------------------------------------------------------------------
[2026-06-01 14:59:52] Traitement ID: 2745
--------------------------------------------------------------------------------
[2026-06-01 14:59:52] SQL
Array
(
    [sql] => UPDATE materiel SET marque = :marque, modele = :modele, numero_serie = :numero_serie, version_firmware = :version_firmware, adresse_ip = :adresse_ip, adresse_mac = :adresse_mac WHERE id = :id
    [params] => Array
        (
            [0] => :marque
            [1] => :modele
            [2] => :numero_serie
            [3] => :version_firmware
            [4] => :adresse_ip
            [5] => :adresse_mac
            [6] => :id
        )

)

--------------------------------------------------------------------------------
[2026-06-01 14:59:52] Mise à jour réussie ID: 2745
--------------------------------------------------------------------------------
[2026-06-01 14:59:52] Traitement ID: 2746
--------------------------------------------------------------------------------
[2026-06-01 14:59:52] SQL
Array
(
    [sql] => UPDATE materiel SET marque = :marque, modele = :modele, numero_serie = :numero_serie, version_firmware = :version_firmware, adresse_ip = :adresse_ip, adresse_mac = :adresse_mac WHERE id = :id
    [params] => Array
        (
            [0] => :marque
            [1] => :modele
            [2] => :numero_serie
            [3] => :version_firmware
            [4] => :adresse_ip
            [5] => :adresse_mac
            [6] => :id
        )

)

--------------------------------------------------------------------------------
[2026-06-01 14:59:52] Mise à jour réussie ID: 2746
--------------------------------------------------------------------------------
[2026-06-01 14:59:52] Traitement ID: 2748
--------------------------------------------------------------------------------
[2026-06-01 14:59:52] SQL
Array
(
    [sql] => UPDATE materiel SET marque = :marque, modele = :modele, numero_serie = :numero_serie, version_firmware = :version_firmware, adresse_ip = :adresse_ip, adresse_mac = :adresse_mac WHERE id = :id
    [params] => Array
        (
            [0] => :marque
            [1] => :modele
            [2] => :numero_serie
            [3] => :version_firmware
            [4] => :adresse_ip
            [5] => :adresse_mac
            [6] => :id
        )

)

--------------------------------------------------------------------------------
[2026-06-01 14:59:52] Mise à jour réussie ID: 2748
--------------------------------------------------------------------------------
[2026-06-01 14:59:52] Traitement ID: 2747
--------------------------------------------------------------------------------
[2026-06-01 14:59:52] SQL
Array
(
    [sql] => UPDATE materiel SET marque = :marque, modele = :modele, numero_serie = :numero_serie, version_firmware = :version_firmware, adresse_ip = :adresse_ip, adresse_mac = :adresse_mac WHERE id = :id
    [params] => Array
        (
            [0] => :marque
            [1] => :modele
            [2] => :numero_serie
            [3] => :version_firmware
            [4] => :adresse_ip
            [5] => :adresse_mac
            [6] => :id
        )

)

--------------------------------------------------------------------------------
[2026-06-01 14:59:52] Mise à jour réussie ID: 2747
--------------------------------------------------------------------------------
[2026-06-01 14:59:52] Traitement ID: 2743
--------------------------------------------------------------------------------
[2026-06-01 14:59:52] SQL
Array
(
    [sql] => UPDATE materiel SET marque = :marque, modele = :modele, numero_serie = :numero_serie, version_firmware = :version_firmware, adresse_ip = :adresse_ip, adresse_mac = :adresse_mac WHERE id = :id
    [params] => Array
        (
            [0] => :marque
            [1] => :modele
            [2] => :numero_serie
            [3] => :version_firmware
            [4] => :adresse_ip
            [5] => :adresse_mac
            [6] => :id
        )

)

--------------------------------------------------------------------------------
[2026-06-01 14:59:52] Mise à jour réussie ID: 2743
--------------------------------------------------------------------------------
[2026-06-01 14:59:52] Traitement ID: 2742
--------------------------------------------------------------------------------
[2026-06-01 14:59:52] SQL
Array
(
    [sql] => UPDATE materiel SET marque = :marque, modele = :modele, numero_serie = :numero_serie, version_firmware = :version_firmware, adresse_ip = :adresse_ip, adresse_mac = :adresse_mac WHERE id = :id
    [params] => Array
        (
            [0] => :marque
            [1] => :modele
            [2] => :numero_serie
            [3] => :version_firmware
            [4] => :adresse_ip
            [5] => :adresse_mac
            [6] => :id
        )

)

--------------------------------------------------------------------------------
[2026-06-01 14:59:52] Mise à jour réussie ID: 2742
--------------------------------------------------------------------------------
[2026-06-01 14:59:52] Traitement ID: 2749
--------------------------------------------------------------------------------
[2026-06-01 14:59:52] SQL
Array
(
    [sql] => UPDATE materiel SET marque = :marque, modele = :modele, numero_serie = :numero_serie, version_firmware = :version_firmware, adresse_ip = :adresse_ip, adresse_mac = :adresse_mac, url_github = :url_github WHERE id = :id
    [params] => Array
        (
            [0] => :marque
            [1] => :modele
            [2] => :numero_serie
            [3] => :version_firmware
            [4] => :adresse_ip
            [5] => :adresse_mac
            [6] => :url_github
            [7] => :id
        )

)

--------------------------------------------------------------------------------
[2026-06-01 14:59:52] Mise à jour réussie ID: 2749
--------------------------------------------------------------------------------
[2026-06-01 14:59:52] Traitement ID: 2744
--------------------------------------------------------------------------------
[2026-06-01 14:59:52] SQL
Array
(
    [sql] => UPDATE materiel SET marque = :marque, modele = :modele, numero_serie = :numero_serie, version_firmware = :version_firmware, adresse_ip = :adresse_ip, adresse_mac = :adresse_mac WHERE id = :id
    [params] => Array
        (
            [0] => :marque
            [1] => :modele
            [2] => :numero_serie
            [3] => :version_firmware
            [4] => :adresse_ip
            [5] => :adresse_mac
            [6] => :id
        )

)

--------------------------------------------------------------------------------
[2026-06-01 14:59:52] Mise à jour réussie ID: 2744
--------------------------------------------------------------------------------
[2026-06-01 14:59:52] Réponse
Array
(
    [status] => success
    [message] => 11 ligne(s) mise(s) à jour
    [updated] => 11
    [total_rows] => 11
    [errors] => Array
        (
        )

)

--------------------------------------------------------------------------------
[2026-06-01 14:59:52] === FIN ===
--------------------------------------------------------------------------------
[2026-06-01 15:00:14] === DÉBUT ===
--------------------------------------------------------------------------------
[2026-06-01 15:00:14] Input reçu
Array
(
    [raw_length] => 7262
    [has_data] => 1
)

--------------------------------------------------------------------------------
[2026-06-01 15:00:14] Connexion BDD OK
--------------------------------------------------------------------------------
[2026-06-01 15:00:14] Traitement ID: 2736
--------------------------------------------------------------------------------
[2026-06-01 15:00:14] SQL
Array
(
    [sql] => UPDATE materiel SET marque = :marque, modele = :modele, numero_serie = :numero_serie, version_firmware = :version_firmware, adresse_ip = :adresse_ip, adresse_mac = :adresse_mac, commentaire = :commentaire WHERE id = :id
    [params] => Array
        (
            [0] => :marque
            [1] => :modele
            [2] => :numero_serie
            [3] => :version_firmware
            [4] => :adresse_ip
            [5] => :adresse_mac
            [6] => :commentaire
            [7] => :id
        )

)

--------------------------------------------------------------------------------
[2026-06-01 15:00:14] Mise à jour réussie ID: 2736
--------------------------------------------------------------------------------
[2026-06-01 15:00:14] Traitement ID: 2751
--------------------------------------------------------------------------------
[2026-06-01 15:00:14] SQL
Array
(
    [sql] => UPDATE materiel SET marque = :marque, modele = :modele, numero_serie = :numero_serie, version_firmware = :version_firmware, adresse_ip = :adresse_ip WHERE id = :id
    [params] => Array
        (
            [0] => :marque
            [1] => :modele
            [2] => :numero_serie
            [3] => :version_firmware
            [4] => :adresse_ip
            [5] => :id
        )

)

--------------------------------------------------------------------------------
[2026-06-01 15:00:14] Mise à jour réussie ID: 2751
--------------------------------------------------------------------------------
[2026-06-01 15:00:14] Traitement ID: 2750
--------------------------------------------------------------------------------
[2026-06-01 15:00:14] SQL
Array
(
    [sql] => UPDATE materiel SET marque = :marque, modele = :modele, numero_serie = :numero_serie, version_firmware = :version_firmware WHERE id = :id
    [params] => Array
        (
            [0] => :marque
            [1] => :modele
            [2] => :numero_serie
            [3] => :version_firmware
            [4] => :id
        )

)

--------------------------------------------------------------------------------
[2026-06-01 15:00:14] Mise à jour réussie ID: 2750
--------------------------------------------------------------------------------
[2026-06-01 15:00:14] Traitement ID: 2745
--------------------------------------------------------------------------------
[2026-06-01 15:00:14] SQL
Array
(
    [sql] => UPDATE materiel SET marque = :marque, modele = :modele, numero_serie = :numero_serie, version_firmware = :version_firmware, adresse_ip = :adresse_ip, adresse_mac = :adresse_mac WHERE id = :id
    [params] => Array
        (
            [0] => :marque
            [1] => :modele
            [2] => :numero_serie
            [3] => :version_firmware
            [4] => :adresse_ip
            [5] => :adresse_mac
            [6] => :id
        )

)

--------------------------------------------------------------------------------
[2026-06-01 15:00:14] Mise à jour réussie ID: 2745
--------------------------------------------------------------------------------
[2026-06-01 15:00:14] Traitement ID: 2746
--------------------------------------------------------------------------------
[2026-06-01 15:00:14] SQL
Array
(
    [sql] => UPDATE materiel SET marque = :marque, modele = :modele, numero_serie = :numero_serie, version_firmware = :version_firmware, adresse_ip = :adresse_ip, adresse_mac = :adresse_mac WHERE id = :id
    [params] => Array
        (
            [0] => :marque
            [1] => :modele
            [2] => :numero_serie
            [3] => :version_firmware
            [4] => :adresse_ip
            [5] => :adresse_mac
            [6] => :id
        )

)

--------------------------------------------------------------------------------
[2026-06-01 15:00:14] Mise à jour réussie ID: 2746
--------------------------------------------------------------------------------
[2026-06-01 15:00:14] Traitement ID: 2748
--------------------------------------------------------------------------------
[2026-06-01 15:00:14] SQL
Array
(
    [sql] => UPDATE materiel SET marque = :marque, modele = :modele, numero_serie = :numero_serie, version_firmware = :version_firmware, adresse_ip = :adresse_ip, adresse_mac = :adresse_mac WHERE id = :id
    [params] => Array
        (
            [0] => :marque
            [1] => :modele
            [2] => :numero_serie
            [3] => :version_firmware
            [4] => :adresse_ip
            [5] => :adresse_mac
            [6] => :id
        )

)

--------------------------------------------------------------------------------
[2026-06-01 15:00:14] Mise à jour réussie ID: 2748
--------------------------------------------------------------------------------
[2026-06-01 15:00:14] Traitement ID: 2747
--------------------------------------------------------------------------------
[2026-06-01 15:00:14] SQL
Array
(
    [sql] => UPDATE materiel SET marque = :marque, modele = :modele, numero_serie = :numero_serie, version_firmware = :version_firmware, adresse_ip = :adresse_ip, adresse_mac = :adresse_mac WHERE id = :id
    [params] => Array
        (
            [0] => :marque
            [1] => :modele
            [2] => :numero_serie
            [3] => :version_firmware
            [4] => :adresse_ip
            [5] => :adresse_mac
            [6] => :id
        )

)

--------------------------------------------------------------------------------
[2026-06-01 15:00:14] Mise à jour réussie ID: 2747
--------------------------------------------------------------------------------
[2026-06-01 15:00:14] Traitement ID: 2743
--------------------------------------------------------------------------------
[2026-06-01 15:00:14] SQL
Array
(
    [sql] => UPDATE materiel SET marque = :marque, modele = :modele, numero_serie = :numero_serie, version_firmware = :version_firmware, adresse_ip = :adresse_ip, adresse_mac = :adresse_mac WHERE id = :id
    [params] => Array
        (
            [0] => :marque
            [1] => :modele
            [2] => :numero_serie
            [3] => :version_firmware
            [4] => :adresse_ip
            [5] => :adresse_mac
            [6] => :id
        )

)

--------------------------------------------------------------------------------
[2026-06-01 15:00:14] Mise à jour réussie ID: 2743
--------------------------------------------------------------------------------
[2026-06-01 15:00:14] Traitement ID: 2742
--------------------------------------------------------------------------------
[2026-06-01 15:00:14] SQL
Array
(
    [sql] => UPDATE materiel SET marque = :marque, modele = :modele, numero_serie = :numero_serie, version_firmware = :version_firmware, adresse_ip = :adresse_ip, adresse_mac = :adresse_mac WHERE id = :id
    [params] => Array
        (
            [0] => :marque
            [1] => :modele
            [2] => :numero_serie
            [3] => :version_firmware
            [4] => :adresse_ip
            [5] => :adresse_mac
            [6] => :id
        )

)

--------------------------------------------------------------------------------
[2026-06-01 15:00:14] Mise à jour réussie ID: 2742
--------------------------------------------------------------------------------
[2026-06-01 15:00:14] Traitement ID: 2749
--------------------------------------------------------------------------------
[2026-06-01 15:00:14] SQL
Array
(
    [sql] => UPDATE materiel SET marque = :marque, modele = :modele, numero_serie = :numero_serie, version_firmware = :version_firmware, adresse_ip = :adresse_ip, adresse_mac = :adresse_mac, url_github = :url_github WHERE id = :id
    [params] => Array
        (
            [0] => :marque
            [1] => :modele
            [2] => :numero_serie
            [3] => :version_firmware
            [4] => :adresse_ip
            [5] => :adresse_mac
            [6] => :url_github
            [7] => :id
        )

)

--------------------------------------------------------------------------------
[2026-06-01 15:00:14] Mise à jour réussie ID: 2749
--------------------------------------------------------------------------------
[2026-06-01 15:00:14] Traitement ID: 2744
--------------------------------------------------------------------------------
[2026-06-01 15:00:14] SQL
Array
(
    [sql] => UPDATE materiel SET marque = :marque, modele = :modele, numero_serie = :numero_serie, version_firmware = :version_firmware, adresse_ip = :adresse_ip, adresse_mac = :adresse_mac WHERE id = :id
    [params] => Array
        (
            [0] => :marque
            [1] => :modele
            [2] => :numero_serie
            [3] => :version_firmware
            [4] => :adresse_ip
            [5] => :adresse_mac
            [6] => :id
        )

)

--------------------------------------------------------------------------------
[2026-06-01 15:00:14] Mise à jour réussie ID: 2744
--------------------------------------------------------------------------------
[2026-06-01 15:00:14] Réponse
Array
(
    [status] => success
    [message] => 11 ligne(s) mise(s) à jour
    [updated] => 11
    [total_rows] => 11
    [errors] => Array
        (
        )

)

--------------------------------------------------------------------------------
[2026-06-01 15:00:14] === FIN ===
--------------------------------------------------------------------------------
[2026-06-01 15:00:24] === DÉBUT ===
--------------------------------------------------------------------------------
[2026-06-01 15:00:24] Input reçu
Array
(
    [raw_length] => 7260
    [has_data] => 1
)

--------------------------------------------------------------------------------
[2026-06-01 15:00:24] Connexion BDD OK
--------------------------------------------------------------------------------
[2026-06-01 15:00:24] Traitement ID: 2736
--------------------------------------------------------------------------------
[2026-06-01 15:00:24] SQL
Array
(
    [sql] => UPDATE materiel SET marque = :marque, modele = :modele, numero_serie = :numero_serie, version_firmware = :version_firmware, adresse_ip = :adresse_ip, adresse_mac = :adresse_mac, commentaire = :commentaire WHERE id = :id
    [params] => Array
        (
            [0] => :marque
            [1] => :modele
            [2] => :numero_serie
            [3] => :version_firmware
            [4] => :adresse_ip
            [5] => :adresse_mac
            [6] => :commentaire
            [7] => :id
        )

)

--------------------------------------------------------------------------------
[2026-06-01 15:00:24] Mise à jour réussie ID: 2736
--------------------------------------------------------------------------------
[2026-06-01 15:00:24] Traitement ID: 2751
--------------------------------------------------------------------------------
[2026-06-01 15:00:24] SQL
Array
(
    [sql] => UPDATE materiel SET marque = :marque, modele = :modele, numero_serie = :numero_serie, version_firmware = :version_firmware, adresse_ip = :adresse_ip WHERE id = :id
    [params] => Array
        (
            [0] => :marque
            [1] => :modele
            [2] => :numero_serie
            [3] => :version_firmware
            [4] => :adresse_ip
            [5] => :id
        )

)

--------------------------------------------------------------------------------
[2026-06-01 15:00:24] Mise à jour réussie ID: 2751
--------------------------------------------------------------------------------
[2026-06-01 15:00:24] Traitement ID: 2750
--------------------------------------------------------------------------------
[2026-06-01 15:00:24] SQL
Array
(
    [sql] => UPDATE materiel SET marque = :marque, modele = :modele, numero_serie = :numero_serie, version_firmware = :version_firmware WHERE id = :id
    [params] => Array
        (
            [0] => :marque
            [1] => :modele
            [2] => :numero_serie
            [3] => :version_firmware
            [4] => :id
        )

)

--------------------------------------------------------------------------------
[2026-06-01 15:00:24] Mise à jour réussie ID: 2750
--------------------------------------------------------------------------------
[2026-06-01 15:00:24] Traitement ID: 2745
--------------------------------------------------------------------------------
[2026-06-01 15:00:24] SQL
Array
(
    [sql] => UPDATE materiel SET marque = :marque, modele = :modele, numero_serie = :numero_serie, version_firmware = :version_firmware, adresse_ip = :adresse_ip, adresse_mac = :adresse_mac WHERE id = :id
    [params] => Array
        (
            [0] => :marque
            [1] => :modele
            [2] => :numero_serie
            [3] => :version_firmware
            [4] => :adresse_ip
            [5] => :adresse_mac
            [6] => :id
        )

)

--------------------------------------------------------------------------------
[2026-06-01 15:00:24] Mise à jour réussie ID: 2745
--------------------------------------------------------------------------------
[2026-06-01 15:00:24] Traitement ID: 2746
--------------------------------------------------------------------------------
[2026-06-01 15:00:24] SQL
Array
(
    [sql] => UPDATE materiel SET marque = :marque, modele = :modele, numero_serie = :numero_serie, version_firmware = :version_firmware, adresse_ip = :adresse_ip, adresse_mac = :adresse_mac WHERE id = :id
    [params] => Array
        (
            [0] => :marque
            [1] => :modele
            [2] => :numero_serie
            [3] => :version_firmware
            [4] => :adresse_ip
            [5] => :adresse_mac
            [6] => :id
        )

)

--------------------------------------------------------------------------------
[2026-06-01 15:00:24] Mise à jour réussie ID: 2746
--------------------------------------------------------------------------------
[2026-06-01 15:00:24] Traitement ID: 2748
--------------------------------------------------------------------------------
[2026-06-01 15:00:24] SQL
Array
(
    [sql] => UPDATE materiel SET marque = :marque, modele = :modele, numero_serie = :numero_serie, version_firmware = :version_firmware, adresse_ip = :adresse_ip, adresse_mac = :adresse_mac WHERE id = :id
    [params] => Array
        (
            [0] => :marque
            [1] => :modele
            [2] => :numero_serie
            [3] => :version_firmware
            [4] => :adresse_ip
            [5] => :adresse_mac
            [6] => :id
        )

)

--------------------------------------------------------------------------------
[2026-06-01 15:00:24] Mise à jour réussie ID: 2748
--------------------------------------------------------------------------------
[2026-06-01 15:00:24] Traitement ID: 2747
--------------------------------------------------------------------------------
[2026-06-01 15:00:24] SQL
Array
(
    [sql] => UPDATE materiel SET marque = :marque, modele = :modele, numero_serie = :numero_serie, version_firmware = :version_firmware, adresse_ip = :adresse_ip, adresse_mac = :adresse_mac WHERE id = :id
    [params] => Array
        (
            [0] => :marque
            [1] => :modele
            [2] => :numero_serie
            [3] => :version_firmware
            [4] => :adresse_ip
            [5] => :adresse_mac
            [6] => :id
        )

)

--------------------------------------------------------------------------------
[2026-06-01 15:00:24] Mise à jour réussie ID: 2747
--------------------------------------------------------------------------------
[2026-06-01 15:00:24] Traitement ID: 2743
--------------------------------------------------------------------------------
[2026-06-01 15:00:24] SQL
Array
(
    [sql] => UPDATE materiel SET marque = :marque, modele = :modele, numero_serie = :numero_serie, version_firmware = :version_firmware, adresse_ip = :adresse_ip, adresse_mac = :adresse_mac WHERE id = :id
    [params] => Array
        (
            [0] => :marque
            [1] => :modele
            [2] => :numero_serie
            [3] => :version_firmware
            [4] => :adresse_ip
            [5] => :adresse_mac
            [6] => :id
        )

)

--------------------------------------------------------------------------------
[2026-06-01 15:00:24] Mise à jour réussie ID: 2743
--------------------------------------------------------------------------------
[2026-06-01 15:00:24] Traitement ID: 2742
--------------------------------------------------------------------------------
[2026-06-01 15:00:24] SQL
Array
(
    [sql] => UPDATE materiel SET marque = :marque, modele = :modele, numero_serie = :numero_serie, version_firmware = :version_firmware, adresse_ip = :adresse_ip, adresse_mac = :adresse_mac WHERE id = :id
    [params] => Array
        (
            [0] => :marque
            [1] => :modele
            [2] => :numero_serie
            [3] => :version_firmware
            [4] => :adresse_ip
            [5] => :adresse_mac
            [6] => :id
        )

)

--------------------------------------------------------------------------------
[2026-06-01 15:00:24] Mise à jour réussie ID: 2742
--------------------------------------------------------------------------------
[2026-06-01 15:00:24] Traitement ID: 2749
--------------------------------------------------------------------------------
[2026-06-01 15:00:24] SQL
Array
(
    [sql] => UPDATE materiel SET marque = :marque, modele = :modele, numero_serie = :numero_serie, version_firmware = :version_firmware, adresse_ip = :adresse_ip, adresse_mac = :adresse_mac, url_github = :url_github WHERE id = :id
    [params] => Array
        (
            [0] => :marque
            [1] => :modele
            [2] => :numero_serie
            [3] => :version_firmware
            [4] => :adresse_ip
            [5] => :adresse_mac
            [6] => :url_github
            [7] => :id
        )

)

--------------------------------------------------------------------------------
[2026-06-01 15:00:24] Mise à jour réussie ID: 2749
--------------------------------------------------------------------------------
[2026-06-01 15:00:24] Traitement ID: 2744
--------------------------------------------------------------------------------
[2026-06-01 15:00:24] SQL
Array
(
    [sql] => UPDATE materiel SET marque = :marque, modele = :modele, numero_serie = :numero_serie, version_firmware = :version_firmware, adresse_ip = :adresse_ip, adresse_mac = :adresse_mac WHERE id = :id
    [params] => Array
        (
            [0] => :marque
            [1] => :modele
            [2] => :numero_serie
            [3] => :version_firmware
            [4] => :adresse_ip
            [5] => :adresse_mac
            [6] => :id
        )

)

--------------------------------------------------------------------------------
[2026-06-01 15:00:24] Mise à jour réussie ID: 2744
--------------------------------------------------------------------------------
[2026-06-01 15:00:24] Réponse
Array
(
    [status] => success
    [message] => 11 ligne(s) mise(s) à jour
    [updated] => 11
    [total_rows] => 11
    [errors] => Array
        (
        )

)

--------------------------------------------------------------------------------
[2026-06-01 15:00:24] === FIN ===
--------------------------------------------------------------------------------
[2026-06-01 15:00:36] === DÉBUT ===
--------------------------------------------------------------------------------
[2026-06-01 15:00:36] Input reçu
Array
(
    [raw_length] => 7260
    [has_data] => 1
)

--------------------------------------------------------------------------------
[2026-06-01 15:00:36] Connexion BDD OK
--------------------------------------------------------------------------------
[2026-06-01 15:00:36] Traitement ID: 2736
--------------------------------------------------------------------------------
[2026-06-01 15:00:36] SQL
Array
(
    [sql] => UPDATE materiel SET marque = :marque, modele = :modele, numero_serie = :numero_serie, version_firmware = :version_firmware, adresse_ip = :adresse_ip, adresse_mac = :adresse_mac, commentaire = :commentaire WHERE id = :id
    [params] => Array
        (
            [0] => :marque
            [1] => :modele
            [2] => :numero_serie
            [3] => :version_firmware
            [4] => :adresse_ip
            [5] => :adresse_mac
            [6] => :commentaire
            [7] => :id
        )

)

--------------------------------------------------------------------------------
[2026-06-01 15:00:36] Mise à jour réussie ID: 2736
--------------------------------------------------------------------------------
[2026-06-01 15:00:36] Traitement ID: 2751
--------------------------------------------------------------------------------
[2026-06-01 15:00:36] SQL
Array
(
    [sql] => UPDATE materiel SET marque = :marque, modele = :modele, numero_serie = :numero_serie, version_firmware = :version_firmware, adresse_ip = :adresse_ip WHERE id = :id
    [params] => Array
        (
            [0] => :marque
            [1] => :modele
            [2] => :numero_serie
            [3] => :version_firmware
            [4] => :adresse_ip
            [5] => :id
        )

)

--------------------------------------------------------------------------------
[2026-06-01 15:00:36] Mise à jour réussie ID: 2751
--------------------------------------------------------------------------------
[2026-06-01 15:00:36] Traitement ID: 2750
--------------------------------------------------------------------------------
[2026-06-01 15:00:36] SQL
Array
(
    [sql] => UPDATE materiel SET marque = :marque, modele = :modele, numero_serie = :numero_serie, version_firmware = :version_firmware WHERE id = :id
    [params] => Array
        (
            [0] => :marque
            [1] => :modele
            [2] => :numero_serie
            [3] => :version_firmware
            [4] => :id
        )

)

--------------------------------------------------------------------------------
[2026-06-01 15:00:36] Mise à jour réussie ID: 2750
--------------------------------------------------------------------------------
[2026-06-01 15:00:36] Traitement ID: 2745
--------------------------------------------------------------------------------
[2026-06-01 15:00:36] SQL
Array
(
    [sql] => UPDATE materiel SET marque = :marque, modele = :modele, numero_serie = :numero_serie, version_firmware = :version_firmware, adresse_ip = :adresse_ip, adresse_mac = :adresse_mac WHERE id = :id
    [params] => Array
        (
            [0] => :marque
            [1] => :modele
            [2] => :numero_serie
            [3] => :version_firmware
            [4] => :adresse_ip
            [5] => :adresse_mac
            [6] => :id
        )

)

--------------------------------------------------------------------------------
[2026-06-01 15:00:36] Mise à jour réussie ID: 2745
--------------------------------------------------------------------------------
[2026-06-01 15:00:36] Traitement ID: 2746
--------------------------------------------------------------------------------
[2026-06-01 15:00:36] SQL
Array
(
    [sql] => UPDATE materiel SET marque = :marque, modele = :modele, numero_serie = :numero_serie, version_firmware = :version_firmware, adresse_ip = :adresse_ip, adresse_mac = :adresse_mac WHERE id = :id
    [params] => Array
        (
            [0] => :marque
            [1] => :modele
            [2] => :numero_serie
            [3] => :version_firmware
            [4] => :adresse_ip
            [5] => :adresse_mac
            [6] => :id
        )

)

--------------------------------------------------------------------------------
[2026-06-01 15:00:36] Mise à jour réussie ID: 2746
--------------------------------------------------------------------------------
[2026-06-01 15:00:36] Traitement ID: 2748
--------------------------------------------------------------------------------
[2026-06-01 15:00:36] SQL
Array
(
    [sql] => UPDATE materiel SET marque = :marque, modele = :modele, numero_serie = :numero_serie, version_firmware = :version_firmware, adresse_ip = :adresse_ip, adresse_mac = :adresse_mac WHERE id = :id
    [params] => Array
        (
            [0] => :marque
            [1] => :modele
            [2] => :numero_serie
            [3] => :version_firmware
            [4] => :adresse_ip
            [5] => :adresse_mac
            [6] => :id
        )

)

--------------------------------------------------------------------------------
[2026-06-01 15:00:36] Mise à jour réussie ID: 2748
--------------------------------------------------------------------------------
[2026-06-01 15:00:36] Traitement ID: 2747
--------------------------------------------------------------------------------
[2026-06-01 15:00:36] SQL
Array
(
    [sql] => UPDATE materiel SET marque = :marque, modele = :modele, numero_serie = :numero_serie, version_firmware = :version_firmware, adresse_ip = :adresse_ip, adresse_mac = :adresse_mac WHERE id = :id
    [params] => Array
        (
            [0] => :marque
            [1] => :modele
            [2] => :numero_serie
            [3] => :version_firmware
            [4] => :adresse_ip
            [5] => :adresse_mac
            [6] => :id
        )

)

--------------------------------------------------------------------------------
[2026-06-01 15:00:36] Mise à jour réussie ID: 2747
--------------------------------------------------------------------------------
[2026-06-01 15:00:36] Traitement ID: 2743
--------------------------------------------------------------------------------
[2026-06-01 15:00:36] SQL
Array
(
    [sql] => UPDATE materiel SET marque = :marque, modele = :modele, numero_serie = :numero_serie, version_firmware = :version_firmware, adresse_ip = :adresse_ip, adresse_mac = :adresse_mac WHERE id = :id
    [params] => Array
        (
            [0] => :marque
            [1] => :modele
            [2] => :numero_serie
            [3] => :version_firmware
            [4] => :adresse_ip
            [5] => :adresse_mac
            [6] => :id
        )

)

--------------------------------------------------------------------------------
[2026-06-01 15:00:36] Mise à jour réussie ID: 2743
--------------------------------------------------------------------------------
[2026-06-01 15:00:36] Traitement ID: 2742
--------------------------------------------------------------------------------
[2026-06-01 15:00:36] SQL
Array
(
    [sql] => UPDATE materiel SET marque = :marque, modele = :modele, numero_serie = :numero_serie, version_firmware = :version_firmware, adresse_ip = :adresse_ip, adresse_mac = :adresse_mac WHERE id = :id
    [params] => Array
        (
            [0] => :marque
            [1] => :modele
            [2] => :numero_serie
            [3] => :version_firmware
            [4] => :adresse_ip
            [5] => :adresse_mac
            [6] => :id
        )

)

--------------------------------------------------------------------------------
[2026-06-01 15:00:36] Mise à jour réussie ID: 2742
--------------------------------------------------------------------------------
[2026-06-01 15:00:36] Traitement ID: 2749
--------------------------------------------------------------------------------
[2026-06-01 15:00:36] SQL
Array
(
    [sql] => UPDATE materiel SET marque = :marque, modele = :modele, numero_serie = :numero_serie, version_firmware = :version_firmware, adresse_ip = :adresse_ip, adresse_mac = :adresse_mac, url_github = :url_github WHERE id = :id
    [params] => Array
        (
            [0] => :marque
            [1] => :modele
            [2] => :numero_serie
            [3] => :version_firmware
            [4] => :adresse_ip
            [5] => :adresse_mac
            [6] => :url_github
            [7] => :id
        )

)

--------------------------------------------------------------------------------
[2026-06-01 15:00:36] Mise à jour réussie ID: 2749
--------------------------------------------------------------------------------
[2026-06-01 15:00:36] Traitement ID: 2744
--------------------------------------------------------------------------------
[2026-06-01 15:00:36] SQL
Array
(
    [sql] => UPDATE materiel SET marque = :marque, modele = :modele, numero_serie = :numero_serie, version_firmware = :version_firmware, adresse_ip = :adresse_ip, adresse_mac = :adresse_mac WHERE id = :id
    [params] => Array
        (
            [0] => :marque
            [1] => :modele
            [2] => :numero_serie
            [3] => :version_firmware
            [4] => :adresse_ip
            [5] => :adresse_mac
            [6] => :id
        )

)

--------------------------------------------------------------------------------
[2026-06-01 15:00:36] Mise à jour réussie ID: 2744
--------------------------------------------------------------------------------
[2026-06-01 15:00:36] Réponse
Array
(
    [status] => success
    [message] => 11 ligne(s) mise(s) à jour
    [updated] => 11
    [total_rows] => 11
    [errors] => Array
        (
        )

)

--------------------------------------------------------------------------------
[2026-06-01 15:00:36] === FIN ===
--------------------------------------------------------------------------------
[2026-06-01 15:09:58] === DÉBUT ===
--------------------------------------------------------------------------------
[2026-06-01 15:09:59] Input reçu
Array
(
    [raw_length] => 7867
    [has_data] => 1
)

--------------------------------------------------------------------------------
[2026-06-01 15:09:59] Connexion BDD OK
--------------------------------------------------------------------------------
[2026-06-01 15:09:59] Traitement ID: 2736
--------------------------------------------------------------------------------
[2026-06-01 15:09:59] SQL
Array
(
    [sql] => UPDATE materiel SET marque = :marque, modele = :modele, numero_serie = :numero_serie, version_firmware = :version_firmware, adresse_ip = :adresse_ip, adresse_mac = :adresse_mac, commentaire = :commentaire WHERE id = :id
    [params] => Array
        (
            [0] => :marque
            [1] => :modele
            [2] => :numero_serie
            [3] => :version_firmware
            [4] => :adresse_ip
            [5] => :adresse_mac
            [6] => :commentaire
            [7] => :id
        )

)

--------------------------------------------------------------------------------
[2026-06-01 15:09:59] Mise à jour réussie ID: 2736
--------------------------------------------------------------------------------
[2026-06-01 15:09:59] Traitement ID: 2751
--------------------------------------------------------------------------------
[2026-06-01 15:09:59] SQL
Array
(
    [sql] => UPDATE materiel SET marque = :marque, modele = :modele, numero_serie = :numero_serie, version_firmware = :version_firmware, adresse_ip = :adresse_ip WHERE id = :id
    [params] => Array
        (
            [0] => :marque
            [1] => :modele
            [2] => :numero_serie
            [3] => :version_firmware
            [4] => :adresse_ip
            [5] => :id
        )

)

--------------------------------------------------------------------------------
[2026-06-01 15:09:59] Mise à jour réussie ID: 2751
--------------------------------------------------------------------------------
[2026-06-01 15:09:59] Traitement ID: 2750
--------------------------------------------------------------------------------
[2026-06-01 15:09:59] SQL
Array
(
    [sql] => UPDATE materiel SET marque = :marque, modele = :modele, numero_serie = :numero_serie, version_firmware = :version_firmware WHERE id = :id
    [params] => Array
        (
            [0] => :marque
            [1] => :modele
            [2] => :numero_serie
            [3] => :version_firmware
            [4] => :id
        )

)

--------------------------------------------------------------------------------
[2026-06-01 15:09:59] Mise à jour réussie ID: 2750
--------------------------------------------------------------------------------
[2026-06-01 15:09:59] Traitement ID: 2745
--------------------------------------------------------------------------------
[2026-06-01 15:09:59] SQL
Array
(
    [sql] => UPDATE materiel SET marque = :marque, modele = :modele, numero_serie = :numero_serie, version_firmware = :version_firmware, adresse_ip = :adresse_ip, adresse_mac = :adresse_mac WHERE id = :id
    [params] => Array
        (
            [0] => :marque
            [1] => :modele
            [2] => :numero_serie
            [3] => :version_firmware
            [4] => :adresse_ip
            [5] => :adresse_mac
            [6] => :id
        )

)

--------------------------------------------------------------------------------
[2026-06-01 15:09:59] Mise à jour réussie ID: 2745
--------------------------------------------------------------------------------
[2026-06-01 15:09:59] Traitement ID: 2746
--------------------------------------------------------------------------------
[2026-06-01 15:09:59] SQL
Array
(
    [sql] => UPDATE materiel SET marque = :marque, modele = :modele, numero_serie = :numero_serie, version_firmware = :version_firmware, adresse_ip = :adresse_ip, adresse_mac = :adresse_mac WHERE id = :id
    [params] => Array
        (
            [0] => :marque
            [1] => :modele
            [2] => :numero_serie
            [3] => :version_firmware
            [4] => :adresse_ip
            [5] => :adresse_mac
            [6] => :id
        )

)

--------------------------------------------------------------------------------
[2026-06-01 15:09:59] Mise à jour réussie ID: 2746
--------------------------------------------------------------------------------
[2026-06-01 15:09:59] Traitement ID: 2748
--------------------------------------------------------------------------------
[2026-06-01 15:09:59] SQL
Array
(
    [sql] => UPDATE materiel SET marque = :marque, modele = :modele, numero_serie = :numero_serie, version_firmware = :version_firmware, adresse_ip = :adresse_ip, adresse_mac = :adresse_mac WHERE id = :id
    [params] => Array
        (
            [0] => :marque
            [1] => :modele
            [2] => :numero_serie
            [3] => :version_firmware
            [4] => :adresse_ip
            [5] => :adresse_mac
            [6] => :id
        )

)

--------------------------------------------------------------------------------
[2026-06-01 15:09:59] Mise à jour réussie ID: 2748
--------------------------------------------------------------------------------
[2026-06-01 15:09:59] Traitement ID: 2747
--------------------------------------------------------------------------------
[2026-06-01 15:09:59] SQL
Array
(
    [sql] => UPDATE materiel SET marque = :marque, modele = :modele, numero_serie = :numero_serie, version_firmware = :version_firmware, adresse_ip = :adresse_ip, adresse_mac = :adresse_mac WHERE id = :id
    [params] => Array
        (
            [0] => :marque
            [1] => :modele
            [2] => :numero_serie
            [3] => :version_firmware
            [4] => :adresse_ip
            [5] => :adresse_mac
            [6] => :id
        )

)

--------------------------------------------------------------------------------
[2026-06-01 15:09:59] Mise à jour réussie ID: 2747
--------------------------------------------------------------------------------
[2026-06-01 15:09:59] Traitement ID: 2752
--------------------------------------------------------------------------------
[2026-06-01 15:09:59] SQL
Array
(
    [sql] => UPDATE materiel SET marque = :marque, modele = :modele, numero_serie = :numero_serie, version_firmware = :version_firmware WHERE id = :id
    [params] => Array
        (
            [0] => :marque
            [1] => :modele
            [2] => :numero_serie
            [3] => :version_firmware
            [4] => :id
        )

)

--------------------------------------------------------------------------------
[2026-06-01 15:09:59] Mise à jour réussie ID: 2752
--------------------------------------------------------------------------------
[2026-06-01 15:09:59] Traitement ID: 2743
--------------------------------------------------------------------------------
[2026-06-01 15:09:59] SQL
Array
(
    [sql] => UPDATE materiel SET marque = :marque, modele = :modele, numero_serie = :numero_serie, version_firmware = :version_firmware, adresse_ip = :adresse_ip, adresse_mac = :adresse_mac WHERE id = :id
    [params] => Array
        (
            [0] => :marque
            [1] => :modele
            [2] => :numero_serie
            [3] => :version_firmware
            [4] => :adresse_ip
            [5] => :adresse_mac
            [6] => :id
        )

)

--------------------------------------------------------------------------------
[2026-06-01 15:09:59] Mise à jour réussie ID: 2743
--------------------------------------------------------------------------------
[2026-06-01 15:09:59] Traitement ID: 2742
--------------------------------------------------------------------------------
[2026-06-01 15:09:59] SQL
Array
(
    [sql] => UPDATE materiel SET marque = :marque, modele = :modele, numero_serie = :numero_serie, version_firmware = :version_firmware, adresse_ip = :adresse_ip, adresse_mac = :adresse_mac WHERE id = :id
    [params] => Array
        (
            [0] => :marque
            [1] => :modele
            [2] => :numero_serie
            [3] => :version_firmware
            [4] => :adresse_ip
            [5] => :adresse_mac
            [6] => :id
        )

)

--------------------------------------------------------------------------------
[2026-06-01 15:09:59] Mise à jour réussie ID: 2742
--------------------------------------------------------------------------------
[2026-06-01 15:09:59] Traitement ID: 2749
--------------------------------------------------------------------------------
[2026-06-01 15:09:59] SQL
Array
(
    [sql] => UPDATE materiel SET marque = :marque, modele = :modele, numero_serie = :numero_serie, version_firmware = :version_firmware, adresse_ip = :adresse_ip, adresse_mac = :adresse_mac, url_github = :url_github WHERE id = :id
    [params] => Array
        (
            [0] => :marque
            [1] => :modele
            [2] => :numero_serie
            [3] => :version_firmware
            [4] => :adresse_ip
            [5] => :adresse_mac
            [6] => :url_github
            [7] => :id
        )

)

--------------------------------------------------------------------------------
[2026-06-01 15:09:59] Mise à jour réussie ID: 2749
--------------------------------------------------------------------------------
[2026-06-01 15:09:59] Traitement ID: 2744
--------------------------------------------------------------------------------
[2026-06-01 15:09:59] SQL
Array
(
    [sql] => UPDATE materiel SET marque = :marque, modele = :modele, numero_serie = :numero_serie, version_firmware = :version_firmware, adresse_ip = :adresse_ip, adresse_mac = :adresse_mac WHERE id = :id
    [params] => Array
        (
            [0] => :marque
            [1] => :modele
            [2] => :numero_serie
            [3] => :version_firmware
            [4] => :adresse_ip
            [5] => :adresse_mac
            [6] => :id
        )

)

--------------------------------------------------------------------------------
[2026-06-01 15:09:59] Mise à jour réussie ID: 2744
--------------------------------------------------------------------------------
[2026-06-01 15:09:59] Réponse
Array
(
    [status] => success
    [message] => 12 ligne(s) mise(s) à jour
    [updated] => 12
    [total_rows] => 12
    [errors] => Array
        (
        )

)

--------------------------------------------------------------------------------
[2026-06-01 15:09:59] === FIN ===
--------------------------------------------------------------------------------
[2026-06-01 15:10:54] === DÉBUT ===
--------------------------------------------------------------------------------
[2026-06-01 15:10:54] Input reçu
Array
(
    [raw_length] => 7874
    [has_data] => 1
)

--------------------------------------------------------------------------------
[2026-06-01 15:10:54] Connexion BDD OK
--------------------------------------------------------------------------------
[2026-06-01 15:10:54] Traitement ID: 2736
--------------------------------------------------------------------------------
[2026-06-01 15:10:54] SQL
Array
(
    [sql] => UPDATE materiel SET marque = :marque, modele = :modele, numero_serie = :numero_serie, version_firmware = :version_firmware, adresse_ip = :adresse_ip, adresse_mac = :adresse_mac, commentaire = :commentaire WHERE id = :id
    [params] => Array
        (
            [0] => :marque
            [1] => :modele
            [2] => :numero_serie
            [3] => :version_firmware
            [4] => :adresse_ip
            [5] => :adresse_mac
            [6] => :commentaire
            [7] => :id
        )

)

--------------------------------------------------------------------------------
[2026-06-01 15:10:54] Mise à jour réussie ID: 2736
--------------------------------------------------------------------------------
[2026-06-01 15:10:54] Traitement ID: 2751
--------------------------------------------------------------------------------
[2026-06-01 15:10:54] SQL
Array
(
    [sql] => UPDATE materiel SET marque = :marque, modele = :modele, numero_serie = :numero_serie, version_firmware = :version_firmware, adresse_ip = :adresse_ip WHERE id = :id
    [params] => Array
        (
            [0] => :marque
            [1] => :modele
            [2] => :numero_serie
            [3] => :version_firmware
            [4] => :adresse_ip
            [5] => :id
        )

)

--------------------------------------------------------------------------------
[2026-06-01 15:10:54] Mise à jour réussie ID: 2751
--------------------------------------------------------------------------------
[2026-06-01 15:10:54] Traitement ID: 2750
--------------------------------------------------------------------------------
[2026-06-01 15:10:54] SQL
Array
(
    [sql] => UPDATE materiel SET marque = :marque, modele = :modele, numero_serie = :numero_serie, version_firmware = :version_firmware WHERE id = :id
    [params] => Array
        (
            [0] => :marque
            [1] => :modele
            [2] => :numero_serie
            [3] => :version_firmware
            [4] => :id
        )

)

--------------------------------------------------------------------------------
[2026-06-01 15:10:54] Mise à jour réussie ID: 2750
--------------------------------------------------------------------------------
[2026-06-01 15:10:54] Traitement ID: 2745
--------------------------------------------------------------------------------
[2026-06-01 15:10:54] SQL
Array
(
    [sql] => UPDATE materiel SET marque = :marque, modele = :modele, numero_serie = :numero_serie, version_firmware = :version_firmware, adresse_ip = :adresse_ip, adresse_mac = :adresse_mac WHERE id = :id
    [params] => Array
        (
            [0] => :marque
            [1] => :modele
            [2] => :numero_serie
            [3] => :version_firmware
            [4] => :adresse_ip
            [5] => :adresse_mac
            [6] => :id
        )

)

--------------------------------------------------------------------------------
[2026-06-01 15:10:54] Mise à jour réussie ID: 2745
--------------------------------------------------------------------------------
[2026-06-01 15:10:54] Traitement ID: 2746
--------------------------------------------------------------------------------
[2026-06-01 15:10:54] SQL
Array
(
    [sql] => UPDATE materiel SET marque = :marque, modele = :modele, numero_serie = :numero_serie, version_firmware = :version_firmware, adresse_ip = :adresse_ip, adresse_mac = :adresse_mac WHERE id = :id
    [params] => Array
        (
            [0] => :marque
            [1] => :modele
            [2] => :numero_serie
            [3] => :version_firmware
            [4] => :adresse_ip
            [5] => :adresse_mac
            [6] => :id
        )

)

--------------------------------------------------------------------------------
[2026-06-01 15:10:54] Mise à jour réussie ID: 2746
--------------------------------------------------------------------------------
[2026-06-01 15:10:54] Traitement ID: 2748
--------------------------------------------------------------------------------
[2026-06-01 15:10:54] SQL
Array
(
    [sql] => UPDATE materiel SET marque = :marque, modele = :modele, numero_serie = :numero_serie, version_firmware = :version_firmware, adresse_ip = :adresse_ip, adresse_mac = :adresse_mac WHERE id = :id
    [params] => Array
        (
            [0] => :marque
            [1] => :modele
            [2] => :numero_serie
            [3] => :version_firmware
            [4] => :adresse_ip
            [5] => :adresse_mac
            [6] => :id
        )

)

--------------------------------------------------------------------------------
[2026-06-01 15:10:54] Mise à jour réussie ID: 2748
--------------------------------------------------------------------------------
[2026-06-01 15:10:54] Traitement ID: 2747
--------------------------------------------------------------------------------
[2026-06-01 15:10:54] SQL
Array
(
    [sql] => UPDATE materiel SET marque = :marque, modele = :modele, numero_serie = :numero_serie, version_firmware = :version_firmware, adresse_ip = :adresse_ip, adresse_mac = :adresse_mac WHERE id = :id
    [params] => Array
        (
            [0] => :marque
            [1] => :modele
            [2] => :numero_serie
            [3] => :version_firmware
            [4] => :adresse_ip
            [5] => :adresse_mac
            [6] => :id
        )

)

--------------------------------------------------------------------------------
[2026-06-01 15:10:54] Mise à jour réussie ID: 2747
--------------------------------------------------------------------------------
[2026-06-01 15:10:54] Traitement ID: 2752
--------------------------------------------------------------------------------
[2026-06-01 15:10:54] SQL
Array
(
    [sql] => UPDATE materiel SET marque = :marque, modele = :modele, numero_serie = :numero_serie, version_firmware = :version_firmware WHERE id = :id
    [params] => Array
        (
            [0] => :marque
            [1] => :modele
            [2] => :numero_serie
            [3] => :version_firmware
            [4] => :id
        )

)

--------------------------------------------------------------------------------
[2026-06-01 15:10:54] Mise à jour réussie ID: 2752
--------------------------------------------------------------------------------
[2026-06-01 15:10:54] Traitement ID: 2743
--------------------------------------------------------------------------------
[2026-06-01 15:10:54] SQL
Array
(
    [sql] => UPDATE materiel SET marque = :marque, modele = :modele, numero_serie = :numero_serie, version_firmware = :version_firmware, adresse_ip = :adresse_ip, adresse_mac = :adresse_mac WHERE id = :id
    [params] => Array
        (
            [0] => :marque
            [1] => :modele
            [2] => :numero_serie
            [3] => :version_firmware
            [4] => :adresse_ip
            [5] => :adresse_mac
            [6] => :id
        )

)

--------------------------------------------------------------------------------
[2026-06-01 15:10:54] Mise à jour réussie ID: 2743
--------------------------------------------------------------------------------
[2026-06-01 15:10:54] Traitement ID: 2742
--------------------------------------------------------------------------------
[2026-06-01 15:10:54] SQL
Array
(
    [sql] => UPDATE materiel SET marque = :marque, modele = :modele, numero_serie = :numero_serie, version_firmware = :version_firmware, adresse_ip = :adresse_ip, adresse_mac = :adresse_mac WHERE id = :id
    [params] => Array
        (
            [0] => :marque
            [1] => :modele
            [2] => :numero_serie
            [3] => :version_firmware
            [4] => :adresse_ip
            [5] => :adresse_mac
            [6] => :id
        )

)

--------------------------------------------------------------------------------
[2026-06-01 15:10:54] Mise à jour réussie ID: 2742
--------------------------------------------------------------------------------
[2026-06-01 15:10:54] Traitement ID: 2749
--------------------------------------------------------------------------------
[2026-06-01 15:10:54] SQL
Array
(
    [sql] => UPDATE materiel SET marque = :marque, modele = :modele, numero_serie = :numero_serie, version_firmware = :version_firmware, adresse_ip = :adresse_ip, adresse_mac = :adresse_mac, url_github = :url_github WHERE id = :id
    [params] => Array
        (
            [0] => :marque
            [1] => :modele
            [2] => :numero_serie
            [3] => :version_firmware
            [4] => :adresse_ip
            [5] => :adresse_mac
            [6] => :url_github
            [7] => :id
        )

)

--------------------------------------------------------------------------------
[2026-06-01 15:10:54] Mise à jour réussie ID: 2749
--------------------------------------------------------------------------------
[2026-06-01 15:10:54] Traitement ID: 2744
--------------------------------------------------------------------------------
[2026-06-01 15:10:54] SQL
Array
(
    [sql] => UPDATE materiel SET marque = :marque, modele = :modele, numero_serie = :numero_serie, version_firmware = :version_firmware, adresse_ip = :adresse_ip, adresse_mac = :adresse_mac WHERE id = :id
    [params] => Array
        (
            [0] => :marque
            [1] => :modele
            [2] => :numero_serie
            [3] => :version_firmware
            [4] => :adresse_ip
            [5] => :adresse_mac
            [6] => :id
        )

)

--------------------------------------------------------------------------------
[2026-06-01 15:10:54] Mise à jour réussie ID: 2744
--------------------------------------------------------------------------------
[2026-06-01 15:10:54] Réponse
Array
(
    [status] => success
    [message] => 12 ligne(s) mise(s) à jour
    [updated] => 12
    [total_rows] => 12
    [errors] => Array
        (
        )

)

--------------------------------------------------------------------------------
[2026-06-01 15:10:54] === FIN ===
--------------------------------------------------------------------------------
[2026-06-01 15:10:54] === DÉBUT ===
--------------------------------------------------------------------------------
[2026-06-01 15:10:54] Input reçu
Array
(
    [raw_length] => 14534
    [has_data] => 1
)

--------------------------------------------------------------------------------
[2026-06-01 15:10:54] Connexion BDD OK
--------------------------------------------------------------------------------
[2026-06-01 15:10:54] Traitement ID: 2733
--------------------------------------------------------------------------------
[2026-06-01 15:10:54] SQL
Array
(
    [sql] => UPDATE materiel SET marque = :marque, modele = :modele, numero_serie = :numero_serie, commentaire = :commentaire WHERE id = :id
    [params] => Array
        (
            [0] => :marque
            [1] => :modele
            [2] => :numero_serie
            [3] => :commentaire
            [4] => :id
        )

)

--------------------------------------------------------------------------------
[2026-06-01 15:10:54] Mise à jour réussie ID: 2733
--------------------------------------------------------------------------------
[2026-06-01 15:10:54] Traitement ID: 2722
--------------------------------------------------------------------------------
[2026-06-01 15:10:54] SQL
Array
(
    [sql] => UPDATE materiel SET marque = :marque, modele = :modele, numero_serie = :numero_serie, commentaire = :commentaire WHERE id = :id
    [params] => Array
        (
            [0] => :marque
            [1] => :modele
            [2] => :numero_serie
            [3] => :commentaire
            [4] => :id
        )

)

--------------------------------------------------------------------------------
[2026-06-01 15:10:54] Mise à jour réussie ID: 2722
--------------------------------------------------------------------------------
[2026-06-01 15:10:54] Traitement ID: 2725
--------------------------------------------------------------------------------
[2026-06-01 15:10:54] SQL
Array
(
    [sql] => UPDATE materiel SET marque = :marque, modele = :modele, numero_serie = :numero_serie, commentaire = :commentaire WHERE id = :id
    [params] => Array
        (
            [0] => :marque
            [1] => :modele
            [2] => :numero_serie
            [3] => :commentaire
            [4] => :id
        )

)

--------------------------------------------------------------------------------
[2026-06-01 15:10:54] Mise à jour réussie ID: 2725
--------------------------------------------------------------------------------
[2026-06-01 15:10:54] Traitement ID: 2729
--------------------------------------------------------------------------------
[2026-06-01 15:10:54] SQL
Array
(
    [sql] => UPDATE materiel SET marque = :marque, modele = :modele, numero_serie = :numero_serie, commentaire = :commentaire WHERE id = :id
    [params] => Array
        (
            [0] => :marque
            [1] => :modele
            [2] => :numero_serie
            [3] => :commentaire
            [4] => :id
        )

)

--------------------------------------------------------------------------------
[2026-06-01 15:10:54] Mise à jour réussie ID: 2729
--------------------------------------------------------------------------------
[2026-06-01 15:10:54] Traitement ID: 2726
--------------------------------------------------------------------------------
[2026-06-01 15:10:54] SQL
Array
(
    [sql] => UPDATE materiel SET marque = :marque, modele = :modele, numero_serie = :numero_serie, commentaire = :commentaire WHERE id = :id
    [params] => Array
        (
            [0] => :marque
            [1] => :modele
            [2] => :numero_serie
            [3] => :commentaire
            [4] => :id
        )

)

--------------------------------------------------------------------------------
[2026-06-01 15:10:54] Mise à jour réussie ID: 2726
--------------------------------------------------------------------------------
[2026-06-01 15:10:54] Traitement ID: 2728
--------------------------------------------------------------------------------
[2026-06-01 15:10:54] SQL
Array
(
    [sql] => UPDATE materiel SET marque = :marque, modele = :modele, numero_serie = :numero_serie, commentaire = :commentaire WHERE id = :id
    [params] => Array
        (
            [0] => :marque
            [1] => :modele
            [2] => :numero_serie
            [3] => :commentaire
            [4] => :id
        )

)

--------------------------------------------------------------------------------
[2026-06-01 15:10:54] Mise à jour réussie ID: 2728
--------------------------------------------------------------------------------
[2026-06-01 15:10:54] Traitement ID: 2732
--------------------------------------------------------------------------------
[2026-06-01 15:10:54] SQL
Array
(
    [sql] => UPDATE materiel SET marque = :marque, modele = :modele, numero_serie = :numero_serie, commentaire = :commentaire WHERE id = :id
    [params] => Array
        (
            [0] => :marque
            [1] => :modele
            [2] => :numero_serie
            [3] => :commentaire
            [4] => :id
        )

)

--------------------------------------------------------------------------------
[2026-06-01 15:10:54] Mise à jour réussie ID: 2732
--------------------------------------------------------------------------------
[2026-06-01 15:10:54] Traitement ID: 2735
--------------------------------------------------------------------------------
[2026-06-01 15:10:54] SQL
Array
(
    [sql] => UPDATE materiel SET marque = :marque, modele = :modele, numero_serie = :numero_serie, commentaire = :commentaire WHERE id = :id
    [params] => Array
        (
            [0] => :marque
            [1] => :modele
            [2] => :numero_serie
            [3] => :commentaire
            [4] => :id
        )

)

--------------------------------------------------------------------------------
[2026-06-01 15:10:54] Mise à jour réussie ID: 2735
--------------------------------------------------------------------------------
[2026-06-01 15:10:54] Traitement ID: 2714
--------------------------------------------------------------------------------
[2026-06-01 15:10:54] SQL
Array
(
    [sql] => UPDATE materiel SET marque = :marque, modele = :modele WHERE id = :id
    [params] => Array
        (
            [0] => :marque
            [1] => :modele
            [2] => :id
        )

)

--------------------------------------------------------------------------------
[2026-06-01 15:10:54] Mise à jour réussie ID: 2714
--------------------------------------------------------------------------------
[2026-06-01 15:10:54] Traitement ID: 2717
--------------------------------------------------------------------------------
[2026-06-01 15:10:54] SQL
Array
(
    [sql] => UPDATE materiel SET marque = :marque, modele = :modele, numero_serie = :numero_serie, commentaire = :commentaire WHERE id = :id
    [params] => Array
        (
            [0] => :marque
            [1] => :modele
            [2] => :numero_serie
            [3] => :commentaire
            [4] => :id
        )

)

--------------------------------------------------------------------------------
[2026-06-01 15:10:54] Mise à jour réussie ID: 2717
--------------------------------------------------------------------------------
[2026-06-01 15:10:54] Traitement ID: 2715
--------------------------------------------------------------------------------
[2026-06-01 15:10:54] SQL
Array
(
    [sql] => UPDATE materiel SET marque = :marque, modele = :modele WHERE id = :id
    [params] => Array
        (
            [0] => :marque
            [1] => :modele
            [2] => :id
        )

)

--------------------------------------------------------------------------------
[2026-06-01 15:10:54] Mise à jour réussie ID: 2715
--------------------------------------------------------------------------------
[2026-06-01 15:10:54] Traitement ID: 2718
--------------------------------------------------------------------------------
[2026-06-01 15:10:54] SQL
Array
(
    [sql] => UPDATE materiel SET marque = :marque, modele = :modele, numero_serie = :numero_serie, commentaire = :commentaire WHERE id = :id
    [params] => Array
        (
            [0] => :marque
            [1] => :modele
            [2] => :numero_serie
            [3] => :commentaire
            [4] => :id
        )

)

--------------------------------------------------------------------------------
[2026-06-01 15:10:54] Mise à jour réussie ID: 2718
--------------------------------------------------------------------------------
[2026-06-01 15:10:54] Traitement ID: 2716
--------------------------------------------------------------------------------
[2026-06-01 15:10:54] SQL
Array
(
    [sql] => UPDATE materiel SET marque = :marque, modele = :modele WHERE id = :id
    [params] => Array
        (
            [0] => :marque
            [1] => :modele
            [2] => :id
        )

)

--------------------------------------------------------------------------------
[2026-06-01 15:10:54] Mise à jour réussie ID: 2716
--------------------------------------------------------------------------------
[2026-06-01 15:10:54] Traitement ID: 2719
--------------------------------------------------------------------------------
[2026-06-01 15:10:54] SQL
Array
(
    [sql] => UPDATE materiel SET marque = :marque, modele = :modele, numero_serie = :numero_serie, commentaire = :commentaire WHERE id = :id
    [params] => Array
        (
            [0] => :marque
            [1] => :modele
            [2] => :numero_serie
            [3] => :commentaire
            [4] => :id
        )

)

--------------------------------------------------------------------------------
[2026-06-01 15:10:54] Mise à jour réussie ID: 2719
--------------------------------------------------------------------------------
[2026-06-01 15:10:54] Traitement ID: 2720
--------------------------------------------------------------------------------
[2026-06-01 15:10:54] SQL
Array
(
    [sql] => UPDATE materiel SET marque = :marque, modele = :modele, numero_serie = :numero_serie, commentaire = :commentaire WHERE id = :id
    [params] => Array
        (
            [0] => :marque
            [1] => :modele
            [2] => :numero_serie
            [3] => :commentaire
            [4] => :id
        )

)

--------------------------------------------------------------------------------
[2026-06-01 15:10:54] Mise à jour réussie ID: 2720
--------------------------------------------------------------------------------
[2026-06-01 15:10:54] Traitement ID: 2721
--------------------------------------------------------------------------------
[2026-06-01 15:10:54] SQL
Array
(
    [sql] => UPDATE materiel SET marque = :marque, modele = :modele, numero_serie = :numero_serie, commentaire = :commentaire WHERE id = :id
    [params] => Array
        (
            [0] => :marque
            [1] => :modele
            [2] => :numero_serie
            [3] => :commentaire
            [4] => :id
        )

)

--------------------------------------------------------------------------------
[2026-06-01 15:10:54] Mise à jour réussie ID: 2721
--------------------------------------------------------------------------------
[2026-06-01 15:10:54] Traitement ID: 2731
--------------------------------------------------------------------------------
[2026-06-01 15:10:54] SQL
Array
(
    [sql] => UPDATE materiel SET marque = :marque, modele = :modele, numero_serie = :numero_serie, commentaire = :commentaire WHERE id = :id
    [params] => Array
        (
            [0] => :marque
            [1] => :modele
            [2] => :numero_serie
            [3] => :commentaire
            [4] => :id
        )

)

--------------------------------------------------------------------------------
[2026-06-01 15:10:54] Mise à jour réussie ID: 2731
--------------------------------------------------------------------------------
[2026-06-01 15:10:54] Traitement ID: 2727
--------------------------------------------------------------------------------
[2026-06-01 15:10:54] SQL
Array
(
    [sql] => UPDATE materiel SET marque = :marque, modele = :modele, numero_serie = :numero_serie, commentaire = :commentaire WHERE id = :id
    [params] => Array
        (
            [0] => :marque
            [1] => :modele
            [2] => :numero_serie
            [3] => :commentaire
            [4] => :id
        )

)

--------------------------------------------------------------------------------
[2026-06-01 15:10:54] Mise à jour réussie ID: 2727
--------------------------------------------------------------------------------
[2026-06-01 15:10:54] Traitement ID: 2723
--------------------------------------------------------------------------------
[2026-06-01 15:10:54] SQL
Array
(
    [sql] => UPDATE materiel SET marque = :marque, modele = :modele, numero_serie = :numero_serie, commentaire = :commentaire WHERE id = :id
    [params] => Array
        (
            [0] => :marque
            [1] => :modele
            [2] => :numero_serie
            [3] => :commentaire
            [4] => :id
        )

)

--------------------------------------------------------------------------------
[2026-06-01 15:10:54] Mise à jour réussie ID: 2723
--------------------------------------------------------------------------------
[2026-06-01 15:10:54] Traitement ID: 2724
--------------------------------------------------------------------------------
[2026-06-01 15:10:54] SQL
Array
(
    [sql] => UPDATE materiel SET marque = :marque, modele = :modele, numero_serie = :numero_serie, commentaire = :commentaire WHERE id = :id
    [params] => Array
        (
            [0] => :marque
            [1] => :modele
            [2] => :numero_serie
            [3] => :commentaire
            [4] => :id
        )

)

--------------------------------------------------------------------------------
[2026-06-01 15:10:54] Mise à jour réussie ID: 2724
--------------------------------------------------------------------------------
[2026-06-01 15:10:54] Traitement ID: 2730
--------------------------------------------------------------------------------
[2026-06-01 15:10:54] SQL
Array
(
    [sql] => UPDATE materiel SET marque = :marque, modele = :modele, numero_serie = :numero_serie, commentaire = :commentaire WHERE id = :id
    [params] => Array
        (
            [0] => :marque
            [1] => :modele
            [2] => :numero_serie
            [3] => :commentaire
            [4] => :id
        )

)

--------------------------------------------------------------------------------
[2026-06-01 15:10:54] Mise à jour réussie ID: 2730
--------------------------------------------------------------------------------
[2026-06-01 15:10:54] Traitement ID: 2734
--------------------------------------------------------------------------------
[2026-06-01 15:10:54] SQL
Array
(
    [sql] => UPDATE materiel SET marque = :marque, modele = :modele, numero_serie = :numero_serie, commentaire = :commentaire WHERE id = :id
    [params] => Array
        (
            [0] => :marque
            [1] => :modele
            [2] => :numero_serie
            [3] => :commentaire
            [4] => :id
        )

)

--------------------------------------------------------------------------------
[2026-06-01 15:10:54] Mise à jour réussie ID: 2734
--------------------------------------------------------------------------------
[2026-06-01 15:10:54] Réponse
Array
(
    [status] => success
    [message] => 22 ligne(s) mise(s) à jour
    [updated] => 22
    [total_rows] => 22
    [errors] => Array
        (
        )

)

--------------------------------------------------------------------------------
[2026-06-01 15:10:54] === FIN ===
--------------------------------------------------------------------------------
[2026-06-01 15:20:54] === DÉBUT ===
--------------------------------------------------------------------------------
[2026-06-01 15:20:54] Input reçu
Array
(
    [raw_length] => 7874
    [has_data] => 1
)

--------------------------------------------------------------------------------
[2026-06-01 15:20:54] Connexion BDD OK
--------------------------------------------------------------------------------
[2026-06-01 15:20:54] Traitement ID: 2736
--------------------------------------------------------------------------------
[2026-06-01 15:20:54] SQL
Array
(
    [sql] => UPDATE materiel SET marque = :marque, modele = :modele, numero_serie = :numero_serie, version_firmware = :version_firmware, adresse_ip = :adresse_ip, adresse_mac = :adresse_mac, commentaire = :commentaire WHERE id = :id
    [params] => Array
        (
            [0] => :marque
            [1] => :modele
            [2] => :numero_serie
            [3] => :version_firmware
            [4] => :adresse_ip
            [5] => :adresse_mac
            [6] => :commentaire
            [7] => :id
        )

)

--------------------------------------------------------------------------------
[2026-06-01 15:20:54] Mise à jour réussie ID: 2736
--------------------------------------------------------------------------------
[2026-06-01 15:20:54] Traitement ID: 2751
--------------------------------------------------------------------------------
[2026-06-01 15:20:54] SQL
Array
(
    [sql] => UPDATE materiel SET marque = :marque, modele = :modele, numero_serie = :numero_serie, version_firmware = :version_firmware, adresse_ip = :adresse_ip WHERE id = :id
    [params] => Array
        (
            [0] => :marque
            [1] => :modele
            [2] => :numero_serie
            [3] => :version_firmware
            [4] => :adresse_ip
            [5] => :id
        )

)

--------------------------------------------------------------------------------
[2026-06-01 15:20:54] Mise à jour réussie ID: 2751
--------------------------------------------------------------------------------
[2026-06-01 15:20:54] Traitement ID: 2750
--------------------------------------------------------------------------------
[2026-06-01 15:20:54] SQL
Array
(
    [sql] => UPDATE materiel SET marque = :marque, modele = :modele, numero_serie = :numero_serie, version_firmware = :version_firmware WHERE id = :id
    [params] => Array
        (
            [0] => :marque
            [1] => :modele
            [2] => :numero_serie
            [3] => :version_firmware
            [4] => :id
        )

)

--------------------------------------------------------------------------------
[2026-06-01 15:20:54] Mise à jour réussie ID: 2750
--------------------------------------------------------------------------------
[2026-06-01 15:20:54] Traitement ID: 2745
--------------------------------------------------------------------------------
[2026-06-01 15:20:54] SQL
Array
(
    [sql] => UPDATE materiel SET marque = :marque, modele = :modele, numero_serie = :numero_serie, version_firmware = :version_firmware, adresse_ip = :adresse_ip, adresse_mac = :adresse_mac WHERE id = :id
    [params] => Array
        (
            [0] => :marque
            [1] => :modele
            [2] => :numero_serie
            [3] => :version_firmware
            [4] => :adresse_ip
            [5] => :adresse_mac
            [6] => :id
        )

)

--------------------------------------------------------------------------------
[2026-06-01 15:20:54] Mise à jour réussie ID: 2745
--------------------------------------------------------------------------------
[2026-06-01 15:20:54] Traitement ID: 2746
--------------------------------------------------------------------------------
[2026-06-01 15:20:54] SQL
Array
(
    [sql] => UPDATE materiel SET marque = :marque, modele = :modele, numero_serie = :numero_serie, version_firmware = :version_firmware, adresse_ip = :adresse_ip, adresse_mac = :adresse_mac WHERE id = :id
    [params] => Array
        (
            [0] => :marque
            [1] => :modele
            [2] => :numero_serie
            [3] => :version_firmware
            [4] => :adresse_ip
            [5] => :adresse_mac
            [6] => :id
        )

)

--------------------------------------------------------------------------------
[2026-06-01 15:20:54] Mise à jour réussie ID: 2746
--------------------------------------------------------------------------------
[2026-06-01 15:20:54] Traitement ID: 2748
--------------------------------------------------------------------------------
[2026-06-01 15:20:54] SQL
Array
(
    [sql] => UPDATE materiel SET marque = :marque, modele = :modele, numero_serie = :numero_serie, version_firmware = :version_firmware, adresse_ip = :adresse_ip, adresse_mac = :adresse_mac WHERE id = :id
    [params] => Array
        (
            [0] => :marque
            [1] => :modele
            [2] => :numero_serie
            [3] => :version_firmware
            [4] => :adresse_ip
            [5] => :adresse_mac
            [6] => :id
        )

)

--------------------------------------------------------------------------------
[2026-06-01 15:20:54] Mise à jour réussie ID: 2748
--------------------------------------------------------------------------------
[2026-06-01 15:20:54] Traitement ID: 2747
--------------------------------------------------------------------------------
[2026-06-01 15:20:54] SQL
Array
(
    [sql] => UPDATE materiel SET marque = :marque, modele = :modele, numero_serie = :numero_serie, version_firmware = :version_firmware, adresse_ip = :adresse_ip, adresse_mac = :adresse_mac WHERE id = :id
    [params] => Array
        (
            [0] => :marque
            [1] => :modele
            [2] => :numero_serie
            [3] => :version_firmware
            [4] => :adresse_ip
            [5] => :adresse_mac
            [6] => :id
        )

)

--------------------------------------------------------------------------------
[2026-06-01 15:20:54] Mise à jour réussie ID: 2747
--------------------------------------------------------------------------------
[2026-06-01 15:20:54] Traitement ID: 2752
--------------------------------------------------------------------------------
[2026-06-01 15:20:54] SQL
Array
(
    [sql] => UPDATE materiel SET marque = :marque, modele = :modele, numero_serie = :numero_serie, version_firmware = :version_firmware WHERE id = :id
    [params] => Array
        (
            [0] => :marque
            [1] => :modele
            [2] => :numero_serie
            [3] => :version_firmware
            [4] => :id
        )

)

--------------------------------------------------------------------------------
[2026-06-01 15:20:54] Mise à jour réussie ID: 2752
--------------------------------------------------------------------------------
[2026-06-01 15:20:54] Traitement ID: 2743
--------------------------------------------------------------------------------
[2026-06-01 15:20:54] SQL
Array
(
    [sql] => UPDATE materiel SET marque = :marque, modele = :modele, numero_serie = :numero_serie, version_firmware = :version_firmware, adresse_ip = :adresse_ip, adresse_mac = :adresse_mac WHERE id = :id
    [params] => Array
        (
            [0] => :marque
            [1] => :modele
            [2] => :numero_serie
            [3] => :version_firmware
            [4] => :adresse_ip
            [5] => :adresse_mac
            [6] => :id
        )

)

--------------------------------------------------------------------------------
[2026-06-01 15:20:54] Mise à jour réussie ID: 2743
--------------------------------------------------------------------------------
[2026-06-01 15:20:54] Traitement ID: 2742
--------------------------------------------------------------------------------
[2026-06-01 15:20:54] SQL
Array
(
    [sql] => UPDATE materiel SET marque = :marque, modele = :modele, numero_serie = :numero_serie, version_firmware = :version_firmware, adresse_ip = :adresse_ip, adresse_mac = :adresse_mac WHERE id = :id
    [params] => Array
        (
            [0] => :marque
            [1] => :modele
            [2] => :numero_serie
            [3] => :version_firmware
            [4] => :adresse_ip
            [5] => :adresse_mac
            [6] => :id
        )

)

--------------------------------------------------------------------------------
[2026-06-01 15:20:54] Mise à jour réussie ID: 2742
--------------------------------------------------------------------------------
[2026-06-01 15:20:54] Traitement ID: 2749
--------------------------------------------------------------------------------
[2026-06-01 15:20:54] SQL
Array
(
    [sql] => UPDATE materiel SET marque = :marque, modele = :modele, numero_serie = :numero_serie, version_firmware = :version_firmware, adresse_ip = :adresse_ip, adresse_mac = :adresse_mac, url_github = :url_github WHERE id = :id
    [params] => Array
        (
            [0] => :marque
            [1] => :modele
            [2] => :numero_serie
            [3] => :version_firmware
            [4] => :adresse_ip
            [5] => :adresse_mac
            [6] => :url_github
            [7] => :id
        )

)

--------------------------------------------------------------------------------
[2026-06-01 15:20:54] Mise à jour réussie ID: 2749
--------------------------------------------------------------------------------
[2026-06-01 15:20:54] Traitement ID: 2744
--------------------------------------------------------------------------------
[2026-06-01 15:20:54] SQL
Array
(
    [sql] => UPDATE materiel SET marque = :marque, modele = :modele, numero_serie = :numero_serie, version_firmware = :version_firmware, adresse_ip = :adresse_ip, adresse_mac = :adresse_mac WHERE id = :id
    [params] => Array
        (
            [0] => :marque
            [1] => :modele
            [2] => :numero_serie
            [3] => :version_firmware
            [4] => :adresse_ip
            [5] => :adresse_mac
            [6] => :id
        )

)

--------------------------------------------------------------------------------
[2026-06-01 15:20:54] Mise à jour réussie ID: 2744
--------------------------------------------------------------------------------
[2026-06-01 15:20:54] Réponse
Array
(
    [status] => success
    [message] => 12 ligne(s) mise(s) à jour
    [updated] => 12
    [total_rows] => 12
    [errors] => Array
        (
        )

)

--------------------------------------------------------------------------------
[2026-06-01 15:20:54] === FIN ===
--------------------------------------------------------------------------------
[2026-06-01 15:23:35] === DÉBUT ===
--------------------------------------------------------------------------------
[2026-06-01 15:23:35] Input reçu
Array
(
    [raw_length] => 7874
    [has_data] => 1
)

--------------------------------------------------------------------------------
[2026-06-01 15:23:35] Connexion BDD OK
--------------------------------------------------------------------------------
[2026-06-01 15:23:35] Traitement ID: 2736
--------------------------------------------------------------------------------
[2026-06-01 15:23:35] SQL
Array
(
    [sql] => UPDATE materiel SET marque = :marque, modele = :modele, numero_serie = :numero_serie, version_firmware = :version_firmware, adresse_ip = :adresse_ip, adresse_mac = :adresse_mac, commentaire = :commentaire WHERE id = :id
    [params] => Array
        (
            [0] => :marque
            [1] => :modele
            [2] => :numero_serie
            [3] => :version_firmware
            [4] => :adresse_ip
            [5] => :adresse_mac
            [6] => :commentaire
            [7] => :id
        )

)

--------------------------------------------------------------------------------
[2026-06-01 15:23:35] Mise à jour réussie ID: 2736
--------------------------------------------------------------------------------
[2026-06-01 15:23:35] Traitement ID: 2751
--------------------------------------------------------------------------------
[2026-06-01 15:23:35] SQL
Array
(
    [sql] => UPDATE materiel SET marque = :marque, modele = :modele, numero_serie = :numero_serie, version_firmware = :version_firmware, adresse_ip = :adresse_ip WHERE id = :id
    [params] => Array
        (
            [0] => :marque
            [1] => :modele
            [2] => :numero_serie
            [3] => :version_firmware
            [4] => :adresse_ip
            [5] => :id
        )

)

--------------------------------------------------------------------------------
[2026-06-01 15:23:35] Mise à jour réussie ID: 2751
--------------------------------------------------------------------------------
[2026-06-01 15:23:35] Traitement ID: 2750
--------------------------------------------------------------------------------
[2026-06-01 15:23:35] SQL
Array
(
    [sql] => UPDATE materiel SET marque = :marque, modele = :modele, numero_serie = :numero_serie, version_firmware = :version_firmware WHERE id = :id
    [params] => Array
        (
            [0] => :marque
            [1] => :modele
            [2] => :numero_serie
            [3] => :version_firmware
            [4] => :id
        )

)

--------------------------------------------------------------------------------
[2026-06-01 15:23:35] Mise à jour réussie ID: 2750
--------------------------------------------------------------------------------
[2026-06-01 15:23:35] Traitement ID: 2745
--------------------------------------------------------------------------------
[2026-06-01 15:23:35] SQL
Array
(
    [sql] => UPDATE materiel SET marque = :marque, modele = :modele, numero_serie = :numero_serie, version_firmware = :version_firmware, adresse_ip = :adresse_ip, adresse_mac = :adresse_mac WHERE id = :id
    [params] => Array
        (
            [0] => :marque
            [1] => :modele
            [2] => :numero_serie
            [3] => :version_firmware
            [4] => :adresse_ip
            [5] => :adresse_mac
            [6] => :id
        )

)

--------------------------------------------------------------------------------
[2026-06-01 15:23:35] Mise à jour réussie ID: 2745
--------------------------------------------------------------------------------
[2026-06-01 15:23:35] Traitement ID: 2746
--------------------------------------------------------------------------------
[2026-06-01 15:23:35] SQL
Array
(
    [sql] => UPDATE materiel SET marque = :marque, modele = :modele, numero_serie = :numero_serie, version_firmware = :version_firmware, adresse_ip = :adresse_ip, adresse_mac = :adresse_mac WHERE id = :id
    [params] => Array
        (
            [0] => :marque
            [1] => :modele
            [2] => :numero_serie
            [3] => :version_firmware
            [4] => :adresse_ip
            [5] => :adresse_mac
            [6] => :id
        )

)

--------------------------------------------------------------------------------
[2026-06-01 15:23:35] Mise à jour réussie ID: 2746
--------------------------------------------------------------------------------
[2026-06-01 15:23:35] Traitement ID: 2748
--------------------------------------------------------------------------------
[2026-06-01 15:23:35] SQL
Array
(
    [sql] => UPDATE materiel SET marque = :marque, modele = :modele, numero_serie = :numero_serie, version_firmware = :version_firmware, adresse_ip = :adresse_ip, adresse_mac = :adresse_mac WHERE id = :id
    [params] => Array
        (
            [0] => :marque
            [1] => :modele
            [2] => :numero_serie
            [3] => :version_firmware
            [4] => :adresse_ip
            [5] => :adresse_mac
            [6] => :id
        )

)

--------------------------------------------------------------------------------
[2026-06-01 15:23:35] Mise à jour réussie ID: 2748
--------------------------------------------------------------------------------
[2026-06-01 15:23:35] Traitement ID: 2747
--------------------------------------------------------------------------------
[2026-06-01 15:23:35] SQL
Array
(
    [sql] => UPDATE materiel SET marque = :marque, modele = :modele, numero_serie = :numero_serie, version_firmware = :version_firmware, adresse_ip = :adresse_ip, adresse_mac = :adresse_mac WHERE id = :id
    [params] => Array
        (
            [0] => :marque
            [1] => :modele
            [2] => :numero_serie
            [3] => :version_firmware
            [4] => :adresse_ip
            [5] => :adresse_mac
            [6] => :id
        )

)

--------------------------------------------------------------------------------
[2026-06-01 15:23:35] Mise à jour réussie ID: 2747
--------------------------------------------------------------------------------
[2026-06-01 15:23:35] Traitement ID: 2752
--------------------------------------------------------------------------------
[2026-06-01 15:23:35] SQL
Array
(
    [sql] => UPDATE materiel SET marque = :marque, modele = :modele, numero_serie = :numero_serie, version_firmware = :version_firmware WHERE id = :id
    [params] => Array
        (
            [0] => :marque
            [1] => :modele
            [2] => :numero_serie
            [3] => :version_firmware
            [4] => :id
        )

)

--------------------------------------------------------------------------------
[2026-06-01 15:23:35] Mise à jour réussie ID: 2752
--------------------------------------------------------------------------------
[2026-06-01 15:23:35] Traitement ID: 2743
--------------------------------------------------------------------------------
[2026-06-01 15:23:35] SQL
Array
(
    [sql] => UPDATE materiel SET marque = :marque, modele = :modele, numero_serie = :numero_serie, version_firmware = :version_firmware, adresse_ip = :adresse_ip, adresse_mac = :adresse_mac WHERE id = :id
    [params] => Array
        (
            [0] => :marque
            [1] => :modele
            [2] => :numero_serie
            [3] => :version_firmware
            [4] => :adresse_ip
            [5] => :adresse_mac
            [6] => :id
        )

)

--------------------------------------------------------------------------------
[2026-06-01 15:23:35] Mise à jour réussie ID: 2743
--------------------------------------------------------------------------------
[2026-06-01 15:23:35] Traitement ID: 2742
--------------------------------------------------------------------------------
[2026-06-01 15:23:35] SQL
Array
(
    [sql] => UPDATE materiel SET marque = :marque, modele = :modele, numero_serie = :numero_serie, version_firmware = :version_firmware, adresse_ip = :adresse_ip, adresse_mac = :adresse_mac WHERE id = :id
    [params] => Array
        (
            [0] => :marque
            [1] => :modele
            [2] => :numero_serie
            [3] => :version_firmware
            [4] => :adresse_ip
            [5] => :adresse_mac
            [6] => :id
        )

)

--------------------------------------------------------------------------------
[2026-06-01 15:23:35] Mise à jour réussie ID: 2742
--------------------------------------------------------------------------------
[2026-06-01 15:23:35] Traitement ID: 2749
--------------------------------------------------------------------------------
[2026-06-01 15:23:35] SQL
Array
(
    [sql] => UPDATE materiel SET marque = :marque, modele = :modele, numero_serie = :numero_serie, version_firmware = :version_firmware, adresse_ip = :adresse_ip, adresse_mac = :adresse_mac, url_github = :url_github WHERE id = :id
    [params] => Array
        (
            [0] => :marque
            [1] => :modele
            [2] => :numero_serie
            [3] => :version_firmware
            [4] => :adresse_ip
            [5] => :adresse_mac
            [6] => :url_github
            [7] => :id
        )

)

--------------------------------------------------------------------------------
[2026-06-01 15:23:35] Mise à jour réussie ID: 2749
--------------------------------------------------------------------------------
[2026-06-01 15:23:35] Traitement ID: 2744
--------------------------------------------------------------------------------
[2026-06-01 15:23:35] SQL
Array
(
    [sql] => UPDATE materiel SET marque = :marque, modele = :modele, numero_serie = :numero_serie, version_firmware = :version_firmware, adresse_ip = :adresse_ip, adresse_mac = :adresse_mac WHERE id = :id
    [params] => Array
        (
            [0] => :marque
            [1] => :modele
            [2] => :numero_serie
            [3] => :version_firmware
            [4] => :adresse_ip
            [5] => :adresse_mac
            [6] => :id
        )

)

--------------------------------------------------------------------------------
[2026-06-01 15:23:35] Mise à jour réussie ID: 2744
--------------------------------------------------------------------------------
[2026-06-01 15:23:35] Réponse
Array
(
    [status] => success
    [message] => 12 ligne(s) mise(s) à jour
    [updated] => 12
    [total_rows] => 12
    [errors] => Array
        (
        )

)

--------------------------------------------------------------------------------
[2026-06-01 15:23:35] === FIN ===
--------------------------------------------------------------------------------
[2026-06-01 15:23:58] === DÉBUT ===
--------------------------------------------------------------------------------
[2026-06-01 15:23:58] Input reçu
Array
(
    [raw_length] => 7873
    [has_data] => 1
)

--------------------------------------------------------------------------------
[2026-06-01 15:23:58] Connexion BDD OK
--------------------------------------------------------------------------------
[2026-06-01 15:23:58] Traitement ID: 2736
--------------------------------------------------------------------------------
[2026-06-01 15:23:58] SQL
Array
(
    [sql] => UPDATE materiel SET marque = :marque, modele = :modele, numero_serie = :numero_serie, version_firmware = :version_firmware, adresse_ip = :adresse_ip, adresse_mac = :adresse_mac, commentaire = :commentaire WHERE id = :id
    [params] => Array
        (
            [0] => :marque
            [1] => :modele
            [2] => :numero_serie
            [3] => :version_firmware
            [4] => :adresse_ip
            [5] => :adresse_mac
            [6] => :commentaire
            [7] => :id
        )

)

--------------------------------------------------------------------------------
[2026-06-01 15:23:58] Mise à jour réussie ID: 2736
--------------------------------------------------------------------------------
[2026-06-01 15:23:58] Traitement ID: 2751
--------------------------------------------------------------------------------
[2026-06-01 15:23:58] SQL
Array
(
    [sql] => UPDATE materiel SET marque = :marque, modele = :modele, numero_serie = :numero_serie, version_firmware = :version_firmware, adresse_ip = :adresse_ip WHERE id = :id
    [params] => Array
        (
            [0] => :marque
            [1] => :modele
            [2] => :numero_serie
            [3] => :version_firmware
            [4] => :adresse_ip
            [5] => :id
        )

)

--------------------------------------------------------------------------------
[2026-06-01 15:23:58] Mise à jour réussie ID: 2751
--------------------------------------------------------------------------------
[2026-06-01 15:23:58] Traitement ID: 2750
--------------------------------------------------------------------------------
[2026-06-01 15:23:58] SQL
Array
(
    [sql] => UPDATE materiel SET marque = :marque, modele = :modele, numero_serie = :numero_serie, version_firmware = :version_firmware, adresse_ip = :adresse_ip WHERE id = :id
    [params] => Array
        (
            [0] => :marque
            [1] => :modele
            [2] => :numero_serie
            [3] => :version_firmware
            [4] => :adresse_ip
            [5] => :id
        )

)

--------------------------------------------------------------------------------
[2026-06-01 15:23:58] Mise à jour réussie ID: 2750
--------------------------------------------------------------------------------
[2026-06-01 15:23:58] Traitement ID: 2745
--------------------------------------------------------------------------------
[2026-06-01 15:23:58] SQL
Array
(
    [sql] => UPDATE materiel SET marque = :marque, modele = :modele, numero_serie = :numero_serie, version_firmware = :version_firmware, adresse_ip = :adresse_ip, adresse_mac = :adresse_mac WHERE id = :id
    [params] => Array
        (
            [0] => :marque
            [1] => :modele
            [2] => :numero_serie
            [3] => :version_firmware
            [4] => :adresse_ip
            [5] => :adresse_mac
            [6] => :id
        )

)

--------------------------------------------------------------------------------
[2026-06-01 15:23:58] Mise à jour réussie ID: 2745
--------------------------------------------------------------------------------
[2026-06-01 15:23:58] Traitement ID: 2746
--------------------------------------------------------------------------------
[2026-06-01 15:23:58] SQL
Array
(
    [sql] => UPDATE materiel SET marque = :marque, modele = :modele, numero_serie = :numero_serie, version_firmware = :version_firmware, adresse_ip = :adresse_ip, adresse_mac = :adresse_mac WHERE id = :id
    [params] => Array
        (
            [0] => :marque
            [1] => :modele
            [2] => :numero_serie
            [3] => :version_firmware
            [4] => :adresse_ip
            [5] => :adresse_mac
            [6] => :id
        )

)

--------------------------------------------------------------------------------
[2026-06-01 15:23:58] Mise à jour réussie ID: 2746
--------------------------------------------------------------------------------
[2026-06-01 15:23:58] Traitement ID: 2748
--------------------------------------------------------------------------------
[2026-06-01 15:23:58] SQL
Array
(
    [sql] => UPDATE materiel SET marque = :marque, modele = :modele, numero_serie = :numero_serie, version_firmware = :version_firmware, adresse_ip = :adresse_ip, adresse_mac = :adresse_mac WHERE id = :id
    [params] => Array
        (
            [0] => :marque
            [1] => :modele
            [2] => :numero_serie
            [3] => :version_firmware
            [4] => :adresse_ip
            [5] => :adresse_mac
            [6] => :id
        )

)

--------------------------------------------------------------------------------
[2026-06-01 15:23:58] Mise à jour réussie ID: 2748
--------------------------------------------------------------------------------
[2026-06-01 15:23:58] Traitement ID: 2747
--------------------------------------------------------------------------------
[2026-06-01 15:23:58] SQL
Array
(
    [sql] => UPDATE materiel SET marque = :marque, modele = :modele, numero_serie = :numero_serie, version_firmware = :version_firmware, adresse_ip = :adresse_ip, adresse_mac = :adresse_mac WHERE id = :id
    [params] => Array
        (
            [0] => :marque
            [1] => :modele
            [2] => :numero_serie
            [3] => :version_firmware
            [4] => :adresse_ip
            [5] => :adresse_mac
            [6] => :id
        )

)

--------------------------------------------------------------------------------
[2026-06-01 15:23:58] Mise à jour réussie ID: 2747
--------------------------------------------------------------------------------
[2026-06-01 15:23:58] Traitement ID: 2752
--------------------------------------------------------------------------------
[2026-06-01 15:23:58] SQL
Array
(
    [sql] => UPDATE materiel SET marque = :marque, modele = :modele, numero_serie = :numero_serie, version_firmware = :version_firmware WHERE id = :id
    [params] => Array
        (
            [0] => :marque
            [1] => :modele
            [2] => :numero_serie
            [3] => :version_firmware
            [4] => :id
        )

)

--------------------------------------------------------------------------------
[2026-06-01 15:23:58] Mise à jour réussie ID: 2752
--------------------------------------------------------------------------------
[2026-06-01 15:23:58] Traitement ID: 2743
--------------------------------------------------------------------------------
[2026-06-01 15:23:58] SQL
Array
(
    [sql] => UPDATE materiel SET marque = :marque, modele = :modele, numero_serie = :numero_serie, version_firmware = :version_firmware, adresse_ip = :adresse_ip, adresse_mac = :adresse_mac WHERE id = :id
    [params] => Array
        (
            [0] => :marque
            [1] => :modele
            [2] => :numero_serie
            [3] => :version_firmware
            [4] => :adresse_ip
            [5] => :adresse_mac
            [6] => :id
        )

)

--------------------------------------------------------------------------------
[2026-06-01 15:23:58] Mise à jour réussie ID: 2743
--------------------------------------------------------------------------------
[2026-06-01 15:23:58] Traitement ID: 2742
--------------------------------------------------------------------------------
[2026-06-01 15:23:58] SQL
Array
(
    [sql] => UPDATE materiel SET marque = :marque, modele = :modele, numero_serie = :numero_serie, version_firmware = :version_firmware, adresse_ip = :adresse_ip, adresse_mac = :adresse_mac WHERE id = :id
    [params] => Array
        (
            [0] => :marque
            [1] => :modele
            [2] => :numero_serie
            [3] => :version_firmware
            [4] => :adresse_ip
            [5] => :adresse_mac
            [6] => :id
        )

)

--------------------------------------------------------------------------------
[2026-06-01 15:23:58] Mise à jour réussie ID: 2742
--------------------------------------------------------------------------------
[2026-06-01 15:23:58] Traitement ID: 2749
--------------------------------------------------------------------------------
[2026-06-01 15:23:58] SQL
Array
(
    [sql] => UPDATE materiel SET marque = :marque, modele = :modele, numero_serie = :numero_serie, version_firmware = :version_firmware, adresse_ip = :adresse_ip, adresse_mac = :adresse_mac, url_github = :url_github WHERE id = :id
    [params] => Array
        (
            [0] => :marque
            [1] => :modele
            [2] => :numero_serie
            [3] => :version_firmware
            [4] => :adresse_ip
            [5] => :adresse_mac
            [6] => :url_github
            [7] => :id
        )

)

--------------------------------------------------------------------------------
[2026-06-01 15:23:58] Mise à jour réussie ID: 2749
--------------------------------------------------------------------------------
[2026-06-01 15:23:58] Traitement ID: 2744
--------------------------------------------------------------------------------
[2026-06-01 15:23:58] SQL
Array
(
    [sql] => UPDATE materiel SET marque = :marque, modele = :modele, numero_serie = :numero_serie, version_firmware = :version_firmware, adresse_ip = :adresse_ip, adresse_mac = :adresse_mac WHERE id = :id
    [params] => Array
        (
            [0] => :marque
            [1] => :modele
            [2] => :numero_serie
            [3] => :version_firmware
            [4] => :adresse_ip
            [5] => :adresse_mac
            [6] => :id
        )

)

--------------------------------------------------------------------------------
[2026-06-01 15:23:58] Mise à jour réussie ID: 2744
--------------------------------------------------------------------------------
[2026-06-01 15:23:58] Réponse
Array
(
    [status] => success
    [message] => 12 ligne(s) mise(s) à jour
    [updated] => 12
    [total_rows] => 12
    [errors] => Array
        (
        )

)

--------------------------------------------------------------------------------
[2026-06-01 15:23:58] === FIN ===
--------------------------------------------------------------------------------
[2026-06-01 15:24:08] === DÉBUT ===
--------------------------------------------------------------------------------
[2026-06-01 15:24:08] Input reçu
Array
(
    [raw_length] => 7876
    [has_data] => 1
)

--------------------------------------------------------------------------------
[2026-06-01 15:24:08] Connexion BDD OK
--------------------------------------------------------------------------------
[2026-06-01 15:24:08] Traitement ID: 2736
--------------------------------------------------------------------------------
[2026-06-01 15:24:08] SQL
Array
(
    [sql] => UPDATE materiel SET marque = :marque, modele = :modele, numero_serie = :numero_serie, version_firmware = :version_firmware, adresse_ip = :adresse_ip, adresse_mac = :adresse_mac, commentaire = :commentaire WHERE id = :id
    [params] => Array
        (
            [0] => :marque
            [1] => :modele
            [2] => :numero_serie
            [3] => :version_firmware
            [4] => :adresse_ip
            [5] => :adresse_mac
            [6] => :commentaire
            [7] => :id
        )

)

--------------------------------------------------------------------------------
[2026-06-01 15:24:08] Mise à jour réussie ID: 2736
--------------------------------------------------------------------------------
[2026-06-01 15:24:08] Traitement ID: 2751
--------------------------------------------------------------------------------
[2026-06-01 15:24:08] SQL
Array
(
    [sql] => UPDATE materiel SET marque = :marque, modele = :modele, numero_serie = :numero_serie, version_firmware = :version_firmware, adresse_ip = :adresse_ip WHERE id = :id
    [params] => Array
        (
            [0] => :marque
            [1] => :modele
            [2] => :numero_serie
            [3] => :version_firmware
            [4] => :adresse_ip
            [5] => :id
        )

)

--------------------------------------------------------------------------------
[2026-06-01 15:24:08] Mise à jour réussie ID: 2751
--------------------------------------------------------------------------------
[2026-06-01 15:24:08] Traitement ID: 2750
--------------------------------------------------------------------------------
[2026-06-01 15:24:08] SQL
Array
(
    [sql] => UPDATE materiel SET marque = :marque, modele = :modele, numero_serie = :numero_serie, version_firmware = :version_firmware, adresse_ip = :adresse_ip WHERE id = :id
    [params] => Array
        (
            [0] => :marque
            [1] => :modele
            [2] => :numero_serie
            [3] => :version_firmware
            [4] => :adresse_ip
            [5] => :id
        )

)

--------------------------------------------------------------------------------
[2026-06-01 15:24:08] Mise à jour réussie ID: 2750
--------------------------------------------------------------------------------
[2026-06-01 15:24:08] Traitement ID: 2745
--------------------------------------------------------------------------------
[2026-06-01 15:24:08] SQL
Array
(
    [sql] => UPDATE materiel SET marque = :marque, modele = :modele, numero_serie = :numero_serie, version_firmware = :version_firmware, adresse_ip = :adresse_ip, adresse_mac = :adresse_mac WHERE id = :id
    [params] => Array
        (
            [0] => :marque
            [1] => :modele
            [2] => :numero_serie
            [3] => :version_firmware
            [4] => :adresse_ip
            [5] => :adresse_mac
            [6] => :id
        )

)

--------------------------------------------------------------------------------
[2026-06-01 15:24:08] Mise à jour réussie ID: 2745
--------------------------------------------------------------------------------
[2026-06-01 15:24:08] Traitement ID: 2746
--------------------------------------------------------------------------------
[2026-06-01 15:24:08] SQL
Array
(
    [sql] => UPDATE materiel SET marque = :marque, modele = :modele, numero_serie = :numero_serie, version_firmware = :version_firmware, adresse_ip = :adresse_ip, adresse_mac = :adresse_mac WHERE id = :id
    [params] => Array
        (
            [0] => :marque
            [1] => :modele
            [2] => :numero_serie
            [3] => :version_firmware
            [4] => :adresse_ip
            [5] => :adresse_mac
            [6] => :id
        )

)

--------------------------------------------------------------------------------
[2026-06-01 15:24:08] Mise à jour réussie ID: 2746
--------------------------------------------------------------------------------
[2026-06-01 15:24:08] Traitement ID: 2748
--------------------------------------------------------------------------------
[2026-06-01 15:24:08] SQL
Array
(
    [sql] => UPDATE materiel SET marque = :marque, modele = :modele, numero_serie = :numero_serie, version_firmware = :version_firmware, adresse_ip = :adresse_ip, adresse_mac = :adresse_mac WHERE id = :id
    [params] => Array
        (
            [0] => :marque
            [1] => :modele
            [2] => :numero_serie
            [3] => :version_firmware
            [4] => :adresse_ip
            [5] => :adresse_mac
            [6] => :id
        )

)

--------------------------------------------------------------------------------
[2026-06-01 15:24:08] Mise à jour réussie ID: 2748
--------------------------------------------------------------------------------
[2026-06-01 15:24:08] Traitement ID: 2747
--------------------------------------------------------------------------------
[2026-06-01 15:24:08] SQL
Array
(
    [sql] => UPDATE materiel SET marque = :marque, modele = :modele, numero_serie = :numero_serie, version_firmware = :version_firmware, adresse_ip = :adresse_ip, adresse_mac = :adresse_mac WHERE id = :id
    [params] => Array
        (
            [0] => :marque
            [1] => :modele
            [2] => :numero_serie
            [3] => :version_firmware
            [4] => :adresse_ip
            [5] => :adresse_mac
            [6] => :id
        )

)

--------------------------------------------------------------------------------
[2026-06-01 15:24:08] Mise à jour réussie ID: 2747
--------------------------------------------------------------------------------
[2026-06-01 15:24:08] Traitement ID: 2752
--------------------------------------------------------------------------------
[2026-06-01 15:24:08] SQL
Array
(
    [sql] => UPDATE materiel SET marque = :marque, modele = :modele, numero_serie = :numero_serie, version_firmware = :version_firmware WHERE id = :id
    [params] => Array
        (
            [0] => :marque
            [1] => :modele
            [2] => :numero_serie
            [3] => :version_firmware
            [4] => :id
        )

)

--------------------------------------------------------------------------------
[2026-06-01 15:24:08] Mise à jour réussie ID: 2752
--------------------------------------------------------------------------------
[2026-06-01 15:24:08] Traitement ID: 2743
--------------------------------------------------------------------------------
[2026-06-01 15:24:08] SQL
Array
(
    [sql] => UPDATE materiel SET marque = :marque, modele = :modele, numero_serie = :numero_serie, version_firmware = :version_firmware, adresse_ip = :adresse_ip, adresse_mac = :adresse_mac WHERE id = :id
    [params] => Array
        (
            [0] => :marque
            [1] => :modele
            [2] => :numero_serie
            [3] => :version_firmware
            [4] => :adresse_ip
            [5] => :adresse_mac
            [6] => :id
        )

)

--------------------------------------------------------------------------------
[2026-06-01 15:24:08] Mise à jour réussie ID: 2743
--------------------------------------------------------------------------------
[2026-06-01 15:24:08] Traitement ID: 2742
--------------------------------------------------------------------------------
[2026-06-01 15:24:08] SQL
Array
(
    [sql] => UPDATE materiel SET marque = :marque, modele = :modele, numero_serie = :numero_serie, version_firmware = :version_firmware, adresse_ip = :adresse_ip, adresse_mac = :adresse_mac WHERE id = :id
    [params] => Array
        (
            [0] => :marque
            [1] => :modele
            [2] => :numero_serie
            [3] => :version_firmware
            [4] => :adresse_ip
            [5] => :adresse_mac
            [6] => :id
        )

)

--------------------------------------------------------------------------------
[2026-06-01 15:24:08] Mise à jour réussie ID: 2742
--------------------------------------------------------------------------------
[2026-06-01 15:24:08] Traitement ID: 2749
--------------------------------------------------------------------------------
[2026-06-01 15:24:08] SQL
Array
(
    [sql] => UPDATE materiel SET marque = :marque, modele = :modele, numero_serie = :numero_serie, version_firmware = :version_firmware, adresse_ip = :adresse_ip, adresse_mac = :adresse_mac, url_github = :url_github WHERE id = :id
    [params] => Array
        (
            [0] => :marque
            [1] => :modele
            [2] => :numero_serie
            [3] => :version_firmware
            [4] => :adresse_ip
            [5] => :adresse_mac
            [6] => :url_github
            [7] => :id
        )

)

--------------------------------------------------------------------------------
[2026-06-01 15:24:08] Mise à jour réussie ID: 2749
--------------------------------------------------------------------------------
[2026-06-01 15:24:08] Traitement ID: 2744
--------------------------------------------------------------------------------
[2026-06-01 15:24:08] SQL
Array
(
    [sql] => UPDATE materiel SET marque = :marque, modele = :modele, numero_serie = :numero_serie, version_firmware = :version_firmware, adresse_ip = :adresse_ip, adresse_mac = :adresse_mac WHERE id = :id
    [params] => Array
        (
            [0] => :marque
            [1] => :modele
            [2] => :numero_serie
            [3] => :version_firmware
            [4] => :adresse_ip
            [5] => :adresse_mac
            [6] => :id
        )

)

--------------------------------------------------------------------------------
[2026-06-01 15:24:08] Mise à jour réussie ID: 2744
--------------------------------------------------------------------------------
[2026-06-01 15:24:08] Réponse
Array
(
    [status] => success
    [message] => 12 ligne(s) mise(s) à jour
    [updated] => 12
    [total_rows] => 12
    [errors] => Array
        (
        )

)

--------------------------------------------------------------------------------
[2026-06-01 15:24:08] === FIN ===
--------------------------------------------------------------------------------
[2026-06-01 15:24:17] === DÉBUT ===
--------------------------------------------------------------------------------
[2026-06-01 15:24:17] Input reçu
Array
(
    [raw_length] => 7874
    [has_data] => 1
)

--------------------------------------------------------------------------------
[2026-06-01 15:24:17] Connexion BDD OK
--------------------------------------------------------------------------------
[2026-06-01 15:24:17] Traitement ID: 2736
--------------------------------------------------------------------------------
[2026-06-01 15:24:17] SQL
Array
(
    [sql] => UPDATE materiel SET marque = :marque, modele = :modele, numero_serie = :numero_serie, version_firmware = :version_firmware, adresse_ip = :adresse_ip, adresse_mac = :adresse_mac, commentaire = :commentaire WHERE id = :id
    [params] => Array
        (
            [0] => :marque
            [1] => :modele
            [2] => :numero_serie
            [3] => :version_firmware
            [4] => :adresse_ip
            [5] => :adresse_mac
            [6] => :commentaire
            [7] => :id
        )

)

--------------------------------------------------------------------------------
[2026-06-01 15:24:17] Mise à jour réussie ID: 2736
--------------------------------------------------------------------------------
[2026-06-01 15:24:17] Traitement ID: 2751
--------------------------------------------------------------------------------
[2026-06-01 15:24:17] SQL
Array
(
    [sql] => UPDATE materiel SET marque = :marque, modele = :modele, numero_serie = :numero_serie, version_firmware = :version_firmware, adresse_ip = :adresse_ip WHERE id = :id
    [params] => Array
        (
            [0] => :marque
            [1] => :modele
            [2] => :numero_serie
            [3] => :version_firmware
            [4] => :adresse_ip
            [5] => :id
        )

)

--------------------------------------------------------------------------------
[2026-06-01 15:24:17] Mise à jour réussie ID: 2751
--------------------------------------------------------------------------------
[2026-06-01 15:24:17] Traitement ID: 2750
--------------------------------------------------------------------------------
[2026-06-01 15:24:17] SQL
Array
(
    [sql] => UPDATE materiel SET marque = :marque, modele = :modele, numero_serie = :numero_serie, version_firmware = :version_firmware, adresse_ip = :adresse_ip WHERE id = :id
    [params] => Array
        (
            [0] => :marque
            [1] => :modele
            [2] => :numero_serie
            [3] => :version_firmware
            [4] => :adresse_ip
            [5] => :id
        )

)

--------------------------------------------------------------------------------
[2026-06-01 15:24:17] Mise à jour réussie ID: 2750
--------------------------------------------------------------------------------
[2026-06-01 15:24:17] Traitement ID: 2745
--------------------------------------------------------------------------------
[2026-06-01 15:24:17] SQL
Array
(
    [sql] => UPDATE materiel SET marque = :marque, modele = :modele, numero_serie = :numero_serie, version_firmware = :version_firmware, adresse_ip = :adresse_ip, adresse_mac = :adresse_mac WHERE id = :id
    [params] => Array
        (
            [0] => :marque
            [1] => :modele
            [2] => :numero_serie
            [3] => :version_firmware
            [4] => :adresse_ip
            [5] => :adresse_mac
            [6] => :id
        )

)

--------------------------------------------------------------------------------
[2026-06-01 15:24:17] Mise à jour réussie ID: 2745
--------------------------------------------------------------------------------
[2026-06-01 15:24:17] Traitement ID: 2746
--------------------------------------------------------------------------------
[2026-06-01 15:24:17] SQL
Array
(
    [sql] => UPDATE materiel SET marque = :marque, modele = :modele, numero_serie = :numero_serie, version_firmware = :version_firmware, adresse_ip = :adresse_ip, adresse_mac = :adresse_mac WHERE id = :id
    [params] => Array
        (
            [0] => :marque
            [1] => :modele
            [2] => :numero_serie
            [3] => :version_firmware
            [4] => :adresse_ip
            [5] => :adresse_mac
            [6] => :id
        )

)

--------------------------------------------------------------------------------
[2026-06-01 15:24:17] Mise à jour réussie ID: 2746
--------------------------------------------------------------------------------
[2026-06-01 15:24:17] Traitement ID: 2748
--------------------------------------------------------------------------------
[2026-06-01 15:24:17] SQL
Array
(
    [sql] => UPDATE materiel SET marque = :marque, modele = :modele, numero_serie = :numero_serie, version_firmware = :version_firmware, adresse_ip = :adresse_ip, adresse_mac = :adresse_mac WHERE id = :id
    [params] => Array
        (
            [0] => :marque
            [1] => :modele
            [2] => :numero_serie
            [3] => :version_firmware
            [4] => :adresse_ip
            [5] => :adresse_mac
            [6] => :id
        )

)

--------------------------------------------------------------------------------
[2026-06-01 15:24:17] Mise à jour réussie ID: 2748
--------------------------------------------------------------------------------
[2026-06-01 15:24:17] Traitement ID: 2747
--------------------------------------------------------------------------------
[2026-06-01 15:24:17] SQL
Array
(
    [sql] => UPDATE materiel SET marque = :marque, modele = :modele, numero_serie = :numero_serie, version_firmware = :version_firmware, adresse_ip = :adresse_ip, adresse_mac = :adresse_mac WHERE id = :id
    [params] => Array
        (
            [0] => :marque
            [1] => :modele
            [2] => :numero_serie
            [3] => :version_firmware
            [4] => :adresse_ip
            [5] => :adresse_mac
            [6] => :id
        )

)

--------------------------------------------------------------------------------
[2026-06-01 15:24:17] Mise à jour réussie ID: 2747
--------------------------------------------------------------------------------
[2026-06-01 15:24:17] Traitement ID: 2752
--------------------------------------------------------------------------------
[2026-06-01 15:24:17] SQL
Array
(
    [sql] => UPDATE materiel SET marque = :marque, modele = :modele, numero_serie = :numero_serie, version_firmware = :version_firmware WHERE id = :id
    [params] => Array
        (
            [0] => :marque
            [1] => :modele
            [2] => :numero_serie
            [3] => :version_firmware
            [4] => :id
        )

)

--------------------------------------------------------------------------------
[2026-06-01 15:24:17] Mise à jour réussie ID: 2752
--------------------------------------------------------------------------------
[2026-06-01 15:24:17] Traitement ID: 2743
--------------------------------------------------------------------------------
[2026-06-01 15:24:17] SQL
Array
(
    [sql] => UPDATE materiel SET marque = :marque, modele = :modele, numero_serie = :numero_serie, version_firmware = :version_firmware, adresse_ip = :adresse_ip, adresse_mac = :adresse_mac WHERE id = :id
    [params] => Array
        (
            [0] => :marque
            [1] => :modele
            [2] => :numero_serie
            [3] => :version_firmware
            [4] => :adresse_ip
            [5] => :adresse_mac
            [6] => :id
        )

)

--------------------------------------------------------------------------------
[2026-06-01 15:24:17] Mise à jour réussie ID: 2743
--------------------------------------------------------------------------------
[2026-06-01 15:24:17] Traitement ID: 2742
--------------------------------------------------------------------------------
[2026-06-01 15:24:17] SQL
Array
(
    [sql] => UPDATE materiel SET marque = :marque, modele = :modele, numero_serie = :numero_serie, version_firmware = :version_firmware, adresse_ip = :adresse_ip, adresse_mac = :adresse_mac WHERE id = :id
    [params] => Array
        (
            [0] => :marque
            [1] => :modele
            [2] => :numero_serie
            [3] => :version_firmware
            [4] => :adresse_ip
            [5] => :adresse_mac
            [6] => :id
        )

)

--------------------------------------------------------------------------------
[2026-06-01 15:24:17] Mise à jour réussie ID: 2742
--------------------------------------------------------------------------------
[2026-06-01 15:24:17] Traitement ID: 2749
--------------------------------------------------------------------------------
[2026-06-01 15:24:17] SQL
Array
(
    [sql] => UPDATE materiel SET marque = :marque, modele = :modele, numero_serie = :numero_serie, version_firmware = :version_firmware, adresse_ip = :adresse_ip, adresse_mac = :adresse_mac, url_github = :url_github WHERE id = :id
    [params] => Array
        (
            [0] => :marque
            [1] => :modele
            [2] => :numero_serie
            [3] => :version_firmware
            [4] => :adresse_ip
            [5] => :adresse_mac
            [6] => :url_github
            [7] => :id
        )

)

--------------------------------------------------------------------------------
[2026-06-01 15:24:17] Mise à jour réussie ID: 2749
--------------------------------------------------------------------------------
[2026-06-01 15:24:17] Traitement ID: 2744
--------------------------------------------------------------------------------
[2026-06-01 15:24:17] SQL
Array
(
    [sql] => UPDATE materiel SET marque = :marque, modele = :modele, numero_serie = :numero_serie, version_firmware = :version_firmware, adresse_ip = :adresse_ip, adresse_mac = :adresse_mac WHERE id = :id
    [params] => Array
        (
            [0] => :marque
            [1] => :modele
            [2] => :numero_serie
            [3] => :version_firmware
            [4] => :adresse_ip
            [5] => :adresse_mac
            [6] => :id
        )

)

--------------------------------------------------------------------------------
[2026-06-01 15:24:17] Mise à jour réussie ID: 2744
--------------------------------------------------------------------------------
[2026-06-01 15:24:17] Réponse
Array
(
    [status] => success
    [message] => 12 ligne(s) mise(s) à jour
    [updated] => 12
    [total_rows] => 12
    [errors] => Array
        (
        )

)

--------------------------------------------------------------------------------
[2026-06-01 15:24:17] === FIN ===
--------------------------------------------------------------------------------
[2026-06-01 15:25:32] === DÉBUT ===
--------------------------------------------------------------------------------
[2026-06-01 15:25:32] Input reçu
Array
(
    [raw_length] => 7941
    [has_data] => 1
)

--------------------------------------------------------------------------------
[2026-06-01 15:25:32] Connexion BDD OK
--------------------------------------------------------------------------------
[2026-06-01 15:25:32] Traitement ID: 2736
--------------------------------------------------------------------------------
[2026-06-01 15:25:32] SQL
Array
(
    [sql] => UPDATE materiel SET marque = :marque, modele = :modele, numero_serie = :numero_serie, version_firmware = :version_firmware, adresse_ip = :adresse_ip, adresse_mac = :adresse_mac, commentaire = :commentaire WHERE id = :id
    [params] => Array
        (
            [0] => :marque
            [1] => :modele
            [2] => :numero_serie
            [3] => :version_firmware
            [4] => :adresse_ip
            [5] => :adresse_mac
            [6] => :commentaire
            [7] => :id
        )

)

--------------------------------------------------------------------------------
[2026-06-01 15:25:32] Mise à jour réussie ID: 2736
--------------------------------------------------------------------------------
[2026-06-01 15:25:32] Traitement ID: 2751
--------------------------------------------------------------------------------
[2026-06-01 15:25:32] SQL
Array
(
    [sql] => UPDATE materiel SET marque = :marque, modele = :modele, type_materiel = :type_materiel, numero_serie = :numero_serie, version_firmware = :version_firmware, adresse_ip = :adresse_ip WHERE id = :id
    [params] => Array
        (
            [0] => :marque
            [1] => :modele
            [2] => :type_materiel
            [3] => :numero_serie
            [4] => :version_firmware
            [5] => :adresse_ip
            [6] => :id
        )

)

--------------------------------------------------------------------------------
[2026-06-01 15:25:32] Mise à jour réussie ID: 2751
--------------------------------------------------------------------------------
[2026-06-01 15:25:32] Traitement ID: 2750
--------------------------------------------------------------------------------
[2026-06-01 15:25:32] SQL
Array
(
    [sql] => UPDATE materiel SET marque = :marque, modele = :modele, type_materiel = :type_materiel, numero_serie = :numero_serie, version_firmware = :version_firmware, adresse_ip = :adresse_ip WHERE id = :id
    [params] => Array
        (
            [0] => :marque
            [1] => :modele
            [2] => :type_materiel
            [3] => :numero_serie
            [4] => :version_firmware
            [5] => :adresse_ip
            [6] => :id
        )

)

--------------------------------------------------------------------------------
[2026-06-01 15:25:32] Mise à jour réussie ID: 2750
--------------------------------------------------------------------------------
[2026-06-01 15:25:32] Traitement ID: 2745
--------------------------------------------------------------------------------
[2026-06-01 15:25:32] SQL
Array
(
    [sql] => UPDATE materiel SET marque = :marque, modele = :modele, numero_serie = :numero_serie, version_firmware = :version_firmware, adresse_ip = :adresse_ip, adresse_mac = :adresse_mac WHERE id = :id
    [params] => Array
        (
            [0] => :marque
            [1] => :modele
            [2] => :numero_serie
            [3] => :version_firmware
            [4] => :adresse_ip
            [5] => :adresse_mac
            [6] => :id
        )

)

--------------------------------------------------------------------------------
[2026-06-01 15:25:32] Mise à jour réussie ID: 2745
--------------------------------------------------------------------------------
[2026-06-01 15:25:32] Traitement ID: 2746
--------------------------------------------------------------------------------
[2026-06-01 15:25:32] SQL
Array
(
    [sql] => UPDATE materiel SET marque = :marque, modele = :modele, numero_serie = :numero_serie, version_firmware = :version_firmware, adresse_ip = :adresse_ip, adresse_mac = :adresse_mac WHERE id = :id
    [params] => Array
        (
            [0] => :marque
            [1] => :modele
            [2] => :numero_serie
            [3] => :version_firmware
            [4] => :adresse_ip
            [5] => :adresse_mac
            [6] => :id
        )

)

--------------------------------------------------------------------------------
[2026-06-01 15:25:32] Mise à jour réussie ID: 2746
--------------------------------------------------------------------------------
[2026-06-01 15:25:32] Traitement ID: 2748
--------------------------------------------------------------------------------
[2026-06-01 15:25:32] SQL
Array
(
    [sql] => UPDATE materiel SET marque = :marque, modele = :modele, numero_serie = :numero_serie, version_firmware = :version_firmware, adresse_ip = :adresse_ip, adresse_mac = :adresse_mac WHERE id = :id
    [params] => Array
        (
            [0] => :marque
            [1] => :modele
            [2] => :numero_serie
            [3] => :version_firmware
            [4] => :adresse_ip
            [5] => :adresse_mac
            [6] => :id
        )

)

--------------------------------------------------------------------------------
[2026-06-01 15:25:32] Mise à jour réussie ID: 2748
--------------------------------------------------------------------------------
[2026-06-01 15:25:32] Traitement ID: 2747
--------------------------------------------------------------------------------
[2026-06-01 15:25:32] SQL
Array
(
    [sql] => UPDATE materiel SET marque = :marque, modele = :modele, numero_serie = :numero_serie, version_firmware = :version_firmware, adresse_ip = :adresse_ip, adresse_mac = :adresse_mac WHERE id = :id
    [params] => Array
        (
            [0] => :marque
            [1] => :modele
            [2] => :numero_serie
            [3] => :version_firmware
            [4] => :adresse_ip
            [5] => :adresse_mac
            [6] => :id
        )

)

--------------------------------------------------------------------------------
[2026-06-01 15:25:32] Mise à jour réussie ID: 2747
--------------------------------------------------------------------------------
[2026-06-01 15:25:32] Traitement ID: 2752
--------------------------------------------------------------------------------
[2026-06-01 15:25:32] SQL
Array
(
    [sql] => UPDATE materiel SET marque = :marque, modele = :modele, numero_serie = :numero_serie, version_firmware = :version_firmware WHERE id = :id
    [params] => Array
        (
            [0] => :marque
            [1] => :modele
            [2] => :numero_serie
            [3] => :version_firmware
            [4] => :id
        )

)

--------------------------------------------------------------------------------
[2026-06-01 15:25:32] Mise à jour réussie ID: 2752
--------------------------------------------------------------------------------
[2026-06-01 15:25:32] Traitement ID: 2743
--------------------------------------------------------------------------------
[2026-06-01 15:25:32] SQL
Array
(
    [sql] => UPDATE materiel SET marque = :marque, modele = :modele, numero_serie = :numero_serie, version_firmware = :version_firmware, adresse_ip = :adresse_ip, adresse_mac = :adresse_mac WHERE id = :id
    [params] => Array
        (
            [0] => :marque
            [1] => :modele
            [2] => :numero_serie
            [3] => :version_firmware
            [4] => :adresse_ip
            [5] => :adresse_mac
            [6] => :id
        )

)

--------------------------------------------------------------------------------
[2026-06-01 15:25:32] Mise à jour réussie ID: 2743
--------------------------------------------------------------------------------
[2026-06-01 15:25:32] Traitement ID: 2742
--------------------------------------------------------------------------------
[2026-06-01 15:25:32] SQL
Array
(
    [sql] => UPDATE materiel SET marque = :marque, modele = :modele, numero_serie = :numero_serie, version_firmware = :version_firmware, adresse_ip = :adresse_ip, adresse_mac = :adresse_mac WHERE id = :id
    [params] => Array
        (
            [0] => :marque
            [1] => :modele
            [2] => :numero_serie
            [3] => :version_firmware
            [4] => :adresse_ip
            [5] => :adresse_mac
            [6] => :id
        )

)

--------------------------------------------------------------------------------
[2026-06-01 15:25:32] Mise à jour réussie ID: 2742
--------------------------------------------------------------------------------
[2026-06-01 15:25:32] Traitement ID: 2749
--------------------------------------------------------------------------------
[2026-06-01 15:25:32] SQL
Array
(
    [sql] => UPDATE materiel SET marque = :marque, modele = :modele, numero_serie = :numero_serie, version_firmware = :version_firmware, adresse_ip = :adresse_ip, adresse_mac = :adresse_mac, url_github = :url_github WHERE id = :id
    [params] => Array
        (
            [0] => :marque
            [1] => :modele
            [2] => :numero_serie
            [3] => :version_firmware
            [4] => :adresse_ip
            [5] => :adresse_mac
            [6] => :url_github
            [7] => :id
        )

)

--------------------------------------------------------------------------------
[2026-06-01 15:25:32] Mise à jour réussie ID: 2749
--------------------------------------------------------------------------------
[2026-06-01 15:25:32] Traitement ID: 2744
--------------------------------------------------------------------------------
[2026-06-01 15:25:32] SQL
Array
(
    [sql] => UPDATE materiel SET marque = :marque, modele = :modele, numero_serie = :numero_serie, version_firmware = :version_firmware, adresse_ip = :adresse_ip, adresse_mac = :adresse_mac WHERE id = :id
    [params] => Array
        (
            [0] => :marque
            [1] => :modele
            [2] => :numero_serie
            [3] => :version_firmware
            [4] => :adresse_ip
            [5] => :adresse_mac
            [6] => :id
        )

)

--------------------------------------------------------------------------------
[2026-06-01 15:25:32] Mise à jour réussie ID: 2744
--------------------------------------------------------------------------------
[2026-06-01 15:25:32] Réponse
Array
(
    [status] => success
    [message] => 12 ligne(s) mise(s) à jour
    [updated] => 12
    [total_rows] => 12
    [errors] => Array
        (
        )

)

--------------------------------------------------------------------------------
[2026-06-01 15:25:32] === FIN ===
--------------------------------------------------------------------------------
[2026-06-01 15:28:32] === DÉBUT ===
--------------------------------------------------------------------------------
[2026-06-01 15:28:32] Input reçu
Array
(
    [raw_length] => 7960
    [has_data] => 1
)

--------------------------------------------------------------------------------
[2026-06-01 15:28:32] Connexion BDD OK
--------------------------------------------------------------------------------
[2026-06-01 15:28:32] Traitement ID: 2736
--------------------------------------------------------------------------------
[2026-06-01 15:28:32] SQL
Array
(
    [sql] => UPDATE materiel SET marque = :marque, modele = :modele, numero_serie = :numero_serie, version_firmware = :version_firmware, adresse_ip = :adresse_ip, adresse_mac = :adresse_mac, commentaire = :commentaire WHERE id = :id
    [params] => Array
        (
            [0] => :marque
            [1] => :modele
            [2] => :numero_serie
            [3] => :version_firmware
            [4] => :adresse_ip
            [5] => :adresse_mac
            [6] => :commentaire
            [7] => :id
        )

)

--------------------------------------------------------------------------------
[2026-06-01 15:28:32] Mise à jour réussie ID: 2736
--------------------------------------------------------------------------------
[2026-06-01 15:28:32] Traitement ID: 2751
--------------------------------------------------------------------------------
[2026-06-01 15:28:32] SQL
Array
(
    [sql] => UPDATE materiel SET marque = :marque, modele = :modele, type_materiel = :type_materiel, numero_serie = :numero_serie, version_firmware = :version_firmware, adresse_ip = :adresse_ip WHERE id = :id
    [params] => Array
        (
            [0] => :marque
            [1] => :modele
            [2] => :type_materiel
            [3] => :numero_serie
            [4] => :version_firmware
            [5] => :adresse_ip
            [6] => :id
        )

)

--------------------------------------------------------------------------------
[2026-06-01 15:28:32] Mise à jour réussie ID: 2751
--------------------------------------------------------------------------------
[2026-06-01 15:28:32] Traitement ID: 2750
--------------------------------------------------------------------------------
[2026-06-01 15:28:32] SQL
Array
(
    [sql] => UPDATE materiel SET marque = :marque, modele = :modele, type_materiel = :type_materiel, numero_serie = :numero_serie, version_firmware = :version_firmware, adresse_ip = :adresse_ip WHERE id = :id
    [params] => Array
        (
            [0] => :marque
            [1] => :modele
            [2] => :type_materiel
            [3] => :numero_serie
            [4] => :version_firmware
            [5] => :adresse_ip
            [6] => :id
        )

)

--------------------------------------------------------------------------------
[2026-06-01 15:28:32] Mise à jour réussie ID: 2750
--------------------------------------------------------------------------------
[2026-06-01 15:28:32] Traitement ID: 2745
--------------------------------------------------------------------------------
[2026-06-01 15:28:32] SQL
Array
(
    [sql] => UPDATE materiel SET marque = :marque, modele = :modele, type_materiel = :type_materiel, numero_serie = :numero_serie, version_firmware = :version_firmware, adresse_ip = :adresse_ip, adresse_mac = :adresse_mac WHERE id = :id
    [params] => Array
        (
            [0] => :marque
            [1] => :modele
            [2] => :type_materiel
            [3] => :numero_serie
            [4] => :version_firmware
            [5] => :adresse_ip
            [6] => :adresse_mac
            [7] => :id
        )

)

--------------------------------------------------------------------------------
[2026-06-01 15:28:32] Mise à jour réussie ID: 2745
--------------------------------------------------------------------------------
[2026-06-01 15:28:32] Traitement ID: 2746
--------------------------------------------------------------------------------
[2026-06-01 15:28:32] SQL
Array
(
    [sql] => UPDATE materiel SET marque = :marque, modele = :modele, numero_serie = :numero_serie, version_firmware = :version_firmware, adresse_ip = :adresse_ip, adresse_mac = :adresse_mac WHERE id = :id
    [params] => Array
        (
            [0] => :marque
            [1] => :modele
            [2] => :numero_serie
            [3] => :version_firmware
            [4] => :adresse_ip
            [5] => :adresse_mac
            [6] => :id
        )

)

--------------------------------------------------------------------------------
[2026-06-01 15:28:32] Mise à jour réussie ID: 2746
--------------------------------------------------------------------------------
[2026-06-01 15:28:32] Traitement ID: 2748
--------------------------------------------------------------------------------
[2026-06-01 15:28:32] SQL
Array
(
    [sql] => UPDATE materiel SET marque = :marque, modele = :modele, numero_serie = :numero_serie, version_firmware = :version_firmware, adresse_ip = :adresse_ip, adresse_mac = :adresse_mac WHERE id = :id
    [params] => Array
        (
            [0] => :marque
            [1] => :modele
            [2] => :numero_serie
            [3] => :version_firmware
            [4] => :adresse_ip
            [5] => :adresse_mac
            [6] => :id
        )

)

--------------------------------------------------------------------------------
[2026-06-01 15:28:32] Mise à jour réussie ID: 2748
--------------------------------------------------------------------------------
[2026-06-01 15:28:32] Traitement ID: 2747
--------------------------------------------------------------------------------
[2026-06-01 15:28:32] SQL
Array
(
    [sql] => UPDATE materiel SET marque = :marque, modele = :modele, numero_serie = :numero_serie, version_firmware = :version_firmware, adresse_ip = :adresse_ip, adresse_mac = :adresse_mac WHERE id = :id
    [params] => Array
        (
            [0] => :marque
            [1] => :modele
            [2] => :numero_serie
            [3] => :version_firmware
            [4] => :adresse_ip
            [5] => :adresse_mac
            [6] => :id
        )

)

--------------------------------------------------------------------------------
[2026-06-01 15:28:32] Mise à jour réussie ID: 2747
--------------------------------------------------------------------------------
[2026-06-01 15:28:32] Traitement ID: 2752
--------------------------------------------------------------------------------
[2026-06-01 15:28:32] SQL
Array
(
    [sql] => UPDATE materiel SET marque = :marque, modele = :modele, numero_serie = :numero_serie, version_firmware = :version_firmware WHERE id = :id
    [params] => Array
        (
            [0] => :marque
            [1] => :modele
            [2] => :numero_serie
            [3] => :version_firmware
            [4] => :id
        )

)

--------------------------------------------------------------------------------
[2026-06-01 15:28:32] Mise à jour réussie ID: 2752
--------------------------------------------------------------------------------
[2026-06-01 15:28:32] Traitement ID: 2743
--------------------------------------------------------------------------------
[2026-06-01 15:28:32] SQL
Array
(
    [sql] => UPDATE materiel SET marque = :marque, modele = :modele, type_materiel = :type_materiel, numero_serie = :numero_serie, version_firmware = :version_firmware, adresse_ip = :adresse_ip, adresse_mac = :adresse_mac WHERE id = :id
    [params] => Array
        (
            [0] => :marque
            [1] => :modele
            [2] => :type_materiel
            [3] => :numero_serie
            [4] => :version_firmware
            [5] => :adresse_ip
            [6] => :adresse_mac
            [7] => :id
        )

)

--------------------------------------------------------------------------------
[2026-06-01 15:28:32] Mise à jour réussie ID: 2743
--------------------------------------------------------------------------------
[2026-06-01 15:28:32] Traitement ID: 2742
--------------------------------------------------------------------------------
[2026-06-01 15:28:32] SQL
Array
(
    [sql] => UPDATE materiel SET marque = :marque, modele = :modele, numero_serie = :numero_serie, version_firmware = :version_firmware, adresse_ip = :adresse_ip, adresse_mac = :adresse_mac WHERE id = :id
    [params] => Array
        (
            [0] => :marque
            [1] => :modele
            [2] => :numero_serie
            [3] => :version_firmware
            [4] => :adresse_ip
            [5] => :adresse_mac
            [6] => :id
        )

)

--------------------------------------------------------------------------------
[2026-06-01 15:28:32] Mise à jour réussie ID: 2742
--------------------------------------------------------------------------------
[2026-06-01 15:28:32] Traitement ID: 2749
--------------------------------------------------------------------------------
[2026-06-01 15:28:32] SQL
Array
(
    [sql] => UPDATE materiel SET marque = :marque, modele = :modele, numero_serie = :numero_serie, version_firmware = :version_firmware, adresse_ip = :adresse_ip, adresse_mac = :adresse_mac, url_github = :url_github WHERE id = :id
    [params] => Array
        (
            [0] => :marque
            [1] => :modele
            [2] => :numero_serie
            [3] => :version_firmware
            [4] => :adresse_ip
            [5] => :adresse_mac
            [6] => :url_github
            [7] => :id
        )

)

--------------------------------------------------------------------------------
[2026-06-01 15:28:32] Mise à jour réussie ID: 2749
--------------------------------------------------------------------------------
[2026-06-01 15:28:32] Traitement ID: 2744
--------------------------------------------------------------------------------
[2026-06-01 15:28:32] SQL
Array
(
    [sql] => UPDATE materiel SET marque = :marque, modele = :modele, numero_serie = :numero_serie, version_firmware = :version_firmware, adresse_ip = :adresse_ip, adresse_mac = :adresse_mac WHERE id = :id
    [params] => Array
        (
            [0] => :marque
            [1] => :modele
            [2] => :numero_serie
            [3] => :version_firmware
            [4] => :adresse_ip
            [5] => :adresse_mac
            [6] => :id
        )

)

--------------------------------------------------------------------------------
[2026-06-01 15:28:32] Mise à jour réussie ID: 2744
--------------------------------------------------------------------------------
[2026-06-01 15:28:32] Réponse
Array
(
    [status] => success
    [message] => 12 ligne(s) mise(s) à jour
    [updated] => 12
    [total_rows] => 12
    [errors] => Array
        (
        )

)

--------------------------------------------------------------------------------
[2026-06-01 15:28:32] === FIN ===
--------------------------------------------------------------------------------
[2026-06-01 15:40:11] === DÉBUT ===
--------------------------------------------------------------------------------
[2026-06-01 15:40:11] Input reçu
Array
(
    [raw_length] => 7966
    [has_data] => 1
)

--------------------------------------------------------------------------------
[2026-06-01 15:40:11] Connexion BDD OK
--------------------------------------------------------------------------------
[2026-06-01 15:40:11] Traitement ID: 2736
--------------------------------------------------------------------------------
[2026-06-01 15:40:11] SQL
Array
(
    [sql] => UPDATE materiel SET marque = :marque, modele = :modele, numero_serie = :numero_serie, version_firmware = :version_firmware, adresse_ip = :adresse_ip, adresse_mac = :adresse_mac, commentaire = :commentaire WHERE id = :id
    [params] => Array
        (
            [0] => :marque
            [1] => :modele
            [2] => :numero_serie
            [3] => :version_firmware
            [4] => :adresse_ip
            [5] => :adresse_mac
            [6] => :commentaire
            [7] => :id
        )

)

--------------------------------------------------------------------------------
[2026-06-01 15:40:11] Mise à jour réussie ID: 2736
--------------------------------------------------------------------------------
[2026-06-01 15:40:11] Traitement ID: 2751
--------------------------------------------------------------------------------
[2026-06-01 15:40:11] SQL
Array
(
    [sql] => UPDATE materiel SET marque = :marque, modele = :modele, type_materiel = :type_materiel, numero_serie = :numero_serie, version_firmware = :version_firmware, adresse_ip = :adresse_ip, adresse_mac = :adresse_mac WHERE id = :id
    [params] => Array
        (
            [0] => :marque
            [1] => :modele
            [2] => :type_materiel
            [3] => :numero_serie
            [4] => :version_firmware
            [5] => :adresse_ip
            [6] => :adresse_mac
            [7] => :id
        )

)

--------------------------------------------------------------------------------
[2026-06-01 15:40:11] Mise à jour réussie ID: 2751
--------------------------------------------------------------------------------
[2026-06-01 15:40:11] Traitement ID: 2750
--------------------------------------------------------------------------------
[2026-06-01 15:40:11] SQL
Array
(
    [sql] => UPDATE materiel SET marque = :marque, modele = :modele, type_materiel = :type_materiel, numero_serie = :numero_serie, version_firmware = :version_firmware, adresse_ip = :adresse_ip WHERE id = :id
    [params] => Array
        (
            [0] => :marque
            [1] => :modele
            [2] => :type_materiel
            [3] => :numero_serie
            [4] => :version_firmware
            [5] => :adresse_ip
            [6] => :id
        )

)

--------------------------------------------------------------------------------
[2026-06-01 15:40:11] Mise à jour réussie ID: 2750
--------------------------------------------------------------------------------
[2026-06-01 15:40:11] Traitement ID: 2745
--------------------------------------------------------------------------------
[2026-06-01 15:40:11] SQL
Array
(
    [sql] => UPDATE materiel SET marque = :marque, modele = :modele, type_materiel = :type_materiel, numero_serie = :numero_serie, version_firmware = :version_firmware, adresse_ip = :adresse_ip, adresse_mac = :adresse_mac WHERE id = :id
    [params] => Array
        (
            [0] => :marque
            [1] => :modele
            [2] => :type_materiel
            [3] => :numero_serie
            [4] => :version_firmware
            [5] => :adresse_ip
            [6] => :adresse_mac
            [7] => :id
        )

)

--------------------------------------------------------------------------------
[2026-06-01 15:40:11] Mise à jour réussie ID: 2745
--------------------------------------------------------------------------------
[2026-06-01 15:40:11] Traitement ID: 2746
--------------------------------------------------------------------------------
[2026-06-01 15:40:11] SQL
Array
(
    [sql] => UPDATE materiel SET marque = :marque, modele = :modele, numero_serie = :numero_serie, version_firmware = :version_firmware, adresse_ip = :adresse_ip, adresse_mac = :adresse_mac WHERE id = :id
    [params] => Array
        (
            [0] => :marque
            [1] => :modele
            [2] => :numero_serie
            [3] => :version_firmware
            [4] => :adresse_ip
            [5] => :adresse_mac
            [6] => :id
        )

)

--------------------------------------------------------------------------------
[2026-06-01 15:40:11] Mise à jour réussie ID: 2746
--------------------------------------------------------------------------------
[2026-06-01 15:40:11] Traitement ID: 2748
--------------------------------------------------------------------------------
[2026-06-01 15:40:11] SQL
Array
(
    [sql] => UPDATE materiel SET marque = :marque, modele = :modele, numero_serie = :numero_serie, version_firmware = :version_firmware, adresse_ip = :adresse_ip, adresse_mac = :adresse_mac WHERE id = :id
    [params] => Array
        (
            [0] => :marque
            [1] => :modele
            [2] => :numero_serie
            [3] => :version_firmware
            [4] => :adresse_ip
            [5] => :adresse_mac
            [6] => :id
        )

)

--------------------------------------------------------------------------------
[2026-06-01 15:40:11] Mise à jour réussie ID: 2748
--------------------------------------------------------------------------------
[2026-06-01 15:40:11] Traitement ID: 2747
--------------------------------------------------------------------------------
[2026-06-01 15:40:11] SQL
Array
(
    [sql] => UPDATE materiel SET marque = :marque, modele = :modele, numero_serie = :numero_serie, version_firmware = :version_firmware, adresse_ip = :adresse_ip, adresse_mac = :adresse_mac WHERE id = :id
    [params] => Array
        (
            [0] => :marque
            [1] => :modele
            [2] => :numero_serie
            [3] => :version_firmware
            [4] => :adresse_ip
            [5] => :adresse_mac
            [6] => :id
        )

)

--------------------------------------------------------------------------------
[2026-06-01 15:40:11] Mise à jour réussie ID: 2747
--------------------------------------------------------------------------------
[2026-06-01 15:40:11] Traitement ID: 2752
--------------------------------------------------------------------------------
[2026-06-01 15:40:11] SQL
Array
(
    [sql] => UPDATE materiel SET marque = :marque, modele = :modele, numero_serie = :numero_serie, version_firmware = :version_firmware WHERE id = :id
    [params] => Array
        (
            [0] => :marque
            [1] => :modele
            [2] => :numero_serie
            [3] => :version_firmware
            [4] => :id
        )

)

--------------------------------------------------------------------------------
[2026-06-01 15:40:11] Mise à jour réussie ID: 2752
--------------------------------------------------------------------------------
[2026-06-01 15:40:11] Traitement ID: 2743
--------------------------------------------------------------------------------
[2026-06-01 15:40:11] SQL
Array
(
    [sql] => UPDATE materiel SET marque = :marque, modele = :modele, type_materiel = :type_materiel, numero_serie = :numero_serie, version_firmware = :version_firmware, adresse_ip = :adresse_ip, adresse_mac = :adresse_mac WHERE id = :id
    [params] => Array
        (
            [0] => :marque
            [1] => :modele
            [2] => :type_materiel
            [3] => :numero_serie
            [4] => :version_firmware
            [5] => :adresse_ip
            [6] => :adresse_mac
            [7] => :id
        )

)

--------------------------------------------------------------------------------
[2026-06-01 15:40:11] Mise à jour réussie ID: 2743
--------------------------------------------------------------------------------
[2026-06-01 15:40:11] Traitement ID: 2742
--------------------------------------------------------------------------------
[2026-06-01 15:40:11] SQL
Array
(
    [sql] => UPDATE materiel SET marque = :marque, modele = :modele, numero_serie = :numero_serie, version_firmware = :version_firmware, adresse_ip = :adresse_ip, adresse_mac = :adresse_mac WHERE id = :id
    [params] => Array
        (
            [0] => :marque
            [1] => :modele
            [2] => :numero_serie
            [3] => :version_firmware
            [4] => :adresse_ip
            [5] => :adresse_mac
            [6] => :id
        )

)

--------------------------------------------------------------------------------
[2026-06-01 15:40:11] Mise à jour réussie ID: 2742
--------------------------------------------------------------------------------
[2026-06-01 15:40:11] Traitement ID: 2749
--------------------------------------------------------------------------------
[2026-06-01 15:40:11] SQL
Array
(
    [sql] => UPDATE materiel SET marque = :marque, modele = :modele, numero_serie = :numero_serie, version_firmware = :version_firmware, adresse_ip = :adresse_ip, adresse_mac = :adresse_mac, url_github = :url_github WHERE id = :id
    [params] => Array
        (
            [0] => :marque
            [1] => :modele
            [2] => :numero_serie
            [3] => :version_firmware
            [4] => :adresse_ip
            [5] => :adresse_mac
            [6] => :url_github
            [7] => :id
        )

)

--------------------------------------------------------------------------------
[2026-06-01 15:40:11] Mise à jour réussie ID: 2749
--------------------------------------------------------------------------------
[2026-06-01 15:40:11] Traitement ID: 2744
--------------------------------------------------------------------------------
[2026-06-01 15:40:11] SQL
Array
(
    [sql] => UPDATE materiel SET marque = :marque, modele = :modele, numero_serie = :numero_serie, version_firmware = :version_firmware, adresse_ip = :adresse_ip, adresse_mac = :adresse_mac WHERE id = :id
    [params] => Array
        (
            [0] => :marque
            [1] => :modele
            [2] => :numero_serie
            [3] => :version_firmware
            [4] => :adresse_ip
            [5] => :adresse_mac
            [6] => :id
        )

)

--------------------------------------------------------------------------------
[2026-06-01 15:40:11] Mise à jour réussie ID: 2744
--------------------------------------------------------------------------------
[2026-06-01 15:40:11] Réponse
Array
(
    [status] => success
    [message] => 12 ligne(s) mise(s) à jour
    [updated] => 12
    [total_rows] => 12
    [errors] => Array
        (
        )

)

--------------------------------------------------------------------------------
[2026-06-01 15:40:11] === FIN ===
--------------------------------------------------------------------------------
[2026-06-01 15:44:58] === DÉBUT ===
--------------------------------------------------------------------------------
[2026-06-01 15:44:58] Input reçu
Array
(
    [raw_length] => 7973
    [has_data] => 1
)

--------------------------------------------------------------------------------
[2026-06-01 15:44:58] Connexion BDD OK
--------------------------------------------------------------------------------
[2026-06-01 15:44:58] Traitement ID: 2736
--------------------------------------------------------------------------------
[2026-06-01 15:44:58] SQL
Array
(
    [sql] => UPDATE materiel SET marque = :marque, modele = :modele, type_materiel = :type_materiel, numero_serie = :numero_serie, version_firmware = :version_firmware, adresse_ip = :adresse_ip, adresse_mac = :adresse_mac, commentaire = :commentaire WHERE id = :id
    [params] => Array
        (
            [0] => :marque
            [1] => :modele
            [2] => :type_materiel
            [3] => :numero_serie
            [4] => :version_firmware
            [5] => :adresse_ip
            [6] => :adresse_mac
            [7] => :commentaire
            [8] => :id
        )

)

--------------------------------------------------------------------------------
[2026-06-01 15:44:58] Mise à jour réussie ID: 2736
--------------------------------------------------------------------------------
[2026-06-01 15:44:58] Traitement ID: 2751
--------------------------------------------------------------------------------
[2026-06-01 15:44:58] SQL
Array
(
    [sql] => UPDATE materiel SET marque = :marque, modele = :modele, type_materiel = :type_materiel, numero_serie = :numero_serie, version_firmware = :version_firmware, adresse_ip = :adresse_ip, adresse_mac = :adresse_mac WHERE id = :id
    [params] => Array
        (
            [0] => :marque
            [1] => :modele
            [2] => :type_materiel
            [3] => :numero_serie
            [4] => :version_firmware
            [5] => :adresse_ip
            [6] => :adresse_mac
            [7] => :id
        )

)

--------------------------------------------------------------------------------
[2026-06-01 15:44:58] Mise à jour réussie ID: 2751
--------------------------------------------------------------------------------
[2026-06-01 15:44:58] Traitement ID: 2750
--------------------------------------------------------------------------------
[2026-06-01 15:44:58] SQL
Array
(
    [sql] => UPDATE materiel SET marque = :marque, modele = :modele, type_materiel = :type_materiel, numero_serie = :numero_serie, version_firmware = :version_firmware, adresse_ip = :adresse_ip WHERE id = :id
    [params] => Array
        (
            [0] => :marque
            [1] => :modele
            [2] => :type_materiel
            [3] => :numero_serie
            [4] => :version_firmware
            [5] => :adresse_ip
            [6] => :id
        )

)

--------------------------------------------------------------------------------
[2026-06-01 15:44:58] Mise à jour réussie ID: 2750
--------------------------------------------------------------------------------
[2026-06-01 15:44:58] Traitement ID: 2745
--------------------------------------------------------------------------------
[2026-06-01 15:44:58] SQL
Array
(
    [sql] => UPDATE materiel SET marque = :marque, modele = :modele, type_materiel = :type_materiel, numero_serie = :numero_serie, version_firmware = :version_firmware, adresse_ip = :adresse_ip, adresse_mac = :adresse_mac WHERE id = :id
    [params] => Array
        (
            [0] => :marque
            [1] => :modele
            [2] => :type_materiel
            [3] => :numero_serie
            [4] => :version_firmware
            [5] => :adresse_ip
            [6] => :adresse_mac
            [7] => :id
        )

)

--------------------------------------------------------------------------------
[2026-06-01 15:44:58] Mise à jour réussie ID: 2745
--------------------------------------------------------------------------------
[2026-06-01 15:44:58] Traitement ID: 2746
--------------------------------------------------------------------------------
[2026-06-01 15:44:58] SQL
Array
(
    [sql] => UPDATE materiel SET marque = :marque, modele = :modele, numero_serie = :numero_serie, version_firmware = :version_firmware, adresse_ip = :adresse_ip, adresse_mac = :adresse_mac WHERE id = :id
    [params] => Array
        (
            [0] => :marque
            [1] => :modele
            [2] => :numero_serie
            [3] => :version_firmware
            [4] => :adresse_ip
            [5] => :adresse_mac
            [6] => :id
        )

)

--------------------------------------------------------------------------------
[2026-06-01 15:44:58] Mise à jour réussie ID: 2746
--------------------------------------------------------------------------------
[2026-06-01 15:44:58] Traitement ID: 2748
--------------------------------------------------------------------------------
[2026-06-01 15:44:58] SQL
Array
(
    [sql] => UPDATE materiel SET marque = :marque, modele = :modele, numero_serie = :numero_serie, version_firmware = :version_firmware, adresse_ip = :adresse_ip, adresse_mac = :adresse_mac WHERE id = :id
    [params] => Array
        (
            [0] => :marque
            [1] => :modele
            [2] => :numero_serie
            [3] => :version_firmware
            [4] => :adresse_ip
            [5] => :adresse_mac
            [6] => :id
        )

)

--------------------------------------------------------------------------------
[2026-06-01 15:44:58] Mise à jour réussie ID: 2748
--------------------------------------------------------------------------------
[2026-06-01 15:44:58] Traitement ID: 2747
--------------------------------------------------------------------------------
[2026-06-01 15:44:58] SQL
Array
(
    [sql] => UPDATE materiel SET marque = :marque, modele = :modele, numero_serie = :numero_serie, version_firmware = :version_firmware, adresse_ip = :adresse_ip, adresse_mac = :adresse_mac WHERE id = :id
    [params] => Array
        (
            [0] => :marque
            [1] => :modele
            [2] => :numero_serie
            [3] => :version_firmware
            [4] => :adresse_ip
            [5] => :adresse_mac
            [6] => :id
        )

)

--------------------------------------------------------------------------------
[2026-06-01 15:44:58] Mise à jour réussie ID: 2747
--------------------------------------------------------------------------------
[2026-06-01 15:44:58] Traitement ID: 2752
--------------------------------------------------------------------------------
[2026-06-01 15:44:58] SQL
Array
(
    [sql] => UPDATE materiel SET marque = :marque, modele = :modele, numero_serie = :numero_serie, version_firmware = :version_firmware WHERE id = :id
    [params] => Array
        (
            [0] => :marque
            [1] => :modele
            [2] => :numero_serie
            [3] => :version_firmware
            [4] => :id
        )

)

--------------------------------------------------------------------------------
[2026-06-01 15:44:58] Mise à jour réussie ID: 2752
--------------------------------------------------------------------------------
[2026-06-01 15:44:58] Traitement ID: 2743
--------------------------------------------------------------------------------
[2026-06-01 15:44:58] SQL
Array
(
    [sql] => UPDATE materiel SET marque = :marque, modele = :modele, type_materiel = :type_materiel, numero_serie = :numero_serie, version_firmware = :version_firmware, adresse_ip = :adresse_ip, adresse_mac = :adresse_mac WHERE id = :id
    [params] => Array
        (
            [0] => :marque
            [1] => :modele
            [2] => :type_materiel
            [3] => :numero_serie
            [4] => :version_firmware
            [5] => :adresse_ip
            [6] => :adresse_mac
            [7] => :id
        )

)

--------------------------------------------------------------------------------
[2026-06-01 15:44:58] Mise à jour réussie ID: 2743
--------------------------------------------------------------------------------
[2026-06-01 15:44:58] Traitement ID: 2742
--------------------------------------------------------------------------------
[2026-06-01 15:44:58] SQL
Array
(
    [sql] => UPDATE materiel SET marque = :marque, modele = :modele, numero_serie = :numero_serie, version_firmware = :version_firmware, adresse_ip = :adresse_ip, adresse_mac = :adresse_mac WHERE id = :id
    [params] => Array
        (
            [0] => :marque
            [1] => :modele
            [2] => :numero_serie
            [3] => :version_firmware
            [4] => :adresse_ip
            [5] => :adresse_mac
            [6] => :id
        )

)

--------------------------------------------------------------------------------
[2026-06-01 15:44:58] Mise à jour réussie ID: 2742
--------------------------------------------------------------------------------
[2026-06-01 15:44:58] Traitement ID: 2749
--------------------------------------------------------------------------------
[2026-06-01 15:44:58] SQL
Array
(
    [sql] => UPDATE materiel SET marque = :marque, modele = :modele, numero_serie = :numero_serie, version_firmware = :version_firmware, adresse_ip = :adresse_ip, adresse_mac = :adresse_mac, url_github = :url_github WHERE id = :id
    [params] => Array
        (
            [0] => :marque
            [1] => :modele
            [2] => :numero_serie
            [3] => :version_firmware
            [4] => :adresse_ip
            [5] => :adresse_mac
            [6] => :url_github
            [7] => :id
        )

)

--------------------------------------------------------------------------------
[2026-06-01 15:44:58] Mise à jour réussie ID: 2749
--------------------------------------------------------------------------------
[2026-06-01 15:44:58] Traitement ID: 2744
--------------------------------------------------------------------------------
[2026-06-01 15:44:58] SQL
Array
(
    [sql] => UPDATE materiel SET marque = :marque, modele = :modele, numero_serie = :numero_serie, version_firmware = :version_firmware, adresse_ip = :adresse_ip, adresse_mac = :adresse_mac WHERE id = :id
    [params] => Array
        (
            [0] => :marque
            [1] => :modele
            [2] => :numero_serie
            [3] => :version_firmware
            [4] => :adresse_ip
            [5] => :adresse_mac
            [6] => :id
        )

)

--------------------------------------------------------------------------------
[2026-06-01 15:44:58] Mise à jour réussie ID: 2744
--------------------------------------------------------------------------------
[2026-06-01 15:44:58] Réponse
Array
(
    [status] => success
    [message] => 12 ligne(s) mise(s) à jour
    [updated] => 12
    [total_rows] => 12
    [errors] => Array
        (
        )

)

--------------------------------------------------------------------------------
[2026-06-01 15:44:58] === FIN ===
--------------------------------------------------------------------------------
[2026-06-01 15:45:29] === DÉBUT ===
--------------------------------------------------------------------------------
[2026-06-01 15:45:29] Input reçu
Array
(
    [raw_length] => 7966
    [has_data] => 1
)

--------------------------------------------------------------------------------
[2026-06-01 15:45:29] Connexion BDD OK
--------------------------------------------------------------------------------
[2026-06-01 15:45:29] Traitement ID: 2736
--------------------------------------------------------------------------------
[2026-06-01 15:45:29] SQL
Array
(
    [sql] => UPDATE materiel SET marque = :marque, modele = :modele, numero_serie = :numero_serie, version_firmware = :version_firmware, adresse_ip = :adresse_ip, adresse_mac = :adresse_mac, commentaire = :commentaire WHERE id = :id
    [params] => Array
        (
            [0] => :marque
            [1] => :modele
            [2] => :numero_serie
            [3] => :version_firmware
            [4] => :adresse_ip
            [5] => :adresse_mac
            [6] => :commentaire
            [7] => :id
        )

)

--------------------------------------------------------------------------------
[2026-06-01 15:45:29] Mise à jour réussie ID: 2736
--------------------------------------------------------------------------------
[2026-06-01 15:45:29] Traitement ID: 2751
--------------------------------------------------------------------------------
[2026-06-01 15:45:29] SQL
Array
(
    [sql] => UPDATE materiel SET marque = :marque, modele = :modele, type_materiel = :type_materiel, numero_serie = :numero_serie, version_firmware = :version_firmware, adresse_ip = :adresse_ip, adresse_mac = :adresse_mac WHERE id = :id
    [params] => Array
        (
            [0] => :marque
            [1] => :modele
            [2] => :type_materiel
            [3] => :numero_serie
            [4] => :version_firmware
            [5] => :adresse_ip
            [6] => :adresse_mac
            [7] => :id
        )

)

--------------------------------------------------------------------------------
[2026-06-01 15:45:29] Mise à jour réussie ID: 2751
--------------------------------------------------------------------------------
[2026-06-01 15:45:29] Traitement ID: 2750
--------------------------------------------------------------------------------
[2026-06-01 15:45:29] SQL
Array
(
    [sql] => UPDATE materiel SET marque = :marque, modele = :modele, type_materiel = :type_materiel, numero_serie = :numero_serie, version_firmware = :version_firmware, adresse_ip = :adresse_ip WHERE id = :id
    [params] => Array
        (
            [0] => :marque
            [1] => :modele
            [2] => :type_materiel
            [3] => :numero_serie
            [4] => :version_firmware
            [5] => :adresse_ip
            [6] => :id
        )

)

--------------------------------------------------------------------------------
[2026-06-01 15:45:29] Mise à jour réussie ID: 2750
--------------------------------------------------------------------------------
[2026-06-01 15:45:29] Traitement ID: 2745
--------------------------------------------------------------------------------
[2026-06-01 15:45:29] SQL
Array
(
    [sql] => UPDATE materiel SET marque = :marque, modele = :modele, type_materiel = :type_materiel, numero_serie = :numero_serie, version_firmware = :version_firmware, adresse_ip = :adresse_ip, adresse_mac = :adresse_mac WHERE id = :id
    [params] => Array
        (
            [0] => :marque
            [1] => :modele
            [2] => :type_materiel
            [3] => :numero_serie
            [4] => :version_firmware
            [5] => :adresse_ip
            [6] => :adresse_mac
            [7] => :id
        )

)

--------------------------------------------------------------------------------
[2026-06-01 15:45:29] Mise à jour réussie ID: 2745
--------------------------------------------------------------------------------
[2026-06-01 15:45:29] Traitement ID: 2746
--------------------------------------------------------------------------------
[2026-06-01 15:45:29] SQL
Array
(
    [sql] => UPDATE materiel SET marque = :marque, modele = :modele, numero_serie = :numero_serie, version_firmware = :version_firmware, adresse_ip = :adresse_ip, adresse_mac = :adresse_mac WHERE id = :id
    [params] => Array
        (
            [0] => :marque
            [1] => :modele
            [2] => :numero_serie
            [3] => :version_firmware
            [4] => :adresse_ip
            [5] => :adresse_mac
            [6] => :id
        )

)

--------------------------------------------------------------------------------
[2026-06-01 15:45:29] Mise à jour réussie ID: 2746
--------------------------------------------------------------------------------
[2026-06-01 15:45:29] Traitement ID: 2748
--------------------------------------------------------------------------------
[2026-06-01 15:45:29] SQL
Array
(
    [sql] => UPDATE materiel SET marque = :marque, modele = :modele, numero_serie = :numero_serie, version_firmware = :version_firmware, adresse_ip = :adresse_ip, adresse_mac = :adresse_mac WHERE id = :id
    [params] => Array
        (
            [0] => :marque
            [1] => :modele
            [2] => :numero_serie
            [3] => :version_firmware
            [4] => :adresse_ip
            [5] => :adresse_mac
            [6] => :id
        )

)

--------------------------------------------------------------------------------
[2026-06-01 15:45:29] Mise à jour réussie ID: 2748
--------------------------------------------------------------------------------
[2026-06-01 15:45:29] Traitement ID: 2747
--------------------------------------------------------------------------------
[2026-06-01 15:45:29] SQL
Array
(
    [sql] => UPDATE materiel SET marque = :marque, modele = :modele, numero_serie = :numero_serie, version_firmware = :version_firmware, adresse_ip = :adresse_ip, adresse_mac = :adresse_mac WHERE id = :id
    [params] => Array
        (
            [0] => :marque
            [1] => :modele
            [2] => :numero_serie
            [3] => :version_firmware
            [4] => :adresse_ip
            [5] => :adresse_mac
            [6] => :id
        )

)

--------------------------------------------------------------------------------
[2026-06-01 15:45:29] Mise à jour réussie ID: 2747
--------------------------------------------------------------------------------
[2026-06-01 15:45:29] Traitement ID: 2752
--------------------------------------------------------------------------------
[2026-06-01 15:45:29] SQL
Array
(
    [sql] => UPDATE materiel SET marque = :marque, modele = :modele, numero_serie = :numero_serie, version_firmware = :version_firmware WHERE id = :id
    [params] => Array
        (
            [0] => :marque
            [1] => :modele
            [2] => :numero_serie
            [3] => :version_firmware
            [4] => :id
        )

)

--------------------------------------------------------------------------------
[2026-06-01 15:45:29] Mise à jour réussie ID: 2752
--------------------------------------------------------------------------------
[2026-06-01 15:45:29] Traitement ID: 2743
--------------------------------------------------------------------------------
[2026-06-01 15:45:29] SQL
Array
(
    [sql] => UPDATE materiel SET marque = :marque, modele = :modele, type_materiel = :type_materiel, numero_serie = :numero_serie, version_firmware = :version_firmware, adresse_ip = :adresse_ip, adresse_mac = :adresse_mac WHERE id = :id
    [params] => Array
        (
            [0] => :marque
            [1] => :modele
            [2] => :type_materiel
            [3] => :numero_serie
            [4] => :version_firmware
            [5] => :adresse_ip
            [6] => :adresse_mac
            [7] => :id
        )

)

--------------------------------------------------------------------------------
[2026-06-01 15:45:29] Mise à jour réussie ID: 2743
--------------------------------------------------------------------------------
[2026-06-01 15:45:29] Traitement ID: 2742
--------------------------------------------------------------------------------
[2026-06-01 15:45:29] SQL
Array
(
    [sql] => UPDATE materiel SET marque = :marque, modele = :modele, numero_serie = :numero_serie, version_firmware = :version_firmware, adresse_ip = :adresse_ip, adresse_mac = :adresse_mac WHERE id = :id
    [params] => Array
        (
            [0] => :marque
            [1] => :modele
            [2] => :numero_serie
            [3] => :version_firmware
            [4] => :adresse_ip
            [5] => :adresse_mac
            [6] => :id
        )

)

--------------------------------------------------------------------------------
[2026-06-01 15:45:29] Mise à jour réussie ID: 2742
--------------------------------------------------------------------------------
[2026-06-01 15:45:29] Traitement ID: 2749
--------------------------------------------------------------------------------
[2026-06-01 15:45:29] SQL
Array
(
    [sql] => UPDATE materiel SET marque = :marque, modele = :modele, numero_serie = :numero_serie, version_firmware = :version_firmware, adresse_ip = :adresse_ip, adresse_mac = :adresse_mac, url_github = :url_github WHERE id = :id
    [params] => Array
        (
            [0] => :marque
            [1] => :modele
            [2] => :numero_serie
            [3] => :version_firmware
            [4] => :adresse_ip
            [5] => :adresse_mac
            [6] => :url_github
            [7] => :id
        )

)

--------------------------------------------------------------------------------
[2026-06-01 15:45:29] Mise à jour réussie ID: 2749
--------------------------------------------------------------------------------
[2026-06-01 15:45:29] Traitement ID: 2744
--------------------------------------------------------------------------------
[2026-06-01 15:45:29] SQL
Array
(
    [sql] => UPDATE materiel SET marque = :marque, modele = :modele, numero_serie = :numero_serie, version_firmware = :version_firmware, adresse_ip = :adresse_ip, adresse_mac = :adresse_mac WHERE id = :id
    [params] => Array
        (
            [0] => :marque
            [1] => :modele
            [2] => :numero_serie
            [3] => :version_firmware
            [4] => :adresse_ip
            [5] => :adresse_mac
            [6] => :id
        )

)

--------------------------------------------------------------------------------
[2026-06-01 15:45:29] Mise à jour réussie ID: 2744
--------------------------------------------------------------------------------
[2026-06-01 15:45:29] Réponse
Array
(
    [status] => success
    [message] => 12 ligne(s) mise(s) à jour
    [updated] => 12
    [total_rows] => 12
    [errors] => Array
        (
        )

)

--------------------------------------------------------------------------------
[2026-06-01 15:45:29] === FIN ===
--------------------------------------------------------------------------------
