[2026-02-16 16:51:33][INFO] Test SMTP - Tentative connexion mx.caspeo.fr:587 {"host":"mx.caspeo.fr","port":"587","encryption":"tls","from_address":"","username_set":true}
[2026-02-16 16:51:43][ERROR] Test SMTP - Échec connexion : Impossible de se connecter à mx.caspeo.fr:587 (Code: 110 - Connection timed out) {"host":"mx.caspeo.fr","port":"587","encryption":"tls","from_address":"","errno":110,"errstr":"Connection timed out","error_message":"Impossible de se connecter \u00e0 mx.caspeo.fr:587 (Code: 110 - Connection timed out)"}
[2026-02-16 16:55:57][INFO] Config email sauvegardée {"host":"mx.caspeo.fr","port":"587","encryption":"none","from_address":"avision@caspeo.fr","from_name":"Support Avision \/ Vid\u00e9osonic","username_set":true,"password_set":true}
[2026-02-16 16:55:59][INFO] Test SMTP - Tentative connexion mx.caspeo.fr:587 {"host":"mx.caspeo.fr","port":"587","encryption":"none","from_address":"","username_set":true}
[2026-02-16 16:56:09][ERROR] Test SMTP - Échec connexion : Impossible de se connecter à mx.caspeo.fr:587 (Code: 110 - Connection timed out) {"host":"mx.caspeo.fr","port":"587","encryption":"none","from_address":"","errno":110,"errstr":"Connection timed out","error_message":"Impossible de se connecter \u00e0 mx.caspeo.fr:587 (Code: 110 - Connection timed out)"}
[2026-02-16 16:56:17][INFO] Config email sauvegardée {"host":"mx.caspeo.fr","port":"587","encryption":"tls","from_address":"avision@caspeo.fr","from_name":"Support Avision \/ Vid\u00e9osonic","username_set":true,"password_set":true}
[2026-02-16 16:56:19][INFO] Test SMTP - Tentative connexion mx.caspeo.fr:587 {"host":"mx.caspeo.fr","port":"587","encryption":"tls","from_address":"","username_set":true}
[2026-02-16 16:56:29][ERROR] Test SMTP - Échec connexion : Impossible de se connecter à mx.caspeo.fr:587 (Code: 110 - Connection timed out) {"host":"mx.caspeo.fr","port":"587","encryption":"tls","from_address":"","errno":110,"errstr":"Connection timed out","error_message":"Impossible de se connecter \u00e0 mx.caspeo.fr:587 (Code: 110 - Connection timed out)"}
[2026-02-16 16:56:56][INFO] Test SMTP - Tentative connexion mx.caspeo.fr:587 {"host":"mx.caspeo.fr","port":"587","encryption":"tls","from_address":"","username_set":true}
[2026-02-16 16:57:06][ERROR] Test SMTP - Échec connexion : Impossible de se connecter à mx.caspeo.fr:587 (Code: 110 - Connection timed out) {"host":"mx.caspeo.fr","port":"587","encryption":"tls","from_address":"","errno":110,"errstr":"Connection timed out","error_message":"Impossible de se connecter \u00e0 mx.caspeo.fr:587 (Code: 110 - Connection timed out)"}
[2026-02-16 16:58:11][INFO] Test SMTP - Tentative connexion mx.caspeo.fr:587 {"host":"mx.caspeo.fr","port":"587","encryption":"tls","from_address":"","username_set":true}
[2026-02-16 16:58:31][ERROR] Test SMTP - Échec connexion : Impossible de se connecter à mx.caspeo.fr:587 (Code: 0 - php_network_getaddresses: getaddrinfo for mx.caspeo.fr failed: Temporary failure in name resolution) {"host":"mx.caspeo.fr","port":"587","encryption":"tls","from_address":"","errno":0,"errstr":"php_network_getaddresses: getaddrinfo for mx.caspeo.fr failed: Temporary failure in name resolution","error_message":"Impossible de se connecter \u00e0 mx.caspeo.fr:587 (Code: 0 - php_network_getaddresses: getaddrinfo for mx.caspeo.fr failed: Temporary failure in name resolution)"}
[2026-02-16 16:58:31][INFO] Config email sauvegardée {"host":"mx.caspeo.fr","port":"587","encryption":"tls","from_address":"avision@caspeo.fr","from_name":"Support Avision \/ Vid\u00e9osonic","username_set":true,"password_set":true}
[2026-02-16 16:58:39][INFO] Test SMTP - Tentative connexion mx.caspeo.fr:587 {"host":"mx.caspeo.fr","port":"587","encryption":"tls","from_address":"","username_set":true}
[2026-02-16 16:58:49][ERROR] Test SMTP - Échec connexion : Impossible de se connecter à mx.caspeo.fr:587 (Code: 110 - Connection timed out) {"host":"mx.caspeo.fr","port":"587","encryption":"tls","from_address":"","errno":110,"errstr":"Connection timed out","error_message":"Impossible de se connecter \u00e0 mx.caspeo.fr:587 (Code: 110 - Connection timed out)"}
[2026-02-16 17:04:14][INFO] Test SMTP - Tentative connexion mx.caspeo.fr:587 {"host":"mx.caspeo.fr","port":"587","encryption":"tls","from_address":"","username_set":true}
[2026-02-16 17:04:24][ERROR] Test SMTP - Échec connexion : Impossible de se connecter à mx.caspeo.fr:587 (Code: 110 - Connection timed out) {"host":"mx.caspeo.fr","port":"587","encryption":"tls","from_address":"","errno":110,"errstr":"Connection timed out","error_message":"Impossible de se connecter \u00e0 mx.caspeo.fr:587 (Code: 110 - Connection timed out)"}
[2026-02-16 17:04:33][INFO] Config email sauvegardée {"host":"172.20.64.14","port":"587","encryption":"tls","from_address":"avision@caspeo.fr","from_name":"Support Avision \/ Vid\u00e9osonic","username_set":true,"password_set":true}
[2026-02-16 17:04:35][INFO] Test SMTP - Tentative connexion 172.20.64.14:587 {"host":"172.20.64.14","port":"587","encryption":"tls","from_address":"","username_set":true}
[2026-02-16 17:04:35][INFO] TLS activé avec la méthode: 65 
[2026-02-16 17:04:35][INFO] Email SMTP envoyé avec succès à avision@caspeo.fr 
[2026-02-16 17:04:35][INFO] Test SMTP - Connexion et envoi réussis {"host":"172.20.64.14","port":"587"}
[2026-02-16 17:05:21][INFO] DEBUG sendEmail - POST reçu : {"csrf_token":"660612d900622a28a6b204dc805e5650a7a1f66a6f6adb6d4a7fd248790cdc76","template_id":"2"} 
[2026-02-16 17:05:21][INFO] Aucune pièce jointe sélectionnée dans le formulaire 
[2026-02-16 17:05:21][INFO] Nombre total de pièces jointes à envoyer : 0 
[2026-02-16 17:05:21][WARNING] ATTENTION: Aucune pièce jointe ne sera envoyée 
[2026-02-16 17:05:21][INFO] Envoi email à natacha.lanoe@gmail.com avec 0 pièce(s) jointe(s) 
[2026-02-16 17:05:21][INFO] TLS activé avec la méthode: 65 
[2026-02-16 17:05:21][INFO] Email SMTP envoyé avec succès à natacha.lanoe@gmail.com 
[2026-02-16 17:05:21][INFO] Email envoyé avec succès à natacha.lanoe@gmail.com 
[2026-02-16 17:05:21][INFO] Email envoyé avec succès pour l'intervention 5 via template 2 
[2026-02-16 17:14:00][INFO] Test SMTP - Tentative connexion 172.20.64.14:587 {"host":"172.20.64.14","port":"587","encryption":"tls","from_address":"","username_set":true}
[2026-02-16 17:14:00][INFO] TLS activé avec la méthode: 65 
[2026-02-16 17:14:01][INFO] Email SMTP envoyé avec succès à avision@caspeo.fr 
[2026-02-16 17:14:01][INFO] Test SMTP - Connexion et envoi réussis {"host":"172.20.64.14","port":"587"}
[2026-02-16 17:14:16][INFO] DEBUG sendEmail - POST reçu : {"csrf_token":"660612d900622a28a6b204dc805e5650a7a1f66a6f6adb6d4a7fd248790cdc76","template_id":"2"} 
[2026-02-16 17:14:16][INFO] Aucune pièce jointe sélectionnée dans le formulaire 
[2026-02-16 17:14:16][INFO] Nombre total de pièces jointes à envoyer : 0 
[2026-02-16 17:14:16][WARNING] ATTENTION: Aucune pièce jointe ne sera envoyée 
[2026-02-16 17:14:16][INFO] Envoi email à e.cartier@videosonic.fr avec 0 pièce(s) jointe(s) 
[2026-02-16 17:14:17][INFO] TLS activé avec la méthode: 65 
[2026-02-16 17:14:17][INFO] Email SMTP envoyé avec succès à e.cartier@videosonic.fr 
[2026-02-16 17:14:17][INFO] Email envoyé avec succès à e.cartier@videosonic.fr 
[2026-02-16 17:14:17][INFO] Email envoyé avec succès pour l'intervention 5 via template 2 
[2026-02-16 17:33:20][INFO] DEBUG sendEmail - POST reçu : {"csrf_token":"bb338bc17ca254f13475ba4dfd6b25c9bdb85d56da55b717147161ca71831316","template_id":"4"} 
[2026-02-16 17:33:20][INFO] Aucune pièce jointe sélectionnée dans le formulaire 
[2026-02-16 17:33:20][INFO] Nombre total de pièces jointes à envoyer : 0 
[2026-02-16 17:33:20][WARNING] ATTENTION: Aucune pièce jointe ne sera envoyée 
[2026-02-16 17:33:20][INFO] Envoi email à e.cartier@videosonic.fr avec 0 pièce(s) jointe(s) 
[2026-02-16 17:33:20][INFO] TLS activé avec la méthode: 65 
[2026-02-16 17:33:20][INFO] Email SMTP envoyé avec succès à e.cartier@videosonic.fr 
[2026-02-16 17:33:20][INFO] Email envoyé avec succès à e.cartier@videosonic.fr 
[2026-02-16 17:33:20][INFO] Email envoyé avec succès pour l'intervention 247 via template 4 
[2026-02-18 09:23:29][INFO] DEBUG sendEmail - POST reçu : {"csrf_token":"b7da00bdc27f7bea05fba22ca439960343057f90d644de5e30283e22e7eafa88","template_id":"4"} 
[2026-02-18 09:23:29][INFO] Aucune pièce jointe sélectionnée dans le formulaire 
[2026-02-18 09:23:29][INFO] Nombre total de pièces jointes à envoyer : 0 
[2026-02-18 09:23:29][WARNING] ATTENTION: Aucune pièce jointe ne sera envoyée 
[2026-02-18 09:23:29][INFO] Envoi email à e.cartier@videosonic.fr avec 0 pièce(s) jointe(s) 
[2026-02-18 09:23:29][INFO] TLS activé avec la méthode: 65 
[2026-02-18 09:23:30][INFO] Email SMTP envoyé avec succès à e.cartier@videosonic.fr 
[2026-02-18 09:23:30][INFO] Email envoyé avec succès à e.cartier@videosonic.fr 
[2026-02-18 09:23:30][INFO] Email envoyé avec succès pour l'intervention 246 via template 4 
[2026-02-18 09:23:49][INFO] DEBUG sendEmail - POST reçu : {"csrf_token":"b7da00bdc27f7bea05fba22ca439960343057f90d644de5e30283e22e7eafa88","template_id":"1"} 
[2026-02-18 09:23:49][INFO] Aucune pièce jointe sélectionnée dans le formulaire 
[2026-02-18 09:23:49][INFO] Nombre total de pièces jointes à envoyer : 0 
[2026-02-18 09:23:49][WARNING] ATTENTION: Aucune pièce jointe ne sera envoyée 
[2026-02-18 09:23:49][INFO] Envoi email à e.cartier@videosonic.fr avec 0 pièce(s) jointe(s) 
[2026-02-18 09:23:49][INFO] TLS activé avec la méthode: 65 
[2026-02-18 09:23:49][INFO] Email SMTP envoyé avec succès à e.cartier@videosonic.fr 
[2026-02-18 09:23:49][INFO] Email envoyé avec succès à e.cartier@videosonic.fr 
[2026-02-18 09:23:49][INFO] Email envoyé avec succès pour l'intervention 246 via template 1 
[2026-02-18 14:19:05][INFO] DEBUG sendEmail - POST reçu : {"csrf_token":"614d5faf68712c212c8fa54af2cdbba6751c25d3801f089563d8e9594a22ba55","template_id":"3"} 
[2026-02-18 14:19:05][INFO] Aucune pièce jointe sélectionnée dans le formulaire 
[2026-02-18 14:19:05][INFO] Nombre total de pièces jointes à envoyer : 0 
[2026-02-18 14:19:05][WARNING] ATTENTION: Aucune pièce jointe ne sera envoyée 
[2026-02-18 14:19:05][INFO] Envoi email à e.cartier@videosonic.fr avec 0 pièce(s) jointe(s) 
[2026-02-18 14:19:06][INFO] TLS activé avec la méthode: 65 
[2026-02-18 14:19:06][INFO] Email SMTP envoyé avec succès à e.cartier@videosonic.fr 
[2026-02-18 14:19:06][INFO] Email envoyé avec succès à e.cartier@videosonic.fr 
[2026-02-18 14:19:06][INFO] Email envoyé avec succès pour l'intervention 245 via template 3 
[2026-02-18 14:28:59][INFO] DEBUG sendEmail - POST reçu : {"csrf_token":"b4966a066df1d24a6c9f82a4293da7ff1cb31420e5cff69f1c3f6aa216d26c44","template_id":"3","attachments":["246"]} 
[2026-02-18 14:28:59][INFO] Pièces jointes sélectionnées reçues : [246] 
[2026-02-18 14:28:59][INFO] Traitement de 1 pièce(s) jointe(s) sélectionnée(s) 
[2026-02-18 14:28:59][INFO] Pièce jointe ajoutée : /var/www/vhosts/avision.videosonic.fr/httpdocs/uploads/interventions/246/BI_#VS2426-3601_20260218_1145.pdf (chemin DB: uploads/interventions/246/BI_#VS2426-3601_20260218_1145.pdf) 
[2026-02-18 14:28:59][INFO] Nombre total de pièces jointes à envoyer : 1 
[2026-02-18 14:28:59][INFO] Envoi email avec 1 pièce(s) jointe(s) pour intervention 246 
[2026-02-18 14:28:59][INFO]   - Pièce jointe : /var/www/vhosts/avision.videosonic.fr/httpdocs/uploads/interventions/246/BI_#VS2426-3601_20260218_1145.pdf (existe: OUI) 
[2026-02-18 14:28:59][INFO] Envoi email à barbara.domingues@te-traiteur.fr avec 1 pièce(s) jointe(s) 
[2026-02-18 14:28:59][INFO]   PJ 1: /var/www/vhosts/avision.videosonic.fr/httpdocs/uploads/interventions/246/BI_#VS2426-3601_20260218_1145.pdf (existe: OUI, taille: 1618445 bytes) 
[2026-02-18 14:28:59][INFO] TLS activé avec la méthode: 65 
[2026-02-18 14:28:59][INFO] Ajout de 1 pièce(s) jointe(s) à l'email SMTP Basic 
[2026-02-18 14:28:59][INFO] Pièce jointe 1 ajoutée à l'email SMTP Basic : BI_#VS2426-3601_20260218_1145.pdf (1618445 bytes) 
[2026-02-18 14:28:59][INFO] Email SMTP envoyé avec succès à barbara.domingues@te-traiteur.fr avec 1 pièce(s) jointe(s) 
[2026-02-18 14:28:59][INFO] Email envoyé avec succès à barbara.domingues@te-traiteur.fr 
[2026-02-18 14:28:59][INFO] Email envoyé avec succès pour l'intervention 246 via template 3 
[2026-02-19 16:43:40][INFO] Envoi automatique de création désactivé pour l'intervention 248 
[2026-02-23 15:28:09][INFO] Envoi automatique de création désactivé pour l'intervention 249 
[2026-02-23 15:29:18][INFO] Envoi automatique de création désactivé pour l'intervention 250 
[2026-02-23 15:30:43][INFO] Envoi automatique de création désactivé pour l'intervention 251 
[2026-02-23 15:32:28][INFO] Envoi automatique de création désactivé pour l'intervention 252 
[2026-02-23 15:45:17][INFO] Envoi automatique de création désactivé pour l'intervention 253 
[2026-02-23 15:53:44][INFO] Envoi automatique de création désactivé pour l'intervention 254 
[2026-02-25 10:52:38][INFO] Envoi automatique de création désactivé pour l'intervention 255 
[2026-02-27 11:24:25][INFO] Envoi automatique de création désactivé pour l'intervention 256 
[2026-02-27 11:32:08][INFO] Envoi automatique de création désactivé pour l'intervention 257 
[2026-02-27 11:46:16][INFO] Envoi automatique de création désactivé pour l'intervention 258 
[2026-02-27 11:52:55][INFO] Envoi automatique de création désactivé pour l'intervention 259 
[2026-02-27 11:58:53][INFO] Envoi automatique de création désactivé pour l'intervention 260 
[2026-02-27 12:05:22][INFO] Envoi automatique de création désactivé pour l'intervention 261 
[2026-02-27 12:17:50][INFO] Envoi automatique de création désactivé pour l'intervention 262 
[2026-02-27 18:40:42][INFO] Envoi automatique de création désactivé pour l'intervention 263 
[2026-02-27 18:40:42][INFO] Envoi email à f.ribot@videosonic.fr avec 0 pièce(s) jointe(s) 
[2026-02-27 18:40:42][INFO] TLS activé avec la méthode: 65 
[2026-02-27 18:40:42][INFO] Email SMTP envoyé avec succès à f.ribot@videosonic.fr 
[2026-02-27 18:40:42][INFO] Email envoyé avec succès à f.ribot@videosonic.fr 
[2026-02-27 18:40:42][INFO] Email de notification envoyé au technicien 7 pour l'intervention 263 
[2026-02-27 18:41:35][INFO] DEBUG sendEmail - POST reçu : {"csrf_token":"76ee2bcdf34f269e07fd627f06fe3df8f1c6c66f196df7a74f85b1b07ed776f0","template_id":"2"} 
[2026-02-27 18:41:35][INFO] Aucune pièce jointe sélectionnée dans le formulaire 
[2026-02-27 18:41:35][INFO] Nombre total de pièces jointes à envoyer : 0 
[2026-02-27 18:41:35][WARNING] ATTENTION: Aucune pièce jointe ne sera envoyée 
[2026-02-27 18:41:35][INFO] Envoi email à cyril.lebraud@caissedesdepots.fr avec 0 pièce(s) jointe(s) 
[2026-02-27 18:41:36][INFO] TLS activé avec la méthode: 65 
[2026-02-27 18:41:36][INFO] Email SMTP envoyé avec succès à cyril.lebraud@caissedesdepots.fr 
[2026-02-27 18:41:36][INFO] Email envoyé avec succès à cyril.lebraud@caissedesdepots.fr 
[2026-02-27 18:41:36][INFO] Envoi email à f.ribot@videosonic.fr avec 0 pièce(s) jointe(s) 
[2026-02-27 18:41:36][INFO] TLS activé avec la méthode: 65 
[2026-02-27 18:41:36][INFO] Email SMTP envoyé avec succès à f.ribot@videosonic.fr 
[2026-02-27 18:41:36][INFO] Email envoyé avec succès à f.ribot@videosonic.fr 
[2026-02-27 18:41:36][INFO] Email envoyé avec succès pour l'intervention 263 via template 2 
[2026-02-27 18:46:06][INFO] Envoi automatique de création désactivé pour l'intervention 264 
[2026-02-27 18:46:06][INFO] Envoi email à f.ribot@videosonic.fr avec 0 pièce(s) jointe(s) 
[2026-02-27 18:46:07][INFO] TLS activé avec la méthode: 65 
[2026-02-27 18:46:07][INFO] Email SMTP envoyé avec succès à f.ribot@videosonic.fr 
[2026-02-27 18:46:07][INFO] Email envoyé avec succès à f.ribot@videosonic.fr 
[2026-02-27 18:46:07][INFO] Email de notification envoyé au technicien 7 pour l'intervention 264 
[2026-02-27 18:48:28][INFO] Envoi email à g.feniou@videosonic.fr avec 0 pièce(s) jointe(s) 
[2026-02-27 18:48:28][INFO] TLS activé avec la méthode: 65 
[2026-02-27 18:48:28][INFO] Email SMTP envoyé avec succès à g.feniou@videosonic.fr 
[2026-02-27 18:48:28][INFO] Email envoyé avec succès à g.feniou@videosonic.fr 
[2026-02-27 18:48:28][INFO] Email de notification envoyé au technicien 9 pour l'intervention 264 
[2026-03-02 15:40:11][INFO] Envoi automatique de création désactivé pour l'intervention 265 
[2026-03-02 15:49:59][INFO] Envoi automatique de création désactivé pour l'intervention 266 
[2026-03-02 16:00:11][INFO] Envoi automatique de création désactivé pour l'intervention 267 
[2026-03-06 09:46:12][INFO] Envoi automatique de création désactivé pour l'intervention 268 
[2026-03-06 09:56:40][INFO] Envoi automatique de création désactivé pour l'intervention 269 
[2026-03-06 10:04:35][INFO] Envoi automatique de création désactivé pour l'intervention 270 
[2026-03-06 10:08:57][INFO] Envoi automatique de création désactivé pour l'intervention 271 
[2026-03-06 10:17:55][INFO] Envoi automatique de création désactivé pour l'intervention 272 
[2026-03-06 10:20:04][INFO] Envoi automatique de création désactivé pour l'intervention 273 
[2026-03-06 10:23:18][INFO] Envoi automatique de création désactivé pour l'intervention 274 
[2026-03-06 10:23:18][INFO] Envoi email à adv@videosonic.fr avec 0 pièce(s) jointe(s) 
[2026-03-06 10:23:19][INFO] TLS activé avec la méthode: 65 
[2026-03-06 10:23:19][INFO] Email SMTP envoyé avec succès à adv@videosonic.fr 
[2026-03-06 10:23:19][INFO] Email envoyé avec succès à adv@videosonic.fr 
[2026-03-06 10:23:19][INFO] Email de notification envoyé au technicien 2 pour l'intervention 274 
[2026-03-06 10:26:19][INFO] Envoi automatique de création désactivé pour l'intervention 275 
[2026-03-06 10:40:59][INFO] Envoi automatique de création désactivé pour l'intervention 276 
[2026-03-06 10:40:59][INFO] Envoi email à e.cartier@videosonic.fr avec 0 pièce(s) jointe(s) 
[2026-03-06 10:40:59][INFO] TLS activé avec la méthode: 65 
[2026-03-06 10:40:59][INFO] Email SMTP envoyé avec succès à e.cartier@videosonic.fr 
[2026-03-06 10:40:59][INFO] Email envoyé avec succès à e.cartier@videosonic.fr 
[2026-03-06 10:40:59][INFO] Email de notification envoyé au technicien 1 pour l'intervention 276 
[2026-03-06 10:42:50][INFO] Envoi email à n.lanoe@caspeo.fr avec 0 pièce(s) jointe(s) 
[2026-03-06 10:42:50][INFO] TLS activé avec la méthode: 65 
[2026-03-06 10:42:50][INFO] Email SMTP envoyé avec succès à n.lanoe@caspeo.fr 
[2026-03-06 10:42:50][INFO] Email envoyé avec succès à n.lanoe@caspeo.fr 
[2026-03-06 10:42:50][INFO] Email de notification envoyé au technicien 15 pour l'intervention 276 
[2026-03-06 10:43:16][INFO] Envoi automatique de création désactivé pour l'intervention 277 
[2026-03-06 10:49:03][INFO] Config email sauvegardée {"host":"172.20.64.14","port":"587","encryption":"tls","from_address":"avision@caspeo.fr","from_name":"Support Avision \/ Vid\u00e9osonic","cc_address_set":true,"username_set":true,"password_set":true}
[2026-03-06 10:49:21][INFO] DEBUG sendEmail - POST reçu : {"csrf_token":"92d030e66c755a1facb1fa5ed315d86b53447da66107482d8b1b2cd3296fd2fc","template_id":"1"} 
[2026-03-06 10:49:21][INFO] Aucune pièce jointe sélectionnée dans le formulaire 
[2026-03-06 10:49:21][INFO] Nombre total de pièces jointes à envoyer : 0 
[2026-03-06 10:49:21][WARNING] ATTENTION: Aucune pièce jointe ne sera envoyée 
[2026-03-06 10:49:21][INFO] Envoi email à info@videosonic.fr avec 0 pièce(s) jointe(s) 
[2026-03-06 10:49:21][INFO] TLS activé avec la méthode: 65 
[2026-03-06 10:49:21][INFO] Email SMTP envoyé avec succès à info@videosonic.fr 
[2026-03-06 10:49:21][INFO] Email envoyé avec succès à info@videosonic.fr 
[2026-03-06 10:49:21][INFO] Envoi email à n.lanoe@caspeo.fr avec 0 pièce(s) jointe(s) 
[2026-03-06 10:49:22][INFO] TLS activé avec la méthode: 65 
[2026-03-06 10:49:22][INFO] Email SMTP envoyé avec succès à n.lanoe@caspeo.fr 
[2026-03-06 10:49:22][INFO] Email envoyé avec succès à n.lanoe@caspeo.fr 
[2026-03-06 10:49:22][INFO] Email envoyé avec succès pour l'intervention 276 via template 1 
[2026-03-09 15:33:08][INFO] Envoi automatique de création désactivé pour l'intervention 278 
[2026-03-09 15:38:21][INFO] Envoi automatique de création désactivé pour l'intervention 279 
[2026-03-09 15:50:19][INFO] Envoi automatique de création désactivé pour l'intervention 280 
[2026-03-10 15:53:01][INFO] Envoi automatique de création désactivé pour l'intervention 281 
[2026-03-11 15:14:59][INFO] Envoi automatique de création désactivé pour l'intervention 282 
[2026-03-11 15:14:59][INFO] Envoi email à f.ribot@videosonic.fr avec 0 pièce(s) jointe(s) 
[2026-03-11 15:14:59][INFO] TLS activé avec la méthode: 65 
[2026-03-11 15:14:59][INFO] Email SMTP envoyé avec succès à f.ribot@videosonic.fr 
[2026-03-11 15:14:59][INFO] Email envoyé avec succès à f.ribot@videosonic.fr 
[2026-03-11 15:14:59][INFO] Email de notification envoyé au technicien 7 pour l'intervention 282 
[2026-03-11 19:02:12][INFO] DEBUG sendEmail - POST reçu : {"csrf_token":"6f98191449a1ba4ce5482e89bd8542509a652af5a1c84df1e0a566f55c3602ca","template_id":"2"} 
[2026-03-11 19:02:12][INFO] Aucune pièce jointe sélectionnée dans le formulaire 
[2026-03-11 19:02:12][INFO] Nombre total de pièces jointes à envoyer : 0 
[2026-03-11 19:02:12][WARNING] ATTENTION: Aucune pièce jointe ne sera envoyée 
[2026-03-11 19:02:12][INFO] Envoi email à Cyrille.Galas@caissedesdepots.fr avec 0 pièce(s) jointe(s) 
[2026-03-11 19:02:15][INFO] TLS activé avec la méthode: 65 
[2026-03-11 19:02:15][INFO] Email SMTP envoyé avec succès à Cyrille.Galas@caissedesdepots.fr 
[2026-03-11 19:02:15][INFO] Email envoyé avec succès à Cyrille.Galas@caissedesdepots.fr 
[2026-03-11 19:02:15][INFO] Envoi email à f.ribot@videosonic.fr avec 0 pièce(s) jointe(s) 
[2026-03-11 19:02:15][INFO] TLS activé avec la méthode: 65 
[2026-03-11 19:02:15][INFO] Email SMTP envoyé avec succès à f.ribot@videosonic.fr 
[2026-03-11 19:02:15][INFO] Email envoyé avec succès à f.ribot@videosonic.fr 
[2026-03-11 19:02:15][INFO] Email envoyé avec succès pour l'intervention 282 via template 2 
[2026-03-13 10:39:43][INFO] Envoi automatique de création désactivé pour l'intervention 283 
[2026-03-16 10:17:05][INFO] Envoi automatique de création désactivé pour l'intervention 284 
[2026-03-16 16:02:26][INFO] Envoi automatique de création désactivé pour l'intervention 285 
[2026-03-16 16:09:49][INFO] Envoi automatique de création désactivé pour l'intervention 286 
[2026-03-16 17:37:10][INFO] Envoi automatique de création désactivé pour l'intervention 287 
[2026-03-16 17:41:53][INFO] Envoi automatique de création désactivé pour l'intervention 288 
[2026-03-27 13:11:02][INFO] Envoi automatique de création désactivé pour l'intervention 289 
[2026-03-27 13:11:02][INFO] Envoi email à adv@videosonic.fr avec 0 pièce(s) jointe(s) 
[2026-03-27 13:11:23][ERROR] Erreur lors de l'envoi de l'email SMTP: Impossible de se connecter au serveur SMTP (172.20.64.14:587): Une tentative de connexion a échoué car le parti connecté n’a pas répondu convenablement au-delà d’une certaine durée ou une connexion établie a échoué car l’hôte de connexion n’a pas répondu (code: 10060) 
[2026-03-27 13:11:23][ERROR] Erreur envoi email à adv@videosonic.fr : Impossible de se connecter au serveur SMTP (172.20.64.14:587): Une tentative de connexion a échoué car le parti connecté n’a pas répondu convenablement au-delà d’une certaine durée ou une connexion établie a échoué car l’hôte de connexion n’a pas répondu (code: 10060) 
[2026-03-27 13:11:23][ERROR] Erreur lors de l'envoi de l'email : Impossible de se connecter au serveur SMTP (172.20.64.14:587): Une tentative de connexion a échoué car le parti connecté n’a pas répondu convenablement au-delà d’une certaine durée ou une connexion établie a échoué car l’hôte de connexion n’a pas répondu (code: 10060) {"intervention_id":"289","mail_host":"172.20.64.14","mail_port":"587","mail_encryption":"tls","mail_from_address":"avision@caspeo.fr","oauth2_enabled":"0"}
[2026-03-27 13:11:23][ERROR] Erreur envoi email affectation technicien intervention 289 : Impossible de se connecter au serveur SMTP (172.20.64.14:587): Une tentative de connexion a échoué car le parti connecté n’a pas répondu convenablement au-delà d’une certaine durée ou une connexion établie a échoué car l’hôte de connexion n’a pas répondu (code: 10060) 
[2026-03-27 13:11:23][WARNING] Échec de l'envoi de l'email de notification au technicien 2 pour l'intervention 289 
[2026-03-27 13:11:23][INFO] Envoi automatique de création désactivé pour l'intervention 290 
[2026-03-27 13:11:23][INFO] Envoi email à adv@videosonic.fr avec 0 pièce(s) jointe(s) 
[2026-03-27 13:11:44][ERROR] Erreur lors de l'envoi de l'email SMTP: Impossible de se connecter au serveur SMTP (172.20.64.14:587): Une tentative de connexion a échoué car le parti connecté n’a pas répondu convenablement au-delà d’une certaine durée ou une connexion établie a échoué car l’hôte de connexion n’a pas répondu (code: 10060) 
[2026-03-27 13:11:44][ERROR] Erreur envoi email à adv@videosonic.fr : Impossible de se connecter au serveur SMTP (172.20.64.14:587): Une tentative de connexion a échoué car le parti connecté n’a pas répondu convenablement au-delà d’une certaine durée ou une connexion établie a échoué car l’hôte de connexion n’a pas répondu (code: 10060) 
[2026-03-27 13:11:44][ERROR] Erreur lors de l'envoi de l'email : Impossible de se connecter au serveur SMTP (172.20.64.14:587): Une tentative de connexion a échoué car le parti connecté n’a pas répondu convenablement au-delà d’une certaine durée ou une connexion établie a échoué car l’hôte de connexion n’a pas répondu (code: 10060) {"intervention_id":"290","mail_host":"172.20.64.14","mail_port":"587","mail_encryption":"tls","mail_from_address":"avision@caspeo.fr","oauth2_enabled":"0"}
[2026-03-27 13:11:44][ERROR] Erreur envoi email affectation technicien intervention 290 : Impossible de se connecter au serveur SMTP (172.20.64.14:587): Une tentative de connexion a échoué car le parti connecté n’a pas répondu convenablement au-delà d’une certaine durée ou une connexion établie a échoué car l’hôte de connexion n’a pas répondu (code: 10060) 
[2026-03-27 13:11:44][WARNING] Échec de l'envoi de l'email de notification au technicien 2 pour l'intervention 290 
[2026-03-27 13:13:56][INFO] Envoi automatique de création désactivé pour l'intervention 291 
[2026-03-27 13:17:10][INFO] Envoi automatique de création désactivé pour l'intervention 292 
[2026-03-27 13:21:37][INFO] Envoi automatique de création désactivé pour l'intervention 293 
[2026-03-27 13:23:17][INFO] Envoi automatique de création désactivé pour l'intervention 294 
[2026-03-27 13:41:46][INFO] Envoi automatique de création désactivé pour l'intervention 295 
[2026-03-27 13:44:02][INFO] Envoi automatique de création désactivé pour l'intervention 296 
[2026-03-30 14:39:41][INFO] Envoi automatique de création désactivé pour l'intervention 297 
[2026-03-30 14:39:41][INFO] Envoi email à dev_mdg@caspeo.fr avec 0 pièce(s) jointe(s) 
[2026-03-30 14:40:02][ERROR] Erreur lors de l'envoi de l'email SMTP: Impossible de se connecter au serveur SMTP (172.20.64.14:587): Une tentative de connexion a échoué car le parti connecté n’a pas répondu convenablement au-delà d’une certaine durée ou une connexion établie a échoué car l’hôte de connexion n’a pas répondu (code: 10060) 
[2026-03-30 14:40:02][ERROR] Erreur envoi email à dev_mdg@caspeo.fr : Impossible de se connecter au serveur SMTP (172.20.64.14:587): Une tentative de connexion a échoué car le parti connecté n’a pas répondu convenablement au-delà d’une certaine durée ou une connexion établie a échoué car l’hôte de connexion n’a pas répondu (code: 10060) 
[2026-03-30 14:40:02][ERROR] Erreur lors de l'envoi de l'email : Impossible de se connecter au serveur SMTP (172.20.64.14:587): Une tentative de connexion a échoué car le parti connecté n’a pas répondu convenablement au-delà d’une certaine durée ou une connexion établie a échoué car l’hôte de connexion n’a pas répondu (code: 10060) {"intervention_id":"297","mail_host":"172.20.64.14","mail_port":"587","mail_encryption":"tls","mail_from_address":"avision@caspeo.fr","oauth2_enabled":"0"}
[2026-03-30 14:40:02][ERROR] Erreur envoi email affectation technicien intervention 297 : Impossible de se connecter au serveur SMTP (172.20.64.14:587): Une tentative de connexion a échoué car le parti connecté n’a pas répondu convenablement au-delà d’une certaine durée ou une connexion établie a échoué car l’hôte de connexion n’a pas répondu (code: 10060) 
[2026-03-30 14:40:02][WARNING] Échec de l'envoi de l'email de notification au technicien 40 pour l'intervention 297 
[2026-03-30 14:46:41][INFO] Envoi automatique de création désactivé pour l'intervention 298 
[2026-03-30 14:46:41][INFO] Envoi email à dev_mdg@caspeo.fr avec 0 pièce(s) jointe(s) 
[2026-03-30 14:47:02][ERROR] Erreur lors de l'envoi de l'email SMTP: Impossible de se connecter au serveur SMTP (172.20.64.14:587): Une tentative de connexion a échoué car le parti connecté n’a pas répondu convenablement au-delà d’une certaine durée ou une connexion établie a échoué car l’hôte de connexion n’a pas répondu (code: 10060) 
[2026-03-30 14:47:02][ERROR] Erreur envoi email à dev_mdg@caspeo.fr : Impossible de se connecter au serveur SMTP (172.20.64.14:587): Une tentative de connexion a échoué car le parti connecté n’a pas répondu convenablement au-delà d’une certaine durée ou une connexion établie a échoué car l’hôte de connexion n’a pas répondu (code: 10060) 
[2026-03-30 14:47:02][ERROR] Erreur lors de l'envoi de l'email : Impossible de se connecter au serveur SMTP (172.20.64.14:587): Une tentative de connexion a échoué car le parti connecté n’a pas répondu convenablement au-delà d’une certaine durée ou une connexion établie a échoué car l’hôte de connexion n’a pas répondu (code: 10060) {"intervention_id":"298","mail_host":"172.20.64.14","mail_port":"587","mail_encryption":"tls","mail_from_address":"avision@caspeo.fr","oauth2_enabled":"0"}
[2026-03-30 14:47:02][ERROR] Erreur envoi email affectation technicien intervention 298 : Impossible de se connecter au serveur SMTP (172.20.64.14:587): Une tentative de connexion a échoué car le parti connecté n’a pas répondu convenablement au-delà d’une certaine durée ou une connexion établie a échoué car l’hôte de connexion n’a pas répondu (code: 10060) 
[2026-03-30 14:47:02][WARNING] Échec de l'envoi de l'email de notification au technicien 40 pour l'intervention 298 
[2026-03-30 14:54:50][INFO] Envoi automatique de création désactivé pour l'intervention 299 
[2026-03-30 14:54:50][INFO] Envoi email à dev_mdg@caspeo.fr avec 0 pièce(s) jointe(s) 
[2026-03-30 14:55:11][ERROR] Erreur lors de l'envoi de l'email SMTP: Impossible de se connecter au serveur SMTP (172.20.64.14:587): Une tentative de connexion a échoué car le parti connecté n’a pas répondu convenablement au-delà d’une certaine durée ou une connexion établie a échoué car l’hôte de connexion n’a pas répondu (code: 10060) 
[2026-03-30 14:55:11][ERROR] Erreur envoi email à dev_mdg@caspeo.fr : Impossible de se connecter au serveur SMTP (172.20.64.14:587): Une tentative de connexion a échoué car le parti connecté n’a pas répondu convenablement au-delà d’une certaine durée ou une connexion établie a échoué car l’hôte de connexion n’a pas répondu (code: 10060) 
[2026-03-30 14:55:11][ERROR] Erreur lors de l'envoi de l'email : Impossible de se connecter au serveur SMTP (172.20.64.14:587): Une tentative de connexion a échoué car le parti connecté n’a pas répondu convenablement au-delà d’une certaine durée ou une connexion établie a échoué car l’hôte de connexion n’a pas répondu (code: 10060) {"intervention_id":"299","mail_host":"172.20.64.14","mail_port":"587","mail_encryption":"tls","mail_from_address":"avision@caspeo.fr","oauth2_enabled":"0"}
[2026-03-30 14:55:11][ERROR] Erreur envoi email affectation technicien intervention 299 : Impossible de se connecter au serveur SMTP (172.20.64.14:587): Une tentative de connexion a échoué car le parti connecté n’a pas répondu convenablement au-delà d’une certaine durée ou une connexion établie a échoué car l’hôte de connexion n’a pas répondu (code: 10060) 
[2026-03-30 14:55:11][WARNING] Échec de l'envoi de l'email de notification au technicien 42 pour l'intervention 299 
[2026-03-30 15:00:27][INFO] Envoi automatique de création désactivé pour l'intervention 300 
[2026-03-30 15:00:27][INFO] Envoi email à karijatsilefilaza@gmail.com avec 0 pièce(s) jointe(s) 
[2026-03-30 15:00:48][ERROR] Erreur lors de l'envoi de l'email SMTP: Impossible de se connecter au serveur SMTP (172.20.64.14:587): Une tentative de connexion a échoué car le parti connecté n’a pas répondu convenablement au-delà d’une certaine durée ou une connexion établie a échoué car l’hôte de connexion n’a pas répondu (code: 10060) 
[2026-03-30 15:00:48][ERROR] Erreur envoi email à karijatsilefilaza@gmail.com : Impossible de se connecter au serveur SMTP (172.20.64.14:587): Une tentative de connexion a échoué car le parti connecté n’a pas répondu convenablement au-delà d’une certaine durée ou une connexion établie a échoué car l’hôte de connexion n’a pas répondu (code: 10060) 
[2026-03-30 15:00:48][ERROR] Erreur lors de l'envoi de l'email : Impossible de se connecter au serveur SMTP (172.20.64.14:587): Une tentative de connexion a échoué car le parti connecté n’a pas répondu convenablement au-delà d’une certaine durée ou une connexion établie a échoué car l’hôte de connexion n’a pas répondu (code: 10060) {"intervention_id":"300","mail_host":"172.20.64.14","mail_port":"587","mail_encryption":"tls","mail_from_address":"avision@caspeo.fr","oauth2_enabled":"0"}
[2026-03-30 15:00:48][ERROR] Erreur envoi email affectation technicien intervention 300 : Impossible de se connecter au serveur SMTP (172.20.64.14:587): Une tentative de connexion a échoué car le parti connecté n’a pas répondu convenablement au-delà d’une certaine durée ou une connexion établie a échoué car l’hôte de connexion n’a pas répondu (code: 10060) 
[2026-03-30 15:00:48][WARNING] Échec de l'envoi de l'email de notification au technicien 43 pour l'intervention 300 
[2026-04-14 15:16:20][INFO] Envoi automatique de création désactivé pour l'intervention 301 
[2026-04-14 15:24:57][INFO] Envoi automatique de création désactivé pour l'intervention 302 
[2026-04-14 15:29:40][INFO] Envoi automatique de création désactivé pour l'intervention 303 
[2026-04-14 15:31:50][INFO] Envoi automatique de création désactivé pour l'intervention 304 
[2026-04-14 15:37:51][INFO] Envoi automatique de création désactivé pour l'intervention 305 
[2026-04-14 15:39:18][INFO] Envoi automatique de création désactivé pour l'intervention 306 
[2026-04-14 15:56:18][INFO] Envoi automatique de création désactivé pour l'intervention 307 
[2026-04-14 16:05:23][INFO] Envoi automatique de création désactivé pour l'intervention 308 
[2026-04-14 16:06:21][INFO] Envoi automatique de création désactivé pour l'intervention 309 
[2026-04-14 16:18:37][INFO] Envoi automatique de création désactivé pour l'intervention 310 
[2026-04-15 09:24:21][INFO] Envoi automatique de création désactivé pour l'intervention 311 
[2026-04-15 09:26:18][INFO] Envoi automatique de création désactivé pour l'intervention 312 
[2026-04-16 15:45:08][INFO] Envoi email à dev_mdg@caspeo.fr avec 0 pièce(s) jointe(s) 
[2026-04-16 15:45:29][ERROR] Erreur lors de l'envoi de l'email SMTP: Impossible de se connecter au serveur SMTP (172.20.64.14:587): Une tentative de connexion a échoué car le parti connecté n’a pas répondu convenablement au-delà d’une certaine durée ou une connexion établie a échoué car l’hôte de connexion n’a pas répondu (code: 10060) 
[2026-04-16 15:45:29][ERROR] Erreur envoi email à dev_mdg@caspeo.fr : Impossible de se connecter au serveur SMTP (172.20.64.14:587): Une tentative de connexion a échoué car le parti connecté n’a pas répondu convenablement au-delà d’une certaine durée ou une connexion établie a échoué car l’hôte de connexion n’a pas répondu (code: 10060) 
[2026-04-16 15:45:29][ERROR] Erreur lors de l'envoi de l'email : Impossible de se connecter au serveur SMTP (172.20.64.14:587): Une tentative de connexion a échoué car le parti connecté n’a pas répondu convenablement au-delà d’une certaine durée ou une connexion établie a échoué car l’hôte de connexion n’a pas répondu (code: 10060) {"intervention_id":312,"mail_host":"172.20.64.14","mail_port":"587","mail_encryption":"tls","mail_from_address":"avision@caspeo.fr","oauth2_enabled":"0"}
[2026-04-16 15:45:29][ERROR] Erreur envoi email affectation technicien intervention 312 : Impossible de se connecter au serveur SMTP (172.20.64.14:587): Une tentative de connexion a échoué car le parti connecté n’a pas répondu convenablement au-delà d’une certaine durée ou une connexion établie a échoué car l’hôte de connexion n’a pas répondu (code: 10060) 
[2026-04-16 15:45:29][WARNING] Échec email tech 42 
[2026-04-16 15:46:36][INFO] Envoi email à dev_mdg@caspeo.fr avec 0 pièce(s) jointe(s) 
[2026-04-16 15:46:57][ERROR] Erreur lors de l'envoi de l'email SMTP: Impossible de se connecter au serveur SMTP (172.20.64.14:587): Une tentative de connexion a échoué car le parti connecté n’a pas répondu convenablement au-delà d’une certaine durée ou une connexion établie a échoué car l’hôte de connexion n’a pas répondu (code: 10060) 
[2026-04-16 15:46:57][ERROR] Erreur envoi email à dev_mdg@caspeo.fr : Impossible de se connecter au serveur SMTP (172.20.64.14:587): Une tentative de connexion a échoué car le parti connecté n’a pas répondu convenablement au-delà d’une certaine durée ou une connexion établie a échoué car l’hôte de connexion n’a pas répondu (code: 10060) 
[2026-04-16 15:46:57][ERROR] Erreur lors de l'envoi de l'email : Impossible de se connecter au serveur SMTP (172.20.64.14:587): Une tentative de connexion a échoué car le parti connecté n’a pas répondu convenablement au-delà d’une certaine durée ou une connexion établie a échoué car l’hôte de connexion n’a pas répondu (code: 10060) {"intervention_id":312,"mail_host":"172.20.64.14","mail_port":"587","mail_encryption":"tls","mail_from_address":"avision@caspeo.fr","oauth2_enabled":"0"}
[2026-04-16 15:46:57][ERROR] Erreur envoi email affectation technicien intervention 312 : Impossible de se connecter au serveur SMTP (172.20.64.14:587): Une tentative de connexion a échoué car le parti connecté n’a pas répondu convenablement au-delà d’une certaine durée ou une connexion établie a échoué car l’hôte de connexion n’a pas répondu (code: 10060) 
[2026-04-16 15:46:57][WARNING] Échec email tech 42 
[2026-04-16 15:48:34][INFO] Envoi email à dev_mdg@caspeo.fr avec 0 pièce(s) jointe(s) 
[2026-04-16 15:48:55][ERROR] Erreur lors de l'envoi de l'email SMTP: Impossible de se connecter au serveur SMTP (172.20.64.14:587): Une tentative de connexion a échoué car le parti connecté n’a pas répondu convenablement au-delà d’une certaine durée ou une connexion établie a échoué car l’hôte de connexion n’a pas répondu (code: 10060) 
[2026-04-16 15:48:55][ERROR] Erreur envoi email à dev_mdg@caspeo.fr : Impossible de se connecter au serveur SMTP (172.20.64.14:587): Une tentative de connexion a échoué car le parti connecté n’a pas répondu convenablement au-delà d’une certaine durée ou une connexion établie a échoué car l’hôte de connexion n’a pas répondu (code: 10060) 
[2026-04-16 15:48:55][ERROR] Erreur lors de l'envoi de l'email : Impossible de se connecter au serveur SMTP (172.20.64.14:587): Une tentative de connexion a échoué car le parti connecté n’a pas répondu convenablement au-delà d’une certaine durée ou une connexion établie a échoué car l’hôte de connexion n’a pas répondu (code: 10060) {"intervention_id":312,"mail_host":"172.20.64.14","mail_port":"587","mail_encryption":"tls","mail_from_address":"avision@caspeo.fr","oauth2_enabled":"0"}
[2026-04-16 15:48:55][ERROR] Erreur envoi email affectation technicien intervention 312 : Impossible de se connecter au serveur SMTP (172.20.64.14:587): Une tentative de connexion a échoué car le parti connecté n’a pas répondu convenablement au-delà d’une certaine durée ou une connexion établie a échoué car l’hôte de connexion n’a pas répondu (code: 10060) 
[2026-04-16 15:48:55][WARNING] Échec email tech 42 
[2026-04-16 16:08:43][INFO] Envoi email à dev_mdg@caspeo.fr avec 0 pièce(s) jointe(s) 
[2026-04-16 16:09:04][ERROR] Erreur lors de l'envoi de l'email SMTP: Impossible de se connecter au serveur SMTP (172.20.64.14:587): Une tentative de connexion a échoué car le parti connecté n’a pas répondu convenablement au-delà d’une certaine durée ou une connexion établie a échoué car l’hôte de connexion n’a pas répondu (code: 10060) 
[2026-04-16 16:09:04][ERROR] Erreur envoi email à dev_mdg@caspeo.fr : Impossible de se connecter au serveur SMTP (172.20.64.14:587): Une tentative de connexion a échoué car le parti connecté n’a pas répondu convenablement au-delà d’une certaine durée ou une connexion établie a échoué car l’hôte de connexion n’a pas répondu (code: 10060) 
[2026-04-16 16:09:04][ERROR] Erreur lors de l'envoi de l'email : Impossible de se connecter au serveur SMTP (172.20.64.14:587): Une tentative de connexion a échoué car le parti connecté n’a pas répondu convenablement au-delà d’une certaine durée ou une connexion établie a échoué car l’hôte de connexion n’a pas répondu (code: 10060) {"intervention_id":312,"mail_host":"172.20.64.14","mail_port":"587","mail_encryption":"tls","mail_from_address":"avision@caspeo.fr","oauth2_enabled":"0"}
[2026-04-16 16:09:04][ERROR] Erreur envoi email affectation technicien intervention 312 : Impossible de se connecter au serveur SMTP (172.20.64.14:587): Une tentative de connexion a échoué car le parti connecté n’a pas répondu convenablement au-delà d’une certaine durée ou une connexion établie a échoué car l’hôte de connexion n’a pas répondu (code: 10060) 
[2026-04-20 08:39:35][INFO] Envoi email à dev_mdg@caspeo.fr avec 0 pièce(s) jointe(s) 
[2026-04-20 08:39:56][ERROR] Erreur lors de l'envoi de l'email SMTP: Impossible de se connecter au serveur SMTP (172.20.64.14:587): Une tentative de connexion a échoué car le parti connecté n’a pas répondu convenablement au-delà d’une certaine durée ou une connexion établie a échoué car l’hôte de connexion n’a pas répondu (code: 10060) 
[2026-04-20 08:39:56][ERROR] Erreur envoi email à dev_mdg@caspeo.fr : Impossible de se connecter au serveur SMTP (172.20.64.14:587): Une tentative de connexion a échoué car le parti connecté n’a pas répondu convenablement au-delà d’une certaine durée ou une connexion établie a échoué car l’hôte de connexion n’a pas répondu (code: 10060) 
[2026-04-20 08:39:56][ERROR] Erreur lors de l'envoi de l'email : Impossible de se connecter au serveur SMTP (172.20.64.14:587): Une tentative de connexion a échoué car le parti connecté n’a pas répondu convenablement au-delà d’une certaine durée ou une connexion établie a échoué car l’hôte de connexion n’a pas répondu (code: 10060) {"intervention_id":"166","mail_host":"172.20.64.14","mail_port":"587","mail_encryption":"tls","mail_from_address":"avision@caspeo.fr","oauth2_enabled":"0"}
[2026-04-20 08:39:56][ERROR] Erreur envoi email affectation technicien intervention 166 : Impossible de se connecter au serveur SMTP (172.20.64.14:587): Une tentative de connexion a échoué car le parti connecté n’a pas répondu convenablement au-delà d’une certaine durée ou une connexion établie a échoué car l’hôte de connexion n’a pas répondu (code: 10060) 
[2026-04-20 08:39:56][WARNING] Échec de l'envoi de l'email de notification au technicien 42 pour l'intervention 166 
[2026-04-20 10:12:58][INFO] Envoi email à dev_mdg@caspeo.fr avec 0 pièce(s) jointe(s) 
[2026-04-20 10:13:19][ERROR] Erreur lors de l'envoi de l'email SMTP: Impossible de se connecter au serveur SMTP (172.20.64.14:587): Une tentative de connexion a échoué car le parti connecté n’a pas répondu convenablement au-delà d’une certaine durée ou une connexion établie a échoué car l’hôte de connexion n’a pas répondu (code: 10060) 
[2026-04-20 10:13:19][ERROR] Erreur envoi email à dev_mdg@caspeo.fr : Impossible de se connecter au serveur SMTP (172.20.64.14:587): Une tentative de connexion a échoué car le parti connecté n’a pas répondu convenablement au-delà d’une certaine durée ou une connexion établie a échoué car l’hôte de connexion n’a pas répondu (code: 10060) 
[2026-04-20 10:13:19][ERROR] Erreur lors de l'envoi de l'email : Impossible de se connecter au serveur SMTP (172.20.64.14:587): Une tentative de connexion a échoué car le parti connecté n’a pas répondu convenablement au-delà d’une certaine durée ou une connexion établie a échoué car l’hôte de connexion n’a pas répondu (code: 10060) {"intervention_id":"166","mail_host":"172.20.64.14","mail_port":"587","mail_encryption":"tls","mail_from_address":"avision@caspeo.fr","oauth2_enabled":"0"}
[2026-04-20 10:13:19][ERROR] Erreur envoi email affectation technicien intervention 166 : Impossible de se connecter au serveur SMTP (172.20.64.14:587): Une tentative de connexion a échoué car le parti connecté n’a pas répondu convenablement au-delà d’une certaine durée ou une connexion établie a échoué car l’hôte de connexion n’a pas répondu (code: 10060) 
[2026-04-20 10:13:19][WARNING] Échec de l'envoi de l'email de notification au technicien 42 pour l'intervention 166 
[2026-04-20 10:21:44][INFO] Envoi email à dev_mdg@caspeo.fr avec 0 pièce(s) jointe(s) 
[2026-04-20 10:22:05][ERROR] Erreur lors de l'envoi de l'email SMTP: Impossible de se connecter au serveur SMTP (172.20.64.14:587): Une tentative de connexion a échoué car le parti connecté n’a pas répondu convenablement au-delà d’une certaine durée ou une connexion établie a échoué car l’hôte de connexion n’a pas répondu (code: 10060) 
[2026-04-20 10:22:05][ERROR] Erreur envoi email à dev_mdg@caspeo.fr : Impossible de se connecter au serveur SMTP (172.20.64.14:587): Une tentative de connexion a échoué car le parti connecté n’a pas répondu convenablement au-delà d’une certaine durée ou une connexion établie a échoué car l’hôte de connexion n’a pas répondu (code: 10060) 
[2026-04-20 10:22:05][ERROR] Erreur lors de l'envoi de l'email : Impossible de se connecter au serveur SMTP (172.20.64.14:587): Une tentative de connexion a échoué car le parti connecté n’a pas répondu convenablement au-delà d’une certaine durée ou une connexion établie a échoué car l’hôte de connexion n’a pas répondu (code: 10060) {"intervention_id":"166","mail_host":"172.20.64.14","mail_port":"587","mail_encryption":"tls","mail_from_address":"avision@caspeo.fr","oauth2_enabled":"0"}
[2026-04-20 10:22:05][ERROR] Erreur envoi email affectation technicien intervention 166 : Impossible de se connecter au serveur SMTP (172.20.64.14:587): Une tentative de connexion a échoué car le parti connecté n’a pas répondu convenablement au-delà d’une certaine durée ou une connexion établie a échoué car l’hôte de connexion n’a pas répondu (code: 10060) 
[2026-04-20 10:22:05][WARNING] Échec de l'envoi de l'email de notification au technicien 42 pour l'intervention 166 
[2026-04-28 13:44:33][INFO] Envoi automatique de création désactivé pour l'intervention 316 
[2026-04-29 15:08:11][INFO] Envoi automatique de création désactivé pour l'intervention 319 
[2026-04-29 15:21:29][INFO] Envoi automatique de création désactivé pour l'intervention 320 
[2026-04-29 15:23:10][INFO] Envoi automatique de création désactivé pour l'intervention 321 
[2026-04-29 15:24:22][INFO] Envoi automatique de création désactivé pour l'intervention 322 
[2026-04-29 15:57:05][INFO] Envoi automatique de création désactivé pour l'intervention 323 
[2026-04-29 16:00:19][INFO] Envoi automatique de création désactivé pour l'intervention 324 
[2026-04-29 16:02:11][INFO] Envoi automatique de création désactivé pour l'intervention 325 
[2026-04-29 16:02:51][INFO] Envoi automatique de création désactivé pour l'intervention 326 
[2026-05-06 11:08:00][INFO] Envoi automatique de création désactivé pour l'intervention 327 
[2026-05-17 11:18:24][ERROR] Erreur envoi email fermeture intervention 1 : Aucun destinataire trouvé pour l'intervention 1 
[2026-05-17 11:21:24][ERROR] Erreur envoi email fermeture intervention 1 : Aucun destinataire trouvé pour l'intervention 1 
[2026-05-17 11:24:22][ERROR] Erreur envoi email fermeture intervention 1 : Aucun destinataire trouvé pour l'intervention 1 
[2026-05-17 11:24:51][ERROR] Erreur envoi email fermeture intervention 1 : Aucun destinataire trouvé pour l'intervention 1 
[2026-05-17 11:25:22][ERROR] Erreur envoi email fermeture intervention 1 : Aucun destinataire trouvé pour l'intervention 1 
[2026-05-17 21:22:25][INFO] Envoi email à test@gmail.com avec 0 pièce(s) jointe(s) 
[2026-05-17 21:22:46][ERROR] Erreur lors de l'envoi de l'email SMTP: Impossible de se connecter au serveur SMTP (172.20.64.14:587): Une tentative de connexion a échoué car le parti connecté n’a pas répondu convenablement au-delà d’une certaine durée ou une connexion établie a échoué car l’hôte de connexion n’a pas répondu (code: 10060) 
[2026-05-17 21:22:46][ERROR] Erreur envoi email à test@gmail.com : Impossible de se connecter au serveur SMTP (172.20.64.14:587): Une tentative de connexion a échoué car le parti connecté n’a pas répondu convenablement au-delà d’une certaine durée ou une connexion établie a échoué car l’hôte de connexion n’a pas répondu (code: 10060) 
[2026-05-17 21:22:46][ERROR] Erreur lors de l'envoi de l'email : Impossible de se connecter au serveur SMTP (172.20.64.14:587): Une tentative de connexion a échoué car le parti connecté n’a pas répondu convenablement au-delà d’une certaine durée ou une connexion établie a échoué car l’hôte de connexion n’a pas répondu (code: 10060) {"intervention_id":"302","mail_host":"172.20.64.14","mail_port":"587","mail_encryption":"tls","mail_from_address":"avision@caspeo.fr","oauth2_enabled":"0"}
[2026-05-17 21:22:46][ERROR] Erreur envoi email fermeture intervention 302 : Impossible de se connecter au serveur SMTP (172.20.64.14:587): Une tentative de connexion a échoué car le parti connecté n’a pas répondu convenablement au-delà d’une certaine durée ou une connexion établie a échoué car l’hôte de connexion n’a pas répondu (code: 10060) 
[2026-05-18 08:09:09][INFO] Envoi automatique de création désactivé pour l'intervention 330 
[2026-05-18 08:30:07][ERROR] Erreur envoi email fermeture intervention 330 : Aucun destinataire trouvé pour l'intervention 330 
[2026-05-18 08:32:19][ERROR] Erreur envoi email fermeture intervention 330 : Aucun destinataire trouvé pour l'intervention 330 
[2026-05-18 09:54:15][ERROR] Erreur envoi email fermeture intervention 330 : Aucun destinataire trouvé pour l'intervention 330 
[2026-05-18 10:17:20][ERROR] Erreur envoi email fermeture intervention 330 : Aucun destinataire trouvé pour l'intervention 330 
[2026-05-18 10:21:04][ERROR] Erreur envoi email fermeture intervention 330 : Aucun destinataire trouvé pour l'intervention 330 
[2026-05-18 10:25:37][ERROR] Erreur envoi email fermeture intervention 330 : Aucun destinataire trouvé pour l'intervention 330 
[2026-05-18 10:27:23][ERROR] Erreur envoi email fermeture intervention 330 : Aucun destinataire trouvé pour l'intervention 330 
[2026-05-18 10:37:33][ERROR] Erreur envoi email fermeture intervention 330 : Aucun destinataire trouvé pour l'intervention 330 
[2026-05-18 10:46:35][ERROR] Erreur envoi email fermeture intervention 330 : Aucun destinataire trouvé pour l'intervention 330 
[2026-05-18 10:52:52][ERROR] Erreur envoi email fermeture intervention 330 : Aucun destinataire trouvé pour l'intervention 330 
[2026-05-18 11:35:38][ERROR] Erreur envoi email fermeture intervention 330 : Aucun destinataire trouvé pour l'intervention 330 
[2026-05-18 11:43:30][ERROR] Erreur envoi email fermeture intervention 330 : Aucun destinataire trouvé pour l'intervention 330 
[2026-05-18 11:44:59][ERROR] Erreur envoi email fermeture intervention 330 : Aucun destinataire trouvé pour l'intervention 330 
[2026-05-18 11:46:12][ERROR] Erreur envoi email fermeture intervention 330 : Aucun destinataire trouvé pour l'intervention 330 
[2026-05-18 11:56:15][ERROR] Erreur envoi email fermeture intervention 330 : Aucun destinataire trouvé pour l'intervention 330 
[2026-05-18 12:00:10][ERROR] Erreur envoi email fermeture intervention 330 : Aucun destinataire trouvé pour l'intervention 330 
[2026-05-18 12:01:12][ERROR] Erreur envoi email fermeture intervention 330 : Aucun destinataire trouvé pour l'intervention 330 
[2026-05-18 12:06:02][ERROR] Erreur envoi email fermeture intervention 330 : Aucun destinataire trouvé pour l'intervention 330 
[2026-05-18 12:10:19][ERROR] Erreur envoi email fermeture intervention 330 : Aucun destinataire trouvé pour l'intervention 330 
[2026-05-18 12:12:11][ERROR] Erreur envoi email fermeture intervention 330 : Aucun destinataire trouvé pour l'intervention 330 
[2026-05-18 12:14:27][ERROR] Erreur envoi email fermeture intervention 330 : Aucun destinataire trouvé pour l'intervention 330 
[2026-05-18 12:19:00][ERROR] Erreur envoi email fermeture intervention 330 : Aucun destinataire trouvé pour l'intervention 330 
[2026-05-18 12:52:06][ERROR] Erreur envoi email fermeture intervention 330 : Aucun destinataire trouvé pour l'intervention 330 
[2026-05-19 15:33:27][ERROR] Erreur envoi email fermeture intervention 330 : Aucun destinataire trouvé pour l'intervention 330 
[2026-05-19 15:54:55][ERROR] Erreur envoi email fermeture intervention 330 : Aucun destinataire trouvé pour l'intervention 330 
[2026-05-22 13:13:06][INFO] Envoi email à dev_mdg@caspeo.fr avec 0 pièce(s) jointe(s) 
[2026-05-22 13:13:27][ERROR] Erreur lors de l'envoi de l'email SMTP: Impossible de se connecter au serveur SMTP (172.20.64.14:587): Une tentative de connexion a échoué car le parti connecté n’a pas répondu convenablement au-delà d’une certaine durée ou une connexion établie a échoué car l’hôte de connexion n’a pas répondu (code: 10060) 
[2026-05-22 13:13:27][ERROR] Erreur envoi email à dev_mdg@caspeo.fr : Impossible de se connecter au serveur SMTP (172.20.64.14:587): Une tentative de connexion a échoué car le parti connecté n’a pas répondu convenablement au-delà d’une certaine durée ou une connexion établie a échoué car l’hôte de connexion n’a pas répondu (code: 10060) 
[2026-05-22 13:13:27][ERROR] Erreur lors de l'envoi de l'email : Impossible de se connecter au serveur SMTP (172.20.64.14:587): Une tentative de connexion a échoué car le parti connecté n’a pas répondu convenablement au-delà d’une certaine durée ou une connexion établie a échoué car l’hôte de connexion n’a pas répondu (code: 10060) {"intervention_id":"330","mail_host":"172.20.64.14","mail_port":"587","mail_encryption":"tls","mail_from_address":"avision@caspeo.fr","oauth2_enabled":"0"}
[2026-05-22 13:13:27][ERROR] Erreur envoi email affectation technicien intervention 330 : Impossible de se connecter au serveur SMTP (172.20.64.14:587): Une tentative de connexion a échoué car le parti connecté n’a pas répondu convenablement au-delà d’une certaine durée ou une connexion établie a échoué car l’hôte de connexion n’a pas répondu (code: 10060) 
[2026-05-22 13:13:27][WARNING] Échec de l'envoi de l'email au technicien 39 
[2026-05-22 13:13:27][INFO] Envoi email à dev_mdg@caspeo.fr avec 0 pièce(s) jointe(s) 
[2026-05-22 13:13:48][ERROR] Erreur lors de l'envoi de l'email SMTP: Impossible de se connecter au serveur SMTP (172.20.64.14:587): Une tentative de connexion a échoué car le parti connecté n’a pas répondu convenablement au-delà d’une certaine durée ou une connexion établie a échoué car l’hôte de connexion n’a pas répondu (code: 10060) 
[2026-05-22 13:13:48][ERROR] Erreur envoi email à dev_mdg@caspeo.fr : Impossible de se connecter au serveur SMTP (172.20.64.14:587): Une tentative de connexion a échoué car le parti connecté n’a pas répondu convenablement au-delà d’une certaine durée ou une connexion établie a échoué car l’hôte de connexion n’a pas répondu (code: 10060) 
[2026-05-22 13:13:48][ERROR] Erreur lors de l'envoi de l'email : Impossible de se connecter au serveur SMTP (172.20.64.14:587): Une tentative de connexion a échoué car le parti connecté n’a pas répondu convenablement au-delà d’une certaine durée ou une connexion établie a échoué car l’hôte de connexion n’a pas répondu (code: 10060) {"intervention_id":"330","mail_host":"172.20.64.14","mail_port":"587","mail_encryption":"tls","mail_from_address":"avision@caspeo.fr","oauth2_enabled":"0"}
[2026-05-22 13:13:48][ERROR] Erreur envoi email affectation technicien intervention 330 : Impossible de se connecter au serveur SMTP (172.20.64.14:587): Une tentative de connexion a échoué car le parti connecté n’a pas répondu convenablement au-delà d’une certaine durée ou une connexion établie a échoué car l’hôte de connexion n’a pas répondu (code: 10060) 
[2026-05-22 13:13:48][WARNING] Échec de l'envoi de l'email au technicien 39 
[2026-05-22 14:08:56][INFO] Envoi email à dev_mdg@caspeo.fr avec 0 pièce(s) jointe(s) 
[2026-05-22 14:09:17][ERROR] Erreur lors de l'envoi de l'email SMTP: Impossible de se connecter au serveur SMTP (172.20.64.14:587): Une tentative de connexion a échoué car le parti connecté n’a pas répondu convenablement au-delà d’une certaine durée ou une connexion établie a échoué car l’hôte de connexion n’a pas répondu (code: 10060) 
[2026-05-22 14:09:17][ERROR] Erreur envoi email à dev_mdg@caspeo.fr : Impossible de se connecter au serveur SMTP (172.20.64.14:587): Une tentative de connexion a échoué car le parti connecté n’a pas répondu convenablement au-delà d’une certaine durée ou une connexion établie a échoué car l’hôte de connexion n’a pas répondu (code: 10060) 
[2026-05-22 14:09:17][ERROR] Erreur lors de l'envoi de l'email : Impossible de se connecter au serveur SMTP (172.20.64.14:587): Une tentative de connexion a échoué car le parti connecté n’a pas répondu convenablement au-delà d’une certaine durée ou une connexion établie a échoué car l’hôte de connexion n’a pas répondu (code: 10060) {"intervention_id":"330","mail_host":"172.20.64.14","mail_port":"587","mail_encryption":"tls","mail_from_address":"avision@caspeo.fr","oauth2_enabled":"0"}
[2026-05-22 14:09:17][ERROR] Erreur envoi email affectation technicien intervention 330 : Impossible de se connecter au serveur SMTP (172.20.64.14:587): Une tentative de connexion a échoué car le parti connecté n’a pas répondu convenablement au-delà d’une certaine durée ou une connexion établie a échoué car l’hôte de connexion n’a pas répondu (code: 10060) 
[2026-05-22 14:09:17][WARNING] Échec de l'envoi de l'email au technicien 39 
[2026-05-22 14:09:25][INFO] DEBUG sendEmail - POST reçu : {"csrf_token":"b3e18af56046d90f57a969ebf5343a3673873940b78c44c8f6d6df781adb0d47","template_id":"3"} 
[2026-05-22 14:09:25][INFO] Aucune pièce jointe sélectionnée dans le formulaire 
[2026-05-22 14:09:25][ERROR] Erreur envoi email personnalisé intervention 330 : Aucun destinataire trouvé pour l'intervention 330 
[2026-05-22 14:09:25][ERROR] Erreur lors de l'envoi de l'email pour intervention 330 : Aucun destinataire trouvé pour l'intervention 330 
[2026-05-22 14:12:33][INFO] DEBUG sendEmail - POST reçu : {"csrf_token":"b3e18af56046d90f57a969ebf5343a3673873940b78c44c8f6d6df781adb0d47","template_id":"3","attachments":["366"]} 
[2026-05-22 14:12:33][INFO] Pièces jointes sélectionnées reçues : [366] 
[2026-05-22 14:12:33][ERROR] Erreur envoi email personnalisé intervention 330 : Aucun destinataire trouvé pour l'intervention 330 
[2026-05-22 14:12:33][ERROR] Erreur lors de l'envoi de l'email pour intervention 330 : Aucun destinataire trouvé pour l'intervention 330 
[2026-05-22 14:22:23][INFO] DEBUG sendEmail - POST reçu : {"csrf_token":"b3e18af56046d90f57a969ebf5343a3673873940b78c44c8f6d6df781adb0d47","template_id":"3","attachments":["366"]} 
[2026-05-22 14:22:23][INFO] Pièces jointes sélectionnées reçues : [366] 
[2026-05-22 14:22:23][INFO] Traitement de 1 pièce(s) jointe(s) sélectionnée(s) 
[2026-05-22 14:22:23][INFO] Pièce jointe ajoutée : C:\xampp\htdocs\avision\uploads\interventions\330\1779451780_coursUML_compressed__1_.pdf (chemin DB: uploads/interventions/330/1779451780_coursUML_compressed__1_.pdf) 
[2026-05-22 14:22:23][INFO] Nombre total de pièces jointes à envoyer : 1 
[2026-05-22 14:22:23][INFO] Envoi email avec 1 pièce(s) jointe(s) pour intervention 330 
[2026-05-22 14:22:23][INFO]   - Pièce jointe : C:\xampp\htdocs\avision\uploads\interventions\330\1779451780_coursUML_compressed__1_.pdf (existe: OUI) 
[2026-05-22 14:22:23][INFO] Envoi email à dev_mdg@caspeo.fr avec 1 pièce(s) jointe(s) 
[2026-05-22 14:22:23][INFO]   PJ 1: C:\xampp\htdocs\avision\uploads\interventions\330\1779451780_coursUML_compressed__1_.pdf (existe: OUI, taille: 1248321 bytes) 
[2026-05-22 14:22:44][ERROR] Erreur lors de l'envoi de l'email SMTP: Impossible de se connecter au serveur SMTP (172.20.64.14:587): Une tentative de connexion a échoué car le parti connecté n’a pas répondu convenablement au-delà d’une certaine durée ou une connexion établie a échoué car l’hôte de connexion n’a pas répondu (code: 10060) 
[2026-05-22 14:22:44][ERROR] Erreur envoi email à dev_mdg@caspeo.fr : Impossible de se connecter au serveur SMTP (172.20.64.14:587): Une tentative de connexion a échoué car le parti connecté n’a pas répondu convenablement au-delà d’une certaine durée ou une connexion établie a échoué car l’hôte de connexion n’a pas répondu (code: 10060) 
[2026-05-22 14:22:44][ERROR] Erreur lors de l'envoi de l'email : Impossible de se connecter au serveur SMTP (172.20.64.14:587): Une tentative de connexion a échoué car le parti connecté n’a pas répondu convenablement au-delà d’une certaine durée ou une connexion établie a échoué car l’hôte de connexion n’a pas répondu (code: 10060) {"intervention_id":"330","mail_host":"172.20.64.14","mail_port":"587","mail_encryption":"tls","mail_from_address":"avision@caspeo.fr","oauth2_enabled":"0"}
[2026-05-22 14:22:44][ERROR] Erreur envoi email personnalisé intervention 330 : Impossible de se connecter au serveur SMTP (172.20.64.14:587): Une tentative de connexion a échoué car le parti connecté n’a pas répondu convenablement au-delà d’une certaine durée ou une connexion établie a échoué car l’hôte de connexion n’a pas répondu (code: 10060) 
[2026-05-22 14:22:44][ERROR] Erreur lors de l'envoi de l'email pour intervention 330 : Impossible de se connecter au serveur SMTP (172.20.64.14:587): Une tentative de connexion a échoué car le parti connecté n’a pas répondu convenablement au-delà d’une certaine durée ou une connexion établie a échoué car l’hôte de connexion n’a pas répondu (code: 10060) 
[2026-05-22 14:56:58][INFO] Envoi email à dev_mdg@caspeo.fr avec 0 pièce(s) jointe(s) 
[2026-05-22 14:57:19][ERROR] Erreur lors de l'envoi de l'email SMTP: Impossible de se connecter au serveur SMTP (172.20.64.14:587): Une tentative de connexion a échoué car le parti connecté n’a pas répondu convenablement au-delà d’une certaine durée ou une connexion établie a échoué car l’hôte de connexion n’a pas répondu (code: 10060) 
[2026-05-22 14:57:19][ERROR] Erreur envoi email à dev_mdg@caspeo.fr : Impossible de se connecter au serveur SMTP (172.20.64.14:587): Une tentative de connexion a échoué car le parti connecté n’a pas répondu convenablement au-delà d’une certaine durée ou une connexion établie a échoué car l’hôte de connexion n’a pas répondu (code: 10060) 
[2026-05-22 14:57:19][ERROR] Erreur lors de l'envoi de l'email : Impossible de se connecter au serveur SMTP (172.20.64.14:587): Une tentative de connexion a échoué car le parti connecté n’a pas répondu convenablement au-delà d’une certaine durée ou une connexion établie a échoué car l’hôte de connexion n’a pas répondu (code: 10060) {"intervention_id":"330","mail_host":"172.20.64.14","mail_port":"587","mail_encryption":"tls","mail_from_address":"avision@caspeo.fr","oauth2_enabled":"0"}
[2026-05-22 14:57:19][ERROR] Erreur envoi email fermeture intervention 330 : Impossible de se connecter au serveur SMTP (172.20.64.14:587): Une tentative de connexion a échoué car le parti connecté n’a pas répondu convenablement au-delà d’une certaine durée ou une connexion établie a échoué car l’hôte de connexion n’a pas répondu (code: 10060) 
[2026-05-26 08:54:03][INFO] Envoi email à dev_mdg@caspeo.fr avec 0 pièce(s) jointe(s) 
[2026-05-26 08:54:24][ERROR] Erreur lors de l'envoi de l'email SMTP: Impossible de se connecter au serveur SMTP (172.20.64.14:587): Une tentative de connexion a échoué car le parti connecté n’a pas répondu convenablement au-delà d’une certaine durée ou une connexion établie a échoué car l’hôte de connexion n’a pas répondu (code: 10060) 
[2026-05-26 08:54:24][ERROR] Erreur envoi email à dev_mdg@caspeo.fr : Impossible de se connecter au serveur SMTP (172.20.64.14:587): Une tentative de connexion a échoué car le parti connecté n’a pas répondu convenablement au-delà d’une certaine durée ou une connexion établie a échoué car l’hôte de connexion n’a pas répondu (code: 10060) 
[2026-05-26 08:54:24][ERROR] Erreur lors de l'envoi de l'email : Impossible de se connecter au serveur SMTP (172.20.64.14:587): Une tentative de connexion a échoué car le parti connecté n’a pas répondu convenablement au-delà d’une certaine durée ou une connexion établie a échoué car l’hôte de connexion n’a pas répondu (code: 10060) {"intervention_id":"330","mail_host":"172.20.64.14","mail_port":"587","mail_encryption":"tls","mail_from_address":"avision@caspeo.fr","oauth2_enabled":"0"}
[2026-05-26 08:54:24][ERROR] Erreur envoi email fermeture intervention 330 : Impossible de se connecter au serveur SMTP (172.20.64.14:587): Une tentative de connexion a échoué car le parti connecté n’a pas répondu convenablement au-delà d’une certaine durée ou une connexion établie a échoué car l’hôte de connexion n’a pas répondu (code: 10060) 
[2026-05-26 08:54:46][INFO] Envoi email à dev_mdg@caspeo.fr avec 0 pièce(s) jointe(s) 
[2026-05-26 08:55:07][ERROR] Erreur lors de l'envoi de l'email SMTP: Impossible de se connecter au serveur SMTP (172.20.64.14:587): Une tentative de connexion a échoué car le parti connecté n’a pas répondu convenablement au-delà d’une certaine durée ou une connexion établie a échoué car l’hôte de connexion n’a pas répondu (code: 10060) 
[2026-05-26 08:55:07][ERROR] Erreur envoi email à dev_mdg@caspeo.fr : Impossible de se connecter au serveur SMTP (172.20.64.14:587): Une tentative de connexion a échoué car le parti connecté n’a pas répondu convenablement au-delà d’une certaine durée ou une connexion établie a échoué car l’hôte de connexion n’a pas répondu (code: 10060) 
[2026-05-26 08:55:07][ERROR] Erreur lors de l'envoi de l'email : Impossible de se connecter au serveur SMTP (172.20.64.14:587): Une tentative de connexion a échoué car le parti connecté n’a pas répondu convenablement au-delà d’une certaine durée ou une connexion établie a échoué car l’hôte de connexion n’a pas répondu (code: 10060) {"intervention_id":"330","mail_host":"172.20.64.14","mail_port":"587","mail_encryption":"tls","mail_from_address":"avision@caspeo.fr","oauth2_enabled":"0"}
[2026-05-26 08:55:07][ERROR] Erreur envoi email fermeture intervention 330 : Impossible de se connecter au serveur SMTP (172.20.64.14:587): Une tentative de connexion a échoué car le parti connecté n’a pas répondu convenablement au-delà d’une certaine durée ou une connexion établie a échoué car l’hôte de connexion n’a pas répondu (code: 10060) 
[2026-05-26 08:56:56][INFO] Envoi email à dev_mdg@caspeo.fr avec 0 pièce(s) jointe(s) 
[2026-05-26 08:57:17][ERROR] Erreur lors de l'envoi de l'email SMTP: Impossible de se connecter au serveur SMTP (172.20.64.14:587): Une tentative de connexion a échoué car le parti connecté n’a pas répondu convenablement au-delà d’une certaine durée ou une connexion établie a échoué car l’hôte de connexion n’a pas répondu (code: 10060) 
[2026-05-26 08:57:17][ERROR] Erreur envoi email à dev_mdg@caspeo.fr : Impossible de se connecter au serveur SMTP (172.20.64.14:587): Une tentative de connexion a échoué car le parti connecté n’a pas répondu convenablement au-delà d’une certaine durée ou une connexion établie a échoué car l’hôte de connexion n’a pas répondu (code: 10060) 
[2026-05-26 08:57:17][ERROR] Erreur lors de l'envoi de l'email : Impossible de se connecter au serveur SMTP (172.20.64.14:587): Une tentative de connexion a échoué car le parti connecté n’a pas répondu convenablement au-delà d’une certaine durée ou une connexion établie a échoué car l’hôte de connexion n’a pas répondu (code: 10060) {"intervention_id":"330","mail_host":"172.20.64.14","mail_port":"587","mail_encryption":"tls","mail_from_address":"avision@caspeo.fr","oauth2_enabled":"0"}
[2026-05-26 08:57:17][ERROR] Erreur envoi email fermeture intervention 330 : Impossible de se connecter au serveur SMTP (172.20.64.14:587): Une tentative de connexion a échoué car le parti connecté n’a pas répondu convenablement au-delà d’une certaine durée ou une connexion établie a échoué car l’hôte de connexion n’a pas répondu (code: 10060) 
[2026-05-26 09:00:26][INFO] Envoi email à dev_mdg@caspeo.fr avec 0 pièce(s) jointe(s) 
[2026-05-26 09:00:47][ERROR] Erreur lors de l'envoi de l'email SMTP: Impossible de se connecter au serveur SMTP (172.20.64.14:587): Une tentative de connexion a échoué car le parti connecté n’a pas répondu convenablement au-delà d’une certaine durée ou une connexion établie a échoué car l’hôte de connexion n’a pas répondu (code: 10060) 
[2026-05-26 09:00:47][ERROR] Erreur envoi email à dev_mdg@caspeo.fr : Impossible de se connecter au serveur SMTP (172.20.64.14:587): Une tentative de connexion a échoué car le parti connecté n’a pas répondu convenablement au-delà d’une certaine durée ou une connexion établie a échoué car l’hôte de connexion n’a pas répondu (code: 10060) 
[2026-05-26 09:00:47][ERROR] Erreur lors de l'envoi de l'email : Impossible de se connecter au serveur SMTP (172.20.64.14:587): Une tentative de connexion a échoué car le parti connecté n’a pas répondu convenablement au-delà d’une certaine durée ou une connexion établie a échoué car l’hôte de connexion n’a pas répondu (code: 10060) {"intervention_id":"330","mail_host":"172.20.64.14","mail_port":"587","mail_encryption":"tls","mail_from_address":"avision@caspeo.fr","oauth2_enabled":"0"}
[2026-05-26 09:00:47][ERROR] Erreur envoi email fermeture intervention 330 : Impossible de se connecter au serveur SMTP (172.20.64.14:587): Une tentative de connexion a échoué car le parti connecté n’a pas répondu convenablement au-delà d’une certaine durée ou une connexion établie a échoué car l’hôte de connexion n’a pas répondu (code: 10060) 
[2026-06-03 07:40:25][INFO] Envoi email à dev_mdg@caspeo.fr avec 0 pièce(s) jointe(s) 
[2026-06-03 07:40:46][ERROR] Erreur lors de l'envoi de l'email SMTP: Impossible de se connecter au serveur SMTP (172.20.64.14:587): Une tentative de connexion a échoué car le parti connecté n’a pas répondu convenablement au-delà d’une certaine durée ou une connexion établie a échoué car l’hôte de connexion n’a pas répondu (code: 10060) 
[2026-06-03 07:40:46][ERROR] Erreur envoi email à dev_mdg@caspeo.fr : Impossible de se connecter au serveur SMTP (172.20.64.14:587): Une tentative de connexion a échoué car le parti connecté n’a pas répondu convenablement au-delà d’une certaine durée ou une connexion établie a échoué car l’hôte de connexion n’a pas répondu (code: 10060) 
[2026-06-03 07:40:46][ERROR] Erreur lors de l'envoi de l'email : Impossible de se connecter au serveur SMTP (172.20.64.14:587): Une tentative de connexion a échoué car le parti connecté n’a pas répondu convenablement au-delà d’une certaine durée ou une connexion établie a échoué car l’hôte de connexion n’a pas répondu (code: 10060) {"intervention_id":"330","mail_host":"172.20.64.14","mail_port":"587","mail_encryption":"tls","mail_from_address":"avision@caspeo.fr","oauth2_enabled":"0"}
[2026-06-03 07:40:46][ERROR] Erreur envoi email fermeture intervention 330 : Impossible de se connecter au serveur SMTP (172.20.64.14:587): Une tentative de connexion a échoué car le parti connecté n’a pas répondu convenablement au-delà d’une certaine durée ou une connexion établie a échoué car l’hôte de connexion n’a pas répondu (code: 10060) 
[2026-06-05 11:46:54][INFO] Envoi email à karijatsilefilaza@gmail.com avec 0 pièce(s) jointe(s) 
[2026-06-05 11:47:15][ERROR] Erreur lors de l'envoi de l'email SMTP: Impossible de se connecter au serveur SMTP (172.20.64.14:587): Une tentative de connexion a échoué car le parti connecté n’a pas répondu convenablement au-delà d’une certaine durée ou une connexion établie a échoué car l’hôte de connexion n’a pas répondu (code: 10060) 
[2026-06-05 11:47:15][ERROR] Erreur envoi email à karijatsilefilaza@gmail.com : Impossible de se connecter au serveur SMTP (172.20.64.14:587): Une tentative de connexion a échoué car le parti connecté n’a pas répondu convenablement au-delà d’une certaine durée ou une connexion établie a échoué car l’hôte de connexion n’a pas répondu (code: 10060) 
[2026-06-05 11:47:15][ERROR] Erreur lors de l'envoi de l'email : Impossible de se connecter au serveur SMTP (172.20.64.14:587): Une tentative de connexion a échoué car le parti connecté n’a pas répondu convenablement au-delà d’une certaine durée ou une connexion établie a échoué car l’hôte de connexion n’a pas répondu (code: 10060) {"intervention_id":"330","mail_host":"172.20.64.14","mail_port":"587","mail_encryption":"tls","mail_from_address":"avision@caspeo.fr","oauth2_enabled":"0"}
[2026-06-05 11:47:15][ERROR] Erreur envoi email fermeture intervention 330 : Impossible de se connecter au serveur SMTP (172.20.64.14:587): Une tentative de connexion a échoué car le parti connecté n’a pas répondu convenablement au-delà d’une certaine durée ou une connexion établie a échoué car l’hôte de connexion n’a pas répondu (code: 10060) 
[2026-06-05 11:53:37][INFO] Envoi email à karijatsilefilaza@gmail.com avec 0 pièce(s) jointe(s) 
[2026-06-05 11:53:58][ERROR] Erreur lors de l'envoi de l'email SMTP: Impossible de se connecter au serveur SMTP (172.20.64.14:587): Une tentative de connexion a échoué car le parti connecté n’a pas répondu convenablement au-delà d’une certaine durée ou une connexion établie a échoué car l’hôte de connexion n’a pas répondu (code: 10060) 
[2026-06-05 11:53:58][ERROR] Erreur envoi email à karijatsilefilaza@gmail.com : Impossible de se connecter au serveur SMTP (172.20.64.14:587): Une tentative de connexion a échoué car le parti connecté n’a pas répondu convenablement au-delà d’une certaine durée ou une connexion établie a échoué car l’hôte de connexion n’a pas répondu (code: 10060) 
[2026-06-05 11:53:58][ERROR] Erreur lors de l'envoi de l'email : Impossible de se connecter au serveur SMTP (172.20.64.14:587): Une tentative de connexion a échoué car le parti connecté n’a pas répondu convenablement au-delà d’une certaine durée ou une connexion établie a échoué car l’hôte de connexion n’a pas répondu (code: 10060) {"intervention_id":"330","mail_host":"172.20.64.14","mail_port":"587","mail_encryption":"tls","mail_from_address":"avision@caspeo.fr","oauth2_enabled":"0"}
[2026-06-05 11:53:58][ERROR] Erreur envoi email fermeture intervention 330 : Impossible de se connecter au serveur SMTP (172.20.64.14:587): Une tentative de connexion a échoué car le parti connecté n’a pas répondu convenablement au-delà d’une certaine durée ou une connexion établie a échoué car l’hôte de connexion n’a pas répondu (code: 10060) 
[2026-06-10 08:14:41][INFO] Envoi email à laurent.marcot@ca-fnca.fr avec 0 pièce(s) jointe(s) 
[2026-06-10 08:15:03][ERROR] Erreur lors de l'envoi de l'email SMTP: Impossible de se connecter au serveur SMTP (172.20.64.14:587): Une tentative de connexion a échoué car le parti connecté n’a pas répondu convenablement au-delà d’une certaine durée ou une connexion établie a échoué car l’hôte de connexion n’a pas répondu (code: 10060) 
[2026-06-10 08:15:03][ERROR] Erreur envoi email à laurent.marcot@ca-fnca.fr : Impossible de se connecter au serveur SMTP (172.20.64.14:587): Une tentative de connexion a échoué car le parti connecté n’a pas répondu convenablement au-delà d’une certaine durée ou une connexion établie a échoué car l’hôte de connexion n’a pas répondu (code: 10060) 
[2026-06-10 08:15:03][ERROR] Erreur lors de l'envoi de l'email : Impossible de se connecter au serveur SMTP (172.20.64.14:587): Une tentative de connexion a échoué car le parti connecté n’a pas répondu convenablement au-delà d’une certaine durée ou une connexion établie a échoué car l’hôte de connexion n’a pas répondu (code: 10060) {"intervention_id":"90","mail_host":"172.20.64.14","mail_port":"587","mail_encryption":"tls","mail_from_address":"avision@caspeo.fr","oauth2_enabled":"0"}
[2026-06-10 08:15:03][ERROR] Erreur envoi email fermeture intervention 90 : Impossible de se connecter au serveur SMTP (172.20.64.14:587): Une tentative de connexion a échoué car le parti connecté n’a pas répondu convenablement au-delà d’une certaine durée ou une connexion établie a échoué car l’hôte de connexion n’a pas répondu (code: 10060) 
[2026-06-10 08:22:46][INFO] Envoi email à laurent.marcot@ca-fnca.fr avec 0 pièce(s) jointe(s) 
[2026-06-10 08:23:07][ERROR] Erreur lors de l'envoi de l'email SMTP: Impossible de se connecter au serveur SMTP (172.20.64.14:587): Une tentative de connexion a échoué car le parti connecté n’a pas répondu convenablement au-delà d’une certaine durée ou une connexion établie a échoué car l’hôte de connexion n’a pas répondu (code: 10060) 
[2026-06-10 08:23:07][ERROR] Erreur envoi email à laurent.marcot@ca-fnca.fr : Impossible de se connecter au serveur SMTP (172.20.64.14:587): Une tentative de connexion a échoué car le parti connecté n’a pas répondu convenablement au-delà d’une certaine durée ou une connexion établie a échoué car l’hôte de connexion n’a pas répondu (code: 10060) 
[2026-06-10 08:23:07][ERROR] Erreur lors de l'envoi de l'email : Impossible de se connecter au serveur SMTP (172.20.64.14:587): Une tentative de connexion a échoué car le parti connecté n’a pas répondu convenablement au-delà d’une certaine durée ou une connexion établie a échoué car l’hôte de connexion n’a pas répondu (code: 10060) {"intervention_id":"90","mail_host":"172.20.64.14","mail_port":"587","mail_encryption":"tls","mail_from_address":"avision@caspeo.fr","oauth2_enabled":"0"}
[2026-06-10 08:23:07][ERROR] Erreur envoi email fermeture intervention 90 : Impossible de se connecter au serveur SMTP (172.20.64.14:587): Une tentative de connexion a échoué car le parti connecté n’a pas répondu convenablement au-delà d’une certaine durée ou une connexion établie a échoué car l’hôte de connexion n’a pas répondu (code: 10060) 
[2026-06-10 08:23:13][INFO] Envoi email à laurent.marcot@ca-fnca.fr avec 0 pièce(s) jointe(s) 
[2026-06-10 08:23:34][ERROR] Erreur lors de l'envoi de l'email SMTP: Impossible de se connecter au serveur SMTP (172.20.64.14:587): Une tentative de connexion a échoué car le parti connecté n’a pas répondu convenablement au-delà d’une certaine durée ou une connexion établie a échoué car l’hôte de connexion n’a pas répondu (code: 10060) 
[2026-06-10 08:23:34][ERROR] Erreur envoi email à laurent.marcot@ca-fnca.fr : Impossible de se connecter au serveur SMTP (172.20.64.14:587): Une tentative de connexion a échoué car le parti connecté n’a pas répondu convenablement au-delà d’une certaine durée ou une connexion établie a échoué car l’hôte de connexion n’a pas répondu (code: 10060) 
[2026-06-10 08:23:34][ERROR] Erreur lors de l'envoi de l'email : Impossible de se connecter au serveur SMTP (172.20.64.14:587): Une tentative de connexion a échoué car le parti connecté n’a pas répondu convenablement au-delà d’une certaine durée ou une connexion établie a échoué car l’hôte de connexion n’a pas répondu (code: 10060) {"intervention_id":"90","mail_host":"172.20.64.14","mail_port":"587","mail_encryption":"tls","mail_from_address":"avision@caspeo.fr","oauth2_enabled":"0"}
[2026-06-10 08:23:34][ERROR] Erreur envoi email fermeture intervention 90 : Impossible de se connecter au serveur SMTP (172.20.64.14:587): Une tentative de connexion a échoué car le parti connecté n’a pas répondu convenablement au-delà d’une certaine durée ou une connexion établie a échoué car l’hôte de connexion n’a pas répondu (code: 10060) 
[2026-06-10 08:25:59][INFO] Envoi email à laurent.marcot@ca-fnca.fr avec 0 pièce(s) jointe(s) 
[2026-06-10 08:26:20][ERROR] Erreur lors de l'envoi de l'email SMTP: Impossible de se connecter au serveur SMTP (172.20.64.14:587): Une tentative de connexion a échoué car le parti connecté n’a pas répondu convenablement au-delà d’une certaine durée ou une connexion établie a échoué car l’hôte de connexion n’a pas répondu (code: 10060) 
[2026-06-10 08:26:20][ERROR] Erreur envoi email à laurent.marcot@ca-fnca.fr : Impossible de se connecter au serveur SMTP (172.20.64.14:587): Une tentative de connexion a échoué car le parti connecté n’a pas répondu convenablement au-delà d’une certaine durée ou une connexion établie a échoué car l’hôte de connexion n’a pas répondu (code: 10060) 
[2026-06-10 08:26:20][ERROR] Erreur lors de l'envoi de l'email : Impossible de se connecter au serveur SMTP (172.20.64.14:587): Une tentative de connexion a échoué car le parti connecté n’a pas répondu convenablement au-delà d’une certaine durée ou une connexion établie a échoué car l’hôte de connexion n’a pas répondu (code: 10060) {"intervention_id":"90","mail_host":"172.20.64.14","mail_port":"587","mail_encryption":"tls","mail_from_address":"avision@caspeo.fr","oauth2_enabled":"0"}
[2026-06-10 08:26:20][ERROR] Erreur envoi email fermeture intervention 90 : Impossible de se connecter au serveur SMTP (172.20.64.14:587): Une tentative de connexion a échoué car le parti connecté n’a pas répondu convenablement au-delà d’une certaine durée ou une connexion établie a échoué car l’hôte de connexion n’a pas répondu (code: 10060) 
[2026-06-10 08:28:25][INFO] Envoi email à laurent.marcot@ca-fnca.fr avec 0 pièce(s) jointe(s) 
[2026-06-10 08:28:46][ERROR] Erreur lors de l'envoi de l'email SMTP: Impossible de se connecter au serveur SMTP (172.20.64.14:587): Une tentative de connexion a échoué car le parti connecté n’a pas répondu convenablement au-delà d’une certaine durée ou une connexion établie a échoué car l’hôte de connexion n’a pas répondu (code: 10060) 
[2026-06-10 08:28:46][ERROR] Erreur envoi email à laurent.marcot@ca-fnca.fr : Impossible de se connecter au serveur SMTP (172.20.64.14:587): Une tentative de connexion a échoué car le parti connecté n’a pas répondu convenablement au-delà d’une certaine durée ou une connexion établie a échoué car l’hôte de connexion n’a pas répondu (code: 10060) 
[2026-06-10 08:28:46][ERROR] Erreur lors de l'envoi de l'email : Impossible de se connecter au serveur SMTP (172.20.64.14:587): Une tentative de connexion a échoué car le parti connecté n’a pas répondu convenablement au-delà d’une certaine durée ou une connexion établie a échoué car l’hôte de connexion n’a pas répondu (code: 10060) {"intervention_id":"90","mail_host":"172.20.64.14","mail_port":"587","mail_encryption":"tls","mail_from_address":"avision@caspeo.fr","oauth2_enabled":"0"}
[2026-06-10 08:28:46][ERROR] Erreur envoi email fermeture intervention 90 : Impossible de se connecter au serveur SMTP (172.20.64.14:587): Une tentative de connexion a échoué car le parti connecté n’a pas répondu convenablement au-delà d’une certaine durée ou une connexion établie a échoué car l’hôte de connexion n’a pas répondu (code: 10060) 
[2026-06-10 08:30:29][INFO] Envoi email à laurent.marcot@ca-fnca.fr avec 0 pièce(s) jointe(s) 
[2026-06-10 08:30:50][ERROR] Erreur lors de l'envoi de l'email SMTP: Impossible de se connecter au serveur SMTP (172.20.64.14:587): Une tentative de connexion a échoué car le parti connecté n’a pas répondu convenablement au-delà d’une certaine durée ou une connexion établie a échoué car l’hôte de connexion n’a pas répondu (code: 10060) 
[2026-06-10 08:30:50][ERROR] Erreur envoi email à laurent.marcot@ca-fnca.fr : Impossible de se connecter au serveur SMTP (172.20.64.14:587): Une tentative de connexion a échoué car le parti connecté n’a pas répondu convenablement au-delà d’une certaine durée ou une connexion établie a échoué car l’hôte de connexion n’a pas répondu (code: 10060) 
[2026-06-10 08:30:50][ERROR] Erreur lors de l'envoi de l'email : Impossible de se connecter au serveur SMTP (172.20.64.14:587): Une tentative de connexion a échoué car le parti connecté n’a pas répondu convenablement au-delà d’une certaine durée ou une connexion établie a échoué car l’hôte de connexion n’a pas répondu (code: 10060) {"intervention_id":"90","mail_host":"172.20.64.14","mail_port":"587","mail_encryption":"tls","mail_from_address":"avision@caspeo.fr","oauth2_enabled":"0"}
[2026-06-10 08:30:50][ERROR] Erreur envoi email fermeture intervention 90 : Impossible de se connecter au serveur SMTP (172.20.64.14:587): Une tentative de connexion a échoué car le parti connecté n’a pas répondu convenablement au-delà d’une certaine durée ou une connexion établie a échoué car l’hôte de connexion n’a pas répondu (code: 10060) 
[2026-06-10 08:33:31][INFO] Envoi email à laurent.marcot@ca-fnca.fr avec 0 pièce(s) jointe(s) 
[2026-06-10 08:33:52][ERROR] Erreur lors de l'envoi de l'email SMTP: Impossible de se connecter au serveur SMTP (172.20.64.14:587): Une tentative de connexion a échoué car le parti connecté n’a pas répondu convenablement au-delà d’une certaine durée ou une connexion établie a échoué car l’hôte de connexion n’a pas répondu (code: 10060) 
[2026-06-10 08:33:52][ERROR] Erreur envoi email à laurent.marcot@ca-fnca.fr : Impossible de se connecter au serveur SMTP (172.20.64.14:587): Une tentative de connexion a échoué car le parti connecté n’a pas répondu convenablement au-delà d’une certaine durée ou une connexion établie a échoué car l’hôte de connexion n’a pas répondu (code: 10060) 
[2026-06-10 08:33:52][ERROR] Erreur lors de l'envoi de l'email : Impossible de se connecter au serveur SMTP (172.20.64.14:587): Une tentative de connexion a échoué car le parti connecté n’a pas répondu convenablement au-delà d’une certaine durée ou une connexion établie a échoué car l’hôte de connexion n’a pas répondu (code: 10060) {"intervention_id":"90","mail_host":"172.20.64.14","mail_port":"587","mail_encryption":"tls","mail_from_address":"avision@caspeo.fr","oauth2_enabled":"0"}
[2026-06-10 08:33:52][ERROR] Erreur envoi email fermeture intervention 90 : Impossible de se connecter au serveur SMTP (172.20.64.14:587): Une tentative de connexion a échoué car le parti connecté n’a pas répondu convenablement au-delà d’une certaine durée ou une connexion établie a échoué car l’hôte de connexion n’a pas répondu (code: 10060) 
[2026-06-10 08:50:05][INFO] Envoi email à laurent.marcot@ca-fnca.fr avec 0 pièce(s) jointe(s) 
[2026-06-10 08:50:26][ERROR] Erreur lors de l'envoi de l'email SMTP: Impossible de se connecter au serveur SMTP (172.20.64.14:587): Une tentative de connexion a échoué car le parti connecté n’a pas répondu convenablement au-delà d’une certaine durée ou une connexion établie a échoué car l’hôte de connexion n’a pas répondu (code: 10060) 
[2026-06-10 08:50:26][ERROR] Erreur envoi email à laurent.marcot@ca-fnca.fr : Impossible de se connecter au serveur SMTP (172.20.64.14:587): Une tentative de connexion a échoué car le parti connecté n’a pas répondu convenablement au-delà d’une certaine durée ou une connexion établie a échoué car l’hôte de connexion n’a pas répondu (code: 10060) 
[2026-06-10 08:50:26][ERROR] Erreur lors de l'envoi de l'email : Impossible de se connecter au serveur SMTP (172.20.64.14:587): Une tentative de connexion a échoué car le parti connecté n’a pas répondu convenablement au-delà d’une certaine durée ou une connexion établie a échoué car l’hôte de connexion n’a pas répondu (code: 10060) {"intervention_id":"90","mail_host":"172.20.64.14","mail_port":"587","mail_encryption":"tls","mail_from_address":"avision@caspeo.fr","oauth2_enabled":"0"}
[2026-06-10 08:50:26][ERROR] Erreur envoi email fermeture intervention 90 : Impossible de se connecter au serveur SMTP (172.20.64.14:587): Une tentative de connexion a échoué car le parti connecté n’a pas répondu convenablement au-delà d’une certaine durée ou une connexion établie a échoué car l’hôte de connexion n’a pas répondu (code: 10060) 
[2026-06-10 09:18:23][INFO] Envoi email à karijatsilefilaza@gmail.com avec 0 pièce(s) jointe(s) 
[2026-06-10 09:18:44][ERROR] Erreur lors de l'envoi de l'email SMTP: Impossible de se connecter au serveur SMTP (172.20.64.14:587): Une tentative de connexion a échoué car le parti connecté n’a pas répondu convenablement au-delà d’une certaine durée ou une connexion établie a échoué car l’hôte de connexion n’a pas répondu (code: 10060) 
[2026-06-10 09:18:44][ERROR] Erreur envoi email à karijatsilefilaza@gmail.com : Impossible de se connecter au serveur SMTP (172.20.64.14:587): Une tentative de connexion a échoué car le parti connecté n’a pas répondu convenablement au-delà d’une certaine durée ou une connexion établie a échoué car l’hôte de connexion n’a pas répondu (code: 10060) 
[2026-06-10 09:18:44][ERROR] Erreur lors de l'envoi de l'email : Impossible de se connecter au serveur SMTP (172.20.64.14:587): Une tentative de connexion a échoué car le parti connecté n’a pas répondu convenablement au-delà d’une certaine durée ou une connexion établie a échoué car l’hôte de connexion n’a pas répondu (code: 10060) {"intervention_id":"330","mail_host":"172.20.64.14","mail_port":"587","mail_encryption":"tls","mail_from_address":"avision@caspeo.fr","oauth2_enabled":"0"}
[2026-06-10 09:18:44][ERROR] Erreur envoi email fermeture intervention 330 : Impossible de se connecter au serveur SMTP (172.20.64.14:587): Une tentative de connexion a échoué car le parti connecté n’a pas répondu convenablement au-delà d’une certaine durée ou une connexion établie a échoué car l’hôte de connexion n’a pas répondu (code: 10060) 
[2026-06-10 09:19:03][INFO] Envoi email à karijatsilefilaza@gmail.com avec 0 pièce(s) jointe(s) 
[2026-06-10 09:19:24][ERROR] Erreur lors de l'envoi de l'email SMTP: Impossible de se connecter au serveur SMTP (172.20.64.14:587): Une tentative de connexion a échoué car le parti connecté n’a pas répondu convenablement au-delà d’une certaine durée ou une connexion établie a échoué car l’hôte de connexion n’a pas répondu (code: 10060) 
[2026-06-10 09:19:24][ERROR] Erreur envoi email à karijatsilefilaza@gmail.com : Impossible de se connecter au serveur SMTP (172.20.64.14:587): Une tentative de connexion a échoué car le parti connecté n’a pas répondu convenablement au-delà d’une certaine durée ou une connexion établie a échoué car l’hôte de connexion n’a pas répondu (code: 10060) 
[2026-06-10 09:19:24][ERROR] Erreur lors de l'envoi de l'email : Impossible de se connecter au serveur SMTP (172.20.64.14:587): Une tentative de connexion a échoué car le parti connecté n’a pas répondu convenablement au-delà d’une certaine durée ou une connexion établie a échoué car l’hôte de connexion n’a pas répondu (code: 10060) {"intervention_id":"330","mail_host":"172.20.64.14","mail_port":"587","mail_encryption":"tls","mail_from_address":"avision@caspeo.fr","oauth2_enabled":"0"}
[2026-06-10 09:19:24][ERROR] Erreur envoi email fermeture intervention 330 : Impossible de se connecter au serveur SMTP (172.20.64.14:587): Une tentative de connexion a échoué car le parti connecté n’a pas répondu convenablement au-delà d’une certaine durée ou une connexion établie a échoué car l’hôte de connexion n’a pas répondu (code: 10060) 
[2026-06-10 09:29:59][INFO] Envoi email à laurent.marcot@ca-fnca.fr avec 0 pièce(s) jointe(s) 
[2026-06-10 09:30:20][ERROR] Erreur lors de l'envoi de l'email SMTP: Impossible de se connecter au serveur SMTP (172.20.64.14:587): Une tentative de connexion a échoué car le parti connecté n’a pas répondu convenablement au-delà d’une certaine durée ou une connexion établie a échoué car l’hôte de connexion n’a pas répondu (code: 10060) 
[2026-06-10 09:30:20][ERROR] Erreur envoi email à laurent.marcot@ca-fnca.fr : Impossible de se connecter au serveur SMTP (172.20.64.14:587): Une tentative de connexion a échoué car le parti connecté n’a pas répondu convenablement au-delà d’une certaine durée ou une connexion établie a échoué car l’hôte de connexion n’a pas répondu (code: 10060) 
[2026-06-10 09:30:20][ERROR] Erreur lors de l'envoi de l'email : Impossible de se connecter au serveur SMTP (172.20.64.14:587): Une tentative de connexion a échoué car le parti connecté n’a pas répondu convenablement au-delà d’une certaine durée ou une connexion établie a échoué car l’hôte de connexion n’a pas répondu (code: 10060) {"intervention_id":"90","mail_host":"172.20.64.14","mail_port":"587","mail_encryption":"tls","mail_from_address":"avision@caspeo.fr","oauth2_enabled":"0"}
[2026-06-10 09:30:20][ERROR] Erreur envoi email fermeture intervention 90 : Impossible de se connecter au serveur SMTP (172.20.64.14:587): Une tentative de connexion a échoué car le parti connecté n’a pas répondu convenablement au-delà d’une certaine durée ou une connexion établie a échoué car l’hôte de connexion n’a pas répondu (code: 10060) 
[2026-06-10 09:32:02][INFO] Envoi email à laurent.marcot@ca-fnca.fr avec 0 pièce(s) jointe(s) 
[2026-06-10 09:32:23][ERROR] Erreur lors de l'envoi de l'email SMTP: Impossible de se connecter au serveur SMTP (172.20.64.14:587): Une tentative de connexion a échoué car le parti connecté n’a pas répondu convenablement au-delà d’une certaine durée ou une connexion établie a échoué car l’hôte de connexion n’a pas répondu (code: 10060) 
[2026-06-10 09:32:23][ERROR] Erreur envoi email à laurent.marcot@ca-fnca.fr : Impossible de se connecter au serveur SMTP (172.20.64.14:587): Une tentative de connexion a échoué car le parti connecté n’a pas répondu convenablement au-delà d’une certaine durée ou une connexion établie a échoué car l’hôte de connexion n’a pas répondu (code: 10060) 
[2026-06-10 09:32:23][ERROR] Erreur lors de l'envoi de l'email : Impossible de se connecter au serveur SMTP (172.20.64.14:587): Une tentative de connexion a échoué car le parti connecté n’a pas répondu convenablement au-delà d’une certaine durée ou une connexion établie a échoué car l’hôte de connexion n’a pas répondu (code: 10060) {"intervention_id":"90","mail_host":"172.20.64.14","mail_port":"587","mail_encryption":"tls","mail_from_address":"avision@caspeo.fr","oauth2_enabled":"0"}
[2026-06-10 09:32:23][ERROR] Erreur envoi email fermeture intervention 90 : Impossible de se connecter au serveur SMTP (172.20.64.14:587): Une tentative de connexion a échoué car le parti connecté n’a pas répondu convenablement au-delà d’une certaine durée ou une connexion établie a échoué car l’hôte de connexion n’a pas répondu (code: 10060) 
[2026-06-10 09:41:05][INFO] Envoi email à laurent.marcot@ca-fnca.fr avec 0 pièce(s) jointe(s) 
[2026-06-10 09:41:26][ERROR] Erreur lors de l'envoi de l'email SMTP: Impossible de se connecter au serveur SMTP (172.20.64.14:587): Une tentative de connexion a échoué car le parti connecté n’a pas répondu convenablement au-delà d’une certaine durée ou une connexion établie a échoué car l’hôte de connexion n’a pas répondu (code: 10060) 
[2026-06-10 09:41:26][ERROR] Erreur envoi email à laurent.marcot@ca-fnca.fr : Impossible de se connecter au serveur SMTP (172.20.64.14:587): Une tentative de connexion a échoué car le parti connecté n’a pas répondu convenablement au-delà d’une certaine durée ou une connexion établie a échoué car l’hôte de connexion n’a pas répondu (code: 10060) 
[2026-06-10 09:41:26][ERROR] Erreur lors de l'envoi de l'email : Impossible de se connecter au serveur SMTP (172.20.64.14:587): Une tentative de connexion a échoué car le parti connecté n’a pas répondu convenablement au-delà d’une certaine durée ou une connexion établie a échoué car l’hôte de connexion n’a pas répondu (code: 10060) {"intervention_id":"90","mail_host":"172.20.64.14","mail_port":"587","mail_encryption":"tls","mail_from_address":"avision@caspeo.fr","oauth2_enabled":"0"}
[2026-06-10 09:41:26][ERROR] Erreur envoi email fermeture intervention 90 : Impossible de se connecter au serveur SMTP (172.20.64.14:587): Une tentative de connexion a échoué car le parti connecté n’a pas répondu convenablement au-delà d’une certaine durée ou une connexion établie a échoué car l’hôte de connexion n’a pas répondu (code: 10060) 
[2026-06-10 09:41:40][INFO] Envoi email à laurent.marcot@ca-fnca.fr avec 0 pièce(s) jointe(s) 
[2026-06-10 09:42:01][ERROR] Erreur lors de l'envoi de l'email SMTP: Impossible de se connecter au serveur SMTP (172.20.64.14:587): Une tentative de connexion a échoué car le parti connecté n’a pas répondu convenablement au-delà d’une certaine durée ou une connexion établie a échoué car l’hôte de connexion n’a pas répondu (code: 10060) 
[2026-06-10 09:42:01][ERROR] Erreur envoi email à laurent.marcot@ca-fnca.fr : Impossible de se connecter au serveur SMTP (172.20.64.14:587): Une tentative de connexion a échoué car le parti connecté n’a pas répondu convenablement au-delà d’une certaine durée ou une connexion établie a échoué car l’hôte de connexion n’a pas répondu (code: 10060) 
[2026-06-10 09:42:01][ERROR] Erreur lors de l'envoi de l'email : Impossible de se connecter au serveur SMTP (172.20.64.14:587): Une tentative de connexion a échoué car le parti connecté n’a pas répondu convenablement au-delà d’une certaine durée ou une connexion établie a échoué car l’hôte de connexion n’a pas répondu (code: 10060) {"intervention_id":"90","mail_host":"172.20.64.14","mail_port":"587","mail_encryption":"tls","mail_from_address":"avision@caspeo.fr","oauth2_enabled":"0"}
[2026-06-10 09:42:01][ERROR] Erreur envoi email fermeture intervention 90 : Impossible de se connecter au serveur SMTP (172.20.64.14:587): Une tentative de connexion a échoué car le parti connecté n’a pas répondu convenablement au-delà d’une certaine durée ou une connexion établie a échoué car l’hôte de connexion n’a pas répondu (code: 10060) 
[2026-06-10 09:43:32][INFO] Envoi email à karijatsilefilaza@gmail.com avec 0 pièce(s) jointe(s) 
[2026-06-10 09:43:53][ERROR] Erreur lors de l'envoi de l'email SMTP: Impossible de se connecter au serveur SMTP (172.20.64.14:587): Une tentative de connexion a échoué car le parti connecté n’a pas répondu convenablement au-delà d’une certaine durée ou une connexion établie a échoué car l’hôte de connexion n’a pas répondu (code: 10060) 
[2026-06-10 09:43:53][ERROR] Erreur envoi email à karijatsilefilaza@gmail.com : Impossible de se connecter au serveur SMTP (172.20.64.14:587): Une tentative de connexion a échoué car le parti connecté n’a pas répondu convenablement au-delà d’une certaine durée ou une connexion établie a échoué car l’hôte de connexion n’a pas répondu (code: 10060) 
[2026-06-10 09:43:53][ERROR] Erreur lors de l'envoi de l'email : Impossible de se connecter au serveur SMTP (172.20.64.14:587): Une tentative de connexion a échoué car le parti connecté n’a pas répondu convenablement au-delà d’une certaine durée ou une connexion établie a échoué car l’hôte de connexion n’a pas répondu (code: 10060) {"intervention_id":"330","mail_host":"172.20.64.14","mail_port":"587","mail_encryption":"tls","mail_from_address":"avision@caspeo.fr","oauth2_enabled":"0"}
[2026-06-10 09:43:53][ERROR] Erreur envoi email fermeture intervention 330 : Impossible de se connecter au serveur SMTP (172.20.64.14:587): Une tentative de connexion a échoué car le parti connecté n’a pas répondu convenablement au-delà d’une certaine durée ou une connexion établie a échoué car l’hôte de connexion n’a pas répondu (code: 10060) 
[2026-06-11 09:19:46][ERROR] Erreur lors de l'envoi de l'email SMTP: Impossible de se connecter au serveur SMTP (172.20.64.14:587): Une tentative de connexion a échoué car le parti connecté n’a pas répondu convenablement au-delà d’une certaine durée ou une connexion établie a échoué car l’hôte de connexion n’a pas répondu (code: 10060) 
[2026-06-11 09:19:46][ERROR] Erreur envoi lien reset MDP : Impossible de se connecter au serveur SMTP (172.20.64.14:587): Une tentative de connexion a échoué car le parti connecté n’a pas répondu convenablement au-delà d’une certaine durée ou une connexion établie a échoué car l’hôte de connexion n’a pas répondu (code: 10060) 
[2026-06-11 09:33:51][INFO] Email reset MDP envoyé via Gmail à dev_mdg@caspeo.fr 
[2026-06-11 09:33:51][INFO] Lien de réinitialisation envoyé à dev_mdg@caspeo.fr 
[2026-06-11 09:39:45][INFO] Email reset MDP envoyé via Gmail à dev_mdg@caspeo.fr 
[2026-06-11 09:39:45][INFO] Lien de réinitialisation envoyé à dev_mdg@caspeo.fr 
[2026-06-11 09:43:21][INFO] Email reset MDP envoyé via Gmail à dev_mdg@caspeo.fr 
[2026-06-11 09:43:21][INFO] Lien de réinitialisation envoyé à dev_mdg@caspeo.fr 
[2026-06-11 09:51:28][INFO] Email reset MDP envoyé via Gmail à dev_mdg@caspeo.fr 
[2026-06-11 09:51:28][INFO] Lien de réinitialisation envoyé à dev_mdg@caspeo.fr 
[2026-06-11 09:54:33][INFO] Email reset MDP envoyé via Gmail à dev_mdg@caspeo.fr 
[2026-06-11 09:54:33][INFO] Lien de réinitialisation envoyé à dev_mdg@caspeo.fr 
[2026-06-11 09:56:50][INFO] Email reset MDP envoyé via Gmail à dev_mdg@caspeo.fr 
[2026-06-11 09:56:50][INFO] Lien de réinitialisation envoyé à dev_mdg@caspeo.fr 
[2026-06-11 10:04:50][ERROR] Erreur lors de l'envoi de l'email SMTP: Impossible de se connecter au serveur SMTP (172.20.64.14:587): Une tentative de connexion a échoué car le parti connecté n’a pas répondu convenablement au-delà d’une certaine durée ou une connexion établie a échoué car l’hôte de connexion n’a pas répondu (code: 10060) 
[2026-06-11 10:04:50][ERROR] Erreur envoi lien reset MDP : Impossible de se connecter au serveur SMTP (172.20.64.14:587): Une tentative de connexion a échoué car le parti connecté n’a pas répondu convenablement au-delà d’une certaine durée ou une connexion établie a échoué car l’hôte de connexion n’a pas répondu (code: 10060) 
[2026-06-11 10:13:55][ERROR] Erreur lors de l'envoi de l'email : SQLSTATE[23000]: Integrity constraint violation: 1048 Column 'intervention_id' cannot be null {"intervention_id":null,"mail_host":"172.20.64.14","mail_port":"587","mail_encryption":"tls","mail_from_address":"avision@caspeo.fr","oauth2_enabled":"0"}
[2026-06-11 10:13:55][ERROR] Erreur envoi lien reset MDP : SQLSTATE[23000]: Integrity constraint violation: 1048 Column 'intervention_id' cannot be null 
[2026-06-11 10:15:05][ERROR] Erreur lors de l'envoi de l'email SMTP: Impossible de se connecter au serveur SMTP (172.20.64.14:587): Une tentative de connexion a échoué car le parti connecté n’a pas répondu convenablement au-delà d’une certaine durée ou une connexion établie a échoué car l’hôte de connexion n’a pas répondu (code: 10060) 
[2026-06-11 10:15:05][ERROR] Erreur envoi lien reset MDP : Impossible de se connecter au serveur SMTP (172.20.64.14:587): Une tentative de connexion a échoué car le parti connecté n’a pas répondu convenablement au-delà d’une certaine durée ou une connexion établie a échoué car l’hôte de connexion n’a pas répondu (code: 10060) 
[2026-06-11 10:25:57][ERROR] Erreur lors de l'envoi de l'email : SQLSTATE[23000]: Integrity constraint violation: 1048 Column 'intervention_id' cannot be null {"intervention_id":null,"mail_host":"172.20.64.14","mail_port":"587","mail_encryption":"tls","mail_from_address":"avision@caspeo.fr","oauth2_enabled":"0"}
[2026-06-11 10:25:57][ERROR] Erreur envoi lien reset MDP : SQLSTATE[23000]: Integrity constraint violation: 1048 Column 'intervention_id' cannot be null 
[2026-06-11 10:50:10][INFO] Email reset MDP envoyé via Gmail à dev_mdg@caspeo.fr 
[2026-06-11 10:50:10][INFO] Lien de réinitialisation envoyé à dev_mdg@caspeo.fr 
[2026-06-11 10:54:58][INFO] Email reset MDP envoyé via Gmail à dev_mdg@caspeo.fr 
[2026-06-11 10:54:58][INFO] Lien de réinitialisation envoyé à dev_mdg@caspeo.fr 
[2026-06-11 10:55:52][INFO] Email reset MDP envoyé via Gmail à dev_mdg@caspeo.fr 
[2026-06-11 10:55:52][INFO] Lien de réinitialisation envoyé à dev_mdg@caspeo.fr 
[2026-06-11 10:58:35][INFO] === DEMANDE RESET MDP === 
[2026-06-11 10:58:35][INFO] Utilisateur ID: 39 
[2026-06-11 10:58:35][INFO] Email dans $user: dev_mdg@caspeo.fr 
[2026-06-11 10:58:35][INFO] Email qui SERA utilisé: dev_mdg@caspeo.fr 
[2026-06-11 10:58:39][INFO] Email reset MDP envoyé via Gmail à dev_mdg@caspeo.fr 
[2026-06-11 10:58:39][INFO] Lien de réinitialisation envoyé à dev_mdg@caspeo.fr 
[2026-06-11 11:09:30][INFO] === DEMANDE RESET MDP === 
[2026-06-11 11:09:30][INFO] Utilisateur ID: 41 
[2026-06-11 11:09:30][INFO] Email dans $user: tixehi2691@herojp.com 
[2026-06-11 11:09:30][INFO] Email qui SERA utilisé: tixehi2691@herojp.com 
[2026-06-11 11:09:33][INFO] Email reset MDP envoyé via Gmail à tixehi2691@herojp.com 
[2026-06-11 11:09:33][INFO] Lien de réinitialisation envoyé à tixehi2691@herojp.com 
[2026-06-11 11:12:04][INFO] ENVOI RESET MDP - Destinataire: tixehi2691@herojp.com (TEST TEST) 
[2026-06-11 11:12:08][INFO] Email reset MDP envoyé via Gmail à tixehi2691@herojp.com 
[2026-06-11 11:12:08][INFO] Lien de réinitialisation envoyé avec succès à tixehi2691@herojp.com 
[2026-06-11 11:26:46][INFO] ENVOI RESET MDP - Destinataire: tixehi2691@herojp.com (TEST TEST) 
[2026-06-11 11:26:50][INFO] Email reset MDP envoyé via Gmail à tixehi2691@herojp.com 
[2026-06-11 11:26:50][INFO] Lien de réinitialisation envoyé avec succès à tixehi2691@herojp.com 
[2026-06-11 11:34:51][INFO] ENVOI RESET MDP - Destinataire: tixehi2691@herojp.com (TEST TEST) 
[2026-06-11 11:34:55][INFO] Email reset MDP envoyé via Gmail à tixehi2691@herojp.com 
[2026-06-11 11:34:55][INFO] Lien de réinitialisation envoyé avec succès à tixehi2691@herojp.com 
[2026-06-11 11:39:21][INFO] ENVOI RESET MDP - Destinataire: tixehi2691@herojp.com (TEST TEST) 
[2026-06-11 11:39:42][ERROR] Erreur lors de l'envoi de l'email SMTP: Impossible de se connecter au serveur SMTP (172.20.64.14:587): Une tentative de connexion a échoué car le parti connecté n’a pas répondu convenablement au-delà d’une certaine durée ou une connexion établie a échoué car l’hôte de connexion n’a pas répondu (code: 10060) 
[2026-06-11 11:39:42][ERROR] Erreur envoi lien reset MDP : Impossible de se connecter au serveur SMTP (172.20.64.14:587): Une tentative de connexion a échoué car le parti connecté n’a pas répondu convenablement au-delà d’une certaine durée ou une connexion établie a échoué car l’hôte de connexion n’a pas répondu (code: 10060) 
[2026-06-11 11:40:04][INFO] ENVOI RESET MDP - Destinataire: tixehi2691@herojp.com (TEST TEST) 
[2026-06-11 11:40:25][ERROR] Erreur lors de l'envoi de l'email SMTP: Impossible de se connecter au serveur SMTP (172.20.64.14:587): Une tentative de connexion a échoué car le parti connecté n’a pas répondu convenablement au-delà d’une certaine durée ou une connexion établie a échoué car l’hôte de connexion n’a pas répondu (code: 10060) 
[2026-06-11 11:40:25][ERROR] Erreur envoi lien reset MDP : Impossible de se connecter au serveur SMTP (172.20.64.14:587): Une tentative de connexion a échoué car le parti connecté n’a pas répondu convenablement au-delà d’une certaine durée ou une connexion établie a échoué car l’hôte de connexion n’a pas répondu (code: 10060) 
[2026-06-11 11:41:27][INFO] ENVOI RESET MDP - Destinataire: tixehi2691@herojp.com (TEST TEST) 
[2026-06-11 11:41:30][INFO] Email reset MDP envoyé via Gmail à tixehi2691@herojp.com 
[2026-06-11 11:41:30][INFO] Lien de réinitialisation envoyé avec succès à tixehi2691@herojp.com 
[2026-06-16 11:09:55][INFO] Envoi automatique de création désactivé pour l'intervention 374 
[2026-06-16 11:11:58][ERROR] Erreur envoi email fermeture intervention 374 : Aucun destinataire trouvé pour l'intervention 374 
[2026-06-16 14:50:26][ERROR] Erreur envoi email fermeture intervention 76 : Aucun destinataire trouvé pour l'intervention 76 
[2026-06-16 15:52:40][INFO] Envoi email à christian.gonneau@orange.com avec 0 pièce(s) jointe(s) 
[2026-06-16 15:53:01][ERROR] Erreur lors de l'envoi de l'email SMTP: Impossible de se connecter au serveur SMTP (172.20.64.14:587): Une tentative de connexion a échoué car le parti connecté n’a pas répondu convenablement au-delà d’une certaine durée ou une connexion établie a échoué car l’hôte de connexion n’a pas répondu (code: 10060) 
[2026-06-16 15:53:01][ERROR] Erreur envoi email à christian.gonneau@orange.com : Impossible de se connecter au serveur SMTP (172.20.64.14:587): Une tentative de connexion a échoué car le parti connecté n’a pas répondu convenablement au-delà d’une certaine durée ou une connexion établie a échoué car l’hôte de connexion n’a pas répondu (code: 10060) 
[2026-06-16 15:53:01][ERROR] Erreur lors de l'envoi de l'email : Impossible de se connecter au serveur SMTP (172.20.64.14:587): Une tentative de connexion a échoué car le parti connecté n’a pas répondu convenablement au-delà d’une certaine durée ou une connexion établie a échoué car l’hôte de connexion n’a pas répondu (code: 10060) {"intervention_id":"122","mail_host":"172.20.64.14","mail_port":"587","mail_encryption":"tls","mail_from_address":"avision@caspeo.fr","oauth2_enabled":"0"}
[2026-06-16 15:53:01][ERROR] Erreur envoi email fermeture intervention 122 : Impossible de se connecter au serveur SMTP (172.20.64.14:587): Une tentative de connexion a échoué car le parti connecté n’a pas répondu convenablement au-delà d’une certaine durée ou une connexion établie a échoué car l’hôte de connexion n’a pas répondu (code: 10060) 
[2026-06-16 15:59:04][INFO] Envoi email à christian.gonneau@orange.com avec 0 pièce(s) jointe(s) 
[2026-06-16 15:59:25][ERROR] Erreur lors de l'envoi de l'email SMTP: Impossible de se connecter au serveur SMTP (172.20.64.14:587): Une tentative de connexion a échoué car le parti connecté n’a pas répondu convenablement au-delà d’une certaine durée ou une connexion établie a échoué car l’hôte de connexion n’a pas répondu (code: 10060) 
[2026-06-16 15:59:25][ERROR] Erreur envoi email à christian.gonneau@orange.com : Impossible de se connecter au serveur SMTP (172.20.64.14:587): Une tentative de connexion a échoué car le parti connecté n’a pas répondu convenablement au-delà d’une certaine durée ou une connexion établie a échoué car l’hôte de connexion n’a pas répondu (code: 10060) 
[2026-06-16 15:59:25][ERROR] Erreur lors de l'envoi de l'email : Impossible de se connecter au serveur SMTP (172.20.64.14:587): Une tentative de connexion a échoué car le parti connecté n’a pas répondu convenablement au-delà d’une certaine durée ou une connexion établie a échoué car l’hôte de connexion n’a pas répondu (code: 10060) {"intervention_id":"122","mail_host":"172.20.64.14","mail_port":"587","mail_encryption":"tls","mail_from_address":"avision@caspeo.fr","oauth2_enabled":"0"}
[2026-06-16 15:59:25][ERROR] Erreur envoi email fermeture intervention 122 : Impossible de se connecter au serveur SMTP (172.20.64.14:587): Une tentative de connexion a échoué car le parti connecté n’a pas répondu convenablement au-delà d’une certaine durée ou une connexion établie a échoué car l’hôte de connexion n’a pas répondu (code: 10060) 
[2026-06-16 16:01:34][INFO] Envoi email à christian.gonneau@orange.com avec 0 pièce(s) jointe(s) 
[2026-06-16 16:01:55][ERROR] Erreur lors de l'envoi de l'email SMTP: Impossible de se connecter au serveur SMTP (172.20.64.14:587): Une tentative de connexion a échoué car le parti connecté n’a pas répondu convenablement au-delà d’une certaine durée ou une connexion établie a échoué car l’hôte de connexion n’a pas répondu (code: 10060) 
[2026-06-16 16:01:55][ERROR] Erreur envoi email à christian.gonneau@orange.com : Impossible de se connecter au serveur SMTP (172.20.64.14:587): Une tentative de connexion a échoué car le parti connecté n’a pas répondu convenablement au-delà d’une certaine durée ou une connexion établie a échoué car l’hôte de connexion n’a pas répondu (code: 10060) 
[2026-06-16 16:01:55][ERROR] Erreur lors de l'envoi de l'email : Impossible de se connecter au serveur SMTP (172.20.64.14:587): Une tentative de connexion a échoué car le parti connecté n’a pas répondu convenablement au-delà d’une certaine durée ou une connexion établie a échoué car l’hôte de connexion n’a pas répondu (code: 10060) {"intervention_id":"122","mail_host":"172.20.64.14","mail_port":"587","mail_encryption":"tls","mail_from_address":"avision@caspeo.fr","oauth2_enabled":"0"}
[2026-06-16 16:01:55][ERROR] Erreur envoi email fermeture intervention 122 : Impossible de se connecter au serveur SMTP (172.20.64.14:587): Une tentative de connexion a échoué car le parti connecté n’a pas répondu convenablement au-delà d’une certaine durée ou une connexion établie a échoué car l’hôte de connexion n’a pas répondu (code: 10060) 
[2026-06-30 11:51:07][INFO] ENVOI RESET MDP - Destinataire: dev_mdgrt@caspeo.fr (Tsilefilaza TEST) 
[2026-06-30 11:51:11][INFO] Email reset MDP envoyé via Gmail à dev_mdgrt@caspeo.fr 
[2026-06-30 11:51:11][INFO] Lien de réinitialisation envoyé avec succès à dev_mdgrt@caspeo.fr 
[2026-06-30 11:52:15][INFO] ENVOI RESET MDP - Destinataire: dev_mdg@caspeo.fr (KARIJA Tsilefilazaaa) 
[2026-06-30 11:52:19][INFO] Email reset MDP envoyé via Gmail à dev_mdg@caspeo.fr 
[2026-06-30 11:52:19][INFO] Lien de réinitialisation envoyé avec succès à dev_mdg@caspeo.fr 
[2026-06-30 11:54:43][INFO] ENVOI RESET MDP - Destinataire: dev_mdg@caspeo.fr (KARIJA Tsilefilazaaa) 
[2026-06-30 11:54:47][INFO] Email reset MDP envoyé via Gmail à dev_mdg@caspeo.fr 
[2026-06-30 11:54:47][INFO] Lien de réinitialisation envoyé avec succès à dev_mdg@caspeo.fr 
[2026-06-30 11:58:42][INFO] ENVOI RESET MDP - Destinataire: dev_mdg@caspeo.fr (KARIJA Tsilefilazaaa) 
[2026-06-30 11:58:46][INFO] Email reset MDP envoyé via Gmail à dev_mdg@caspeo.fr 
[2026-06-30 11:58:46][INFO] Lien de réinitialisation envoyé avec succès à dev_mdg@caspeo.fr 
[2026-06-30 13:13:20][INFO] ENVOI RESET MDP - Destinataire: dev_mdg@caspeo.fr (KARIJA Tsilefilazaaa) 
[2026-06-30 13:13:25][INFO] Email reset MDP envoyé via Gmail à dev_mdg@caspeo.fr 
[2026-06-30 13:13:25][INFO] Lien de réinitialisation envoyé avec succès à dev_mdg@caspeo.fr 
[2026-06-30 13:14:45][INFO] ENVOI RESET MDP - Destinataire: dev_mdg@caspeo.fr (KARIJA Tsilefilazaaa) 
[2026-06-30 13:14:49][INFO] Email reset MDP envoyé via Gmail à dev_mdg@caspeo.fr 
[2026-06-30 13:14:49][INFO] Lien de réinitialisation envoyé avec succès à dev_mdg@caspeo.fr 
[2026-06-30 13:16:55][INFO] ENVOI RESET MDP - Destinataire: dev_mdg@caspeo.fr (KARIJA Tsilefilazaaa) 
[2026-06-30 13:16:59][INFO] Email reset MDP envoyé via Gmail à dev_mdg@caspeo.fr 
[2026-06-30 13:16:59][INFO] Lien de réinitialisation envoyé avec succès à dev_mdg@caspeo.fr 
[2026-06-30 13:23:44][INFO] ENVOI RESET MDP - Destinataire: dev_mdg@caspeo.fr (Dev WW) 
[2026-06-30 13:23:48][INFO] Email reset MDP envoyé via Gmail à dev_mdg@caspeo.fr 
[2026-06-30 13:23:48][INFO] Lien de réinitialisation envoyé avec succès à dev_mdg@caspeo.fr 
[2026-06-30 13:27:24][INFO] ENVOI RESET MDP - Destinataire: tsilefyandriamalaza@gmail.com (TEST TEST) 
[2026-06-30 13:27:27][INFO] Email reset MDP envoyé via Gmail à tsilefyandriamalaza@gmail.com 
[2026-06-30 13:27:27][INFO] Lien de réinitialisation envoyé avec succès à tsilefyandriamalaza@gmail.com 
[2026-06-30 13:28:59][INFO] ENVOI RESET MDP - Destinataire: dev_mdg@caspeo.fr (KARIJA Tsilefilazaaa) 
[2026-06-30 13:29:03][INFO] Email reset MDP envoyé via Gmail à dev_mdg@caspeo.fr 
[2026-06-30 13:29:03][INFO] Lien de réinitialisation envoyé avec succès à dev_mdg@caspeo.fr 
[2026-06-30 13:34:54][INFO] ENVOI RESET MDP - Destinataire: dev_mdg@caspeo.fr (KARIJA Tsilefilazaaa) 
[2026-06-30 13:34:58][INFO] Email reset MDP envoyé via Gmail à dev_mdg@caspeo.fr 
[2026-06-30 13:34:58][INFO] Lien de réinitialisation envoyé avec succès à dev_mdg@caspeo.fr 
[2026-06-30 13:40:16][INFO] ENVOI RESET MDP - Destinataire: dev_mdg@caspeo.fr (KARIJA Tsilefilazaaa) 
[2026-06-30 13:40:21][INFO] Email reset MDP envoyé via Gmail à dev_mdg@caspeo.fr 
[2026-06-30 13:40:21][INFO] Lien de réinitialisation envoyé avec succès à dev_mdg@caspeo.fr 
[2026-06-30 13:51:44][INFO] ENVOI RESET MDP - Destinataire: dev_mdg@caspeo.fr (Tsilefilaza TEST) 
[2026-06-30 13:51:48][INFO] Email reset MDP envoyé via Gmail à dev_mdg@caspeo.fr 
[2026-06-30 13:51:48][INFO] Lien de réinitialisation envoyé avec succès à dev_mdg@caspeo.fr 
[2026-06-30 13:54:38][INFO] ENVOI RESET MDP - Destinataire: dev_mdg@caspeo.fr (Tsilefilaza TEST) 
[2026-06-30 13:54:42][INFO] Email reset MDP envoyé via Gmail à dev_mdg@caspeo.fr 
[2026-06-30 13:54:42][INFO] Lien de réinitialisation envoyé avec succès à dev_mdg@caspeo.fr 
[2026-06-30 13:56:49][INFO] ENVOI RESET MDP - Destinataire: dev_mdg@caspeo.fr (Tsilefilaza TEST) 
[2026-06-30 13:56:53][INFO] Email reset MDP envoyé via Gmail à dev_mdg@caspeo.fr 
[2026-06-30 13:56:53][INFO] Lien de réinitialisation envoyé avec succès à dev_mdg@caspeo.fr 
[2026-06-30 14:07:06][INFO] ENVOI RESET MDP - Destinataire: bomebar373@cadebek.com (Tsilefilaza TEST) 
[2026-06-30 14:07:27][ERROR] Erreur lors de l'envoi de l'email SMTP: Impossible de se connecter au serveur SMTP (172.20.64.14:587): Une tentative de connexion a échoué car le parti connecté n’a pas répondu convenablement au-delà d’une certaine durée ou une connexion établie a échoué car l’hôte de connexion n’a pas répondu (code: 10060) 
[2026-06-30 14:07:27][ERROR] Erreur envoi lien reset MDP : Impossible de se connecter au serveur SMTP (172.20.64.14:587): Une tentative de connexion a échoué car le parti connecté n’a pas répondu convenablement au-delà d’une certaine durée ou une connexion établie a échoué car l’hôte de connexion n’a pas répondu (code: 10060) 
[2026-07-01 15:30:53][INFO] ENVOI RESET MDP - Destinataire: tsilefyandriamalaza@gmail.com (TEST TEST) 
[2026-07-01 15:31:14][ERROR] Erreur lors de l'envoi de l'email SMTP: Impossible de se connecter au serveur SMTP (172.20.64.14:587): Une tentative de connexion a échoué car le parti connecté n’a pas répondu convenablement au-delà d’une certaine durée ou une connexion établie a échoué car l’hôte de connexion n’a pas répondu (code: 10060) 
[2026-07-01 15:31:14][ERROR] Erreur envoi lien reset MDP : Impossible de se connecter au serveur SMTP (172.20.64.14:587): Une tentative de connexion a échoué car le parti connecté n’a pas répondu convenablement au-delà d’une certaine durée ou une connexion établie a échoué car l’hôte de connexion n’a pas répondu (code: 10060) 
[2026-07-01 15:33:34][INFO] ENVOI RESET MDP - Destinataire: tsilefyandriamalaza@gmail.com (TEST TEST) 
[2026-07-01 15:33:55][ERROR] Erreur lors de l'envoi de l'email SMTP: Impossible de se connecter au serveur SMTP (172.20.64.14:587): Une tentative de connexion a échoué car le parti connecté n’a pas répondu convenablement au-delà d’une certaine durée ou une connexion établie a échoué car l’hôte de connexion n’a pas répondu (code: 10060) 
[2026-07-01 15:33:55][ERROR] Erreur envoi lien reset MDP : Impossible de se connecter au serveur SMTP (172.20.64.14:587): Une tentative de connexion a échoué car le parti connecté n’a pas répondu convenablement au-delà d’une certaine durée ou une connexion établie a échoué car l’hôte de connexion n’a pas répondu (code: 10060) 
[2026-07-02 09:55:42][INFO] Envoi email à dev_mdg@caspeo.fr avec 0 pièce(s) jointe(s) 
[2026-07-02 09:56:03][ERROR] Erreur lors de l'envoi de l'email SMTP: Impossible de se connecter au serveur SMTP (172.20.64.14:587): Une tentative de connexion a échoué car le parti connecté n’a pas répondu convenablement au-delà d’une certaine durée ou une connexion établie a échoué car l’hôte de connexion n’a pas répondu (code: 10060) 
[2026-07-02 09:56:03][ERROR] Erreur envoi email à dev_mdg@caspeo.fr : Impossible de se connecter au serveur SMTP (172.20.64.14:587): Une tentative de connexion a échoué car le parti connecté n’a pas répondu convenablement au-delà d’une certaine durée ou une connexion établie a échoué car l’hôte de connexion n’a pas répondu (code: 10060) 
[2026-07-02 09:56:03][ERROR] Erreur lors de l'envoi de l'email : Impossible de se connecter au serveur SMTP (172.20.64.14:587): Une tentative de connexion a échoué car le parti connecté n’a pas répondu convenablement au-delà d’une certaine durée ou une connexion établie a échoué car l’hôte de connexion n’a pas répondu (code: 10060) {"intervention_id":"375","mail_host":"172.20.64.14","mail_port":"587","mail_encryption":"tls","mail_from_address":"avision@caspeo.fr","oauth2_enabled":"0"}
[2026-07-02 09:56:03][ERROR] Erreur envoi email affectation technicien intervention 375 : Impossible de se connecter au serveur SMTP (172.20.64.14:587): Une tentative de connexion a échoué car le parti connecté n’a pas répondu convenablement au-delà d’une certaine durée ou une connexion établie a échoué car l’hôte de connexion n’a pas répondu (code: 10060) 
[2026-07-02 09:56:03][INFO] Envoi automatique de création désactivé pour l'intervention 375 
[2026-07-02 09:59:19][INFO] Envoi email à dev_mdg@caspeo.fr avec 0 pièce(s) jointe(s) 
[2026-07-02 09:59:40][ERROR] Erreur lors de l'envoi de l'email SMTP: Impossible de se connecter au serveur SMTP (172.20.64.14:587): Une tentative de connexion a échoué car le parti connecté n’a pas répondu convenablement au-delà d’une certaine durée ou une connexion établie a échoué car l’hôte de connexion n’a pas répondu (code: 10060) 
[2026-07-02 09:59:40][ERROR] Erreur envoi email à dev_mdg@caspeo.fr : Impossible de se connecter au serveur SMTP (172.20.64.14:587): Une tentative de connexion a échoué car le parti connecté n’a pas répondu convenablement au-delà d’une certaine durée ou une connexion établie a échoué car l’hôte de connexion n’a pas répondu (code: 10060) 
[2026-07-02 09:59:40][ERROR] Erreur lors de l'envoi de l'email : Impossible de se connecter au serveur SMTP (172.20.64.14:587): Une tentative de connexion a échoué car le parti connecté n’a pas répondu convenablement au-delà d’une certaine durée ou une connexion établie a échoué car l’hôte de connexion n’a pas répondu (code: 10060) {"intervention_id":"376","mail_host":"172.20.64.14","mail_port":"587","mail_encryption":"tls","mail_from_address":"avision@caspeo.fr","oauth2_enabled":"0"}
[2026-07-02 09:59:40][ERROR] Erreur envoi email affectation technicien intervention 376 : Impossible de se connecter au serveur SMTP (172.20.64.14:587): Une tentative de connexion a échoué car le parti connecté n’a pas répondu convenablement au-delà d’une certaine durée ou une connexion établie a échoué car l’hôte de connexion n’a pas répondu (code: 10060) 
[2026-07-02 09:59:40][INFO] Envoi email à dev_mdg@caspeo.fr avec 0 pièce(s) jointe(s) 
[2026-07-02 10:00:01][ERROR] Erreur lors de l'envoi de l'email SMTP: Impossible de se connecter au serveur SMTP (172.20.64.14:587): Une tentative de connexion a échoué car le parti connecté n’a pas répondu convenablement au-delà d’une certaine durée ou une connexion établie a échoué car l’hôte de connexion n’a pas répondu (code: 10060) 
[2026-07-02 10:00:01][ERROR] Erreur envoi email à dev_mdg@caspeo.fr : Impossible de se connecter au serveur SMTP (172.20.64.14:587): Une tentative de connexion a échoué car le parti connecté n’a pas répondu convenablement au-delà d’une certaine durée ou une connexion établie a échoué car l’hôte de connexion n’a pas répondu (code: 10060) 
[2026-07-02 10:00:01][ERROR] Erreur lors de l'envoi de l'email : Impossible de se connecter au serveur SMTP (172.20.64.14:587): Une tentative de connexion a échoué car le parti connecté n’a pas répondu convenablement au-delà d’une certaine durée ou une connexion établie a échoué car l’hôte de connexion n’a pas répondu (code: 10060) {"intervention_id":"376","mail_host":"172.20.64.14","mail_port":"587","mail_encryption":"tls","mail_from_address":"avision@caspeo.fr","oauth2_enabled":"0"}
[2026-07-02 10:00:01][ERROR] Erreur envoi email affectation technicien intervention 376 : Impossible de se connecter au serveur SMTP (172.20.64.14:587): Une tentative de connexion a échoué car le parti connecté n’a pas répondu convenablement au-delà d’une certaine durée ou une connexion établie a échoué car l’hôte de connexion n’a pas répondu (code: 10060) 
[2026-07-02 10:00:01][INFO] Envoi automatique de création désactivé pour l'intervention 376 
[2026-07-09 08:25:59][INFO] Envoi email à christian.gonneau@orange.com avec 0 pièce(s) jointe(s) 
[2026-07-09 08:26:20][ERROR] Erreur lors de l'envoi de l'email SMTP: Impossible de se connecter au serveur SMTP (172.20.64.14:587): Une tentative de connexion a échoué car le parti connecté n’a pas répondu convenablement au-delà d’une certaine durée ou une connexion établie a échoué car l’hôte de connexion n’a pas répondu (code: 10060) 
[2026-07-09 08:26:20][ERROR] Erreur envoi email à christian.gonneau@orange.com : Impossible de se connecter au serveur SMTP (172.20.64.14:587): Une tentative de connexion a échoué car le parti connecté n’a pas répondu convenablement au-delà d’une certaine durée ou une connexion établie a échoué car l’hôte de connexion n’a pas répondu (code: 10060) 
[2026-07-09 08:26:20][ERROR] Erreur lors de l'envoi de l'email : Impossible de se connecter au serveur SMTP (172.20.64.14:587): Une tentative de connexion a échoué car le parti connecté n’a pas répondu convenablement au-delà d’une certaine durée ou une connexion établie a échoué car l’hôte de connexion n’a pas répondu (code: 10060) {"intervention_id":"122","mail_host":"172.20.64.14","mail_port":"587","mail_encryption":"tls","mail_from_address":"avision@caspeo.fr","oauth2_enabled":"0"}
[2026-07-09 08:26:20][ERROR] Erreur envoi email fermeture intervention 122 : Impossible de se connecter au serveur SMTP (172.20.64.14:587): Une tentative de connexion a échoué car le parti connecté n’a pas répondu convenablement au-delà d’une certaine durée ou une connexion établie a échoué car l’hôte de connexion n’a pas répondu (code: 10060) 
[2026-07-15 15:48:12][INFO] Envoi email à f.ribot@videosonic.fr avec 0 pièce(s) jointe(s) 
[2026-07-15 15:48:33][ERROR] Erreur lors de l'envoi de l'email SMTP: Impossible de se connecter au serveur SMTP (172.20.64.14:587): Une tentative de connexion a échoué car le parti connecté n’a pas répondu convenablement au-delà d’une certaine durée ou une connexion établie a échoué car l’hôte de connexion n’a pas répondu (code: 10060) 
[2026-07-15 15:48:33][ERROR] Erreur envoi email à f.ribot@videosonic.fr : Impossible de se connecter au serveur SMTP (172.20.64.14:587): Une tentative de connexion a échoué car le parti connecté n’a pas répondu convenablement au-delà d’une certaine durée ou une connexion établie a échoué car l’hôte de connexion n’a pas répondu (code: 10060) 
[2026-07-15 15:48:33][ERROR] Erreur lors de l'envoi de l'email : Impossible de se connecter au serveur SMTP (172.20.64.14:587): Une tentative de connexion a échoué car le parti connecté n’a pas répondu convenablement au-delà d’une certaine durée ou une connexion établie a échoué car l’hôte de connexion n’a pas répondu (code: 10060) {"intervention_id":"340","mail_host":"172.20.64.14","mail_port":"587","mail_encryption":"tls","mail_from_address":"avision@caspeo.fr","oauth2_enabled":"0"}
[2026-07-15 15:48:33][ERROR] Erreur envoi email affectation technicien intervention 340 : Impossible de se connecter au serveur SMTP (172.20.64.14:587): Une tentative de connexion a échoué car le parti connecté n’a pas répondu convenablement au-delà d’une certaine durée ou une connexion établie a échoué car l’hôte de connexion n’a pas répondu (code: 10060) 
[2026-07-15 15:48:33][WARNING] Échec de l'envoi de l'email au technicien 7 
[2026-07-15 15:50:06][INFO] Envoi email à christian.gonneau@orange.com avec 0 pièce(s) jointe(s) 
[2026-07-15 15:50:27][ERROR] Erreur lors de l'envoi de l'email SMTP: Impossible de se connecter au serveur SMTP (172.20.64.14:587): Une tentative de connexion a échoué car le parti connecté n’a pas répondu convenablement au-delà d’une certaine durée ou une connexion établie a échoué car l’hôte de connexion n’a pas répondu (code: 10060) 
[2026-07-15 15:50:27][ERROR] Erreur envoi email à christian.gonneau@orange.com : Impossible de se connecter au serveur SMTP (172.20.64.14:587): Une tentative de connexion a échoué car le parti connecté n’a pas répondu convenablement au-delà d’une certaine durée ou une connexion établie a échoué car l’hôte de connexion n’a pas répondu (code: 10060) 
[2026-07-15 15:50:27][ERROR] Erreur lors de l'envoi de l'email : Impossible de se connecter au serveur SMTP (172.20.64.14:587): Une tentative de connexion a échoué car le parti connecté n’a pas répondu convenablement au-delà d’une certaine durée ou une connexion établie a échoué car l’hôte de connexion n’a pas répondu (code: 10060) {"intervention_id":"340","mail_host":"172.20.64.14","mail_port":"587","mail_encryption":"tls","mail_from_address":"avision@caspeo.fr","oauth2_enabled":"0"}
[2026-07-15 15:50:27][ERROR] Erreur envoi email fermeture intervention 340 : Impossible de se connecter au serveur SMTP (172.20.64.14:587): Une tentative de connexion a échoué car le parti connecté n’a pas répondu convenablement au-delà d’une certaine durée ou une connexion établie a échoué car l’hôte de connexion n’a pas répondu (code: 10060) 
[2026-07-15 16:30:11][INFO] Envoi email à christian.gonneau@orange.com avec 0 pièce(s) jointe(s) 
[2026-07-15 16:30:32][ERROR] Erreur lors de l'envoi de l'email SMTP: Impossible de se connecter au serveur SMTP (172.20.64.14:587): Une tentative de connexion a échoué car le parti connecté n’a pas répondu convenablement au-delà d’une certaine durée ou une connexion établie a échoué car l’hôte de connexion n’a pas répondu (code: 10060) 
[2026-07-15 16:30:32][ERROR] Erreur envoi email à christian.gonneau@orange.com : Impossible de se connecter au serveur SMTP (172.20.64.14:587): Une tentative de connexion a échoué car le parti connecté n’a pas répondu convenablement au-delà d’une certaine durée ou une connexion établie a échoué car l’hôte de connexion n’a pas répondu (code: 10060) 
[2026-07-15 16:30:32][ERROR] Erreur lors de l'envoi de l'email : Impossible de se connecter au serveur SMTP (172.20.64.14:587): Une tentative de connexion a échoué car le parti connecté n’a pas répondu convenablement au-delà d’une certaine durée ou une connexion établie a échoué car l’hôte de connexion n’a pas répondu (code: 10060) {"intervention_id":"340","mail_host":"172.20.64.14","mail_port":"587","mail_encryption":"tls","mail_from_address":"avision@caspeo.fr","oauth2_enabled":"0"}
[2026-07-15 16:30:32][ERROR] Erreur envoi email fermeture intervention 340 : Impossible de se connecter au serveur SMTP (172.20.64.14:587): Une tentative de connexion a échoué car le parti connecté n’a pas répondu convenablement au-delà d’une certaine durée ou une connexion établie a échoué car l’hôte de connexion n’a pas répondu (code: 10060) 
[2026-07-16 10:37:55][INFO] Envoi email à christian.gonneau@orange.com avec 0 pièce(s) jointe(s) 
[2026-07-16 10:38:16][ERROR] Erreur lors de l'envoi de l'email SMTP: Impossible de se connecter au serveur SMTP (172.20.64.14:587): Une tentative de connexion a échoué car le parti connecté n’a pas répondu convenablement au-delà d’une certaine durée ou une connexion établie a échoué car l’hôte de connexion n’a pas répondu (code: 10060) 
[2026-07-16 10:38:16][ERROR] Erreur envoi email à christian.gonneau@orange.com : Impossible de se connecter au serveur SMTP (172.20.64.14:587): Une tentative de connexion a échoué car le parti connecté n’a pas répondu convenablement au-delà d’une certaine durée ou une connexion établie a échoué car l’hôte de connexion n’a pas répondu (code: 10060) 
[2026-07-16 10:38:16][ERROR] Erreur lors de l'envoi de l'email : Impossible de se connecter au serveur SMTP (172.20.64.14:587): Une tentative de connexion a échoué car le parti connecté n’a pas répondu convenablement au-delà d’une certaine durée ou une connexion établie a échoué car l’hôte de connexion n’a pas répondu (code: 10060) {"intervention_id":"340","mail_host":"172.20.64.14","mail_port":"587","mail_encryption":"tls","mail_from_address":"avision@caspeo.fr","oauth2_enabled":"0"}
[2026-07-16 10:38:16][ERROR] Erreur envoi email fermeture intervention 340 : Impossible de se connecter au serveur SMTP (172.20.64.14:587): Une tentative de connexion a échoué car le parti connecté n’a pas répondu convenablement au-delà d’une certaine durée ou une connexion établie a échoué car l’hôte de connexion n’a pas répondu (code: 10060) 
[2026-08-14 14:44:29][INFO] Envoi automatique de création désactivé pour l'intervention 393 
[2026-08-14 15:00:13][INFO] Envoi automatique de création désactivé pour l'intervention 394 
[2026-08-14 15:03:09][INFO] Envoi automatique de création désactivé pour l'intervention 395 
[2026-08-17 09:12:27][ERROR] Erreur envoi email fermeture intervention 7 : Aucun destinataire trouvé pour l'intervention 7 
[2026-08-17 09:15:41][INFO] DEBUG sendEmail - POST reçu : {"csrf_token":"ec3f012c1c2ce14b043e7fed44ae9d1e24fc25799b4e2c857c07b36e49367f3c","template_id":"3","attachments":["124"]} 
[2026-08-17 09:15:41][INFO] Pièces jointes sélectionnées reçues : [124] 
[2026-08-17 09:15:41][ERROR] Erreur envoi email personnalisé intervention 7 : Aucun destinataire trouvé pour l'intervention 7 
[2026-08-17 09:15:41][ERROR] Erreur lors de l'envoi de l'email pour intervention 7 : Aucun destinataire trouvé pour l'intervention 7 
[2026-08-17 09:19:53][INFO] DEBUG sendEmail - POST reçu : {"csrf_token":"ec3f012c1c2ce14b043e7fed44ae9d1e24fc25799b4e2c857c07b36e49367f3c","template_id":"3","attachments":["507"]} 
[2026-08-17 09:19:53][INFO] Pièces jointes sélectionnées reçues : [507] 
[2026-08-17 09:19:53][ERROR] Erreur envoi email personnalisé intervention 323 : Aucun destinataire trouvé pour l'intervention 323 
[2026-08-17 09:19:53][ERROR] Erreur lors de l'envoi de l'email pour intervention 323 : Aucun destinataire trouvé pour l'intervention 323 
[2026-08-17 09:25:14][INFO] DEBUG sendEmail - POST reçu : {"csrf_token":"ec3f012c1c2ce14b043e7fed44ae9d1e24fc25799b4e2c857c07b36e49367f3c","template_id":"3","attachments":["507"]} 
[2026-08-17 09:25:14][INFO] Pièces jointes sélectionnées reçues : [507] 
[2026-08-17 09:25:14][ERROR] Erreur envoi email personnalisé intervention 323 : Aucun destinataire trouvé pour l'intervention 323 
[2026-08-17 09:25:14][ERROR] Erreur lors de l'envoi de l'email pour intervention 323 : Aucun destinataire trouvé pour l'intervention 323 
[2026-08-17 09:35:08][INFO] DEBUG sendEmail - POST reçu : {"csrf_token":"ec3f012c1c2ce14b043e7fed44ae9d1e24fc25799b4e2c857c07b36e49367f3c","template_id":"3","attachments":["507"]} 
[2026-08-17 09:35:08][INFO] Pièces jointes sélectionnées reçues : [507] 
[2026-08-17 09:35:08][INFO] Traitement de 1 pièce(s) jointe(s) sélectionnée(s) 
[2026-08-17 09:35:08][INFO] Pièce jointe ajoutée : C:\xampp\htdocs\avision\uploads\interventions\323\BI_signe_#VS2226-8954_20260709_095630.pdf (chemin DB: uploads/interventions/323/BI_signe_#VS2226-8954_20260709_095630.pdf) 
[2026-08-17 09:35:08][INFO] Nombre total de pièces jointes à envoyer : 1 
[2026-08-17 09:35:08][INFO] Envoi email avec 1 pièce(s) jointe(s) pour intervention 323 
[2026-08-17 09:35:08][INFO]   - Pièce jointe : C:\xampp\htdocs\avision\uploads\interventions\323\BI_signe_#VS2226-8954_20260709_095630.pdf (existe: OUI) 
[2026-08-17 09:35:08][INFO] Envoi email à dev_mdg@caspeo.fr avec 1 pièce(s) jointe(s) 
[2026-08-17 09:35:08][INFO]   PJ 1: C:\xampp\htdocs\avision\uploads\interventions\323\BI_signe_#VS2226-8954_20260709_095630.pdf (existe: OUI, taille: 16898 bytes) 
[2026-08-17 09:35:29][ERROR] Erreur lors de l'envoi de l'email SMTP: Impossible de se connecter au serveur SMTP (172.20.64.14:587): Une tentative de connexion a échoué car le parti connecté n’a pas répondu convenablement au-delà d’une certaine durée ou une connexion établie a échoué car l’hôte de connexion n’a pas répondu (code: 10060) 
[2026-08-17 09:35:29][ERROR] Erreur envoi email à dev_mdg@caspeo.fr : Impossible de se connecter au serveur SMTP (172.20.64.14:587): Une tentative de connexion a échoué car le parti connecté n’a pas répondu convenablement au-delà d’une certaine durée ou une connexion établie a échoué car l’hôte de connexion n’a pas répondu (code: 10060) 
[2026-08-17 09:35:29][ERROR] Erreur lors de l'envoi de l'email : Impossible de se connecter au serveur SMTP (172.20.64.14:587): Une tentative de connexion a échoué car le parti connecté n’a pas répondu convenablement au-delà d’une certaine durée ou une connexion établie a échoué car l’hôte de connexion n’a pas répondu (code: 10060) {"intervention_id":"323","mail_host":"172.20.64.14","mail_port":"587","mail_encryption":"tls","mail_from_address":"avision@caspeo.fr","oauth2_enabled":"0"}
[2026-08-17 09:35:29][ERROR] Erreur envoi email personnalisé intervention 323 : Impossible de se connecter au serveur SMTP (172.20.64.14:587): Une tentative de connexion a échoué car le parti connecté n’a pas répondu convenablement au-delà d’une certaine durée ou une connexion établie a échoué car l’hôte de connexion n’a pas répondu (code: 10060) 
[2026-08-17 09:35:29][ERROR] Erreur lors de l'envoi de l'email pour intervention 323 : Impossible de se connecter au serveur SMTP (172.20.64.14:587): Une tentative de connexion a échoué car le parti connecté n’a pas répondu convenablement au-delà d’une certaine durée ou une connexion établie a échoué car l’hôte de connexion n’a pas répondu (code: 10060) 
[2026-08-17 14:16:44][ERROR] Erreur sendBonSignedNotification intervention 391 : Aucun destinataire trouvé pour l'intervention 391 
[2026-08-18 16:33:27][INFO] ENVOI RESET MDP - Destinataire: dev_mdg@caspeo.fr (Dev WW) 
[2026-08-18 16:33:48][ERROR] Erreur lors de l'envoi de l'email SMTP: Impossible de se connecter au serveur SMTP (172.20.64.14:587): Une tentative de connexion a échoué car le parti connecté n’a pas répondu convenablement au-delà d’une certaine durée ou une connexion établie a échoué car l’hôte de connexion n’a pas répondu (code: 10060) 
[2026-08-18 16:33:48][ERROR] Erreur envoi lien reset MDP : Impossible de se connecter au serveur SMTP (172.20.64.14:587): Une tentative de connexion a échoué car le parti connecté n’a pas répondu convenablement au-delà d’une certaine durée ou une connexion établie a échoué car l’hôte de connexion n’a pas répondu (code: 10060) 
[2026-08-19 07:51:36][INFO] ENVOI RESET MDP - Destinataire: dev_mdg@caspeo.fr (Dev WW) 
[2026-08-19 07:51:57][ERROR] Erreur lors de l'envoi de l'email SMTP: Impossible de se connecter au serveur SMTP (172.20.64.14:587): Une tentative de connexion a échoué car le parti connecté n’a pas répondu convenablement au-delà d’une certaine durée ou une connexion établie a échoué car l’hôte de connexion n’a pas répondu (code: 10060) 
[2026-08-19 07:51:57][ERROR] Erreur envoi lien reset MDP : Impossible de se connecter au serveur SMTP (172.20.64.14:587): Une tentative de connexion a échoué car le parti connecté n’a pas répondu convenablement au-delà d’une certaine durée ou une connexion établie a échoué car l’hôte de connexion n’a pas répondu (code: 10060) 
[2026-08-19 12:41:42][INFO] ENVOI RESET MDP - Destinataire: tsilefyandriamalaza@gmail.com (TEST TEST) 
[2026-08-19 12:42:03][ERROR] Erreur lors de l'envoi de l'email SMTP: Impossible de se connecter au serveur SMTP (172.20.64.14:587): Une tentative de connexion a échoué car le parti connecté n’a pas répondu convenablement au-delà d’une certaine durée ou une connexion établie a échoué car l’hôte de connexion n’a pas répondu (code: 10060) 
[2026-08-19 12:42:03][ERROR] Erreur envoi lien reset MDP : Impossible de se connecter au serveur SMTP (172.20.64.14:587): Une tentative de connexion a échoué car le parti connecté n’a pas répondu convenablement au-delà d’une certaine durée ou une connexion établie a échoué car l’hôte de connexion n’a pas répondu (code: 10060) 
[2026-08-19 12:42:11][INFO] ENVOI RESET MDP - Destinataire: tsilefyandriamalaza@gmail.com (TEST TEST) 
[2026-08-19 12:42:32][ERROR] Erreur lors de l'envoi de l'email SMTP: Impossible de se connecter au serveur SMTP (172.20.64.14:587): Une tentative de connexion a échoué car le parti connecté n’a pas répondu convenablement au-delà d’une certaine durée ou une connexion établie a échoué car l’hôte de connexion n’a pas répondu (code: 10060) 
[2026-08-19 12:42:32][ERROR] Erreur envoi lien reset MDP : Impossible de se connecter au serveur SMTP (172.20.64.14:587): Une tentative de connexion a échoué car le parti connecté n’a pas répondu convenablement au-delà d’une certaine durée ou une connexion établie a échoué car l’hôte de connexion n’a pas répondu (code: 10060) 
